run_id,sample_id,utc_time,gate,operation,vu_tier,elapsed_ms,outcome,error_class,http_status,expected_outcome
p3-ex-official-vu10,ad8649a1-c997-4d54-b9e3-00608d8c546b,2026-08-31T18:16:05.321Z,separate_executor,quote_run_dispatch_probe,10,566.37,success,,200,success
p3-ex-official-vu10,caf0acbf-5ab5-42f8-8b54-c6b2cb18c37e,2026-08-31T18:16:05.922Z,separate_executor,quote_run_dispatch_probe,10,600.4,success,,200,success
p3-ex-official-vu10,84c4c85f-2c13-4b07-a149-b50fbff66a3f,2026-08-31T18:16:06.542Z,separate_executor,quote_run_dispatch_probe,10,619.35,success,,200,success
p3-ex-official-vu10,9924ebf1-13fc-4022-9bfe-076925b37c99,2026-08-31T18:16:07.187Z,separate_executor,quote_run_dispatch_probe,10,644.82,success,,200,success
p3-ex-official-vu10,c7c2f30d-1b94-4c19-b36f-0a2ff3faf766,2026-08-31T18:16:07.842Z,separate_executor,quote_run_dispatch_probe,10,655.76,success,,200,success
p3-ex-official-vu10,51c5bf94-49c4-447b-84e3-3fb400203964,2026-08-31T18:16:08.543Z,separate_executor,quote_run_dispatch_probe,10,700.24,success,,200,success
p3-ex-official-vu10,2a5e480b-4816-4a52-8302-2e4796356c01,2026-08-31T18:16:08.552Z,separate_executor,quote_run_dispatch_probe,10,790.81,success,,200,success
p3-ex-official-vu10,6cc0e216-92a0-4e76-b069-6e17e2dd9326,2026-08-31T18:16:09.085Z,separate_executor,quote_run_dispatch_probe,10,533.47,success,,200,success
p3-ex-official-vu10,60e330be-e259-4c1f-8063-ad76707a2064,2026-08-31T18:16:09.132Z,separate_executor,quote_run_dispatch_probe,10,589.49,success,,200,success
p3-ex-official-vu10,362eb91f-d46c-4cde-b1e8-afda3bf3c2ec,2026-08-31T18:16:09.634Z,separate_executor,quote_run_dispatch_probe,10,548.59,success,,200,success
p3-ex-official-vu10,103b1229-3267-42b1-87ca-8957b524741d,2026-08-31T18:16:09.737Z,separate_executor,quote_run_dispatch_probe,10,604.77,success,,200,success
p3-ex-official-vu10,0a981d63-a86c-4503-9d29-fa2c6e7d6221,2026-08-31T18:16:10.309Z,separate_executor,quote_run_dispatch_probe,10,674.77,success,,200,success
p3-ex-official-vu10,4a0b2911-eaa4-409e-9908-b69e9558fd44,2026-08-31T18:16:10.438Z,separate_executor,quote_run_dispatch_probe,10,700.7,success,,200,success
p3-ex-official-vu10,7e907174-1072-4aea-87ad-ea33dc1046b1,2026-08-31T18:16:10.860Z,separate_executor,quote_run_dispatch_probe,10,551.66,success,,200,success
p3-ex-official-vu10,41eb6e4e-f413-493e-b8ad-9b13ef525564,2026-08-31T18:16:11.046Z,separate_executor,quote_run_dispatch_probe,10,608.16,success,,200,success
p3-ex-official-vu10,2defe21b-bb67-4e65-ad97-b70c052e6701,2026-08-31T18:16:11.415Z,separate_executor,quote_run_dispatch_probe,10,554.64,success,,200,success
p3-ex-official-vu10,ac8bf3e9-eff9-4689-915b-d0b85552c8eb,2026-08-31T18:16:11.606Z,separate_executor,quote_run_dispatch_probe,10,838.01,success,,200,success
p3-ex-official-vu10,e6950061-3d69-492e-8cce-08bb5cef041e,2026-08-31T18:16:11.708Z,separate_executor,quote_run_dispatch_probe,10,662,success,,200,success
p3-ex-official-vu10,0e34a98d-6633-48f9-ba39-2790f474edbd,2026-08-31T18:16:11.965Z,separate_executor,quote_run_dispatch_probe,10,549.75,success,,200,success
p3-ex-official-vu10,ab49d2f7-b555-49b4-b635-9df73455ed6f,2026-08-31T18:16:12.251Z,separate_executor,quote_run_dispatch_probe,10,645.25,success,,200,success
p3-ex-official-vu10,ed12a8ae-63f3-4612-8a7f-c2314dec46e2,2026-08-31T18:16:12.338Z,separate_executor,quote_run_dispatch_probe,10,629.85,success,,200,success
p3-ex-official-vu10,d230fb1f-a086-44b1-bd0b-ca8512ea2b37,2026-08-31T18:16:12.549Z,separate_executor,quote_run_dispatch_probe,10,584,success,,200,success
p3-ex-official-vu10,7cf56b35-b2fe-4e46-a948-43beda3af27a,2026-08-31T18:16:12.854Z,separate_executor,quote_run_dispatch_probe,10,603.48,success,,200,success
p3-ex-official-vu10,fb54391a-2cf0-4e50-97a5-deeadda732e6,2026-08-31T18:16:12.969Z,separate_executor,quote_run_dispatch_probe,10,630.68,success,,200,success
p3-ex-official-vu10,329fad57-d183-46be-aa93-ff590ce769e7,2026-08-31T18:16:13.101Z,separate_executor,quote_run_dispatch_probe,10,552.35,success,,200,success
p3-ex-official-vu10,4bae4971-27c8-4ce0-a33d-0dc61d5d310d,2026-08-31T18:16:13.472Z,separate_executor,quote_run_dispatch_probe,10,617.67,success,,200,success
p3-ex-official-vu10,a3c10a83-989c-46d1-ab2a-5991327c467e,2026-08-31T18:16:13.599Z,separate_executor,quote_run_dispatch_probe,10,630.74,success,,200,success
p3-ex-official-vu10,c68dc844-cd81-46f8-b793-7e2d488afb79,2026-08-31T18:16:13.604Z,separate_executor,quote_run_dispatch_probe,10,503.39,success,,200,success
p3-ex-official-vu10,c20c8e09-57bd-4d24-b357-e832f5d56b12,2026-08-31T18:16:14.110Z,separate_executor,quote_run_dispatch_probe,10,506,success,,200,success
p3-ex-official-vu10,97e9222d-621e-49b2-866c-e757f57028cf,2026-08-31T18:16:14.119Z,separate_executor,quote_run_dispatch_probe,10,646.84,success,,200,success
p3-ex-official-vu10,f17a317b-6094-45f2-8e0b-0ab0ac009e13,2026-08-31T18:16:14.247Z,separate_executor,quote_run_dispatch_probe,10,647.48,success,,200,success
p3-ex-official-vu10,218d9e47-eb8b-411f-a3d1-76eb7a1b91c5,2026-08-31T18:16:14.607Z,separate_executor,quote_run_dispatch_probe,10,496.65,success,,200,success
p3-ex-official-vu10,e9f49cf6-b71a-4164-b0c6-55e94de8133d,2026-08-31T18:16:14.709Z,separate_executor,quote_run_dispatch_probe,10,590.04,success,,200,success
p3-ex-official-vu10,56d894b7-b64f-4148-8b21-c4dfeb5a6301,2026-08-31T18:16:14.835Z,separate_executor,quote_run_dispatch_probe,10,588.19,success,,200,success
p3-ex-official-vu10,f9a972a8-ecc2-4d79-818f-4cb52658fbc5,2026-08-31T18:16:14.911Z,separate_executor,quote_run_dispatch_probe,10,1138.64,success,,200,success
p3-ex-official-vu10,d5ff9fb9-e940-4864-a953-96390ef35d65,2026-08-31T18:16:15.095Z,separate_executor,quote_run_dispatch_probe,10,487.75,success,,200,success
p3-ex-official-vu10,5cb4af48-1bd3-4294-86e8-c9434bb38257,2026-08-31T18:16:15.285Z,separate_executor,quote_run_dispatch_probe,10,576.04,success,,200,success
p3-ex-official-vu10,ffaf8318-e0b3-4efc-a4db-3730d5b0ee4d,2026-08-31T18:16:15.459Z,separate_executor,quote_run_dispatch_probe,10,623.41,success,,200,success
p3-ex-official-vu10,65edaaf0-a83f-4ff0-a399-35f4ccc2d874,2026-08-31T18:16:15.664Z,separate_executor,quote_run_dispatch_probe,10,569.17,success,,200,success
p3-ex-official-vu10,b96f4fd7-835a-49e6-8bdf-356155fa1afa,2026-08-31T18:16:15.733Z,separate_executor,quote_run_dispatch_probe,10,821.74,success,,200,success
p3-ex-official-vu10,142be045-2b84-41d7-b0a2-01aaae969971,2026-08-31T18:16:16.032Z,separate_executor,quote_run_dispatch_probe,10,747.35,success,,200,success
p3-ex-official-vu10,40f438ee-5f73-4a09-b386-b79b234a32aa,2026-08-31T18:16:16.091Z,separate_executor,quote_run_dispatch_probe,10,631.91,success,,200,success
p3-ex-official-vu10,cb164b51-48d1-4a66-a54a-0176dfd2dab9,2026-08-31T18:16:16.171Z,separate_executor,quote_run_dispatch_probe,10,506.76,success,,200,success
p3-ex-official-vu10,ad93e7bf-b9a5-4a49-b3c3-cef861fb6ee5,2026-08-31T18:16:16.462Z,separate_executor,quote_run_dispatch_probe,10,728.56,success,,200,success
p3-ex-official-vu10,4830c4de-7270-4696-865f-be99be570111,2026-08-31T18:16:16.724Z,separate_executor,quote_run_dispatch_probe,10,633.13,success,,200,success
p3-ex-official-vu10,24e996d2-539d-4162-bd01-f5a345e7ca75,2026-08-31T18:16:16.726Z,separate_executor,quote_run_dispatch_probe,10,554.99,success,,200,success
p3-ex-official-vu10,ac51a398-512b-4dfc-adfc-26a4fd993497,2026-08-31T18:16:16.890Z,separate_executor,quote_run_dispatch_probe,10,857.02,success,,200,success
p3-ex-official-vu10,bccb574f-a9cf-49c9-a1ee-9183bec004b4,2026-08-31T18:16:17.203Z,separate_executor,quote_run_dispatch_probe,10,476.99,success,,200,success
p3-ex-official-vu10,af74b84e-879c-4933-8b1b-a37ed97dd6ec,2026-08-31T18:16:17.208Z,separate_executor,quote_run_dispatch_probe,10,746.68,success,,200,success
p3-ex-official-vu10,7d078e74-4ba6-4ae2-90fd-59b42763bf24,2026-08-31T18:16:17.436Z,separate_executor,quote_run_dispatch_probe,10,711.82,success,,200,success
p3-ex-official-vu10,cfb8ddf3-375e-4f0c-b977-1a9230277968,2026-08-31T18:16:17.598Z,separate_executor,quote_run_dispatch_probe,10,708.43,success,,200,success
p3-ex-official-vu10,d6cf0652-0216-4bd0-986c-78796cff6dbd,2026-08-31T18:16:17.639Z,separate_executor,quote_run_dispatch_probe,10,872.89,success,,200,success
p3-ex-official-vu10,9d28ec9d-8e5b-4eb8-98fa-ad24aa20c7ef,2026-08-31T18:16:17.688Z,separate_executor,quote_run_dispatch_probe,10,485.44,success,,200,success
p3-ex-official-vu10,c6876c22-83cb-4e92-a70b-6726cb13c621,2026-08-31T18:16:18.123Z,separate_executor,quote_run_dispatch_probe,10,687.48,success,,200,success
p3-ex-official-vu10,d6467b6e-a4f2-4555-960e-8fe038c2bb58,2026-08-31T18:16:18.127Z,separate_executor,quote_run_dispatch_probe,10,918.46,success,,200,success
p3-ex-official-vu10,e4cb796d-c879-4ae7-902d-40efe10f639c,2026-08-31T18:16:18.205Z,separate_executor,quote_run_dispatch_probe,10,516.31,success,,200,success
p3-ex-official-vu10,1176e8d1-278a-4ea4-bad9-745b7e058241,2026-08-31T18:16:18.212Z,separate_executor,quote_run_dispatch_probe,10,614.2,success,,200,success
p3-ex-official-vu10,dda852ba-84de-41ed-a477-f2fab41df489,2026-08-31T18:16:18.267Z,separate_executor,quote_run_dispatch_probe,10,627.17,success,,200,success
p3-ex-official-vu10,3d5a7abb-745c-45ff-ad22-0725a7ef3aaf,2026-08-31T18:16:18.748Z,separate_executor,quote_run_dispatch_probe,10,624.73,success,,200,success
p3-ex-official-vu10,737bcde9-60d7-4f99-8f56-d008d070cf95,2026-08-31T18:16:18.778Z,separate_executor,quote_run_dispatch_probe,10,573.62,success,,200,success
p3-ex-official-vu10,d7cbc4ec-4e3e-448e-9677-f647e5a195a2,2026-08-31T18:16:18.877Z,separate_executor,quote_run_dispatch_probe,10,664.79,success,,200,success
p3-ex-official-vu10,0a5af905-fb20-42b3-a0d9-39a103f28b42,2026-08-31T18:16:18.937Z,separate_executor,quote_run_dispatch_probe,10,809.76,success,,200,success
p3-ex-official-vu10,8e170ffa-c0ea-490b-b8fd-f80bbe378ca9,2026-08-31T18:16:18.954Z,separate_executor,quote_run_dispatch_probe,10,686.99,success,,200,success
p3-ex-official-vu10,914f350e-88a2-40da-bd8b-db717d16d9f9,2026-08-31T18:16:19.266Z,separate_executor,quote_run_dispatch_probe,10,487.4,success,,200,success
p3-ex-official-vu10,7f9b8408-f98c-4290-97fb-218b66af770c,2026-08-31T18:16:19.304Z,separate_executor,quote_run_dispatch_probe,10,556.28,success,,200,success
p3-ex-official-vu10,73776bda-15e9-4ad4-925f-6eba6ae662c4,2026-08-31T18:16:19.410Z,separate_executor,quote_run_dispatch_probe,10,532.92,success,,200,success
p3-ex-official-vu10,5314db70-6c48-41c5-8ded-8ae76a1c0a45,2026-08-31T18:16:19.586Z,separate_executor,quote_run_dispatch_probe,10,632.89,success,,200,success
p3-ex-official-vu10,d1ab52bd-6d22-4751-97a6-37f546245d92,2026-08-31T18:16:19.760Z,separate_executor,quote_run_dispatch_probe,10,822.84,success,,200,success
p3-ex-official-vu10,d48a7951-5899-4a74-b2cd-646687d5f40c,2026-08-31T18:16:19.875Z,separate_executor,quote_run_dispatch_probe,10,609.39,success,,200,success
p3-ex-official-vu10,8411cf6c-0ed3-4ad1-9348-c27ffa489338,2026-08-31T18:16:20.003Z,separate_executor,quote_run_dispatch_probe,10,698.94,success,,200,success
p3-ex-official-vu10,ff8ecd35-cc12-4191-957c-d6e4f82533d3,2026-08-31T18:16:20.021Z,separate_executor,quote_run_dispatch_probe,10,611.29,success,,200,success
p3-ex-official-vu10,c609eda7-9426-45bc-a28b-c57f4c2b983d,2026-08-31T18:16:20.183Z,separate_executor,quote_run_dispatch_probe,10,596.5,success,,200,success
p3-ex-official-vu10,7fcbcf87-4947-4b3a-abd7-b911dbe9ef61,2026-08-31T18:16:20.358Z,separate_executor,quote_run_dispatch_probe,10,482.49,success,,200,success
p3-ex-official-vu10,ea9753ec-ef53-4611-9d78-14ad9bea3bd2,2026-08-31T18:16:20.523Z,separate_executor,quote_run_dispatch_probe,10,765.47,success,,200,success
p3-ex-official-vu10,8da05211-d48f-4c3d-b988-ed0f8b36201b,2026-08-31T18:16:20.600Z,separate_executor,quote_run_dispatch_probe,10,578.95,success,,200,success
p3-ex-official-vu10,c89906e4-88cd-4246-b41f-b194baa03e5c,2026-08-31T18:16:20.608Z,separate_executor,quote_run_dispatch_probe,10,604.99,success,,200,success
p3-ex-official-vu10,59624e05-f73c-41df-bf82-14ac23ccdee3,2026-08-31T18:16:20.692Z,separate_executor,quote_run_dispatch_probe,10,932.31,success,,200,success
p3-ex-official-vu10,25b281d2-005a-43d3-94b3-9dd420c72be5,2026-08-31T18:16:20.771Z,separate_executor,quote_run_dispatch_probe,10,588.04,success,,200,success
p3-ex-official-vu10,22e513d8-ae30-466b-9cf8-c2436a485a3f,2026-08-31T18:16:20.900Z,separate_executor,quote_run_dispatch_probe,10,542.04,success,,200,success
p3-ex-official-vu10,d4a2ff71-7ef7-4116-8f67-0cec0bcf4cd7,2026-08-31T18:16:21.117Z,separate_executor,quote_run_dispatch_probe,10,425.5,success,,200,success
p3-ex-official-vu10,29943011-dc50-45ab-95e0-fc0603a783cc,2026-08-31T18:16:21.194Z,separate_executor,quote_run_dispatch_probe,10,586.15,success,,200,success
p3-ex-official-vu10,3d70b917-083f-409a-bbff-e1edcd4ec9c8,2026-08-31T18:16:21.252Z,separate_executor,quote_run_dispatch_probe,10,729.44,success,,200,success
p3-ex-official-vu10,deb8e4e7-b3bd-4e09-a0a8-f7465bcc37ec,2026-08-31T18:16:21.296Z,separate_executor,quote_run_dispatch_probe,10,696.08,success,,200,success
p3-ex-official-vu10,2a7d63e7-bb0e-4df0-9bd5-75f79c7134e3,2026-08-31T18:16:21.369Z,separate_executor,quote_run_dispatch_probe,10,598.43,success,,200,success
p3-ex-official-vu10,94351577-20ed-408d-8675-a9490109b4f1,2026-08-31T18:16:21.376Z,separate_executor,quote_run_dispatch_probe,10,475.79,success,,200,success
p3-ex-official-vu10,6747bed4-ba86-47df-85b3-f704205994d0,2026-08-31T18:16:21.567Z,separate_executor,quote_run_dispatch_probe,10,449.34,success,,200,success
p3-ex-official-vu10,ba6814b0-61a5-400b-a9a9-12dcf4f21a8d,2026-08-31T18:16:21.817Z,separate_executor,quote_run_dispatch_probe,10,622.14,success,,200,success
p3-ex-official-vu10,035a7a02-2d0d-4c17-bf6a-3b15e474db62,2026-08-31T18:16:21.855Z,separate_executor,quote_run_dispatch_probe,10,479.28,success,,200,success
p3-ex-official-vu10,0e3f38ad-b253-4f59-a2b2-c4f3cf365f9f,2026-08-31T18:16:21.915Z,separate_executor,quote_run_dispatch_probe,10,618.88,success,,200,success
p3-ex-official-vu10,f2df04a7-36e4-4d30-8392-4401259e00f5,2026-08-31T18:16:21.973Z,separate_executor,quote_run_dispatch_probe,10,602.99,success,,200,success
p3-ex-official-vu10,b9cc098c-dd68-4f30-8fc7-e977552a9ee5,2026-08-31T18:16:21.983Z,separate_executor,quote_run_dispatch_probe,10,731.09,success,,200,success
p3-ex-official-vu10,1d716f60-0912-4c53-9fd2-f59d6d979ea2,2026-08-31T18:16:22.093Z,separate_executor,quote_run_dispatch_probe,10,525.78,success,,200,success
p3-ex-official-vu10,e8e51ddd-c7e0-4349-b187-cde38fa335a7,2026-08-31T18:16:22.351Z,separate_executor,quote_run_dispatch_probe,10,496.03,success,,200,success
p3-ex-official-vu10,76507c3e-7b52-4567-a48b-d4df6ce2e84b,2026-08-31T18:16:22.391Z,separate_executor,quote_run_dispatch_probe,10,574.81,success,,200,success
p3-ex-official-vu10,a1980a81-c92f-4d41-a38e-19e33edaa0ce,2026-08-31T18:16:22.476Z,separate_executor,quote_run_dispatch_probe,10,560.74,success,,200,success
p3-ex-official-vu10,53bf9cb9-cfe8-4278-bd37-ccff2cc779c5,2026-08-31T18:16:22.682Z,separate_executor,quote_run_dispatch_probe,10,589.3,success,,200,success
p3-ex-official-vu10,89f1c949-a303-4f52-b962-34225d262599,2026-08-31T18:16:22.694Z,separate_executor,quote_run_dispatch_probe,10,721.16,success,,200,success
p3-ex-official-vu10,03ffd138-0dd7-4a7a-81c2-ac6b71220213,2026-08-31T18:16:22.750Z,separate_executor,quote_run_dispatch_probe,10,766.91,success,,200,success
p3-ex-official-vu10,8f692f79-0c74-4f34-8213-589875fc537e,2026-08-31T18:16:22.854Z,separate_executor,quote_run_dispatch_probe,10,503.04,success,,200,success
p3-ex-official-vu10,37f89edc-2649-4f0d-872a-f67bfc9e140b,2026-08-31T18:16:23.003Z,separate_executor,quote_run_dispatch_probe,10,611.6,success,,200,success
p3-ex-official-vu10,454e5bb8-050c-4884-a241-504bc88284fe,2026-08-31T18:16:23.050Z,separate_executor,quote_run_dispatch_probe,10,574.19,success,,200,success
p3-ex-official-vu10,d61cd255-9424-4979-927e-dd9d3aaeaf0e,2026-08-31T18:16:23.116Z,separate_executor,quote_run_dispatch_probe,10,434.13,success,,200,success
p3-ex-official-vu10,4824a055-65cb-4e65-b47d-242b275f61a7,2026-08-31T18:16:23.352Z,separate_executor,quote_run_dispatch_probe,10,658.53,success,,200,success
p3-ex-official-vu10,3ac63cf6-af92-4aec-9c45-2cc8f832e460,2026-08-31T18:16:23.370Z,separate_executor,quote_run_dispatch_probe,10,515.64,success,,200,success
p3-ex-official-vu10,3e02ad30-5b82-4ec5-ac54-3b392bd2dc3c,2026-08-31T18:16:23.545Z,separate_executor,quote_run_dispatch_probe,10,780.55,success,,200,success
p3-ex-official-vu10,ff5a0fcf-faf3-4c0c-9e3f-ee8b5fa8e0e4,2026-08-31T18:16:23.554Z,separate_executor,quote_run_dispatch_probe,10,437.64,success,,200,success
p3-ex-official-vu10,00ee1566-6426-4923-9cf7-2b517d9060b7,2026-08-31T18:16:23.566Z,separate_executor,quote_run_dispatch_probe,10,815.35,success,,200,success
p3-ex-official-vu10,1d41a22a-c00a-419e-b533-8cfdc85ae7cb,2026-08-31T18:16:23.609Z,separate_executor,quote_run_dispatch_probe,10,606.42,success,,200,success
p3-ex-official-vu10,f477fd3b-cd98-434f-856b-f652a0b416c7,2026-08-31T18:16:23.637Z,separate_executor,quote_run_dispatch_probe,10,586.42,success,,200,success
p3-ex-official-vu10,9adbbe11-563a-4315-ad62-b0d259232724,2026-08-31T18:16:23.875Z,separate_executor,quote_run_dispatch_probe,10,504.84,success,,200,success
p3-ex-official-vu10,08527bda-95cf-4a20-9fab-eac0922307a7,2026-08-31T18:16:23.954Z,separate_executor,quote_run_dispatch_probe,10,601.73,success,,200,success
p3-ex-official-vu10,de334d69-82eb-434f-8745-c11cc40313e6,2026-08-31T18:16:23.971Z,separate_executor,quote_run_dispatch_probe,10,417.11,success,,200,success
p3-ex-official-vu10,af4e08b7-dc65-42e6-bc07-6d67543bb0c1,2026-08-31T18:16:24.149Z,separate_executor,quote_run_dispatch_probe,10,603.64,success,,200,success
p3-ex-official-vu10,5d50b312-cb2f-4129-ae5c-674bdbdd974f,2026-08-31T18:16:24.190Z,separate_executor,quote_run_dispatch_probe,10,580.98,success,,200,success
p3-ex-official-vu10,3acd5bcf-557f-4175-828e-716355459dfe,2026-08-31T18:16:24.213Z,separate_executor,quote_run_dispatch_probe,10,576.04,success,,200,success
p3-ex-official-vu10,9c2499a3-abf9-4d09-965b-1bfd6536a6b4,2026-08-31T18:16:24.372Z,separate_executor,quote_run_dispatch_probe,10,497.72,success,,200,success
p3-ex-official-vu10,e9b76b4c-222b-435b-912e-e2ef5a20af3d,2026-08-31T18:16:24.377Z,separate_executor,quote_run_dispatch_probe,10,811.39,success,,200,success
p3-ex-official-vu10,1cc82c3c-e785-4c93-8e6d-f07110094e75,2026-08-31T18:16:24.395Z,separate_executor,quote_run_dispatch_probe,10,423.98,success,,200,success
p3-ex-official-vu10,f5d04bb4-d8fe-444a-86e0-b55359cce04d,2026-08-31T18:16:24.582Z,separate_executor,quote_run_dispatch_probe,10,627.57,success,,200,success
p3-ex-official-vu10,8cd3402c-9425-4224-a512-2475343030a0,2026-08-31T18:16:24.738Z,separate_executor,quote_run_dispatch_probe,10,547.27,success,,200,success
p3-ex-official-vu10,aafbe271-9e09-4c8e-9a75-a55bfba692ac,2026-08-31T18:16:24.743Z,separate_executor,quote_run_dispatch_probe,10,530,success,,200,success
p3-ex-official-vu10,c974c16d-1dce-44e3-8fff-db8ce548ccf1,2026-08-31T18:16:24.784Z,separate_executor,quote_run_dispatch_probe,10,388.92,success,,200,success
p3-ex-official-vu10,299cbefc-0bb8-432d-abd9-864e965df944,2026-08-31T18:16:24.794Z,separate_executor,quote_run_dispatch_probe,10,644.75,success,,200,success
p3-ex-official-vu10,d4e4395a-24ed-4647-bc39-5655209d2ffb,2026-08-31T18:16:24.867Z,separate_executor,quote_run_dispatch_probe,10,494.73,success,,200,success
p3-ex-official-vu10,eeead197-ef52-4332-ac35-cf944d47aaf2,2026-08-31T18:16:25.147Z,separate_executor,quote_run_dispatch_probe,10,770.26,success,,200,success
p3-ex-official-vu10,008e3819-624d-4a85-b069-cda7134447b6,2026-08-31T18:16:25.154Z,separate_executor,quote_run_dispatch_probe,10,572.65,success,,200,success
p3-ex-official-vu10,47c8f490-62df-452c-ab53-0f6365d7e615,2026-08-31T18:16:25.182Z,separate_executor,quote_run_dispatch_probe,10,398.16,success,,200,success
p3-ex-official-vu10,71004ed2-c6bd-4542-8928-2d736da2d764,2026-08-31T18:16:25.308Z,separate_executor,quote_run_dispatch_probe,10,564.87,success,,200,success
p3-ex-official-vu10,e3e2d0ee-c335-4baf-b743-b7f7d385c8eb,2026-08-31T18:16:25.362Z,separate_executor,quote_run_dispatch_probe,10,568.14,success,,200,success
p3-ex-official-vu10,65e6395b-9947-44ab-942e-db664b47f601,2026-08-31T18:16:25.382Z,separate_executor,quote_run_dispatch_probe,10,515.23,success,,200,success
p3-ex-official-vu10,e34ef226-f2d1-44aa-b03d-564636148c92,2026-08-31T18:16:25.420Z,separate_executor,quote_run_dispatch_probe,10,682.49,success,,200,success
p3-ex-official-vu10,727f6336-99d0-45a7-877b-e1ef8217e98c,2026-08-31T18:16:25.644Z,separate_executor,quote_run_dispatch_probe,10,461.89,success,,200,success
p3-ex-official-vu10,9c405944-1f6c-4ccd-9718-7effef88a1da,2026-08-31T18:16:25.747Z,separate_executor,quote_run_dispatch_probe,10,593.1,success,,200,success
p3-ex-official-vu10,93d46a5f-19b1-4db7-a3c1-20d8fa1fd1b8,2026-08-31T18:16:25.840Z,separate_executor,quote_run_dispatch_probe,10,532.04,success,,200,success
p3-ex-official-vu10,15cf3e25-75d2-430e-bf3c-4f21667141b7,2026-08-31T18:16:25.884Z,separate_executor,quote_run_dispatch_probe,10,501.53,success,,200,success
p3-ex-official-vu10,f5c40e31-226f-463d-b719-f4d7c6b5c5f9,2026-08-31T18:16:25.910Z,separate_executor,quote_run_dispatch_probe,10,762.67,success,,200,success
p3-ex-official-vu10,0eebd39e-81ab-4713-a279-e097f4ea7558,2026-08-31T18:16:25.951Z,separate_executor,quote_run_dispatch_probe,10,588.8,success,,200,success
p3-ex-official-vu10,5b447f25-b75b-449c-bf0d-c10edfd45d7c,2026-08-31T18:16:26.018Z,separate_executor,quote_run_dispatch_probe,10,597.49,success,,200,success
p3-ex-official-vu10,3eb367cf-36c0-44bd-b1ed-8345dc912b8e,2026-08-31T18:16:26.037Z,separate_executor,quote_run_dispatch_probe,10,393.14,success,,200,success
p3-ex-official-vu10,769cc40c-0986-46d7-a16b-3856bcd80412,2026-08-31T18:16:26.362Z,separate_executor,quote_run_dispatch_probe,10,614.36,success,,200,success
p3-ex-official-vu10,69d68971-3498-4a6e-954c-a862ebacb1e8,2026-08-31T18:16:26.406Z,separate_executor,quote_run_dispatch_probe,10,521.92,success,,200,success
p3-ex-official-vu10,7a35a5bc-1d6b-49ac-a2d0-91d0389e90df,2026-08-31T18:16:26.490Z,separate_executor,quote_run_dispatch_probe,10,453.24,success,,200,success
p3-ex-official-vu10,b4296bd8-a672-4e8a-8050-3343374cf4da,2026-08-31T18:16:26.500Z,separate_executor,quote_run_dispatch_probe,10,659.74,success,,200,success
p3-ex-official-vu10,343643f6-5401-4ffe-8985-df260122cb43,2026-08-31T18:16:26.558Z,separate_executor,quote_run_dispatch_probe,10,606.97,success,,200,success
p3-ex-official-vu10,368d4748-7978-4c27-b528-31319ac48703,2026-08-31T18:16:26.690Z,separate_executor,quote_run_dispatch_probe,10,672.32,success,,200,success
p3-ex-official-vu10,5c38fd4f-7dde-46be-adf4-a6ae4ebb878d,2026-08-31T18:16:26.707Z,separate_executor,quote_run_dispatch_probe,10,940.53,success,,200,success
p3-ex-official-vu10,a53cae80-c432-4acf-a4d9-e7e2aed7cae0,2026-08-31T18:16:26.714Z,separate_executor,quote_run_dispatch_probe,10,803.93,success,,200,success
p3-ex-official-vu10,585e5a53-ade5-4225-b6ec-7663ff07469e,2026-08-31T18:16:27.005Z,separate_executor,quote_run_dispatch_probe,10,514.38,success,,200,success
p3-ex-official-vu10,e17a2eda-db15-42e7-8147-c2e8bce804f4,2026-08-31T18:16:27.007Z,separate_executor,quote_run_dispatch_probe,10,601.28,success,,200,success
p3-ex-official-vu10,711f2916-deec-4084-88ed-74e12a341b25,2026-08-31T18:16:27.010Z,separate_executor,quote_run_dispatch_probe,10,647.8,success,,200,success
p3-ex-official-vu10,28acc48b-c5fb-4c63-bfa5-ef744c3ed289,2026-08-31T18:16:27.066Z,separate_executor,quote_run_dispatch_probe,10,566.74,success,,200,success
p3-ex-official-vu10,e2bf17f1-e30e-44ba-8809-9fad0dec0836,2026-08-31T18:16:27.171Z,separate_executor,quote_run_dispatch_probe,10,612.91,success,,200,success
p3-ex-official-vu10,1bd60aca-4a8a-4b22-8969-9e4a11855f95,2026-08-31T18:16:27.277Z,separate_executor,quote_run_dispatch_probe,10,587.36,success,,200,success
p3-ex-official-vu10,cdb69077-2592-4ab8-89e0-08cc01e1bfe5,2026-08-31T18:16:27.418Z,separate_executor,quote_run_dispatch_probe,10,408.64,success,,200,success
p3-ex-official-vu10,a9049598-c5fb-45fe-9a00-93927b254745,2026-08-31T18:16:27.451Z,separate_executor,quote_run_dispatch_probe,10,743.38,success,,200,success
p3-ex-official-vu10,79626ae7-5cc6-4d56-8ffa-4e201963df75,2026-08-31T18:16:27.473Z,separate_executor,quote_run_dispatch_probe,10,759.28,success,,200,success
p3-ex-official-vu10,89e1e2b7-7755-4fd1-b678-e26800698529,2026-08-31T18:16:27.494Z,separate_executor,quote_run_dispatch_probe,10,489.32,success,,200,success
p3-ex-official-vu10,4e7a1923-c3e4-4015-814e-a9cc247cae50,2026-08-31T18:16:27.628Z,separate_executor,quote_run_dispatch_probe,10,620.99,success,,200,success
p3-ex-official-vu10,2fb05eb2-f738-46a8-af55-9199d218b9f1,2026-08-31T18:16:27.656Z,separate_executor,quote_run_dispatch_probe,10,589.32,success,,200,success
p3-ex-official-vu10,e83f50e1-017f-4648-ad65-b3d0b7b78a82,2026-08-31T18:16:27.878Z,separate_executor,quote_run_dispatch_probe,10,459.38,success,,200,success
p3-ex-official-vu10,8909e1b9-8b9a-44e8-9567-e5d0ab506a86,2026-08-31T18:16:27.883Z,separate_executor,quote_run_dispatch_probe,10,712.7,success,,200,success
p3-ex-official-vu10,6cb48e2d-9114-4414-b061-3ef2b0564044,2026-08-31T18:16:27.888Z,separate_executor,quote_run_dispatch_probe,10,610.12,success,,200,success
p3-ex-official-vu10,d2944201-0107-4137-9277-fd627c961790,2026-08-31T18:16:27.968Z,separate_executor,quote_run_dispatch_probe,10,474.21,success,,200,success
p3-ex-official-vu10,c5390759-04c1-4587-97df-7bf16d482322,2026-08-31T18:16:28.255Z,separate_executor,quote_run_dispatch_probe,10,599.69,success,,200,success
p3-ex-official-vu10,3788babe-87a7-4f8d-9fc8-7288477626c9,2026-08-31T18:16:28.270Z,separate_executor,quote_run_dispatch_probe,10,392.23,success,,200,success
p3-ex-official-vu10,d58c5ab1-472b-4d15-8c65-4ce2158213a3,2026-08-31T18:16:28.276Z,separate_executor,quote_run_dispatch_probe,10,647.53,success,,200,success
p3-ex-official-vu10,91078d90-a60c-40a2-9552-b9d18082aea0,2026-08-31T18:16:28.286Z,separate_executor,quote_run_dispatch_probe,10,834.93,success,,200,success
p3-ex-official-vu10,a9dc0937-54e6-49e3-a41d-61598a65cde0,2026-08-31T18:16:28.289Z,separate_executor,quote_run_dispatch_probe,10,815.42,success,,200,success
p3-ex-official-vu10,bc3b49ea-e9ee-484a-9e63-f22748e574ae,2026-08-31T18:16:28.453Z,separate_executor,quote_run_dispatch_probe,10,484.39,success,,200,success
p3-ex-official-vu10,3fcd5bae-78a4-40c6-afc3-a1e868d32162,2026-08-31T18:16:28.515Z,separate_executor,quote_run_dispatch_probe,10,631.18,success,,200,success
p3-ex-official-vu10,45201c89-4f53-4dd5-ac9f-9b127c4827a8,2026-08-31T18:16:28.533Z,separate_executor,quote_run_dispatch_probe,10,645.25,success,,200,success
p3-ex-official-vu10,c973a643-4176-4092-b355-4b9fb70b4b4e,2026-08-31T18:16:28.691Z,separate_executor,quote_run_dispatch_probe,10,420.71,success,,200,success
p3-ex-official-vu10,0f242d9f-0c44-43f1-b6f7-288ce8db9754,2026-08-31T18:16:28.852Z,separate_executor,quote_run_dispatch_probe,10,597,success,,200,success
p3-ex-official-vu10,93bd8d25-8d05-4515-8050-bb32f750b982,2026-08-31T18:16:28.916Z,separate_executor,quote_run_dispatch_probe,10,640.08,success,,200,success
p3-ex-official-vu10,5014c604-02eb-4fcf-a739-5235f0d45a44,2026-08-31T18:16:28.970Z,separate_executor,quote_run_dispatch_probe,10,517.77,success,,200,success
p3-ex-official-vu10,4e06cc26-b3ba-4ce3-9ddb-215a09761639,2026-08-31T18:16:29.049Z,separate_executor,quote_run_dispatch_probe,10,759.92,success,,200,success
p3-ex-official-vu10,1380c7f2-7c45-4baf-aba7-f36aa27b14a8,2026-08-31T18:16:29.091Z,separate_executor,quote_run_dispatch_probe,10,805.24,success,,200,success
p3-ex-official-vu10,214b35d5-fd7e-4820-9ad9-04fd95cbc285,2026-08-31T18:16:29.092Z,separate_executor,quote_run_dispatch_probe,10,401.13,success,,200,success
p3-ex-official-vu10,9cc27d27-6f59-429a-a335-2193b13e25c6,2026-08-31T18:16:29.119Z,separate_executor,quote_run_dispatch_probe,10,586.43,success,,200,success
p3-ex-official-vu10,f3abeeaa-6f94-4792-a6c6-32bae439e7c2,2026-08-31T18:16:29.142Z,separate_executor,quote_run_dispatch_probe,10,627.51,success,,200,success
p3-ex-official-vu10,06fb8b87-ceee-4bd9-ace0-b13d3f84c07f,2026-08-31T18:16:29.431Z,separate_executor,quote_run_dispatch_probe,10,578.81,success,,200,success
p3-ex-official-vu10,62abf639-4b7f-40c6-8f01-08e347e70ba7,2026-08-31T18:16:29.469Z,separate_executor,quote_run_dispatch_probe,10,498.58,success,,200,success
p3-ex-official-vu10,6c871aad-16bf-4862-91fd-ab2261b99108,2026-08-31T18:16:29.537Z,separate_executor,quote_run_dispatch_probe,10,621.19,success,,200,success
p3-ex-official-vu10,a58e0ac1-a16f-440f-98e2-a9759878afc9,2026-08-31T18:16:29.540Z,separate_executor,quote_run_dispatch_probe,10,449.47,success,,200,success
p3-ex-official-vu10,a607ea81-99f7-4a5c-a50f-7ba71d51f420,2026-08-31T18:16:29.549Z,separate_executor,quote_run_dispatch_probe,10,790.22,success,,200,success
p3-ex-official-vu10,ae6378a9-b000-46e0-9f66-30d24fb2555b,2026-08-31T18:16:29.774Z,separate_executor,quote_run_dispatch_probe,10,631.9,success,,200,success
p3-ex-official-vu10,bd7a4ec3-ed4a-4e39-8f62-ca9fea4bbdd3,2026-08-31T18:16:29.855Z,separate_executor,quote_run_dispatch_probe,10,806,success,,200,success
p3-ex-official-vu10,fed2cc4d-79df-402f-b812-e76be51fe19b,2026-08-31T18:16:29.881Z,separate_executor,quote_run_dispatch_probe,10,761.39,success,,200,success
p3-ex-official-vu10,32221b38-36c7-43b6-90f3-c8a4d9dc1b43,2026-08-31T18:16:29.928Z,separate_executor,quote_run_dispatch_probe,10,836.71,success,,200,success
p3-ex-official-vu10,6cdf7568-afcf-4ab5-9e04-311e4452953e,2026-08-31T18:16:29.960Z,separate_executor,quote_run_dispatch_probe,10,419.68,success,,200,success
p3-ex-official-vu10,a697c068-7024-4df7-b9d5-95d481144f90,2026-08-31T18:16:29.977Z,separate_executor,quote_run_dispatch_probe,10,508.36,success,,200,success
p3-ex-official-vu10,5b0d3c76-7c04-47be-933b-2884dc76a7d3,2026-08-31T18:16:30.006Z,separate_executor,quote_run_dispatch_probe,10,574.61,success,,200,success
p3-ex-official-vu10,624bf114-2988-448f-aa0d-d1dbc344107f,2026-08-31T18:16:30.178Z,separate_executor,quote_run_dispatch_probe,10,641.01,success,,200,success
p3-ex-official-vu10,10e77a09-aec3-491d-91e3-a37e2b6c1607,2026-08-31T18:16:30.182Z,separate_executor,quote_run_dispatch_probe,10,632.9,success,,200,success
p3-ex-official-vu10,c84c9156-39d9-4068-bef4-e91c8f5b3b07,2026-08-31T18:16:30.431Z,separate_executor,quote_run_dispatch_probe,10,656.6,success,,200,success
p3-ex-official-vu10,3fb41fbb-5787-4b4c-ad96-8fcc93cfedfa,2026-08-31T18:16:30.431Z,separate_executor,quote_run_dispatch_probe,10,471.34,success,,200,success
p3-ex-official-vu10,21a32ec8-100e-4b6c-be21-0623ab053780,2026-08-31T18:16:30.476Z,separate_executor,quote_run_dispatch_probe,10,498.62,success,,200,success
p3-ex-official-vu10,8a1670ec-43ec-48bb-9e5d-cc10463833f8,2026-08-31T18:16:30.515Z,separate_executor,quote_run_dispatch_probe,10,634.06,success,,200,success
p3-ex-official-vu10,3932473d-279a-40fd-b464-c283961ec41c,2026-08-31T18:16:30.561Z,separate_executor,quote_run_dispatch_probe,10,554.82,success,,200,success
p3-ex-official-vu10,5a3a9171-7cd9-4f18-8e1d-670b86f612ba,2026-08-31T18:16:30.773Z,separate_executor,quote_run_dispatch_probe,10,595.17,success,,200,success
p3-ex-official-vu10,14d29a7e-2cff-4981-b044-0b4e1ac52df9,2026-08-31T18:16:30.787Z,separate_executor,quote_run_dispatch_probe,10,932.28,success,,200,success
p3-ex-official-vu10,62a5df56-59a1-4a28-8d9f-ca00a436eca3,2026-08-31T18:16:30.807Z,separate_executor,quote_run_dispatch_probe,10,878.61,success,,200,success
p3-ex-official-vu10,a409d926-99db-4969-9a1b-9f5f08c61143,2026-08-31T18:16:30.818Z,separate_executor,quote_run_dispatch_probe,10,635.9,success,,200,success
p3-ex-official-vu10,845f7bc2-bd4c-4353-9077-533dd1d8c328,2026-08-31T18:16:30.853Z,separate_executor,quote_run_dispatch_probe,10,421.1,success,,200,success
p3-ex-official-vu10,73f59881-205a-49cc-bb73-b9545a0b2f23,2026-08-31T18:16:31.002Z,separate_executor,quote_run_dispatch_probe,10,525.8,success,,200,success
p3-ex-official-vu10,4bd3d48f-2a5c-461d-b4fb-1aaf545c1a82,2026-08-31T18:16:31.038Z,separate_executor,quote_run_dispatch_probe,10,607.57,success,,200,success
p3-ex-official-vu10,d66b29d5-fab3-457d-9f0e-906995c9df98,2026-08-31T18:16:31.094Z,separate_executor,quote_run_dispatch_probe,10,579.66,success,,200,success
p3-ex-official-vu10,0dbef261-2543-4da9-bb0e-759132f0a257,2026-08-31T18:16:31.129Z,separate_executor,quote_run_dispatch_probe,10,567.76,success,,200,success
p3-ex-official-vu10,a8941759-6db7-4cb7-aeb1-e5cf7f430f89,2026-08-31T18:16:31.248Z,separate_executor,quote_run_dispatch_probe,10,395.5,success,,200,success
p3-ex-official-vu10,3846f0cd-3bfc-4b3c-9558-985fce71e6a9,2026-08-31T18:16:31.375Z,separate_executor,quote_run_dispatch_probe,10,601.59,success,,200,success
p3-ex-official-vu10,b3d2bcf4-3be1-49b3-a5c1-807dc1b5eda9,2026-08-31T18:16:31.499Z,separate_executor,quote_run_dispatch_probe,10,496.66,success,,200,success
p3-ex-official-vu10,db229b88-59b0-4edc-9d6c-adfdd348bb1d,2026-08-31T18:16:31.515Z,separate_executor,quote_run_dispatch_probe,10,696.55,success,,200,success
p3-ex-official-vu10,c2c9a173-7a48-4200-9d9f-997e013097ea,2026-08-31T18:16:31.539Z,separate_executor,quote_run_dispatch_probe,10,751.9,success,,200,success
p3-ex-official-vu10,914c4440-0e03-442c-bde0-c3d1d96dd742,2026-08-31T18:16:31.610Z,separate_executor,quote_run_dispatch_probe,10,802.48,success,,200,success
p3-ex-official-vu10,2bccdb7e-5f3c-4e26-8b96-af670a33198c,2026-08-31T18:16:31.646Z,separate_executor,quote_run_dispatch_probe,10,607.16,success,,200,success
p3-ex-official-vu10,f47db189-60bf-4673-9979-35a1530bfc62,2026-08-31T18:16:31.703Z,separate_executor,quote_run_dispatch_probe,10,455,success,,200,success
p3-ex-official-vu10,af2f2113-ccfa-497e-88dd-3d7e628dc146,2026-08-31T18:16:31.705Z,separate_executor,quote_run_dispatch_probe,10,610.64,success,,200,success
p3-ex-official-vu10,8ac7dc34-4815-4ef9-87f0-408e6fa2ce12,2026-08-31T18:16:31.722Z,separate_executor,quote_run_dispatch_probe,10,592.83,success,,200,success
p3-ex-official-vu10,122f1d21-768d-41e1-a7be-53aca69787cb,2026-08-31T18:16:31.971Z,separate_executor,quote_run_dispatch_probe,10,595.98,success,,200,success
p3-ex-official-vu10,a0acb5b3-f3e0-4523-9d5b-60e11285de3a,2026-08-31T18:16:31.975Z,separate_executor,quote_run_dispatch_probe,10,476.37,success,,200,success
p3-ex-official-vu10,09799d9d-6878-446e-82c7-994042336745,2026-08-31T18:16:32.115Z,separate_executor,quote_run_dispatch_probe,10,412.02,success,,200,success
p3-ex-official-vu10,9cd0de57-59f5-4560-8257-b9b8c891929f,2026-08-31T18:16:32.132Z,separate_executor,quote_run_dispatch_probe,10,617.16,success,,200,success
p3-ex-official-vu10,18e0202a-60fa-4ef4-9986-ea9495a1530f,2026-08-31T18:16:32.265Z,separate_executor,quote_run_dispatch_probe,10,619.68,success,,200,success
p3-ex-official-vu10,34dbe25e-e43a-4c49-b640-135f225773ed,2026-08-31T18:16:32.267Z,separate_executor,quote_run_dispatch_probe,10,545.71,success,,200,success
p3-ex-official-vu10,af102381-ad2c-403c-b567-904b7fd655c9,2026-08-31T18:16:32.333Z,separate_executor,quote_run_dispatch_probe,10,627.73,success,,200,success
p3-ex-official-vu10,05a74992-e623-4cc8-86f5-0d4d9db79478,2026-08-31T18:16:32.341Z,separate_executor,quote_run_dispatch_probe,10,801.89,success,,200,success
p3-ex-official-vu10,9f6f4a09-df0c-4fee-a751-1fd1a08aa76b,2026-08-31T18:16:32.384Z,separate_executor,quote_run_dispatch_probe,10,774.74,success,,200,success
p3-ex-official-vu10,959eb88e-5d72-4558-9f70-20bee1316f52,2026-08-31T18:16:32.455Z,separate_executor,quote_run_dispatch_probe,10,694.85,success,,200,success
p3-ex-official-vu10,16dff220-b56c-49da-9ed0-78e3ab81c9e4,2026-08-31T18:16:32.484Z,separate_executor,quote_run_dispatch_probe,10,508.71,success,,200,success
p3-ex-official-vu10,a75244f5-7a30-4464-be17-f67fdf81e6e1,2026-08-31T18:16:32.541Z,separate_executor,quote_run_dispatch_probe,10,425.45,success,,200,success
p3-ex-official-vu10,819a9b57-afe8-4b7f-b7dd-2e3bcf41088e,2026-08-31T18:16:32.558Z,separate_executor,quote_run_dispatch_probe,10,586.68,success,,200,success
p3-ex-official-vu10,78f527c8-900e-420f-98e6-88637cac1a38,2026-08-31T18:16:32.760Z,separate_executor,quote_run_dispatch_probe,10,627.89,success,,200,success
p3-ex-official-vu10,bc8f18c2-4b2a-4d5a-9320-a47342bcebd2,2026-08-31T18:16:32.805Z,separate_executor,quote_run_dispatch_probe,10,537.4,success,,200,success
p3-ex-official-vu10,626d971e-49b9-4942-8d31-0658bbc6d4c1,2026-08-31T18:16:32.830Z,separate_executor,quote_run_dispatch_probe,10,564.92,success,,200,success
p3-ex-official-vu10,ce71fb6c-df17-43f7-9314-eee4f148fdc7,2026-08-31T18:16:32.931Z,separate_executor,quote_run_dispatch_probe,10,597.59,success,,200,success
p3-ex-official-vu10,413ff18f-516a-46da-a1d6-1fe1cef567d5,2026-08-31T18:16:32.956Z,separate_executor,quote_run_dispatch_probe,10,415.38,success,,200,success
p3-ex-official-vu10,c225d1cb-d086-4dc1-9a01-bef50dbd8f62,2026-08-31T18:16:32.983Z,separate_executor,quote_run_dispatch_probe,10,528.21,success,,200,success
p3-ex-official-vu10,280e2b7c-2e94-46d1-8fbf-b988f8b153ee,2026-08-31T18:16:33.018Z,separate_executor,quote_run_dispatch_probe,10,533.79,success,,200,success
p3-ex-official-vu10,1f8cb238-19c8-44e6-9e06-cc8eac59e474,2026-08-31T18:16:33.247Z,separate_executor,quote_run_dispatch_probe,10,906,success,,200,success
p3-ex-official-vu10,ee336bf3-02fc-42d9-abc1-889270239d9a,2026-08-31T18:16:33.282Z,separate_executor,quote_run_dispatch_probe,10,724.47,success,,200,success
p3-ex-official-vu10,77859b1d-2faf-4162-b563-fe860f168dbd,2026-08-31T18:16:33.325Z,separate_executor,quote_run_dispatch_probe,10,941,success,,200,success
p3-ex-official-vu10,4a83c2dd-1b31-4530-bcfa-c7272214da30,2026-08-31T18:16:33.524Z,separate_executor,quote_run_dispatch_probe,10,763.72,success,,200,success
p3-ex-official-vu10,c39bd432-4803-4842-ae37-f200cdb84cdb,2026-08-31T18:16:33.566Z,separate_executor,quote_run_dispatch_probe,10,609.79,success,,200,success
p3-ex-official-vu10,acf5448a-4d62-4e7f-9687-5d7fd7a7223a,2026-08-31T18:16:33.573Z,separate_executor,quote_run_dispatch_probe,10,768.25,success,,200,success
p3-ex-official-vu10,c2f458e3-4cef-4385-a63e-635bf91880d7,2026-08-31T18:16:33.574Z,separate_executor,quote_run_dispatch_probe,10,743.91,success,,200,success
p3-ex-official-vu10,85da35ab-4ed1-4e18-8adf-c950fd6a5d74,2026-08-31T18:16:33.577Z,separate_executor,quote_run_dispatch_probe,10,645.99,success,,200,success
p3-ex-official-vu10,5a0c6ed4-fce3-4c47-9cda-0c9304cee324,2026-08-31T18:16:33.582Z,separate_executor,quote_run_dispatch_probe,10,598.73,success,,200,success
p3-ex-official-vu10,5edd0fc1-8609-445c-901d-4611b28d920a,2026-08-31T18:16:33.695Z,separate_executor,quote_run_dispatch_probe,10,677.46,success,,200,success
p3-ex-official-vu10,0432ebff-5265-43eb-bc30-3cb480f36379,2026-08-31T18:16:33.948Z,separate_executor,quote_run_dispatch_probe,10,665.86,success,,200,success
p3-ex-official-vu10,bea1ed74-f7b7-4956-9cab-72087db7ca61,2026-08-31T18:16:34.015Z,separate_executor,quote_run_dispatch_probe,10,442.23,success,,200,success
p3-ex-official-vu10,cc82bb73-3f7c-4efe-9e05-fe9b90cc0bb2,2026-08-31T18:16:34.107Z,separate_executor,quote_run_dispatch_probe,10,524.68,success,,200,success
p3-ex-official-vu10,496faa70-6f88-44fe-8f4d-1718e9c4b832,2026-08-31T18:16:34.135Z,separate_executor,quote_run_dispatch_probe,10,611.31,success,,200,success
p3-ex-official-vu10,4bacc712-70fa-4b63-92d3-c1bad08425f7,2026-08-31T18:16:34.148Z,separate_executor,quote_run_dispatch_probe,10,901.29,success,,200,success
p3-ex-official-vu10,544c4b1b-28c1-4969-8dbf-b51786d064b0,2026-08-31T18:16:34.186Z,separate_executor,quote_run_dispatch_probe,10,860.51,success,,200,success
p3-ex-official-vu10,e6c8d005-35a8-42a5-a7ce-46ab72492b6b,2026-08-31T18:16:34.200Z,separate_executor,quote_run_dispatch_probe,10,625.47,success,,200,success
p3-ex-official-vu10,c1092107-a049-49a8-9711-001384dc767a,2026-08-31T18:16:34.206Z,separate_executor,quote_run_dispatch_probe,10,629.22,success,,200,success
p3-ex-official-vu10,5546c94c-ca45-4727-87f0-33a5b73a3dd2,2026-08-31T18:16:34.226Z,separate_executor,quote_run_dispatch_probe,10,530.14,success,,200,success
p3-ex-official-vu10,90a93235-be4b-4ae5-82e6-a0390d59061e,2026-08-31T18:16:34.230Z,separate_executor,quote_run_dispatch_probe,10,664.37,success,,200,success
p3-ex-official-vu10,bdb5064f-d851-4d06-96fa-af950db25f04,2026-08-31T18:16:34.420Z,separate_executor,quote_run_dispatch_probe,10,404.59,success,,200,success
p3-ex-official-vu10,f4134af4-6137-434a-b414-b80b04c80ebb,2026-08-31T18:16:34.565Z,separate_executor,quote_run_dispatch_probe,10,617.01,success,,200,success
p3-ex-official-vu10,450b85cc-6dce-4ddc-b7c6-a6f9c37f8e59,2026-08-31T18:16:34.647Z,separate_executor,quote_run_dispatch_probe,10,540.4,success,,200,success
p3-ex-official-vu10,4193fc34-db9b-48b1-a56c-f44143f54c2c,2026-08-31T18:16:34.726Z,separate_executor,quote_run_dispatch_probe,10,590.6,success,,200,success
p3-ex-official-vu10,079fcb4c-2545-4cfc-a3cc-14c2477696fd,2026-08-31T18:16:34.769Z,separate_executor,quote_run_dispatch_probe,10,543.01,success,,200,success
p3-ex-official-vu10,78a92c91-2705-4871-b7fe-d3f46e0f7c11,2026-08-31T18:16:34.777Z,separate_executor,quote_run_dispatch_probe,10,546.93,success,,200,success
p3-ex-official-vu10,d449facc-fa6f-42a9-a9fc-16d89617de06,2026-08-31T18:16:34.830Z,separate_executor,quote_run_dispatch_probe,10,410.09,success,,200,success
p3-ex-official-vu10,24f48d2d-8d3d-410c-b91a-231f0a464a2b,2026-08-31T18:16:34.843Z,separate_executor,quote_run_dispatch_probe,10,643.47,success,,200,success
p3-ex-official-vu10,11e74565-bdc7-45b3-934b-a7742a39c7d9,2026-08-31T18:16:34.844Z,separate_executor,quote_run_dispatch_probe,10,638.53,success,,200,success
p3-ex-official-vu10,433b2e19-6f58-4768-808d-09a0a971ffa1,2026-08-31T18:16:34.937Z,separate_executor,quote_run_dispatch_probe,10,750.54,success,,200,success
p3-ex-official-vu10,88db02d3-52ae-4aca-afc2-97944854457d,2026-08-31T18:16:35.141Z,separate_executor,quote_run_dispatch_probe,10,494.03,success,,200,success
p3-ex-official-vu10,16b7bbd3-6d10-49b6-bd09-2b47283b0689,2026-08-31T18:16:35.168Z,separate_executor,quote_run_dispatch_probe,10,602.36,success,,200,success
p3-ex-official-vu10,74fbdb86-b14e-4ee3-ab48-e12675918bbe,2026-08-31T18:16:35.245Z,separate_executor,quote_run_dispatch_probe,10,414.89,success,,200,success
p3-ex-official-vu10,cf53e0d1-4c48-4290-85dd-b58417c1880c,2026-08-31T18:16:35.258Z,separate_executor,quote_run_dispatch_probe,10,489.02,success,,200,success
p3-ex-official-vu10,cde07b45-4b1c-4ae4-869c-98a9c7474ecd,2026-08-31T18:16:35.270Z,separate_executor,quote_run_dispatch_probe,10,544.6,success,,200,success
p3-ex-official-vu10,d14fa2d9-566a-4b17-83e6-991a7955d496,2026-08-31T18:16:35.381Z,separate_executor,quote_run_dispatch_probe,10,603.85,success,,200,success
p3-ex-official-vu10,e87bece5-0c4b-4b9f-a81b-1b4c4057d3e5,2026-08-31T18:16:35.489Z,separate_executor,quote_run_dispatch_probe,10,645.52,success,,200,success
p3-ex-official-vu10,b4a6ebe0-74bb-4a60-94c2-4727debe7596,2026-08-31T18:16:35.503Z,separate_executor,quote_run_dispatch_probe,10,1354.76,success,,200,success
p3-ex-official-vu10,78eea495-f66a-4950-8c5b-7872d1ae2b5d,2026-08-31T18:16:35.603Z,separate_executor,quote_run_dispatch_probe,10,758.28,success,,200,success
p3-ex-official-vu10,e7a21ef1-6a09-4da0-89cb-a7bc83c51977,2026-08-31T18:16:35.639Z,separate_executor,quote_run_dispatch_probe,10,702.34,success,,200,success
p3-ex-official-vu10,2ab86b15-4a85-4a3d-8ab3-962ff31bad7b,2026-08-31T18:16:35.672Z,separate_executor,quote_run_dispatch_probe,10,530.74,success,,200,success
p3-ex-official-vu10,d485516c-82cb-4b11-8583-1d7930432ae3,2026-08-31T18:16:35.674Z,separate_executor,quote_run_dispatch_probe,10,429.37,success,,200,success
p3-ex-official-vu10,60f00008-e6f9-4a89-aa3f-7db3cb0490b6,2026-08-31T18:16:35.716Z,separate_executor,quote_run_dispatch_probe,10,457.68,success,,200,success
p3-ex-official-vu10,2386e0c1-560e-4c9e-bfdf-86e0c563a8d5,2026-08-31T18:16:35.775Z,separate_executor,quote_run_dispatch_probe,10,607.95,success,,200,success
p3-ex-official-vu10,5d0c0bd4-d5ee-4045-935d-fff4ca338e92,2026-08-31T18:16:35.855Z,separate_executor,quote_run_dispatch_probe,10,584.63,success,,200,success
p3-ex-official-vu10,31f9a39b-cddb-4201-8d2a-cdf2b9bb37ed,2026-08-31T18:16:35.917Z,separate_executor,quote_run_dispatch_probe,10,536.07,success,,200,success
p3-ex-official-vu10,54192d83-c82e-4d0d-8ce0-7f042bac0c3b,2026-08-31T18:16:36.070Z,separate_executor,quote_run_dispatch_probe,10,581.01,success,,200,success
p3-ex-official-vu10,e87a577e-f401-4e7e-b201-c88ef86bcb65,2026-08-31T18:16:36.104Z,separate_executor,quote_run_dispatch_probe,10,429.78,success,,200,success
p3-ex-official-vu10,537e1faa-30d4-4311-b505-130706d030dd,2026-08-31T18:16:36.178Z,separate_executor,quote_run_dispatch_probe,10,505.76,success,,200,success
p3-ex-official-vu10,a5f444da-d990-4a71-82ee-d5e96a1b8c45,2026-08-31T18:16:36.207Z,separate_executor,quote_run_dispatch_probe,10,603.85,success,,200,success
p3-ex-official-vu10,bd0796ee-87f4-43f3-9a91-8f0fbd4ae446,2026-08-31T18:16:36.208Z,separate_executor,quote_run_dispatch_probe,10,491.87,success,,200,success
p3-ex-official-vu10,dd429ab7-158e-4122-80e8-76e0cb0bac25,2026-08-31T18:16:36.338Z,separate_executor,quote_run_dispatch_probe,10,698.64,success,,200,success
p3-ex-official-vu10,ab157a20-e2d9-4094-8f60-d5f2a720bad2,2026-08-31T18:16:36.405Z,separate_executor,quote_run_dispatch_probe,10,550.04,success,,200,success
p3-ex-official-vu10,23ead8a6-2967-4cc5-8878-3c1f387abfc6,2026-08-31T18:16:36.416Z,separate_executor,quote_run_dispatch_probe,10,640.44,success,,200,success
p3-ex-official-vu10,150ebd78-e2fb-465b-8958-841a7cb19ede,2026-08-31T18:16:36.502Z,separate_executor,quote_run_dispatch_probe,10,584.88,success,,200,success
p3-ex-official-vu10,8c8a4957-7626-4c84-b111-d83ae8cccf80,2026-08-31T18:16:36.536Z,separate_executor,quote_run_dispatch_probe,10,431.23,success,,200,success
p3-ex-official-vu10,f0746319-2201-4cbb-b3c2-de7cb7d603f4,2026-08-31T18:16:36.672Z,separate_executor,quote_run_dispatch_probe,10,465.13,success,,200,success
p3-ex-official-vu10,497c6169-bf0e-4c5d-8bcb-c313d59d669a,2026-08-31T18:16:36.676Z,separate_executor,quote_run_dispatch_probe,10,606.38,success,,200,success
p3-ex-official-vu10,3f54c559-5b6a-4e2c-b51a-31bfe1269c21,2026-08-31T18:16:36.719Z,separate_executor,quote_run_dispatch_probe,10,541.85,success,,200,success
p3-ex-official-vu10,5892ea9e-d34d-43d8-8e29-f3048d930795,2026-08-31T18:16:36.805Z,separate_executor,quote_run_dispatch_probe,10,1301.63,success,,200,success
p3-ex-official-vu10,5e1acd0e-ce07-414f-a903-943dea8b8d37,2026-08-31T18:16:36.821Z,separate_executor,quote_run_dispatch_probe,10,613.57,success,,200,success
p3-ex-official-vu10,e7d8f145-29cd-4b31-b4b4-727951c359ac,2026-08-31T18:16:36.948Z,separate_executor,quote_run_dispatch_probe,10,412.6,success,,200,success
p3-ex-official-vu10,8319598b-9bdb-486e-8217-5bdf40e72c7b,2026-08-31T18:16:37.018Z,separate_executor,quote_run_dispatch_probe,10,515.47,success,,200,success
p3-ex-official-vu10,98e02d47-2a20-4ee6-9b55-309c7396c511,2026-08-31T18:16:37.082Z,separate_executor,quote_run_dispatch_probe,10,676.89,success,,200,success
p3-ex-official-vu10,d323a06b-0608-4e6c-a80d-440d52a6434b,2026-08-31T18:16:37.084Z,separate_executor,quote_run_dispatch_probe,10,746.47,success,,200,success
p3-ex-official-vu10,b45db922-eed6-4fa1-9d30-b91adb97dffa,2026-08-31T18:16:37.093Z,separate_executor,quote_run_dispatch_probe,10,676.98,success,,200,success
p3-ex-official-vu10,dc329701-d374-4811-ab52-574f3926e89f,2026-08-31T18:16:37.169Z,separate_executor,quote_run_dispatch_probe,10,497.78,success,,200,success
p3-ex-official-vu10,487fdd4c-9b5a-4413-ae9e-c8fa19f84f53,2026-08-31T18:16:37.259Z,separate_executor,quote_run_dispatch_probe,10,582.91,success,,200,success
p3-ex-official-vu10,c6310a7d-ed6e-4846-9553-be130acbc79c,2026-08-31T18:16:37.303Z,separate_executor,quote_run_dispatch_probe,10,583.07,success,,200,success
p3-ex-official-vu10,35364a50-7458-49b2-a4a7-69bdb3d815cc,2026-08-31T18:16:37.344Z,separate_executor,quote_run_dispatch_probe,10,395.33,success,,200,success
p3-ex-official-vu10,269f35ee-f991-4ee9-9eb5-49593ce12ac8,2026-08-31T18:16:37.419Z,separate_executor,quote_run_dispatch_probe,10,597.91,success,,200,success
p3-ex-official-vu10,845b7738-f9b1-4821-beb9-736c78d24ae7,2026-08-31T18:16:37.597Z,separate_executor,quote_run_dispatch_probe,10,579.89,success,,200,success
p3-ex-official-vu10,6167199c-0a85-4182-ab3d-0c6bda8e544b,2026-08-31T18:16:37.672Z,separate_executor,quote_run_dispatch_probe,10,502.88,success,,200,success
p3-ex-official-vu10,4d39fd9f-d32a-46a1-8f8b-ed56dde882b0,2026-08-31T18:16:37.693Z,separate_executor,quote_run_dispatch_probe,10,611.24,success,,200,success
p3-ex-official-vu10,7b823957-0921-49b6-aae6-8c8273c2e5e3,2026-08-31T18:16:37.702Z,separate_executor,quote_run_dispatch_probe,10,609.13,success,,200,success
p3-ex-official-vu10,d6c71684-4b91-4ea5-80a6-86781469b555,2026-08-31T18:16:37.734Z,separate_executor,quote_run_dispatch_probe,10,390.7,success,,200,success
p3-ex-official-vu10,1fcb4071-8de1-4d53-a838-ee2213880dce,2026-08-31T18:16:37.841Z,separate_executor,quote_run_dispatch_probe,10,538.51,success,,200,success
p3-ex-official-vu10,900d41e8-8cad-4c3a-9483-8eaccf20883a,2026-08-31T18:16:37.844Z,separate_executor,quote_run_dispatch_probe,10,760.13,success,,200,success
p3-ex-official-vu10,f960cbcd-510b-48ba-95fa-9f828af0ccce,2026-08-31T18:16:37.878Z,separate_executor,quote_run_dispatch_probe,10,619.12,success,,200,success
p3-ex-official-vu10,ddcba87f-57a0-4edd-9b62-64ec4018e765,2026-08-31T18:16:38.051Z,separate_executor,quote_run_dispatch_probe,10,631.73,success,,200,success
p3-ex-official-vu10,a2cb4ccc-4b75-4d10-a23b-04c69ff6ef68,2026-08-31T18:16:38.066Z,separate_executor,quote_run_dispatch_probe,10,1261.36,success,,200,success
p3-ex-official-vu10,99aad50e-c027-47f8-a0f6-84c673a46d7b,2026-08-31T18:16:38.100Z,separate_executor,quote_run_dispatch_probe,10,502.5,success,,200,success
p3-ex-official-vu10,c0574348-01d4-4cc9-a9d6-9848436627d2,2026-08-31T18:16:38.121Z,separate_executor,quote_run_dispatch_probe,10,448.46,success,,200,success
p3-ex-official-vu10,c9324b08-488d-42a8-9f46-cf78d4f0ba69,2026-08-31T18:16:38.157Z,separate_executor,quote_run_dispatch_probe,10,422.88,success,,200,success
p3-ex-official-vu10,a46c02d0-95fc-48a1-b4ab-2e28b025b0ff,2026-08-31T18:16:38.302Z,separate_executor,quote_run_dispatch_probe,10,609.08,success,,200,success
p3-ex-official-vu10,0e2f935a-f9f2-4f0a-8956-7bd295ccc42a,2026-08-31T18:16:38.305Z,separate_executor,quote_run_dispatch_probe,10,602.97,success,,200,success
p3-ex-official-vu10,8deff151-cc64-485c-86b1-920706474346,2026-08-31T18:16:38.331Z,separate_executor,quote_run_dispatch_probe,10,490.18,success,,200,success
p3-ex-official-vu10,f20262b9-ca2f-4294-9e2f-8573f86460e3,2026-08-31T18:16:38.473Z,separate_executor,quote_run_dispatch_probe,10,594.45,success,,200,success
p3-ex-official-vu10,e744f0b9-fd50-4c4f-b4a9-90e032dbe87f,2026-08-31T18:16:38.540Z,separate_executor,quote_run_dispatch_probe,10,382.93,success,,200,success
p3-ex-official-vu10,f0946fd2-a4b8-45e4-b3ab-cf4f80c5aa64,2026-08-31T18:16:38.585Z,separate_executor,quote_run_dispatch_probe,10,740.41,success,,200,success
p3-ex-official-vu10,c88f0475-cb6c-42aa-bc24-32edd2d33230,2026-08-31T18:16:38.619Z,separate_executor,quote_run_dispatch_probe,10,498.54,success,,200,success
p3-ex-official-vu10,9149ca16-f53b-4034-9f7e-c56edb4b8240,2026-08-31T18:16:38.688Z,separate_executor,quote_run_dispatch_probe,10,587.9,success,,200,success
p3-ex-official-vu10,da0e13bf-f84c-4967-89fc-700a017a4b89,2026-08-31T18:16:38.699Z,separate_executor,quote_run_dispatch_probe,10,648.28,success,,200,success
p3-ex-official-vu10,cb1152cc-b786-470c-ab1c-12fdc04710ee,2026-08-31T18:16:38.844Z,separate_executor,quote_run_dispatch_probe,10,542.16,success,,200,success
p3-ex-official-vu10,e033101a-73ab-4c2f-9d8b-3f9745b304c2,2026-08-31T18:16:38.903Z,separate_executor,quote_run_dispatch_probe,10,571.75,success,,200,success
p3-ex-official-vu10,65ff866b-5b43-4652-acec-2a24751f7a8b,2026-08-31T18:16:38.942Z,separate_executor,quote_run_dispatch_probe,10,401.54,success,,200,success
p3-ex-official-vu10,bba11819-6533-40d3-a45d-b996325cf8c6,2026-08-31T18:16:38.943Z,separate_executor,quote_run_dispatch_probe,10,637.74,success,,200,success
p3-ex-official-vu10,b6dedf58-86c3-4c7e-809a-6e0ef8647dea,2026-08-31T18:16:39.087Z,separate_executor,quote_run_dispatch_probe,10,614.09,success,,200,success
p3-ex-official-vu10,fba9562e-6432-477c-b402-edc4b3136082,2026-08-31T18:16:39.087Z,separate_executor,quote_run_dispatch_probe,10,467.9,success,,200,success
p3-ex-official-vu10,5a97f488-0018-4f0c-8303-6c9db538bbd2,2026-08-31T18:16:39.186Z,separate_executor,quote_run_dispatch_probe,10,1119.67,success,,200,success
p3-ex-official-vu10,4d83dd80-6b69-46af-83c9-90b3d8bb81f8,2026-08-31T18:16:39.255Z,separate_executor,quote_run_dispatch_probe,10,567.18,success,,200,success
p3-ex-official-vu10,2d18bfb7-d1b6-4b86-a6b4-ea840ff28169,2026-08-31T18:16:39.294Z,separate_executor,quote_run_dispatch_probe,10,709.77,success,,200,success
p3-ex-official-vu10,8701d75d-1d4b-49c1-affb-c05eb7dbdee2,2026-08-31T18:16:39.312Z,separate_executor,quote_run_dispatch_probe,10,613.1,success,,200,success
p3-ex-official-vu10,0e7ab13e-854b-42fb-ac9a-d07ae4159772,2026-08-31T18:16:39.427Z,separate_executor,quote_run_dispatch_probe,10,485.09,success,,200,success
p3-ex-official-vu10,06269dc7-457b-4911-927b-85bed0b1bb0c,2026-08-31T18:16:39.471Z,separate_executor,quote_run_dispatch_probe,10,626.83,success,,200,success
p3-ex-official-vu10,f641e45a-cf82-462a-b3eb-e34c44647530,2026-08-31T18:16:39.474Z,separate_executor,quote_run_dispatch_probe,10,570.92,success,,200,success
p3-ex-official-vu10,93a188d0-506b-4f6d-b910-c3d4e990e649,2026-08-31T18:16:39.557Z,separate_executor,quote_run_dispatch_probe,10,469.96,success,,200,success
p3-ex-official-vu10,5be207b0-9345-42e5-a113-13734e060e89,2026-08-31T18:16:39.566Z,separate_executor,quote_run_dispatch_probe,10,622.93,success,,200,success
p3-ex-official-vu10,1c5abb73-c332-415b-b3da-8879ff52c2da,2026-08-31T18:16:39.700Z,separate_executor,quote_run_dispatch_probe,10,612.27,success,,200,success
p3-ex-official-vu10,510f9028-5005-4fe7-b479-8796c9fcfb48,2026-08-31T18:16:39.817Z,separate_executor,quote_run_dispatch_probe,10,561.71,success,,200,success
p3-ex-official-vu10,7478f8f1-8262-45d2-81b8-677712e95946,2026-08-31T18:16:39.827Z,separate_executor,quote_run_dispatch_probe,10,400.1,success,,200,success
p3-ex-official-vu10,21f2e644-9d2e-47ef-89dd-13c1b428c7e1,2026-08-31T18:16:39.988Z,separate_executor,quote_run_dispatch_probe,10,514.35,success,,200,success
p3-ex-official-vu10,447b4885-be79-4839-8c9e-5d314c5409d7,2026-08-31T18:16:40.016Z,separate_executor,quote_run_dispatch_probe,10,703.31,success,,200,success
p3-ex-official-vu10,0597c8b1-f8d7-470e-8b70-eb3113db0b74,2026-08-31T18:16:40.041Z,separate_executor,quote_run_dispatch_probe,10,746.2,success,,200,success
p3-ex-official-vu10,7fba486b-c151-40b9-a5f1-de1c8755e5db,2026-08-31T18:16:40.066Z,separate_executor,quote_run_dispatch_probe,10,509.68,success,,200,success
p3-ex-official-vu10,7bef68bd-6a89-48db-832f-9f1ff3791ca6,2026-08-31T18:16:40.138Z,separate_executor,quote_run_dispatch_probe,10,666.35,success,,200,success
p3-ex-official-vu10,5d1984c3-9130-48f2-ab97-b0f135465d61,2026-08-31T18:16:40.193Z,separate_executor,quote_run_dispatch_probe,10,627.29,success,,200,success
p3-ex-official-vu10,66ea5b59-78b3-45fa-b8d9-0de13e706e3e,2026-08-31T18:16:40.221Z,separate_executor,quote_run_dispatch_probe,10,393.97,success,,200,success
p3-ex-official-vu10,88447544-c033-4e87-ae9d-f780ec444ce6,2026-08-31T18:16:40.314Z,separate_executor,quote_run_dispatch_probe,10,614.51,success,,200,success
p3-ex-official-vu10,0ed92a26-90ae-4f5e-8618-9c665c78ea0f,2026-08-31T18:16:40.371Z,separate_executor,quote_run_dispatch_probe,10,554.14,success,,200,success
p3-ex-official-vu10,c3d0b9b4-4d6e-4463-ae1d-ccc766f0fb00,2026-08-31T18:16:40.448Z,separate_executor,quote_run_dispatch_probe,10,1262.69,success,,200,success
p3-ex-official-vu10,5f51e900-bea7-4905-80b3-eb9bf7d63f83,2026-08-31T18:16:40.580Z,separate_executor,quote_run_dispatch_probe,10,591.86,success,,200,success
p3-ex-official-vu10,b9691fd3-790e-4922-82bb-b8157a9b9f9e,2026-08-31T18:16:40.583Z,separate_executor,quote_run_dispatch_probe,10,516.68,success,,200,success
p3-ex-official-vu10,d9b532e1-8d6e-49bd-95df-c90d00fa2cee,2026-08-31T18:16:40.607Z,separate_executor,quote_run_dispatch_probe,10,590.91,success,,200,success
p3-ex-official-vu10,cb3bf77d-790e-4231-b63b-b5eed66fd30d,2026-08-31T18:16:40.616Z,separate_executor,quote_run_dispatch_probe,10,395.16,success,,200,success
p3-ex-official-vu10,11dd7679-e594-49db-99a3-6fcde5037160,2026-08-31T18:16:40.748Z,separate_executor,quote_run_dispatch_probe,10,610.53,success,,200,success
p3-ex-official-vu10,0fd76fe4-557b-483a-b648-da71af4888a4,2026-08-31T18:16:40.757Z,separate_executor,quote_run_dispatch_probe,10,716.16,success,,200,success
p3-ex-official-vu10,58b85e89-3b98-4b4f-9612-cf09c10a79d3,2026-08-31T18:16:41.103Z,separate_executor,quote_run_dispatch_probe,10,910.1,success,,200,success
p3-ex-official-vu10,f2a9cf76-1639-4f96-be4b-14c6c478f250,2026-08-31T18:16:41.113Z,separate_executor,quote_run_dispatch_probe,10,799.06,success,,200,success
p3-ex-official-vu10,176dcf59-072d-44ad-9092-aa6c719c3343,2026-08-31T18:16:41.120Z,separate_executor,quote_run_dispatch_probe,10,749.1,success,,200,success
p3-ex-official-vu10,88eee468-f0ff-4733-9721-5b0bf0757e98,2026-08-31T18:16:41.121Z,separate_executor,quote_run_dispatch_probe,10,540.53,success,,200,success
p3-ex-official-vu10,28fc2ee5-840d-4fbd-9d9d-91d19ddaf6e8,2026-08-31T18:16:41.121Z,separate_executor,quote_run_dispatch_probe,10,505.03,success,,200,success
p3-ex-official-vu10,0b8ab4f1-58e5-48c1-bbbb-29c49d7caef4,2026-08-31T18:16:41.153Z,separate_executor,quote_run_dispatch_probe,10,570.14,success,,200,success
p3-ex-official-vu10,82ba8602-af96-4bf1-9187-1fb7190f2574,2026-08-31T18:16:41.234Z,separate_executor,quote_run_dispatch_probe,10,627.81,success,,200,success
p3-ex-official-vu10,8c2ef76b-6b34-4726-9dbe-1db1f07e8251,2026-08-31T18:16:41.344Z,separate_executor,quote_run_dispatch_probe,10,595.41,success,,200,success
p3-ex-official-vu10,64ca581a-5e4a-4136-845e-c43eb5246bd2,2026-08-31T18:16:41.477Z,separate_executor,quote_run_dispatch_probe,10,720.57,success,,200,success
p3-ex-official-vu10,91732f77-6d9c-4720-a979-ea8da19cd3f9,2026-08-31T18:16:41.520Z,separate_executor,quote_run_dispatch_probe,10,399.09,success,,200,success
p3-ex-official-vu10,4564dec6-907e-47a1-919c-ef4bfae0c3ba,2026-08-31T18:16:41.607Z,separate_executor,quote_run_dispatch_probe,10,503.56,success,,200,success
p3-ex-official-vu10,af4d8f32-2f3a-4509-9771-09a61735ab1c,2026-08-31T18:16:41.686Z,separate_executor,quote_run_dispatch_probe,10,1237.52,success,,200,success
p3-ex-official-vu10,a212f89a-4bd1-4a96-a977-267b1f9e692d,2026-08-31T18:16:41.702Z,separate_executor,quote_run_dispatch_probe,10,548.44,success,,200,success
p3-ex-official-vu10,d0f2b737-3de4-4445-b7c0-ef2a4648b253,2026-08-31T18:16:41.733Z,separate_executor,quote_run_dispatch_probe,10,611.7,success,,200,success
p3-ex-official-vu10,be70ac3c-28a6-4296-9282-7a8f4524837a,2026-08-31T18:16:41.734Z,separate_executor,quote_run_dispatch_probe,10,620.56,success,,200,success
p3-ex-official-vu10,8c78969a-9451-4743-9094-05bea40652f4,2026-08-31T18:16:41.807Z,separate_executor,quote_run_dispatch_probe,10,572.81,success,,200,success
p3-ex-official-vu10,c8d4b221-aace-472d-a1b4-a3046cf737aa,2026-08-31T18:16:41.838Z,separate_executor,quote_run_dispatch_probe,10,717.35,success,,200,success
p3-ex-official-vu10,f6e328c7-a73e-4128-b3ff-22ff170717a2,2026-08-31T18:16:41.930Z,separate_executor,quote_run_dispatch_probe,10,409.96,success,,200,success
p3-ex-official-vu10,d108028f-a4df-4a76-bb62-0f265b7a8ea8,2026-08-31T18:16:41.931Z,separate_executor,quote_run_dispatch_probe,10,587.75,success,,200,success
p3-ex-official-vu10,6bcc3766-1d47-4387-a3b9-24016a37487e,2026-08-31T18:16:42.089Z,separate_executor,quote_run_dispatch_probe,10,482.46,success,,200,success
p3-ex-official-vu10,79fd5b8e-3c2d-4118-ae1d-19dcde611f63,2026-08-31T18:16:42.266Z,separate_executor,quote_run_dispatch_probe,10,788.16,success,,200,success
p3-ex-official-vu10,119363a0-b426-402a-9372-54a1a7976179,2026-08-31T18:16:42.271Z,separate_executor,quote_run_dispatch_probe,10,569.59,success,,200,success
p3-ex-official-vu10,f7796128-2dff-44e4-9f81-f3351d4b3c02,2026-08-31T18:16:42.349Z,separate_executor,quote_run_dispatch_probe,10,615.75,success,,200,success
p3-ex-official-vu10,8a03b7bb-1114-4ec4-bcb0-3c3a8cb1d8c4,2026-08-31T18:16:42.350Z,separate_executor,quote_run_dispatch_probe,10,615.74,success,,200,success
p3-ex-official-vu10,8b13ce45-1924-46da-8c48-852eccb4a1cd,2026-08-31T18:16:42.350Z,separate_executor,quote_run_dispatch_probe,10,418.72,success,,200,success
p3-ex-official-vu10,91a6b937-62a7-40a2-a3b7-f76bb77fc990,2026-08-31T18:16:42.433Z,separate_executor,quote_run_dispatch_probe,10,625.58,success,,200,success
p3-ex-official-vu10,e42dbef0-0a54-4cb7-ab0e-0f3671180f1f,2026-08-31T18:16:42.546Z,separate_executor,quote_run_dispatch_probe,10,708.62,success,,200,success
p3-ex-official-vu10,b439a667-f7a9-4966-b1e8-b47a68637fcb,2026-08-31T18:16:42.560Z,separate_executor,quote_run_dispatch_probe,10,630.17,success,,200,success
p3-ex-official-vu10,20ce047d-f072-45d8-a83f-8853ca28eedf,2026-08-31T18:16:42.599Z,separate_executor,quote_run_dispatch_probe,10,510.03,success,,200,success
p3-ex-official-vu10,e9ce6433-d64d-4bfb-a94f-08ad5789d71f,2026-08-31T18:16:42.748Z,separate_executor,quote_run_dispatch_probe,10,1061.74,success,,200,success
p3-ex-official-vu10,3d67c74d-4664-42db-bc25-a06ef6d741bc,2026-08-31T18:16:42.785Z,separate_executor,quote_run_dispatch_probe,10,435.8,success,,200,success
p3-ex-official-vu10,3404c561-ffb7-4509-bf32-ccea6f21120d,2026-08-31T18:16:42.942Z,separate_executor,quote_run_dispatch_probe,10,593.25,success,,200,success
p3-ex-official-vu10,27160799-fdda-482e-bf46-c7b868e9dc36,2026-08-31T18:16:42.949Z,separate_executor,quote_run_dispatch_probe,10,599.05,success,,200,success
p3-ex-official-vu10,316f8795-e53c-4dc6-afce-e81114bf1d8f,2026-08-31T18:16:43.010Z,separate_executor,quote_run_dispatch_probe,10,738.16,success,,200,success
p3-ex-official-vu10,2192f260-ae49-4f83-80d6-21653713eb7d,2026-08-31T18:16:43.127Z,separate_executor,quote_run_dispatch_probe,10,694.34,success,,200,success
p3-ex-official-vu10,11bf56bb-612d-45e4-8fce-ac51b055446c,2026-08-31T18:16:43.134Z,separate_executor,quote_run_dispatch_probe,10,868.25,success,,200,success
p3-ex-official-vu10,5b794234-60d0-4602-b02e-2b1af3e1d4d1,2026-08-31T18:16:43.135Z,separate_executor,quote_run_dispatch_probe,10,536.02,success,,200,success
p3-ex-official-vu10,4b87ee6a-cba3-48f4-914c-8f88def14015,2026-08-31T18:16:43.185Z,separate_executor,quote_run_dispatch_probe,10,624.78,success,,200,success
p3-ex-official-vu10,4cd64d2c-a8a0-40ec-814b-b757292d48da,2026-08-31T18:16:43.188Z,separate_executor,quote_run_dispatch_probe,10,641.86,success,,200,success
p3-ex-official-vu10,031c798d-99d2-459b-906f-5c8c4f1c1eb8,2026-08-31T18:16:43.254Z,separate_executor,quote_run_dispatch_probe,10,468.17,success,,200,success
p3-ex-official-vu10,b1faf051-c091-4a48-a488-22bf5f8359b7,2026-08-31T18:16:43.615Z,separate_executor,quote_run_dispatch_probe,10,605.28,success,,200,success
p3-ex-official-vu10,b5d47939-0d6e-4db8-af0a-078dea13264b,2026-08-31T18:16:43.620Z,separate_executor,quote_run_dispatch_probe,10,670.4,success,,200,success
p3-ex-official-vu10,b9c22586-71f9-4e7f-87b6-8257dfc12796,2026-08-31T18:16:43.650Z,separate_executor,quote_run_dispatch_probe,10,522.72,success,,200,success
p3-ex-official-vu10,0796096d-f3e5-4dc0-9e33-5fb209abb6c0,2026-08-31T18:16:43.680Z,separate_executor,quote_run_dispatch_probe,10,426.82,success,,200,success
p3-ex-official-vu10,39c125bf-1d35-431b-b18d-a937f6d8f4f3,2026-08-31T18:16:43.712Z,separate_executor,quote_run_dispatch_probe,10,770.03,success,,200,success
p3-ex-official-vu10,c2f558ce-5357-43b8-a4ba-799542406db2,2026-08-31T18:16:43.766Z,separate_executor,quote_run_dispatch_probe,10,1018.05,success,,200,success
p3-ex-official-vu10,ccef51a8-3074-4715-99b1-f16dbe5cefbb,2026-08-31T18:16:43.781Z,separate_executor,quote_run_dispatch_probe,10,645.42,success,,200,success
p3-ex-official-vu10,019eeaee-322e-4f3b-8532-e34931128d22,2026-08-31T18:16:43.788Z,separate_executor,quote_run_dispatch_probe,10,603.59,success,,200,success
p3-ex-official-vu10,cba52ec1-7a8b-4006-ab0f-a538eda90ecb,2026-08-31T18:16:43.851Z,separate_executor,quote_run_dispatch_probe,10,662.69,success,,200,success
p3-ex-official-vu10,e2fab2a7-6615-44e0-b437-bfb942281ddd,2026-08-31T18:16:43.853Z,separate_executor,quote_run_dispatch_probe,10,718.65,success,,200,success
p3-ex-official-vu10,f96e71c5-0bd1-49dd-86f9-c58dff4694ab,2026-08-31T18:16:44.085Z,separate_executor,quote_run_dispatch_probe,10,404.98,success,,200,success
p3-ex-official-vu10,bbd87e7a-4f50-4963-8eb8-adefda0fc519,2026-08-31T18:16:44.120Z,separate_executor,quote_run_dispatch_probe,10,469.92,success,,200,success
p3-ex-official-vu10,4d904d53-d4f3-4222-87e8-409075de151b,2026-08-31T18:16:44.143Z,separate_executor,quote_run_dispatch_probe,10,527.85,success,,200,success
p3-ex-official-vu10,9a2b9249-76e2-4e37-9161-cf17ba9f615c,2026-08-31T18:16:44.207Z,separate_executor,quote_run_dispatch_probe,10,587.38,success,,200,success
p3-ex-official-vu10,2544ad4c-d686-4cb7-974c-8070fb4933ee,2026-08-31T18:16:44.361Z,separate_executor,quote_run_dispatch_probe,10,579.97,success,,200,success
p3-ex-official-vu10,ce1bb445-18d9-4578-98e1-e502e691d99e,2026-08-31T18:16:44.394Z,separate_executor,quote_run_dispatch_probe,10,681.78,success,,200,success
p3-ex-official-vu10,1d8170ce-23d0-437f-8292-550576de7d56,2026-08-31T18:16:44.400Z,separate_executor,quote_run_dispatch_probe,10,611.6,success,,200,success
p3-ex-official-vu10,4137bb83-396c-4b47-8a15-d5f3d7205f0d,2026-08-31T18:16:44.470Z,separate_executor,quote_run_dispatch_probe,10,384.16,success,,200,success
p3-ex-official-vu10,65c25541-718f-4643-bb10-78c2fa2cbb17,2026-08-31T18:16:44.484Z,separate_executor,quote_run_dispatch_probe,10,632.74,success,,200,success
p3-ex-official-vu10,53049391-ad89-491b-bbf4-cda7eb327dee,2026-08-31T18:16:44.638Z,separate_executor,quote_run_dispatch_probe,10,785.68,success,,200,success
p3-ex-official-vu10,8bfa149a-096d-4008-9398-a1f1d46a6120,2026-08-31T18:16:44.656Z,separate_executor,quote_run_dispatch_probe,10,536.47,success,,200,success
p3-ex-official-vu10,602d48a2-f9bd-4a1f-9d0d-dca8a712c998,2026-08-31T18:16:44.671Z,separate_executor,quote_run_dispatch_probe,10,528.51,success,,200,success
p3-ex-official-vu10,89bc3dae-0524-4d73-a253-e4a38dbfc0cd,2026-08-31T18:16:44.839Z,separate_executor,quote_run_dispatch_probe,10,631.52,success,,200,success
p3-ex-official-vu10,7b0a7a78-f059-4260-bf83-aba886e3190f,2026-08-31T18:16:44.881Z,separate_executor,quote_run_dispatch_probe,10,410.94,success,,200,success
p3-ex-official-vu10,7022b147-ca0a-44ce-8e00-bf0cc56a7c12,2026-08-31T18:16:44.951Z,separate_executor,quote_run_dispatch_probe,10,590.51,success,,200,success
p3-ex-official-vu10,06370f2d-35fc-4b7c-b5e3-f66b18ede159,2026-08-31T18:16:44.952Z,separate_executor,quote_run_dispatch_probe,10,558.51,success,,200,success
p3-ex-official-vu10,763f0b74-bca3-442d-9e76-702537462784,2026-08-31T18:16:45.001Z,separate_executor,quote_run_dispatch_probe,10,600.93,success,,200,success
p3-ex-official-vu10,52cd3fe2-488e-432c-8059-83efb2aff2a5,2026-08-31T18:16:45.072Z,separate_executor,quote_run_dispatch_probe,10,1306.57,success,,200,success
p3-ex-official-vu10,ce30d35a-e22d-4d8e-bd9e-1d666f585dda,2026-08-31T18:16:45.109Z,separate_executor,quote_run_dispatch_probe,10,625.8,success,,200,success
p3-ex-official-vu10,01885207-b3e8-4e96-a2fd-7cc4484f2277,2026-08-31T18:16:45.136Z,separate_executor,quote_run_dispatch_probe,10,479.31,success,,200,success
p3-ex-official-vu10,582cd727-0267-4a19-aed5-27a989accae9,2026-08-31T18:16:45.253Z,separate_executor,quote_run_dispatch_probe,10,581.99,success,,200,success
p3-ex-official-vu10,348801d7-b4fd-4a0c-902d-1e7e67301e3f,2026-08-31T18:16:45.294Z,separate_executor,quote_run_dispatch_probe,10,413.66,success,,200,success
p3-ex-official-vu10,9bdfa5bc-6380-49bc-82fe-d04d39ea996f,2026-08-31T18:16:45.373Z,separate_executor,quote_run_dispatch_probe,10,734.55,success,,200,success
p3-ex-official-vu10,2881396a-9aa6-4a90-b3e7-2c7160dfd4d7,2026-08-31T18:16:45.493Z,separate_executor,quote_run_dispatch_probe,10,654.47,success,,200,success
p3-ex-official-vu10,7bd90e21-035c-449b-8ad1-152cf69a3989,2026-08-31T18:16:45.545Z,separate_executor,quote_run_dispatch_probe,10,592.46,success,,200,success
p3-ex-official-vu10,fa3ed949-2402-412c-a85c-e66b0ee30406,2026-08-31T18:16:45.558Z,separate_executor,quote_run_dispatch_probe,10,606.91,success,,200,success
p3-ex-official-vu10,de0045fa-d97f-4e27-bcdd-0904b527efcc,2026-08-31T18:16:45.585Z,separate_executor,quote_run_dispatch_probe,10,583.71,success,,200,success
p3-ex-official-vu10,d8c11c09-5158-4d3e-833f-489e907244cb,2026-08-31T18:16:45.634Z,separate_executor,quote_run_dispatch_probe,10,498.14,success,,200,success
p3-ex-official-vu10,f7968d7f-a0a4-40e8-a3eb-2f18e717a160,2026-08-31T18:16:45.770Z,separate_executor,quote_run_dispatch_probe,10,475.35,success,,200,success
p3-ex-official-vu10,872ec7c1-60b2-4cfb-bb23-72b8db6fdc85,2026-08-31T18:16:45.784Z,separate_executor,quote_run_dispatch_probe,10,674.49,success,,200,success
p3-ex-official-vu10,9da0cbec-59e8-4452-a7e2-950dfe374923,2026-08-31T18:16:45.860Z,separate_executor,quote_run_dispatch_probe,10,606.29,success,,200,success
p3-ex-official-vu10,379c2968-60e2-43c5-a8f6-3c21e5d40187,2026-08-31T18:16:46.082Z,separate_executor,quote_run_dispatch_probe,10,588.62,success,,200,success
p3-ex-official-vu10,0a8f2566-7345-46e4-8a86-f0b1370fd704,2026-08-31T18:16:46.100Z,separate_executor,quote_run_dispatch_probe,10,1028.06,success,,200,success
p3-ex-official-vu10,c5cb6098-c09e-4707-9b72-c77a920ef4da,2026-08-31T18:16:46.133Z,separate_executor,quote_run_dispatch_probe,10,498.73,success,,200,success
p3-ex-official-vu10,7e2a68c4-b613-4f76-b3ec-5af60af5fd91,2026-08-31T18:16:46.134Z,separate_executor,quote_run_dispatch_probe,10,576.05,success,,200,success
p3-ex-official-vu10,9bf1313a-7231-4fe3-bfb9-fe83b6778454,2026-08-31T18:16:46.171Z,separate_executor,quote_run_dispatch_probe,10,626.46,success,,200,success
p3-ex-official-vu10,d767e07c-2a90-4a95-8db1-0f071b6033f8,2026-08-31T18:16:46.177Z,separate_executor,quote_run_dispatch_probe,10,804.59,success,,200,success
p3-ex-official-vu10,9de90bdc-bbfc-429f-adf7-acb512d784d1,2026-08-31T18:16:46.180Z,separate_executor,quote_run_dispatch_probe,10,410.12,success,,200,success
p3-ex-official-vu10,d646a9ed-f05d-4354-aaf8-d3b1b8cd7de2,2026-08-31T18:16:46.209Z,separate_executor,quote_run_dispatch_probe,10,624.2,success,,200,success
p3-ex-official-vu10,8fc7f7e0-4340-4503-9428-ea453ce6b2c0,2026-08-31T18:16:46.433Z,separate_executor,quote_run_dispatch_probe,10,649.47,success,,200,success
p3-ex-official-vu10,b9cf59b9-3d09-44d7-a879-1cc1d37e9b95,2026-08-31T18:16:46.507Z,separate_executor,quote_run_dispatch_probe,10,646.9,success,,200,success
p3-ex-official-vu10,82822874-fa1b-4b0a-9f43-9ae87b046e25,2026-08-31T18:16:46.648Z,separate_executor,quote_run_dispatch_probe,10,470.07,success,,200,success
p3-ex-official-vu10,121692a5-4e7c-4b26-8018-c9b1c90b228a,2026-08-31T18:16:46.699Z,separate_executor,quote_run_dispatch_probe,10,566.55,success,,200,success
p3-ex-official-vu10,da0d69a5-6a2e-4226-aece-0f3a40fa640c,2026-08-31T18:16:46.740Z,separate_executor,quote_run_dispatch_probe,10,658,success,,200,success
p3-ex-official-vu10,fab84c8b-effb-4551-8452-b6f6000b52c9,2026-08-31T18:16:46.799Z,separate_executor,quote_run_dispatch_probe,10,627.83,success,,200,success
p3-ex-official-vu10,9ae0736a-2499-45f6-96eb-fc301c07c35b,2026-08-31T18:16:46.801Z,separate_executor,quote_run_dispatch_probe,10,666.97,success,,200,success
p3-ex-official-vu10,ebe662e3-6abe-4af0-985a-5ebd0e64e8c4,2026-08-31T18:16:46.818Z,separate_executor,quote_run_dispatch_probe,10,609.4,success,,200,success
p3-ex-official-vu10,1ea22cfb-57bb-4ee8-92e3-dc086b5dd5ee,2026-08-31T18:16:46.945Z,separate_executor,quote_run_dispatch_probe,10,764.93,success,,200,success
p3-ex-official-vu10,a615b35b-1d8c-4a90-acd5-2ef2236af916,2026-08-31T18:16:47.025Z,separate_executor,quote_run_dispatch_probe,10,924.63,success,,200,success
p3-ex-official-vu10,44bc8a40-f0d7-4758-9474-889ec4c14ffc,2026-08-31T18:16:47.026Z,separate_executor,quote_run_dispatch_probe,10,519.54,success,,200,success
p3-ex-official-vu10,42f46720-985b-40ab-99a1-08eaa7934f49,2026-08-31T18:16:47.063Z,separate_executor,quote_run_dispatch_probe,10,629.41,success,,200,success
p3-ex-official-vu10,40249fa7-4888-4faf-affd-4178e130502d,2026-08-31T18:16:47.081Z,separate_executor,quote_run_dispatch_probe,10,433.34,success,,200,success
p3-ex-official-vu10,3239f82b-7bba-4a62-8394-3469aa1eeb6f,2026-08-31T18:16:47.223Z,separate_executor,quote_run_dispatch_probe,10,523.55,success,,200,success
p3-ex-official-vu10,8c823760-a3df-4d8d-9d44-40218b242ad8,2026-08-31T18:16:47.369Z,separate_executor,quote_run_dispatch_probe,10,629.28,success,,200,success
p3-ex-official-vu10,d76d4892-2ef8-4220-8cdb-01b08ca01fa5,2026-08-31T18:16:47.497Z,separate_executor,quote_run_dispatch_probe,10,695.68,success,,200,success
p3-ex-official-vu10,afe5c922-79ce-4f9b-b446-aec1a02144c2,2026-08-31T18:16:47.507Z,separate_executor,quote_run_dispatch_probe,10,688.17,success,,200,success
p3-ex-official-vu10,226ad8e9-1bd7-4387-8781-e763eaa4bbe4,2026-08-31T18:16:47.523Z,separate_executor,quote_run_dispatch_probe,10,723.92,success,,200,success
p3-ex-official-vu10,8ad97899-88d2-4220-b02f-3cdec5e52edd,2026-08-31T18:16:47.612Z,separate_executor,quote_run_dispatch_probe,10,531.59,success,,200,success
p3-ex-official-vu10,ec3fc0e2-364f-4a49-b8ba-1ae023d5b100,2026-08-31T18:16:47.677Z,separate_executor,quote_run_dispatch_probe,10,650.75,success,,200,success
p3-ex-official-vu10,e0eac89a-ac2a-470f-93e0-a457299f674d,2026-08-31T18:16:47.726Z,separate_executor,quote_run_dispatch_probe,10,662.74,success,,200,success
p3-ex-official-vu10,1082600b-189c-4010-a671-d5e3d6e19635,2026-08-31T18:16:47.757Z,separate_executor,quote_run_dispatch_probe,10,811.93,success,,200,success
p3-ex-official-vu10,db9e9bc7-31e3-4c9a-9cde-65fdcca5ee9a,2026-08-31T18:16:47.926Z,separate_executor,quote_run_dispatch_probe,10,703.63,success,,200,success
p3-ex-official-vu10,57ee8bfd-933d-41e6-ac8d-04a49fc86f66,2026-08-31T18:16:48.018Z,separate_executor,quote_run_dispatch_probe,10,648.86,success,,200,success
p3-ex-official-vu10,9aed6fab-9db7-41dc-b243-489a082f81bc,2026-08-31T18:16:48.024Z,separate_executor,quote_run_dispatch_probe,10,999.07,success,,200,success
p3-ex-official-vu10,f63cb69d-1513-4989-beb2-ae1b59f4d05a,2026-08-31T18:16:48.051Z,separate_executor,quote_run_dispatch_probe,10,438.38,success,,200,success
p3-ex-official-vu10,f06f3374-ac61-434a-ac84-f779658dc219,2026-08-31T18:16:48.130Z,separate_executor,quote_run_dispatch_probe,10,633.29,success,,200,success
p3-ex-official-vu10,5857c666-4c46-4f98-9d25-2c312575c3af,2026-08-31T18:16:48.131Z,separate_executor,quote_run_dispatch_probe,10,608.35,success,,200,success
p3-ex-official-vu10,4614f456-f9d0-49e6-a4f2-f207f5f4805d,2026-08-31T18:16:48.152Z,separate_executor,quote_run_dispatch_probe,10,645.25,success,,200,success
p3-ex-official-vu10,013840a4-6c64-49b8-aeb3-5534eba500b1,2026-08-31T18:16:48.261Z,separate_executor,quote_run_dispatch_probe,10,583.93,success,,200,success
p3-ex-official-vu10,9d5ccda1-7518-4d60-9fd9-3e6799a754d9,2026-08-31T18:16:48.452Z,separate_executor,quote_run_dispatch_probe,10,726.09,success,,200,success
p3-ex-official-vu10,46a0303e-3f14-42d6-b1c6-8edfd5997b5f,2026-08-31T18:16:48.456Z,separate_executor,quote_run_dispatch_probe,10,529.05,success,,200,success
p3-ex-official-vu10,72050044-4348-4010-b649-d5fdd43bab63,2026-08-31T18:16:48.508Z,separate_executor,quote_run_dispatch_probe,10,456.96,success,,200,success
p3-ex-official-vu10,1cf44b2f-530f-4ec7-8099-0e509af0d63d,2026-08-31T18:16:48.634Z,separate_executor,quote_run_dispatch_probe,10,877.48,success,,200,success
p3-ex-official-vu10,00b4a2b7-1048-439f-9ef8-5b9531217fea,2026-08-31T18:16:48.867Z,separate_executor,quote_run_dispatch_probe,10,848.63,success,,200,success
p3-ex-official-vu10,0f91d41a-7307-4179-8e30-c5a0c2491bb3,2026-08-31T18:16:48.886Z,separate_executor,quote_run_dispatch_probe,10,755.4,success,,200,success
p3-ex-official-vu10,3563dcff-8091-40ad-ac06-ce38a67e03f6,2026-08-31T18:16:48.922Z,separate_executor,quote_run_dispatch_probe,10,769.64,success,,200,success
p3-ex-official-vu10,f3379b11-6a5d-4ecd-9a0a-db875366bab6,2026-08-31T18:16:48.922Z,separate_executor,quote_run_dispatch_probe,10,791.02,success,,200,success
p3-ex-official-vu10,e0e9a35d-7dca-4001-8d2d-1655e4a48dd1,2026-08-31T18:16:48.938Z,separate_executor,quote_run_dispatch_probe,10,677.16,success,,200,success
p3-ex-official-vu10,3d93c8b8-45b6-449a-a97d-181e48c28dda,2026-08-31T18:16:49.020Z,separate_executor,quote_run_dispatch_probe,10,564.53,success,,200,success
p3-ex-official-vu10,2952907c-81bb-4872-9204-90b50b3ee239,2026-08-31T18:16:49.021Z,separate_executor,quote_run_dispatch_probe,10,513.04,success,,200,success
p3-ex-official-vu10,fdb31399-d009-4cb9-8b0d-c9abee1d214b,2026-08-31T18:16:49.023Z,separate_executor,quote_run_dispatch_probe,10,999.27,success,,200,success
p3-ex-official-vu10,3f3352dc-034b-4fcc-92bb-c2dffb28f4eb,2026-08-31T18:16:49.159Z,separate_executor,quote_run_dispatch_probe,10,707.72,success,,200,success
p3-ex-official-vu10,86c80077-2f6c-418d-b141-00b456985dca,2026-08-31T18:16:49.343Z,separate_executor,quote_run_dispatch_probe,10,708.32,success,,200,success
p3-ex-official-vu10,ef6c6e59-ed16-4711-8bce-bb360a18d9ee,2026-08-31T18:16:49.474Z,separate_executor,quote_run_dispatch_probe,10,588.23,success,,200,success
p3-ex-official-vu10,b20dd32f-d234-4f73-8016-223709e5f9a0,2026-08-31T18:16:49.476Z,separate_executor,quote_run_dispatch_probe,10,452.34,success,,200,success
p3-ex-official-vu10,dfcfbda1-8820-4b07-a2b8-6bea0433892a,2026-08-31T18:16:49.504Z,separate_executor,quote_run_dispatch_probe,10,484.31,success,,200,success
p3-ex-official-vu10,c6b3e81d-4a11-4541-bb5c-54538983f1ca,2026-08-31T18:16:49.508Z,separate_executor,quote_run_dispatch_probe,10,640.83,success,,200,success
p3-ex-official-vu10,95535c40-e075-4758-9a41-7a07ef6d495c,2026-08-31T18:16:49.525Z,separate_executor,quote_run_dispatch_probe,10,603.13,success,,200,success
p3-ex-official-vu10,a2795e81-2c71-41f1-8eac-4e59dbaaf279,2026-08-31T18:16:49.578Z,separate_executor,quote_run_dispatch_probe,10,655.17,success,,200,success
p3-ex-official-vu10,88cc4636-56ff-49b4-b647-6a9437ffe8d3,2026-08-31T18:16:49.584Z,separate_executor,quote_run_dispatch_probe,10,645.97,success,,200,success
p3-ex-official-vu10,3760557c-daf2-4a70-adb8-c7edd0300720,2026-08-31T18:16:49.813Z,separate_executor,quote_run_dispatch_probe,10,654.02,success,,200,success
p3-ex-official-vu10,a1942759-2c0a-4ec3-aa2e-1133ace373da,2026-08-31T18:16:49.891Z,separate_executor,quote_run_dispatch_probe,10,869.76,success,,200,success
p3-ex-official-vu10,9aeeaa01-eb90-48eb-91a2-d4b2834a5edd,2026-08-31T18:16:49.912Z,separate_executor,quote_run_dispatch_probe,10,436.15,success,,200,success
p3-ex-official-vu10,a3f5aa1c-85d5-46b6-9262-8f5005e2de87,2026-08-31T18:16:50.004Z,separate_executor,quote_run_dispatch_probe,10,499.46,success,,200,success
p3-ex-official-vu10,5f9986f3-7ef3-4f78-b0e3-eda49c85f70e,2026-08-31T18:16:50.081Z,separate_executor,quote_run_dispatch_probe,10,573.71,success,,200,success
p3-ex-official-vu10,55c9b9c1-e527-4b1a-9f9f-e49b71cb458e,2026-08-31T18:16:50.098Z,separate_executor,quote_run_dispatch_probe,10,624.04,success,,200,success
p3-ex-official-vu10,68014d54-5b11-4a79-bddb-b21aef75edb8,2026-08-31T18:16:50.118Z,separate_executor,quote_run_dispatch_probe,10,775.09,success,,200,success
p3-ex-official-vu10,f70dd2b4-ea9f-44b6-9966-4890b8123542,2026-08-31T18:16:50.155Z,separate_executor,quote_run_dispatch_probe,10,571.02,success,,200,success
p3-ex-official-vu10,aaf15194-02d6-4905-8791-90f930b37c96,2026-08-31T18:16:50.157Z,separate_executor,quote_run_dispatch_probe,10,632.71,success,,200,success
p3-ex-official-vu10,36f1b398-ccfa-47a5-bf43-044770120fd7,2026-08-31T18:16:50.246Z,separate_executor,quote_run_dispatch_probe,10,668.31,success,,200,success
p3-ex-official-vu10,f5f91aa8-f1fb-42e1-b0ff-1038403a8c26,2026-08-31T18:16:50.356Z,separate_executor,quote_run_dispatch_probe,10,444.04,success,,200,success
p3-ex-official-vu10,4b4411bd-f1a6-4643-b539-501090645b1d,2026-08-31T18:16:50.489Z,separate_executor,quote_run_dispatch_probe,10,675.35,success,,200,success
p3-ex-official-vu10,2269b422-36e6-41d5-aa5e-1b48c33207dd,2026-08-31T18:16:50.524Z,separate_executor,quote_run_dispatch_probe,10,520.37,success,,200,success
p3-ex-official-vu10,7f79dd70-4708-48f2-a712-c22cd630cefc,2026-08-31T18:16:50.639Z,separate_executor,quote_run_dispatch_probe,10,540.44,success,,200,success
p3-ex-official-vu10,da777bb1-9d9a-4e83-aa6d-6448d255a85a,2026-08-31T18:16:50.695Z,separate_executor,quote_run_dispatch_probe,10,540.4,success,,200,success
p3-ex-official-vu10,c9790ae2-f69b-4f4d-b41c-9a930a6aa773,2026-08-31T18:16:50.702Z,separate_executor,quote_run_dispatch_probe,10,810.99,success,,200,success
p3-ex-official-vu10,8568dcfa-ecd3-408c-831a-9606868817d0,2026-08-31T18:16:50.768Z,separate_executor,quote_run_dispatch_probe,10,411.6,success,,200,success
p3-ex-official-vu10,90508f4b-5221-41fe-be79-17a750b9fa5b,2026-08-31T18:16:50.794Z,separate_executor,quote_run_dispatch_probe,10,636.59,success,,200,success
p3-ex-official-vu10,df41508a-556b-4a11-a3cd-d43de49e4d81,2026-08-31T18:16:50.843Z,separate_executor,quote_run_dispatch_probe,10,725.5,success,,200,success
p3-ex-official-vu10,1c9f1f98-9f10-4d82-a759-1ed046fcccd6,2026-08-31T18:16:50.864Z,separate_executor,quote_run_dispatch_probe,10,783.18,success,,200,success
p3-ex-official-vu10,73f4d611-f8f9-4b81-baec-38c8d335bd16,2026-08-31T18:16:50.891Z,separate_executor,quote_run_dispatch_probe,10,645.42,success,,200,success
p3-ex-official-vu10,665f90c6-36c9-4838-9b38-3359ad6b984c,2026-08-31T18:16:51.027Z,separate_executor,quote_run_dispatch_probe,10,502.79,success,,200,success
p3-ex-official-vu10,79444ca2-59b9-46f4-8a5c-ab9491da8869,2026-08-31T18:16:51.102Z,separate_executor,quote_run_dispatch_probe,10,613.16,success,,200,success
p3-ex-official-vu10,59c07cc6-6c4a-4c2f-bbd9-c8e667de5bd8,2026-08-31T18:16:51.180Z,separate_executor,quote_run_dispatch_probe,10,412.65,success,,200,success
p3-ex-official-vu10,4aa36d2b-fc2c-4d77-98a2-7fdd0900a39f,2026-08-31T18:16:51.193Z,separate_executor,quote_run_dispatch_probe,10,554.33,success,,200,success
p3-ex-official-vu10,70c8022d-bb0d-44b7-aef5-7afc78981632,2026-08-31T18:16:51.243Z,separate_executor,quote_run_dispatch_probe,10,547.94,success,,200,success
p3-ex-official-vu10,ccadd27a-8075-4c3b-b91b-ca45c396634f,2026-08-31T18:16:51.385Z,separate_executor,quote_run_dispatch_probe,10,591.04,success,,200,success
p3-ex-official-vu10,0d0b25a3-3559-441a-b411-a7961f6b12e8,2026-08-31T18:16:51.502Z,separate_executor,quote_run_dispatch_probe,10,800.44,success,,200,success
p3-ex-official-vu10,4e845df8-45a3-4984-925d-83009eaf5642,2026-08-31T18:16:51.503Z,separate_executor,quote_run_dispatch_probe,10,611.65,success,,200,success
p3-ex-official-vu10,4272a43f-7c46-471e-9d35-91c2089ecd17,2026-08-31T18:16:51.554Z,separate_executor,quote_run_dispatch_probe,10,526.97,success,,200,success
p3-ex-official-vu10,6f6a403a-c595-4167-85d9-d7adeb0587db,2026-08-31T18:16:51.605Z,separate_executor,quote_run_dispatch_probe,10,424.23,success,,200,success
p3-ex-official-vu10,2dbc97a3-a055-4441-8a3d-86cb4142dd82,2026-08-31T18:16:51.633Z,separate_executor,quote_run_dispatch_probe,10,789.9,success,,200,success
p3-ex-official-vu10,4d7deeb2-4e7d-4d39-bceb-d97692da5ee7,2026-08-31T18:16:51.739Z,separate_executor,quote_run_dispatch_probe,10,546.34,success,,200,success
p3-ex-official-vu10,604fb461-5d94-4ff4-8be5-eb70d9cbdabb,2026-08-31T18:16:51.805Z,separate_executor,quote_run_dispatch_probe,10,702.44,success,,200,success
p3-ex-official-vu10,06e7db2d-3f6b-4d22-a468-3c81ad5cac16,2026-08-31T18:16:51.859Z,separate_executor,quote_run_dispatch_probe,10,615.85,success,,200,success
p3-ex-official-vu10,bedc763d-2e82-4a37-9059-666e4fa400c6,2026-08-31T18:16:51.991Z,separate_executor,quote_run_dispatch_probe,10,606.22,success,,200,success
p3-ex-official-vu10,d12d189e-b9ab-4775-b940-fb21ce3410f4,2026-08-31T18:16:51.996Z,separate_executor,quote_run_dispatch_probe,10,391.61,success,,200,success
p3-ex-official-vu10,72e58b5c-f144-4dfd-958d-da92af667b9f,2026-08-31T18:16:52.020Z,separate_executor,quote_run_dispatch_probe,10,1155.9,success,,200,success
p3-ex-official-vu10,a8ac5f6a-fbd4-457d-90b3-8ad1fa3b567f,2026-08-31T18:16:52.049Z,separate_executor,quote_run_dispatch_probe,10,494.65,success,,200,success
p3-ex-official-vu10,a9ac250f-ef11-4956-ac91-64b284954efe,2026-08-31T18:16:52.175Z,separate_executor,quote_run_dispatch_probe,10,671.64,success,,200,success
p3-ex-official-vu10,0ea86f08-73b0-4a2a-a1df-3bd4a923b121,2026-08-31T18:16:52.306Z,separate_executor,quote_run_dispatch_probe,10,803.72,success,,200,success
p3-ex-official-vu10,f6900445-4896-4cf9-b843-17ee42257df9,2026-08-31T18:16:52.322Z,separate_executor,quote_run_dispatch_probe,10,582.18,success,,200,success
p3-ex-official-vu10,17e70410-86f8-42f9-82cc-c66565e3081d,2026-08-31T18:16:52.383Z,separate_executor,quote_run_dispatch_probe,10,386.87,success,,200,success
p3-ex-official-vu10,310b2c74-a635-420f-96de-cdf49b77b910,2026-08-31T18:16:52.401Z,separate_executor,quote_run_dispatch_probe,10,767.83,success,,200,success
p3-ex-official-vu10,bc05e619-5a6d-4c1d-8c4e-185968f8233b,2026-08-31T18:16:52.470Z,separate_executor,quote_run_dispatch_probe,10,610.96,success,,200,success
p3-ex-official-vu10,fb92d694-89d4-4103-882d-5f61401721b1,2026-08-31T18:16:52.533Z,separate_executor,quote_run_dispatch_probe,10,484.32,success,,200,success
p3-ex-official-vu10,6dc8f70c-5d6d-474b-a5ac-b15c5aec3d1f,2026-08-31T18:16:52.552Z,separate_executor,quote_run_dispatch_probe,10,747,success,,200,success
p3-ex-official-vu10,97042fa6-ed5b-46fe-b28f-2be9f12ac6c9,2026-08-31T18:16:52.587Z,separate_executor,quote_run_dispatch_probe,10,595.58,success,,200,success
p3-ex-official-vu10,7b8c6ccb-34dc-4231-bf7c-debc09d2c828,2026-08-31T18:16:52.765Z,separate_executor,quote_run_dispatch_probe,10,381.96,success,,200,success
p3-ex-official-vu10,9c7f3379-0f79-4abd-8978-28b64b9ecfe8,2026-08-31T18:16:52.797Z,separate_executor,quote_run_dispatch_probe,10,622.67,success,,200,success
p3-ex-official-vu10,e9037e31-677f-4cc8-87d3-786b9155700d,2026-08-31T18:16:52.861Z,separate_executor,quote_run_dispatch_probe,10,538.92,success,,200,success
p3-ex-official-vu10,fa14f63c-59ca-481d-a75b-b4c33ab8c2a9,2026-08-31T18:16:52.926Z,separate_executor,quote_run_dispatch_probe,10,905.77,success,,200,success
p3-ex-official-vu10,0c14b3cf-0bb0-456d-baeb-fd615c48dbd7,2026-08-31T18:16:52.977Z,separate_executor,quote_run_dispatch_probe,10,506.56,success,,200,success
p3-ex-official-vu10,51826d62-55da-46a0-a4cf-ab3ab4d8222d,2026-08-31T18:16:53.016Z,separate_executor,quote_run_dispatch_probe,10,482.65,success,,200,success
p3-ex-official-vu10,330ac4bf-1b64-4682-b213-4279e4480965,2026-08-31T18:16:53.087Z,separate_executor,quote_run_dispatch_probe,10,780.68,success,,200,success
p3-ex-official-vu10,63ecbcdd-ed34-41c6-b82a-dfd51132af3c,2026-08-31T18:16:53.157Z,separate_executor,quote_run_dispatch_probe,10,755.94,success,,200,success
p3-ex-official-vu10,0f3be0c0-06e6-43a3-8d8f-b05c6ed90ac8,2026-08-31T18:16:53.187Z,separate_executor,quote_run_dispatch_probe,10,600.01,success,,200,success
p3-ex-official-vu10,7f97a240-5283-45db-8fb8-75d2c8905c51,2026-08-31T18:16:53.187Z,separate_executor,quote_run_dispatch_probe,10,422.27,success,,200,success
p3-ex-official-vu10,0e816e79-b291-40b8-9dd1-a984beee42ba,2026-08-31T18:16:53.419Z,separate_executor,quote_run_dispatch_probe,10,867.56,success,,200,success
p3-ex-official-vu10,5832926d-3038-4157-934f-c98307cf6dc9,2026-08-31T18:16:53.422Z,separate_executor,quote_run_dispatch_probe,10,624.72,success,,200,success
p3-ex-official-vu10,b0c110f4-048d-4076-8fa4-1453efd59a81,2026-08-31T18:16:53.433Z,separate_executor,quote_run_dispatch_probe,10,571.88,success,,200,success
p3-ex-official-vu10,4e0aaf93-3f0d-4b43-8892-98b7aa25a40b,2026-08-31T18:16:53.498Z,separate_executor,quote_run_dispatch_probe,10,521.58,success,,200,success
p3-ex-official-vu10,54d2ce4a-1799-46ec-b17e-5dc101760aae,2026-08-31T18:16:53.507Z,separate_executor,quote_run_dispatch_probe,10,490.75,success,,200,success
p3-ex-official-vu10,05829ed9-fa86-4066-9428-88fb6e3b5524,2026-08-31T18:16:53.588Z,separate_executor,quote_run_dispatch_probe,10,400.51,success,,200,success
p3-ex-official-vu10,34c26c93-d20d-4d7c-99eb-a318773e1e62,2026-08-31T18:16:53.838Z,separate_executor,quote_run_dispatch_probe,10,650.55,success,,200,success
p3-ex-official-vu10,6813bae8-c978-4fc4-b320-005d5b5a4c59,2026-08-31T18:16:53.839Z,separate_executor,quote_run_dispatch_probe,10,751.91,success,,200,success
p3-ex-official-vu10,ea5196e2-3b5f-4c4c-9364-9254bb27822d,2026-08-31T18:16:54.004Z,separate_executor,quote_run_dispatch_probe,10,1077.86,success,,200,success
p3-ex-official-vu10,e5b497d8-89dc-4115-8438-4377f13df01e,2026-08-31T18:16:54.005Z,separate_executor,quote_run_dispatch_probe,10,497.96,success,,200,success
p3-ex-official-vu10,01f53112-65be-4a4a-a4ad-163854a328cc,2026-08-31T18:16:54.010Z,separate_executor,quote_run_dispatch_probe,10,422.13,success,,200,success
p3-ex-official-vu10,3b1917c1-7f0d-42b7-ad9e-53465dea9ac8,2026-08-31T18:16:54.019Z,separate_executor,quote_run_dispatch_probe,10,586.21,success,,200,success
p3-ex-official-vu10,bcde6c48-66b2-4287-8b7b-3de4c8e84505,2026-08-31T18:16:54.020Z,separate_executor,quote_run_dispatch_probe,10,863.36,success,,200,success
p3-ex-official-vu10,d9264177-4ed0-4139-8ff3-ea7d3d727d57,2026-08-31T18:16:54.107Z,separate_executor,quote_run_dispatch_probe,10,684.9,success,,200,success
p3-ex-official-vu10,1b9c56cd-faf9-48e9-9c97-4458d1d2d986,2026-08-31T18:16:54.259Z,separate_executor,quote_run_dispatch_probe,10,839.63,success,,200,success
p3-ex-official-vu10,cbbd4406-3b9f-4871-ae5e-4f84a1683884,2026-08-31T18:16:54.284Z,separate_executor,quote_run_dispatch_probe,10,785.56,success,,200,success
p3-ex-official-vu10,87663542-4062-42c0-af2a-188a263e964e,2026-08-31T18:16:54.426Z,separate_executor,quote_run_dispatch_probe,10,416.22,success,,200,success
p3-ex-official-vu10,5fe5b915-dd0e-4058-8e04-8bde4244375a,2026-08-31T18:16:54.469Z,separate_executor,quote_run_dispatch_probe,10,629.95,success,,200,success
p3-ex-official-vu10,75e1ef21-ae78-4041-8035-8de7e70f7b93,2026-08-31T18:16:54.513Z,separate_executor,quote_run_dispatch_probe,10,508.55,success,,200,success
p3-ex-official-vu10,840edefd-22c5-4079-8121-36520f66f26e,2026-08-31T18:16:54.584Z,separate_executor,quote_run_dispatch_probe,10,564.86,success,,200,success
p3-ex-official-vu10,e6decddc-dd40-4811-8a60-d3f86fb8b3af,2026-08-31T18:16:54.674Z,separate_executor,quote_run_dispatch_probe,10,835.96,success,,200,success
p3-ex-official-vu10,dd612cba-5d10-4b1c-a099-8407379a1038,2026-08-31T18:16:54.772Z,separate_executor,quote_run_dispatch_probe,10,664.88,success,,200,success
p3-ex-official-vu10,4d46a8b1-daa2-41c5-847b-cc3815090b24,2026-08-31T18:16:54.777Z,separate_executor,quote_run_dispatch_probe,10,772.66,success,,200,success
p3-ex-official-vu10,d8eb12b9-21aa-49a9-848a-8dbec7798b30,2026-08-31T18:16:54.821Z,separate_executor,quote_run_dispatch_probe,10,394.68,success,,200,success
p3-ex-official-vu10,9d6bc78b-3fd7-4e37-9313-41e758284c89,2026-08-31T18:16:54.839Z,separate_executor,quote_run_dispatch_probe,10,818.4,success,,200,success
p3-ex-official-vu10,806ce460-8c31-4eb1-ac8c-ce0b9df6da93,2026-08-31T18:16:54.873Z,separate_executor,quote_run_dispatch_probe,10,613.98,success,,200,success
p3-ex-official-vu10,7bc59ad6-9e67-4a00-9035-0a1ff343e12d,2026-08-31T18:16:54.905Z,separate_executor,quote_run_dispatch_probe,10,621.18,success,,200,success
p3-ex-official-vu10,f97bbfd1-f18e-4388-805b-c8eba83c476b,2026-08-31T18:16:55.037Z,separate_executor,quote_run_dispatch_probe,10,523.88,success,,200,success
p3-ex-official-vu10,9e4b633a-a4f7-4c7a-8f0c-b8fb29fd6d39,2026-08-31T18:16:55.075Z,separate_executor,quote_run_dispatch_probe,10,606.4,success,,200,success
p3-ex-official-vu10,725724b5-4e8c-4382-a3b6-8912af264b18,2026-08-31T18:16:55.155Z,separate_executor,quote_run_dispatch_probe,10,571.34,success,,200,success
p3-ex-official-vu10,6cdafc5d-e1e3-49a9-b5bb-53c354fc2c04,2026-08-31T18:16:55.233Z,separate_executor,quote_run_dispatch_probe,10,412.25,success,,200,success
p3-ex-official-vu10,6d86f098-f0a6-4448-9cc5-7710eec30ebc,2026-08-31T18:16:55.397Z,separate_executor,quote_run_dispatch_probe,10,625.22,success,,200,success
p3-ex-official-vu10,fba493ef-3922-4ba9-9aef-20cc743eb286,2026-08-31T18:16:55.489Z,separate_executor,quote_run_dispatch_probe,10,711.64,success,,200,success
p3-ex-official-vu10,78fd32ea-e1ee-42c9-ad29-e74a08191fbe,2026-08-31T18:16:55.490Z,separate_executor,quote_run_dispatch_probe,10,617.25,success,,200,success
p3-ex-official-vu10,4e8eaa56-e646-4a7a-8abf-7a784c67f833,2026-08-31T18:16:55.501Z,separate_executor,quote_run_dispatch_probe,10,595.6,success,,200,success
p3-ex-official-vu10,8b4934cd-972b-42f5-9fb8-59e66cebe290,2026-08-31T18:16:55.514Z,separate_executor,quote_run_dispatch_probe,10,839.7,success,,200,success
p3-ex-official-vu10,b36f8243-f8b2-4141-b13b-3dd1b45a24a3,2026-08-31T18:16:55.549Z,separate_executor,quote_run_dispatch_probe,10,512.17,success,,200,success
p3-ex-official-vu10,ca213360-91d2-4fa8-9cb3-cf0b8be77b56,2026-08-31T18:16:55.599Z,separate_executor,quote_run_dispatch_probe,10,760.59,success,,200,success
p3-ex-official-vu10,0ad90aed-2aa4-4f01-92ae-ba411564a655,2026-08-31T18:16:55.626Z,separate_executor,quote_run_dispatch_probe,10,392.83,success,,200,success
p3-ex-official-vu10,a0968669-c698-487a-890b-4debb33c318f,2026-08-31T18:16:55.664Z,separate_executor,quote_run_dispatch_probe,10,588.77,success,,200,success
p3-ex-official-vu10,b2499843-b2b3-4984-aa50-3a6db6df685a,2026-08-31T18:16:55.746Z,separate_executor,quote_run_dispatch_probe,10,591.26,success,,200,success
p3-ex-official-vu10,7097f78d-f971-4ffe-8898-b769ca7d81cd,2026-08-31T18:16:56.077Z,separate_executor,quote_run_dispatch_probe,10,679.46,success,,200,success
p3-ex-official-vu10,013a270d-7fc2-4885-8a5b-cc9342f20ab5,2026-08-31T18:16:56.083Z,separate_executor,quote_run_dispatch_probe,10,534.46,success,,200,success
p3-ex-official-vu10,be99dfbe-cee3-4e9f-b461-d09f3aaaa0a8,2026-08-31T18:16:56.117Z,separate_executor,quote_run_dispatch_probe,10,626.7,success,,200,success
p3-ex-official-vu10,33196e26-b60b-49ae-a671-dd35c23e9943,2026-08-31T18:16:56.131Z,separate_executor,quote_run_dispatch_probe,10,505.4,success,,200,success
p3-ex-official-vu10,c765c2a3-e61f-4223-9f29-4cd827f33580,2026-08-31T18:16:56.158Z,separate_executor,quote_run_dispatch_probe,10,656.91,success,,200,success
p3-ex-official-vu10,55ec9978-7f16-46af-8385-f046db6255bf,2026-08-31T18:16:56.208Z,separate_executor,quote_run_dispatch_probe,10,718.85,success,,200,success
p3-ex-official-vu10,6bef4d71-a53d-4c49-aec3-a3bc632ed0eb,2026-08-31T18:16:56.303Z,separate_executor,quote_run_dispatch_probe,10,639.62,success,,200,success
p3-ex-official-vu10,99c871da-bbbd-4bf2-b869-66f501dab40a,2026-08-31T18:16:56.325Z,separate_executor,quote_run_dispatch_probe,10,811.38,success,,200,success
p3-ex-official-vu10,042e1840-3238-4f0c-aaf9-5fd5a94b5a14,2026-08-31T18:16:56.360Z,separate_executor,quote_run_dispatch_probe,10,613.26,success,,200,success
p3-ex-official-vu10,c0793b99-9fe3-42e4-bbce-8f99e1ec47cf,2026-08-31T18:16:56.380Z,separate_executor,quote_run_dispatch_probe,10,780.61,success,,200,success
p3-ex-official-vu10,f31acbdc-f356-4371-864f-d8e91d7697a5,2026-08-31T18:16:56.527Z,separate_executor,quote_run_dispatch_probe,10,395.74,success,,200,success
p3-ex-official-vu10,959c00da-0175-4c8d-a49f-3d49f7a0cb09,2026-08-31T18:16:56.639Z,separate_executor,quote_run_dispatch_probe,10,562.61,success,,200,success
p3-ex-official-vu10,22f27fb0-eb13-460b-afb3-e80b668fc1e7,2026-08-31T18:16:56.763Z,separate_executor,quote_run_dispatch_probe,10,605.67,success,,200,success
p3-ex-official-vu10,80656c64-5b05-4169-86f8-1a4777722252,2026-08-31T18:16:56.769Z,separate_executor,quote_run_dispatch_probe,10,651.97,success,,200,success
p3-ex-official-vu10,e71a0b88-883e-4f12-a586-a94bf8769983,2026-08-31T18:16:56.777Z,separate_executor,quote_run_dispatch_probe,10,693.45,success,,200,success
p3-ex-official-vu10,6b2574d3-6cd2-4d17-bb99-b1eac31a60ff,2026-08-31T18:16:56.828Z,separate_executor,quote_run_dispatch_probe,10,620.2,success,,200,success
p3-ex-official-vu10,25063edf-3a5f-4c10-bd25-f625f7034079,2026-08-31T18:16:56.932Z,separate_executor,quote_run_dispatch_probe,10,628.35,success,,200,success
p3-ex-official-vu10,e1576d4f-b032-45b7-8a8f-d3b7f51dce73,2026-08-31T18:16:56.939Z,separate_executor,quote_run_dispatch_probe,10,412.32,success,,200,success
p3-ex-official-vu10,1237e954-a0fa-449b-84d5-125595f7d6c6,2026-08-31T18:16:56.949Z,separate_executor,quote_run_dispatch_probe,10,589.59,success,,200,success
p3-ex-official-vu10,9230ce14-1210-4fbb-b539-b50402530bff,2026-08-31T18:16:57.110Z,separate_executor,quote_run_dispatch_probe,10,785.14,success,,200,success
p3-ex-official-vu10,6f040dbd-c76b-4085-a060-b6a6ed06afe9,2026-08-31T18:16:57.115Z,separate_executor,quote_run_dispatch_probe,10,475.22,success,,200,success
p3-ex-official-vu10,82bfb84a-0931-4fd3-87e1-fecfe28c8788,2026-08-31T18:16:57.135Z,separate_executor,quote_run_dispatch_probe,10,755.11,success,,200,success
p3-ex-official-vu10,bb3c14ef-07b6-4575-9ef6-f394c8eef6f4,2026-08-31T18:16:57.302Z,separate_executor,quote_run_dispatch_probe,10,538.92,success,,200,success
p3-ex-official-vu10,e4c876ef-a9f0-4868-936e-a1e3281609b2,2026-08-31T18:16:57.317Z,separate_executor,quote_run_dispatch_probe,10,377.98,success,,200,success
p3-ex-official-vu10,662e072f-5897-4eaa-a7c5-fe42341d6364,2026-08-31T18:16:57.416Z,separate_executor,quote_run_dispatch_probe,10,647.14,success,,200,success
p3-ex-official-vu10,a0b64406-c00e-4c29-9b53-9d8c9b6a1e32,2026-08-31T18:16:57.419Z,separate_executor,quote_run_dispatch_probe,10,591,success,,200,success
p3-ex-official-vu10,9168486b-a377-49c8-9bfb-47abe17be8dc,2026-08-31T18:16:57.443Z,separate_executor,quote_run_dispatch_probe,10,666.02,success,,200,success
p3-ex-official-vu10,2302fddd-415e-407c-8e52-ec1406b76f54,2026-08-31T18:16:57.470Z,separate_executor,quote_run_dispatch_probe,10,520.71,success,,200,success
p3-ex-official-vu10,b16412ff-9201-4e8b-8b44-cc80179f4e6c,2026-08-31T18:16:57.548Z,separate_executor,quote_run_dispatch_probe,10,616.3,success,,200,success
p3-ex-official-vu10,1f376fb1-f764-4ecd-b048-ec4fb7740f0f,2026-08-31T18:16:57.603Z,separate_executor,quote_run_dispatch_probe,10,487.9,success,,200,success
p3-ex-official-vu10,4d0c410e-1c10-4a74-98af-2652268b7c5e,2026-08-31T18:16:57.700Z,separate_executor,quote_run_dispatch_probe,10,382.96,success,,200,success
p3-ex-official-vu10,f8124193-ef45-4e8b-9215-d2ae431ddc58,2026-08-31T18:16:57.847Z,separate_executor,quote_run_dispatch_probe,10,712.07,success,,200,success
p3-ex-official-vu10,5fb3af04-6a28-4a2a-a3eb-962b6d7dae1f,2026-08-31T18:16:57.871Z,separate_executor,quote_run_dispatch_probe,10,569,success,,200,success
p3-ex-official-vu10,75d253ab-b19b-4c34-bd62-d3755b5ed338,2026-08-31T18:16:57.917Z,separate_executor,quote_run_dispatch_probe,10,807.05,success,,200,success
p3-ex-official-vu10,337a9c19-f948-4f47-8240-802f7055acef,2026-08-31T18:16:58.044Z,separate_executor,quote_run_dispatch_probe,10,624.65,success,,200,success
p3-ex-official-vu10,d67a70b7-f6f4-4da4-8c67-85cf2944097f,2026-08-31T18:16:58.060Z,separate_executor,quote_run_dispatch_probe,10,589.73,success,,200,success
p3-ex-official-vu10,090dcadc-f97f-42ce-a40f-442d7cad76bf,2026-08-31T18:16:58.070Z,separate_executor,quote_run_dispatch_probe,10,627.21,success,,200,success
p3-ex-official-vu10,b9a69191-dffe-4844-8f14-777db8053726,2026-08-31T18:16:58.101Z,separate_executor,quote_run_dispatch_probe,10,498.56,success,,200,success
p3-ex-official-vu10,b59001b8-abc2-45c8-a0c9-e790da7f5b78,2026-08-31T18:16:58.120Z,separate_executor,quote_run_dispatch_probe,10,419.75,success,,200,success
p3-ex-official-vu10,7e8ee2a9-d753-4f15-94c6-1b4731b3ffb6,2026-08-31T18:16:58.138Z,separate_executor,quote_run_dispatch_probe,10,721.93,success,,200,success
p3-ex-official-vu10,4dc5fbd2-1a08-4208-ba52-cc711a6065d9,2026-08-31T18:16:58.154Z,separate_executor,quote_run_dispatch_probe,10,606.17,success,,200,success
p3-ex-official-vu10,c2051bb1-bc8c-4ba3-82b8-47c060dfed36,2026-08-31T18:16:58.510Z,separate_executor,quote_run_dispatch_probe,10,638.41,success,,200,success
p3-ex-official-vu10,9607a5f0-c881-4208-8b05-74fc52e30b00,2026-08-31T18:16:58.522Z,separate_executor,quote_run_dispatch_probe,10,401.87,success,,200,success
p3-ex-official-vu10,f0002c4d-4f8b-4f10-831a-c49abf1988f8,2026-08-31T18:16:58.595Z,separate_executor,quote_run_dispatch_probe,10,493.41,success,,200,success
p3-ex-official-vu10,28848f4c-ef63-4db4-a52d-6e78e74c148c,2026-08-31T18:16:58.633Z,separate_executor,quote_run_dispatch_probe,10,589.65,success,,200,success
p3-ex-official-vu10,cafb1dc3-31e7-4eb4-9bdc-28fd92bba9a0,2026-08-31T18:16:58.673Z,separate_executor,quote_run_dispatch_probe,10,603.1,success,,200,success
p3-ex-official-vu10,1af24fea-ad7b-482b-9f0d-2ae285b10760,2026-08-31T18:16:58.703Z,separate_executor,quote_run_dispatch_probe,10,643.34,success,,200,success
p3-ex-official-vu10,cbe5b66f-a7d1-43c4-bd36-cac0ad4029b3,2026-08-31T18:16:58.708Z,separate_executor,quote_run_dispatch_probe,10,790.91,success,,200,success
p3-ex-official-vu10,e1eea172-d76a-4e5f-a2e3-c79813930933,2026-08-31T18:16:58.727Z,separate_executor,quote_run_dispatch_probe,10,879.16,success,,200,success
p3-ex-official-vu10,84aff8ab-e9ac-4157-8c89-c8f5d1e74568,2026-08-31T18:16:58.736Z,separate_executor,quote_run_dispatch_probe,10,581.54,success,,200,success
p3-ex-official-vu10,22dedef0-07b7-4452-9e46-b5434ded3031,2026-08-31T18:16:58.781Z,separate_executor,quote_run_dispatch_probe,10,642.73,success,,200,success
p3-ex-official-vu10,52766640-cd44-4135-90ef-905d77e3153d,2026-08-31T18:16:58.899Z,separate_executor,quote_run_dispatch_probe,10,376.87,success,,200,success
p3-ex-official-vu10,f0f0865c-10d3-4101-9bf4-d1c731855a73,2026-08-31T18:16:59.015Z,separate_executor,quote_run_dispatch_probe,10,505.53,success,,200,success
p3-ex-official-vu10,b2119d82-7646-4e72-a7e0-721af92552fd,2026-08-31T18:16:59.068Z,separate_executor,quote_run_dispatch_probe,10,473.45,success,,200,success
p3-ex-official-vu10,11c89b25-3a89-436e-8ea9-aaa8945fad1c,2026-08-31T18:16:59.243Z,separate_executor,quote_run_dispatch_probe,10,609.88,success,,200,success
p3-ex-official-vu10,fa8dae9d-947b-4c14-946c-afd8e2d46ede,2026-08-31T18:16:59.252Z,separate_executor,quote_run_dispatch_probe,10,579.14,success,,200,success
p3-ex-official-vu10,9685f555-8930-403e-b17c-f9475c12d719,2026-08-31T18:16:59.295Z,separate_executor,quote_run_dispatch_probe,10,591.71,success,,200,success
p3-ex-official-vu10,eb445b90-7e98-4560-b08a-0f2ffd7ced84,2026-08-31T18:16:59.298Z,separate_executor,quote_run_dispatch_probe,10,399.19,success,,200,success
p3-ex-official-vu10,49578279-dcbf-4da9-b891-ec512c8b71e1,2026-08-31T18:16:59.357Z,separate_executor,quote_run_dispatch_probe,10,621.54,success,,200,success
p3-ex-official-vu10,70fd13c5-4e63-4801-9e40-ed5807123286,2026-08-31T18:16:59.401Z,separate_executor,quote_run_dispatch_probe,10,620.68,success,,200,success
p3-ex-official-vu10,3fff2149-02cb-444d-bd83-d16d597ab2fa,2026-08-31T18:16:59.470Z,separate_executor,quote_run_dispatch_probe,10,762.18,success,,200,success
p3-ex-official-vu10,01d3a968-7439-4f0c-9a2f-d646ea9a3919,2026-08-31T18:16:59.542Z,separate_executor,quote_run_dispatch_probe,10,526.74,success,,200,success
p3-ex-official-vu10,126a9767-ddc2-440d-bdcf-700731ac6145,2026-08-31T18:16:59.574Z,separate_executor,quote_run_dispatch_probe,10,506.31,success,,200,success
p3-ex-official-vu10,163ed756-22fb-4a04-bad7-5c006a574a2e,2026-08-31T18:16:59.596Z,separate_executor,quote_run_dispatch_probe,10,869.73,success,,200,success
p3-ex-official-vu10,4c8d8a59-954f-484a-8957-41651bb72785,2026-08-31T18:16:59.709Z,separate_executor,quote_run_dispatch_probe,10,410.99,success,,200,success
p3-ex-official-vu10,113babfc-9812-4445-ae9f-014376f86fd5,2026-08-31T18:16:59.796Z,separate_executor,quote_run_dispatch_probe,10,501.27,success,,200,success
p3-ex-official-vu10,07a4a6bd-751f-4f1d-ad1f-f5815495babb,2026-08-31T18:16:59.833Z,separate_executor,quote_run_dispatch_probe,10,580.56,success,,200,success
p3-ex-official-vu10,e6085011-d40e-43e1-9030-597266f3359b,2026-08-31T18:16:59.942Z,separate_executor,quote_run_dispatch_probe,10,698.46,success,,200,success
p3-ex-official-vu10,672e46df-599d-45d0-9cc1-9e95799aa3a5,2026-08-31T18:16:59.955Z,separate_executor,quote_run_dispatch_probe,10,597.68,success,,200,success
p3-ex-official-vu10,0020f312-67ae-4f82-b5b3-e72d448176d2,2026-08-31T18:17:00.081Z,separate_executor,quote_run_dispatch_probe,10,539.07,success,,200,success
p3-ex-official-vu10,66fb36a9-57aa-4688-a4aa-21bbd9caa2bc,2026-08-31T18:17:00.091Z,separate_executor,quote_run_dispatch_probe,10,516.44,success,,200,success
p3-ex-official-vu10,db641677-fcd4-4970-a183-e7e01e18dbc4,2026-08-31T18:17:00.116Z,separate_executor,quote_run_dispatch_probe,10,407.1,success,,200,success
p3-ex-official-vu10,e6a0460c-b886-42e7-96d8-927a6f7a248b,2026-08-31T18:17:00.149Z,separate_executor,quote_run_dispatch_probe,10,747.28,success,,200,success
p3-ex-official-vu10,977b6de7-304b-4db8-a646-f4d76309d471,2026-08-31T18:17:00.389Z,separate_executor,quote_run_dispatch_probe,10,593.07,success,,200,success
p3-ex-official-vu10,fff376a6-024a-4d7e-93cc-00bba400e402,2026-08-31T18:17:00.404Z,separate_executor,quote_run_dispatch_probe,10,933.54,success,,200,success
p3-ex-official-vu10,56035310-0fd9-446c-bc62-b241b4005b04,2026-08-31T18:17:00.416Z,separate_executor,quote_run_dispatch_probe,10,583.26,success,,200,success
p3-ex-official-vu10,4f3347a2-3b19-4e5e-9174-d75841bf4d66,2026-08-31T18:17:00.535Z,separate_executor,quote_run_dispatch_probe,10,938.42,success,,200,success
p3-ex-official-vu10,b472047a-eadb-4e63-a2e1-ca221fa375f9,2026-08-31T18:17:00.554Z,separate_executor,quote_run_dispatch_probe,10,438.13,success,,200,success
p3-ex-official-vu10,dff782db-7157-4258-ac82-cd9e7562f64a,2026-08-31T18:17:00.555Z,separate_executor,quote_run_dispatch_probe,10,599.96,success,,200,success
p3-ex-official-vu10,6ddde5e1-cb2b-4350-8d81-26872cc44483,2026-08-31T18:17:00.592Z,separate_executor,quote_run_dispatch_probe,10,500.81,success,,200,success
p3-ex-official-vu10,90b0870a-54fc-4412-8c5d-902f575afb55,2026-08-31T18:17:00.601Z,separate_executor,quote_run_dispatch_probe,10,658.79,success,,200,success
p3-ex-official-vu10,fceaad7c-7f65-4155-9baf-2ab27f584835,2026-08-31T18:17:00.686Z,separate_executor,quote_run_dispatch_probe,10,604.92,success,,200,success
p3-ex-official-vu10,65366bb3-d68a-49fd-9620-0a45a47b904d,2026-08-31T18:17:00.852Z,separate_executor,quote_run_dispatch_probe,10,703.34,success,,200,success
p3-ex-official-vu10,5775252e-a80c-45d2-8610-729cb1525d8d,2026-08-31T18:17:00.965Z,separate_executor,quote_run_dispatch_probe,10,410.49,success,,200,success
p3-ex-official-vu10,5a5c1458-a1d1-4998-8314-d06f485b4c76,2026-08-31T18:17:00.965Z,separate_executor,quote_run_dispatch_probe,10,576.23,success,,200,success
p3-ex-official-vu10,5a569514-fcb9-4217-891c-d755cea36c3e,2026-08-31T18:17:01.018Z,separate_executor,quote_run_dispatch_probe,10,601.71,success,,200,success
p3-ex-official-vu10,d5ecb4bc-07ee-4a15-af09-e6ad63ca1365,2026-08-31T18:17:01.108Z,separate_executor,quote_run_dispatch_probe,10,516.09,success,,200,success
p3-ex-official-vu10,fb4a2ee0-35f7-40ae-8b0c-693ea128e241,2026-08-31T18:17:01.168Z,separate_executor,quote_run_dispatch_probe,10,613.2,success,,200,success
p3-ex-official-vu10,744307bd-b7bc-462c-bdef-a224741ce6b4,2026-08-31T18:17:01.185Z,separate_executor,quote_run_dispatch_probe,10,584.01,success,,200,success
p3-ex-official-vu10,231738fd-3242-4e42-b488-b355c83baecd,2026-08-31T18:17:01.330Z,separate_executor,quote_run_dispatch_probe,10,925.97,success,,200,success
p3-ex-official-vu10,54b712f2-8922-4d7b-b7af-e416a70fb850,2026-08-31T18:17:01.383Z,separate_executor,quote_run_dispatch_probe,10,848.48,success,,200,success
p3-ex-official-vu10,3ebfbf99-8593-4836-9f39-4c5e26f95a30,2026-08-31T18:17:01.387Z,separate_executor,quote_run_dispatch_probe,10,421.31,success,,200,success
p3-ex-official-vu10,ba86180a-4851-4c16-bfef-13885f45d974,2026-08-31T18:17:01.399Z,separate_executor,quote_run_dispatch_probe,10,712.94,success,,200,success
p3-ex-official-vu10,0e4b7a86-3790-4697-b4d7-2717d67f2194,2026-08-31T18:17:01.564Z,separate_executor,quote_run_dispatch_probe,10,599.43,success,,200,success
p3-ex-official-vu10,ee6cc881-53c4-4576-983a-5011b6d065ba,2026-08-31T18:17:01.629Z,separate_executor,quote_run_dispatch_probe,10,777.11,success,,200,success
p3-ex-official-vu10,4d3ef432-682c-4fb8-9152-d378b23b06b9,2026-08-31T18:17:01.640Z,separate_executor,quote_run_dispatch_probe,10,531.81,success,,200,success
p3-ex-official-vu10,bfd2bd04-5c8f-47a7-b83d-49ff8bafb023,2026-08-31T18:17:01.640Z,separate_executor,quote_run_dispatch_probe,10,622.46,success,,200,success
p3-ex-official-vu10,ac966d46-f6fa-49a5-a2a2-55227f9fe94b,2026-08-31T18:17:01.780Z,separate_executor,quote_run_dispatch_probe,10,393.81,success,,200,success
p3-ex-official-vu10,19f2d518-365a-4ebd-b017-e79773d23703,2026-08-31T18:17:01.819Z,separate_executor,quote_run_dispatch_probe,10,651.17,success,,200,success
p3-ex-official-vu10,567c8110-bb11-4bf6-994b-60906ab414fc,2026-08-31T18:17:01.859Z,separate_executor,quote_run_dispatch_probe,10,674.53,success,,200,success
p3-ex-official-vu10,09857368-5ca6-42b0-97e1-cc4ab4b3fccd,2026-08-31T18:17:02.035Z,separate_executor,quote_run_dispatch_probe,10,636.28,success,,200,success
p3-ex-official-vu10,3743e40c-c3c0-48de-a345-a2515b108b4b,2026-08-31T18:17:02.116Z,separate_executor,quote_run_dispatch_probe,10,551.29,success,,200,success
p3-ex-official-vu10,8e16278f-7193-4c96-b4d9-43272b625d4c,2026-08-31T18:17:02.154Z,separate_executor,quote_run_dispatch_probe,10,524.58,success,,200,success
p3-ex-official-vu10,7e57923c-241f-4808-b10c-f85dabf49f41,2026-08-31T18:17:02.176Z,separate_executor,quote_run_dispatch_probe,10,792.37,success,,200,success
p3-ex-official-vu10,4c321269-555b-46b3-a9c4-3585cdc67c7f,2026-08-31T18:17:02.190Z,separate_executor,quote_run_dispatch_probe,10,409.67,success,,200,success
p3-ex-official-vu10,b1030581-d4aa-4344-8589-f261290d872e,2026-08-31T18:17:02.231Z,separate_executor,quote_run_dispatch_probe,10,900.65,success,,200,success
p3-ex-official-vu10,690fecaf-b5a4-461a-b13b-f43d46e0ccfc,2026-08-31T18:17:02.259Z,separate_executor,quote_run_dispatch_probe,10,619.01,success,,200,success
p3-ex-official-vu10,10a97c63-6e27-47fd-8f99-8440417e20ba,2026-08-31T18:17:02.261Z,separate_executor,quote_run_dispatch_probe,10,621.61,success,,200,success
p3-ex-official-vu10,b1e1721e-a630-46c7-9f6b-6f6a575ccc3b,2026-08-31T18:17:02.425Z,separate_executor,quote_run_dispatch_probe,10,605.96,success,,200,success
p3-ex-official-vu10,d7cba05b-6ab9-41a0-96e1-79914779da00,2026-08-31T18:17:02.475Z,separate_executor,quote_run_dispatch_probe,10,615.49,success,,200,success
p3-ex-official-vu10,4c5a9cbd-f9af-4ffe-a645-96a42200e755,2026-08-31T18:17:02.580Z,separate_executor,quote_run_dispatch_probe,10,389.79,success,,200,success
p3-ex-official-vu10,cdd10cdc-d3b5-4d5f-bdf0-35b1f835a3c3,2026-08-31T18:17:02.596Z,separate_executor,quote_run_dispatch_probe,10,560.37,success,,200,success
p3-ex-official-vu10,a647db06-cd9f-4c30-babb-a38aa3572f5a,2026-08-31T18:17:02.654Z,separate_executor,quote_run_dispatch_probe,10,500.76,success,,200,success
p3-ex-official-vu10,2dc3930c-8d8c-47ac-83ab-9ec0b9a9de26,2026-08-31T18:17:02.819Z,separate_executor,quote_run_dispatch_probe,10,703.05,success,,200,success
p3-ex-official-vu10,fe37d669-7b39-4ecd-ba32-2f64f2044d71,2026-08-31T18:17:02.852Z,separate_executor,quote_run_dispatch_probe,10,590.37,success,,200,success
p3-ex-official-vu10,bd61cbe5-cac1-4591-9188-b077722f623f,2026-08-31T18:17:02.915Z,separate_executor,quote_run_dispatch_probe,10,655.52,success,,200,success
p3-ex-official-vu10,25d483d5-a5a8-4968-9aff-401380456839,2026-08-31T18:17:02.965Z,separate_executor,quote_run_dispatch_probe,10,385.06,success,,200,success
p3-ex-official-vu10,09e033a0-76c7-4244-9475-60def9a2970c,2026-08-31T18:17:02.996Z,separate_executor,quote_run_dispatch_probe,10,520.93,success,,200,success
p3-ex-official-vu10,8e96cc62-c41d-46ef-9c8b-cabfe41407fc,2026-08-31T18:17:02.999Z,separate_executor,quote_run_dispatch_probe,10,823.09,success,,200,success
p3-ex-official-vu10,f5e627ed-d1bf-4c64-a26f-49d608bbdc2e,2026-08-31T18:17:03.025Z,separate_executor,quote_run_dispatch_probe,10,794.16,success,,200,success
p3-ex-official-vu10,3442a315-7342-40c2-9ccb-45d008959a67,2026-08-31T18:17:03.030Z,separate_executor,quote_run_dispatch_probe,10,604.56,success,,200,success
p3-ex-official-vu10,650e18dd-9091-4115-af7d-ced8593a9872,2026-08-31T18:17:03.116Z,separate_executor,quote_run_dispatch_probe,10,520.36,success,,200,success
p3-ex-official-vu10,80175e71-9099-401b-9be7-0dbcccb1ad2a,2026-08-31T18:17:03.151Z,separate_executor,quote_run_dispatch_probe,10,496.14,success,,200,success
p3-ex-official-vu10,25045722-c432-4b88-91d8-be4812b82964,2026-08-31T18:17:03.335Z,separate_executor,quote_run_dispatch_probe,10,515.79,success,,200,success
p3-ex-official-vu10,259cc609-8055-4e8a-b1dc-7502ae491ac5,2026-08-31T18:17:03.349Z,separate_executor,quote_run_dispatch_probe,10,384.36,success,,200,success
p3-ex-official-vu10,678ff3dc-2129-4ba1-8995-1b130b97cf2b,2026-08-31T18:17:03.448Z,separate_executor,quote_run_dispatch_probe,10,596.75,success,,200,success
p3-ex-official-vu10,e227e3c8-49db-4743-9484-ef2dc1a8f029,2026-08-31T18:17:03.574Z,separate_executor,quote_run_dispatch_probe,10,578.22,success,,200,success
p3-ex-official-vu10,0761fd1c-512c-4e9f-a4b0-ce94e8485315,2026-08-31T18:17:03.605Z,separate_executor,quote_run_dispatch_probe,10,689.62,success,,200,success
p3-ex-official-vu10,d137bd84-d736-46a8-be1e-80ddfa45b09f,2026-08-31T18:17:03.639Z,separate_executor,quote_run_dispatch_probe,10,522.96,success,,200,success
p3-ex-official-vu10,eef14344-fc42-4386-9747-55ffbce17092,2026-08-31T18:17:03.659Z,separate_executor,quote_run_dispatch_probe,10,628.9,success,,200,success
p3-ex-official-vu10,117b4223-6ede-4e5f-ada9-5624cd705510,2026-08-31T18:17:03.701Z,separate_executor,quote_run_dispatch_probe,10,550.71,success,,200,success
p3-ex-official-vu10,9f03da46-8797-44ff-b62a-88733cdfd480,2026-08-31T18:17:03.765Z,separate_executor,quote_run_dispatch_probe,10,766.41,success,,200,success
p3-ex-official-vu10,e864a729-b1b1-4e81-ab7f-29db876dfe1e,2026-08-31T18:17:03.785Z,separate_executor,quote_run_dispatch_probe,10,435.41,success,,200,success
p3-ex-official-vu10,a8bb8fd6-3eba-4201-a8cb-50ac89b05e6e,2026-08-31T18:17:03.786Z,separate_executor,quote_run_dispatch_probe,10,761.23,success,,200,success
p3-ex-official-vu10,c03bd0bb-6f21-42f8-a76b-87177aa27eae,2026-08-31T18:17:03.874Z,separate_executor,quote_run_dispatch_probe,10,539.6,success,,200,success
p3-ex-official-vu10,cdc0cc77-27a9-4e86-ae73-86a73933c3de,2026-08-31T18:17:04.056Z,separate_executor,quote_run_dispatch_probe,10,607.31,success,,200,success
p3-ex-official-vu10,64c52920-d45e-4c74-b6f2-2bfd1cbd4aef,2026-08-31T18:17:04.168Z,separate_executor,quote_run_dispatch_probe,10,528.46,success,,200,success
p3-ex-official-vu10,f0614e36-7546-4c7f-b805-c93c7b2290bd,2026-08-31T18:17:04.189Z,separate_executor,quote_run_dispatch_probe,10,404.3,success,,200,success
p3-ex-official-vu10,03b8ecb9-5709-4b76-995b-84fefd3e3726,2026-08-31T18:17:04.224Z,separate_executor,quote_run_dispatch_probe,10,523.07,success,,200,success
p3-ex-official-vu10,ada98312-a407-4b7b-ba9d-184c2c4ad850,2026-08-31T18:17:04.255Z,separate_executor,quote_run_dispatch_probe,10,681.55,success,,200,success
p3-ex-official-vu10,7a8e53fb-bc45-4f52-8cd0-4609884cf695,2026-08-31T18:17:04.257Z,separate_executor,quote_run_dispatch_probe,10,652.02,success,,200,success
p3-ex-official-vu10,9ad12067-1823-486d-acb4-630bebc55702,2026-08-31T18:17:04.306Z,separate_executor,quote_run_dispatch_probe,10,646.69,success,,200,success
p3-ex-official-vu10,df7c29be-fe01-4eca-8717-d0329a3880f0,2026-08-31T18:17:04.440Z,separate_executor,quote_run_dispatch_probe,10,565.57,success,,200,success
p3-ex-official-vu10,3a22e984-e673-4836-99be-3cf1fc15deb0,2026-08-31T18:17:04.516Z,separate_executor,quote_run_dispatch_probe,10,750.94,success,,200,success
p3-ex-official-vu10,0f8f2f25-58ac-48bf-8a20-85d9b0e5df10,2026-08-31T18:17:04.614Z,separate_executor,quote_run_dispatch_probe,10,827.61,success,,200,success
p3-ex-official-vu10,340e0f14-6b58-4dda-870e-c5ed254d5989,2026-08-31T18:17:04.620Z,separate_executor,quote_run_dispatch_probe,10,430.67,success,,200,success
p3-ex-official-vu10,9c0edce4-a562-44a5-aae3-6469cf9ec774,2026-08-31T18:17:04.641Z,separate_executor,quote_run_dispatch_probe,10,585.35,success,,200,success
p3-ex-official-vu10,1c1b0fd1-202e-4614-9109-d1e8b4d46ae4,2026-08-31T18:17:04.774Z,separate_executor,quote_run_dispatch_probe,10,549.36,success,,200,success
p3-ex-official-vu10,d6ecef46-193f-4ed1-b475-28c8c041b6de,2026-08-31T18:17:04.823Z,separate_executor,quote_run_dispatch_probe,10,567.64,success,,200,success
p3-ex-official-vu10,8d76b7e8-8fac-4d1e-aeb3-15e5c6a3b5e6,2026-08-31T18:17:04.869Z,separate_executor,quote_run_dispatch_probe,10,701.49,success,,200,success
p3-ex-official-vu10,a205b3c2-3448-4989-8ab6-cb61c378634e,2026-08-31T18:17:04.970Z,separate_executor,quote_run_dispatch_probe,10,713.84,success,,200,success
p3-ex-official-vu10,2665ee66-5859-4762-98a6-fcf95ba6e24a,2026-08-31T18:17:04.983Z,separate_executor,quote_run_dispatch_probe,10,677.57,success,,200,success
p3-ex-official-vu10,178f4db7-06b1-4f80-a786-286f8f9bc413,2026-08-31T18:17:05.020Z,separate_executor,quote_run_dispatch_probe,10,400.22,success,,200,success
p3-ex-official-vu10,d60cd3da-0d3f-4063-8328-8b5875fe82e7,2026-08-31T18:17:05.023Z,separate_executor,quote_run_dispatch_probe,10,583.57,success,,200,success
p3-ex-official-vu10,c16e955d-c432-4bfe-b3ff-7a1138254756,2026-08-31T18:17:05.225Z,separate_executor,quote_run_dispatch_probe,10,584.15,success,,200,success
p3-ex-official-vu10,81659876-144a-4334-a3a7-359cc0e8ab47,2026-08-31T18:17:05.249Z,separate_executor,quote_run_dispatch_probe,10,733.05,success,,200,success
p3-ex-official-vu10,afedb17b-caf7-4971-8d85-992033969ae1,2026-08-31T18:17:05.358Z,separate_executor,quote_run_dispatch_probe,10,584.44,success,,200,success
p3-ex-official-vu10,4f1d4d57-a34d-43f5-83d2-cdab64d77d81,2026-08-31T18:17:05.408Z,separate_executor,quote_run_dispatch_probe,10,793.96,success,,200,success
p3-ex-official-vu10,97f181bc-2ddb-4356-ae56-249969fb23e8,2026-08-31T18:17:05.449Z,separate_executor,quote_run_dispatch_probe,10,580.05,success,,200,success
p3-ex-official-vu10,8c952b04-990d-4533-96ca-543d3378acb7,2026-08-31T18:17:05.458Z,separate_executor,quote_run_dispatch_probe,10,437.49,success,,200,success
p3-ex-official-vu10,9993d395-8f11-4f0f-bfc2-ca20fe08b85e,2026-08-31T18:17:05.612Z,separate_executor,quote_run_dispatch_probe,10,588.33,success,,200,success
p3-ex-official-vu10,e5fa8370-c446-4048-8527-bf93c4016a55,2026-08-31T18:17:05.635Z,separate_executor,quote_run_dispatch_probe,10,664.63,success,,200,success
p3-ex-official-vu10,6717d634-366d-4357-be21-3d34e3942509,2026-08-31T18:17:05.638Z,separate_executor,quote_run_dispatch_probe,10,815.36,success,,200,success
p3-ex-official-vu10,b22c3b31-17f9-4456-8283-cb2077e87eda,2026-08-31T18:17:05.664Z,separate_executor,quote_run_dispatch_probe,10,680.9,success,,200,success
p3-ex-official-vu10,2169de9e-f85d-49e9-bf54-106631315fd8,2026-08-31T18:17:05.870Z,separate_executor,quote_run_dispatch_probe,10,412.77,success,,200,success
p3-ex-official-vu10,61aa1a3b-38b8-4df6-82f8-8d73f522a12a,2026-08-31T18:17:05.871Z,separate_executor,quote_run_dispatch_probe,10,645.47,success,,200,success
p3-ex-official-vu10,dfd0a2f5-65eb-4aaa-abef-95b58c8c10d6,2026-08-31T18:17:05.871Z,separate_executor,quote_run_dispatch_probe,10,512.94,success,,200,success
p3-ex-official-vu10,d7d0952b-19bc-4b8f-811b-40ae7a818240,2026-08-31T18:17:05.958Z,separate_executor,quote_run_dispatch_probe,10,508.93,success,,200,success
p3-ex-official-vu10,9dc9c6a9-e7fc-4406-a985-d414c983a83f,2026-08-31T18:17:06.049Z,separate_executor,quote_run_dispatch_probe,10,799.45,success,,200,success
p3-ex-official-vu10,6ccee54e-a451-4326-b21f-20448ccdfc80,2026-08-31T18:17:06.153Z,separate_executor,quote_run_dispatch_probe,10,541.47,success,,200,success
p3-ex-official-vu10,9881c413-01b7-4fb8-b9fb-915553e9ccdd,2026-08-31T18:17:06.243Z,separate_executor,quote_run_dispatch_probe,10,835.33,success,,200,success
p3-ex-official-vu10,9dba040b-a81e-4e7f-92dc-cbca85bc7a31,2026-08-31T18:17:06.268Z,separate_executor,quote_run_dispatch_probe,10,397.55,success,,200,success
p3-ex-official-vu10,5848fb8f-d26a-4bcc-a93f-3db3abb4264a,2026-08-31T18:17:06.317Z,separate_executor,quote_run_dispatch_probe,10,682.04,success,,200,success
p3-ex-official-vu10,d4ad1cb6-697f-472f-ac48-9303bb840adb,2026-08-31T18:17:06.421Z,separate_executor,quote_run_dispatch_probe,10,550.73,success,,200,success
p3-ex-official-vu10,78b67333-2be5-46b4-aeab-8a6cd3eb3826,2026-08-31T18:17:06.436Z,separate_executor,quote_run_dispatch_probe,10,771.39,success,,200,success
p3-ex-official-vu10,6d20d86b-4695-4708-a44c-e6212b6e3aed,2026-08-31T18:17:06.437Z,separate_executor,quote_run_dispatch_probe,10,798.2,success,,200,success
p3-ex-official-vu10,75a8341d-409c-4af0-9da6-804e14dd521c,2026-08-31T18:17:06.503Z,separate_executor,quote_run_dispatch_probe,10,545.18,success,,200,success
p3-ex-official-vu10,7f08d8f3-a83c-4468-b6b4-4e9c1aa8f238,2026-08-31T18:17:06.536Z,separate_executor,quote_run_dispatch_probe,10,665.2,success,,200,success
p3-ex-official-vu10,0accd1c1-a337-4fd3-925c-b3596b36c715,2026-08-31T18:17:06.712Z,separate_executor,quote_run_dispatch_probe,10,443.18,success,,200,success
p3-ex-official-vu10,29dac209-cef4-4883-8c9f-da8cc729bd0a,2026-08-31T18:17:06.750Z,separate_executor,quote_run_dispatch_probe,10,596.73,success,,200,success
p3-ex-official-vu10,844a0907-c70c-4e39-a678-94fa9d010023,2026-08-31T18:17:06.923Z,separate_executor,quote_run_dispatch_probe,10,874.6,success,,200,success
p3-ex-official-vu10,bdf1746d-22cc-433b-9421-86ec1af5f31c,2026-08-31T18:17:06.951Z,separate_executor,quote_run_dispatch_probe,10,530.18,success,,200,success
p3-ex-official-vu10,675c3e70-e2e8-4c8b-aa24-22da2eb607c5,2026-08-31T18:17:07.012Z,separate_executor,quote_run_dispatch_probe,10,769.36,success,,200,success
p3-ex-official-vu10,52489e07-52d3-4684-965b-8ff1573eb701,2026-08-31T18:17:07.054Z,separate_executor,quote_run_dispatch_probe,10,736.88,success,,200,success
p3-ex-official-vu10,f2cc85aa-7538-4847-b377-c26391570c24,2026-08-31T18:17:07.091Z,separate_executor,quote_run_dispatch_probe,10,587.85,success,,200,success
p3-ex-official-vu10,e5800170-da24-4b63-a7c5-9fd3a2c5abbd,2026-08-31T18:17:07.101Z,separate_executor,quote_run_dispatch_probe,10,664.44,success,,200,success
p3-ex-official-vu10,85293446-60fe-43d8-9144-64727d292314,2026-08-31T18:17:07.102Z,separate_executor,quote_run_dispatch_probe,10,666.18,success,,200,success
p3-ex-official-vu10,d890f456-ad8e-4fc8-81f6-84b5ff2ddd95,2026-08-31T18:17:07.138Z,separate_executor,quote_run_dispatch_probe,10,426.17,success,,200,success
p3-ex-official-vu10,dfd34e85-df53-4730-9d3f-50d2aeef7889,2026-08-31T18:17:07.171Z,separate_executor,quote_run_dispatch_probe,10,634.61,success,,200,success
p3-ex-official-vu10,40d5b25c-cb89-4577-b515-8216edf81f9f,2026-08-31T18:17:07.412Z,separate_executor,quote_run_dispatch_probe,10,662.48,success,,200,success
p3-ex-official-vu10,44f6d176-5dd1-45bc-8cbc-b733407714d1,2026-08-31T18:17:07.470Z,separate_executor,quote_run_dispatch_probe,10,518.48,success,,200,success
p3-ex-official-vu10,39b1c469-8514-4ea5-ad9d-cb98f9fb05b6,2026-08-31T18:17:07.571Z,separate_executor,quote_run_dispatch_probe,10,433.48,success,,200,success
p3-ex-official-vu10,e5eac8e2-2fc2-41ef-94d5-265c2f904b0f,2026-08-31T18:17:07.646Z,separate_executor,quote_run_dispatch_probe,10,722.74,success,,200,success
p3-ex-official-vu10,cf7d86e9-e071-4d74-b799-21fbceb32056,2026-08-31T18:17:07.670Z,separate_executor,quote_run_dispatch_probe,10,578.3,success,,200,success
p3-ex-official-vu10,e5e3b25f-ee7c-4028-8ff4-74a874847fd1,2026-08-31T18:17:07.685Z,separate_executor,quote_run_dispatch_probe,10,583.72,success,,200,success
p3-ex-official-vu10,ef622181-c4af-4930-96a0-1a93a77157db,2026-08-31T18:17:07.711Z,separate_executor,quote_run_dispatch_probe,10,698.65,success,,200,success
p3-ex-official-vu10,4f0a9113-ce65-4383-983d-5d122655b1ad,2026-08-31T18:17:07.728Z,separate_executor,quote_run_dispatch_probe,10,625.95,success,,200,success
p3-ex-official-vu10,073d2ab6-4be9-4d49-8eb1-14e668581dcd,2026-08-31T18:17:07.782Z,separate_executor,quote_run_dispatch_probe,10,728.36,success,,200,success
p3-ex-official-vu10,5789a958-e1f8-4afb-859e-036347a7b176,2026-08-31T18:17:07.832Z,separate_executor,quote_run_dispatch_probe,10,661.29,success,,200,success
p3-ex-official-vu10,241c2c00-8099-4850-ae17-1a8870b89025,2026-08-31T18:17:07.939Z,separate_executor,quote_run_dispatch_probe,10,469.14,success,,200,success
p3-ex-official-vu10,8f79a4f1-c8e2-4d5d-887d-37fe4b2753f2,2026-08-31T18:17:07.972Z,separate_executor,quote_run_dispatch_probe,10,400.84,success,,200,success
p3-ex-official-vu10,7faa0995-e7b8-42d1-936a-a66ec4c4ca2f,2026-08-31T18:17:07.973Z,separate_executor,quote_run_dispatch_probe,10,560.85,success,,200,success
p3-ex-official-vu10,c1ceeeeb-f819-4104-9a4e-eee8e5762ee0,2026-08-31T18:17:08.199Z,separate_executor,quote_run_dispatch_probe,10,528.95,success,,200,success
p3-ex-official-vu10,b7b1d00d-7759-4c51-a0f2-9209a6572ad8,2026-08-31T18:17:08.353Z,separate_executor,quote_run_dispatch_probe,10,625.48,success,,200,success
p3-ex-official-vu10,1e34b55e-a6d6-4391-a64c-afbd0d16fd6b,2026-08-31T18:17:08.386Z,separate_executor,quote_run_dispatch_probe,10,413.02,success,,200,success
p3-ex-official-vu10,720e63dd-1f03-4028-a85e-14cec089c065,2026-08-31T18:17:08.411Z,separate_executor,quote_run_dispatch_probe,10,725.82,success,,200,success
p3-ex-official-vu10,74736be4-ffae-491e-b221-e7373da9e508,2026-08-31T18:17:08.422Z,separate_executor,quote_run_dispatch_probe,10,589.92,success,,200,success
p3-ex-official-vu10,6ea13f62-e6ad-4173-9c2e-c2fc9d174c5c,2026-08-31T18:17:08.433Z,separate_executor,quote_run_dispatch_probe,10,650.28,success,,200,success
p3-ex-official-vu10,e75d75da-fb7a-4b92-838d-e766a89bb9e7,2026-08-31T18:17:08.465Z,separate_executor,quote_run_dispatch_probe,10,819.05,success,,200,success
p3-ex-official-vu10,96a40efc-269a-4393-8d29-5dbdd4509526,2026-08-31T18:17:08.478Z,separate_executor,quote_run_dispatch_probe,10,767.2,success,,200,success
p3-ex-official-vu10,5499d747-9ede-4d72-bffd-6aada5a936dc,2026-08-31T18:17:08.547Z,separate_executor,quote_run_dispatch_probe,10,608.19,success,,200,success
p3-ex-official-vu10,040a129d-c0c6-4c54-bac7-8e91e07e4326,2026-08-31T18:17:08.564Z,separate_executor,quote_run_dispatch_probe,10,592.11,success,,200,success
p3-ex-official-vu10,6b65f5f9-68f0-4528-9c4c-f115c8f0e7f8,2026-08-31T18:17:08.790Z,separate_executor,quote_run_dispatch_probe,10,403.29,success,,200,success
p3-ex-official-vu10,770a9a07-42d0-4ab4-b249-17715b98a812,2026-08-31T18:17:08.933Z,separate_executor,quote_run_dispatch_probe,10,734.12,success,,200,success
p3-ex-official-vu10,56317d12-1164-4e2c-a02b-d841b6b3b7c4,2026-08-31T18:17:09.050Z,separate_executor,quote_run_dispatch_probe,10,627.44,success,,200,success
p3-ex-official-vu10,2ee89282-f903-461c-98c0-55a1013ce18a,2026-08-31T18:17:09.056Z,separate_executor,quote_run_dispatch_probe,10,702.2,success,,200,success
p3-ex-official-vu10,339c6d7c-6dcd-42fc-a28c-c19811e4b178,2026-08-31T18:17:09.068Z,separate_executor,quote_run_dispatch_probe,10,520.34,success,,200,success
p3-ex-official-vu10,ef508cfd-2685-4b16-8c24-97cd383180b4,2026-08-31T18:17:09.088Z,separate_executor,quote_run_dispatch_probe,10,523.99,success,,200,success
p3-ex-official-vu10,b9d4a8c3-5b27-424c-845f-dd028fcb65ed,2026-08-31T18:17:09.120Z,separate_executor,quote_run_dispatch_probe,10,687.57,success,,200,success
p3-ex-official-vu10,2e320803-6dce-4796-8a11-1297a7dbb1d3,2026-08-31T18:17:09.222Z,separate_executor,quote_run_dispatch_probe,10,431.96,success,,200,success
p3-ex-official-vu10,1cda4065-7821-411f-9000-7f8b90fbf828,2026-08-31T18:17:09.273Z,separate_executor,quote_run_dispatch_probe,10,807.87,success,,200,success
p3-ex-official-vu10,58bb3e5b-8696-4a45-aec0-a103ccee44ec,2026-08-31T18:17:09.306Z,separate_executor,quote_run_dispatch_probe,10,827.48,success,,200,success
p3-ex-official-vu10,9a0ac7cb-21b4-4cd3-851b-39f30ea6ad72,2026-08-31T18:17:09.481Z,separate_executor,quote_run_dispatch_probe,10,1070.07,success,,200,success
p3-ex-official-vu10,9dc6388e-9c8c-4d1c-890e-d545ac3052b9,2026-08-31T18:17:09.537Z,separate_executor,quote_run_dispatch_probe,10,604.1,success,,200,success
p3-ex-official-vu10,0f067827-8943-4938-ad4e-01e06c3a48fc,2026-08-31T18:17:09.555Z,separate_executor,quote_run_dispatch_probe,10,487.52,success,,200,success
p3-ex-official-vu10,76b2c7a9-6883-4fb3-8e42-544b22e0d6ca,2026-08-31T18:17:09.622Z,separate_executor,quote_run_dispatch_probe,10,400.76,success,,200,success
p3-ex-official-vu10,bc66cef2-aead-488d-9bc3-e114b8531e1c,2026-08-31T18:17:09.656Z,separate_executor,quote_run_dispatch_probe,10,600.62,success,,200,success
p3-ex-official-vu10,bfb5162c-c798-486b-ac12-6300bd2ffb49,2026-08-31T18:17:09.677Z,separate_executor,quote_run_dispatch_probe,10,588.88,success,,200,success
p3-ex-official-vu10,c71f16b3-2df2-44c7-97c6-0b1932f7c9d7,2026-08-31T18:17:09.694Z,separate_executor,quote_run_dispatch_probe,10,644.55,success,,200,success
p3-ex-official-vu10,e578a3ac-8a35-4b83-9e92-ff7f0a73bb73,2026-08-31T18:17:09.812Z,separate_executor,quote_run_dispatch_probe,10,691.79,success,,200,success
p3-ex-official-vu10,d2520401-bda5-4ffe-8caf-f9ad5e3eb048,2026-08-31T18:17:10.043Z,separate_executor,quote_run_dispatch_probe,10,420.31,success,,200,success
p3-ex-official-vu10,47ca2f28-9baf-4351-a1a3-813089f4697e,2026-08-31T18:17:10.056Z,separate_executor,quote_run_dispatch_probe,10,783.26,success,,200,success
p3-ex-official-vu10,f00b58c6-d991-489d-97a1-aa174a6085cd,2026-08-31T18:17:10.076Z,separate_executor,quote_run_dispatch_probe,10,521.11,success,,200,success
p3-ex-official-vu10,8d5f9177-e73b-40e2-9eaa-1276a23b718b,2026-08-31T18:17:10.130Z,separate_executor,quote_run_dispatch_probe,10,592.83,success,,200,success
p3-ex-official-vu10,3118f3ef-b2db-45a7-b865-a1610430678e,2026-08-31T18:17:10.218Z,separate_executor,quote_run_dispatch_probe,10,540.56,success,,200,success
p3-ex-official-vu10,e1b34bf5-0c02-40f7-8d9a-3c1b189723c7,2026-08-31T18:17:10.288Z,separate_executor,quote_run_dispatch_probe,10,631.74,success,,200,success
p3-ex-official-vu10,6e4af53e-aa7e-4b5d-9c87-ca2921695d0e,2026-08-31T18:17:10.289Z,separate_executor,quote_run_dispatch_probe,10,983.18,success,,200,success
p3-ex-official-vu10,4771eecd-598c-4788-a01c-c55b85c48dc2,2026-08-31T18:17:10.291Z,separate_executor,quote_run_dispatch_probe,10,596.75,success,,200,success
p3-ex-official-vu10,55dfa7dd-acd1-4f87-bedc-1891f0110807,2026-08-31T18:17:10.436Z,separate_executor,quote_run_dispatch_probe,10,393.11,success,,200,success
p3-ex-official-vu10,1deede66-aeb3-4d8e-983b-556db914edb9,2026-08-31T18:17:10.458Z,separate_executor,quote_run_dispatch_probe,10,646.03,success,,200,success
p3-ex-official-vu10,589af64a-e23b-4d96-9dbf-77d333ada43d,2026-08-31T18:17:10.517Z,separate_executor,quote_run_dispatch_probe,10,1036.31,success,,200,success
p3-ex-official-vu10,2dea86d1-65b5-48c1-9ca4-d8bcf27f9985,2026-08-31T18:17:10.568Z,separate_executor,quote_run_dispatch_probe,10,491.91,success,,200,success
p3-ex-official-vu10,ad6bb0bb-1cf1-4115-87ab-51ff5028b16f,2026-08-31T18:17:10.768Z,separate_executor,quote_run_dispatch_probe,10,638.37,success,,200,success
p3-ex-official-vu10,d0a122d9-2457-4d53-84af-b97a19ab790e,2026-08-31T18:17:10.796Z,separate_executor,quote_run_dispatch_probe,10,578.51,success,,200,success
p3-ex-official-vu10,da951816-eaf0-440a-9c53-2663ec51d1ae,2026-08-31T18:17:10.840Z,separate_executor,quote_run_dispatch_probe,10,784,success,,200,success
p3-ex-official-vu10,0587f2cd-7129-400f-8995-3ecb5d65e236,2026-08-31T18:17:10.886Z,separate_executor,quote_run_dispatch_probe,10,450.21,success,,200,success
p3-ex-official-vu10,5e772ad8-e557-4a7d-a6e2-a65db002f5e4,2026-08-31T18:17:10.895Z,separate_executor,quote_run_dispatch_probe,10,603.37,success,,200,success
p3-ex-official-vu10,5338cf7f-c5d7-4272-9037-303bbe4d6293,2026-08-31T18:17:10.906Z,separate_executor,quote_run_dispatch_probe,10,617.17,success,,200,success
p3-ex-official-vu10,0d62a125-5e1f-4b18-86c3-98b1fb6d31fd,2026-08-31T18:17:11.061Z,separate_executor,quote_run_dispatch_probe,10,603.16,success,,200,success
p3-ex-official-vu10,fb41885b-433a-432e-babe-6d8d7221826a,2026-08-31T18:17:11.087Z,separate_executor,quote_run_dispatch_probe,10,518.21,success,,200,success
p3-ex-official-vu10,bf4d9031-09f5-40e6-b61a-6310c84f8c12,2026-08-31T18:17:11.180Z,separate_executor,quote_run_dispatch_probe,10,892.21,success,,200,success
p3-ex-official-vu10,28cfc394-d699-4ffb-ac79-547de48ddd26,2026-08-31T18:17:11.232Z,separate_executor,quote_run_dispatch_probe,10,715.12,success,,200,success
p3-ex-official-vu10,46831a3b-624f-4d63-b702-a53aebc75c35,2026-08-31T18:17:11.287Z,separate_executor,quote_run_dispatch_probe,10,401.07,success,,200,success
p3-ex-official-vu10,4f65f731-6a86-4059-8dbd-0e06ef5df567,2026-08-31T18:17:11.321Z,separate_executor,quote_run_dispatch_probe,10,552.87,success,,200,success
p3-ex-official-vu10,b4009b72-fcea-4e5c-ac7d-fcdabe02c0d9,2026-08-31T18:17:11.352Z,separate_executor,quote_run_dispatch_probe,10,556.02,success,,200,success
p3-ex-official-vu10,52455c9a-f2bf-4751-8b95-36ec8b23637b,2026-08-31T18:17:11.491Z,separate_executor,quote_run_dispatch_probe,10,584.58,success,,200,success
p3-ex-official-vu10,d6411442-184a-41db-ac7a-0c6122c0b062,2026-08-31T18:17:11.506Z,separate_executor,quote_run_dispatch_probe,10,611.23,success,,200,success
p3-ex-official-vu10,57d80991-a7bd-4d11-8706-f4fc07da2520,2026-08-31T18:17:11.546Z,separate_executor,quote_run_dispatch_probe,10,705.88,success,,200,success
p3-ex-official-vu10,20b662bb-b97b-49ff-8a4a-2fe426a13de4,2026-08-31T18:17:11.604Z,separate_executor,quote_run_dispatch_probe,10,517.61,success,,200,success
p3-ex-official-vu10,a1d1c466-a53d-4a13-9656-4ecb75c5e00f,2026-08-31T18:17:11.644Z,separate_executor,quote_run_dispatch_probe,10,582.49,success,,200,success
p3-ex-official-vu10,8405e2d1-6609-4f79-875c-8fc19929ca8c,2026-08-31T18:17:11.686Z,separate_executor,quote_run_dispatch_probe,10,398.91,success,,200,success
p3-ex-official-vu10,2283d35f-f21a-4963-bf05-9e3f3d2c91e4,2026-08-31T18:17:11.911Z,separate_executor,quote_run_dispatch_probe,10,589.65,success,,200,success
p3-ex-official-vu10,f1016f11-c79f-490c-ab8d-d1cb75e991a4,2026-08-31T18:17:11.913Z,separate_executor,quote_run_dispatch_probe,10,681.02,success,,200,success
p3-ex-official-vu10,dd260a85-732d-4eb9-b521-bb38a6b600a0,2026-08-31T18:17:11.918Z,separate_executor,quote_run_dispatch_probe,10,565.51,success,,200,success
p3-ex-official-vu10,8266836c-5330-41e8-a7ce-f06e541470ba,2026-08-31T18:17:12.153Z,separate_executor,quote_run_dispatch_probe,10,973.08,success,,200,success
p3-ex-official-vu10,648d1926-cefe-449d-b2d0-18193713cbef,2026-08-31T18:17:12.172Z,separate_executor,quote_run_dispatch_probe,10,485.69,success,,200,success
p3-ex-official-vu10,0d327e50-cd49-45ed-834c-d796b6b7698d,2026-08-31T18:17:12.175Z,separate_executor,quote_run_dispatch_probe,10,683.78,success,,200,success
p3-ex-official-vu10,03fd6251-7fcc-4fbe-9b2c-bee79d0bbe82,2026-08-31T18:17:12.186Z,separate_executor,quote_run_dispatch_probe,10,680.47,success,,200,success
p3-ex-official-vu10,e2d0ac83-9216-423e-b3de-1555bcf4e3bc,2026-08-31T18:17:12.231Z,separate_executor,quote_run_dispatch_probe,10,627.07,success,,200,success
p3-ex-official-vu10,ab14b7bf-c849-44d6-ba27-fc080dcc7382,2026-08-31T18:17:12.413Z,separate_executor,quote_run_dispatch_probe,10,768.63,success,,200,success
p3-ex-official-vu10,fdd9706f-74c6-4e1d-9563-8cff7ceaa7d8,2026-08-31T18:17:12.414Z,separate_executor,quote_run_dispatch_probe,10,868.01,success,,200,success
p3-ex-official-vu10,6ba3e55e-9f6a-4e39-9c03-7984333a1212,2026-08-31T18:17:12.576Z,separate_executor,quote_run_dispatch_probe,10,657.72,success,,200,success
p3-ex-official-vu10,645ffaa6-c0e1-49da-a8df-16900a8e3ae4,2026-08-31T18:17:12.626Z,separate_executor,quote_run_dispatch_probe,10,712.54,success,,200,success
p3-ex-official-vu10,25c644a6-e8bd-4d8a-b28e-7b52a7602d12,2026-08-31T18:17:12.649Z,separate_executor,quote_run_dispatch_probe,10,738.64,success,,200,success
p3-ex-official-vu10,8e18b265-2055-43f2-abd1-a013a125386a,2026-08-31T18:17:12.722Z,separate_executor,quote_run_dispatch_probe,10,550.34,success,,200,success
p3-ex-official-vu10,c2d91918-9f38-46c0-9382-9e696835eb55,2026-08-31T18:17:12.871Z,separate_executor,quote_run_dispatch_probe,10,639.3,success,,200,success
p3-ex-official-vu10,eef315d4-8b34-419f-9a98-de860008ffde,2026-08-31T18:17:12.893Z,separate_executor,quote_run_dispatch_probe,10,706.36,success,,200,success
p3-ex-official-vu10,c4dc846a-7812-4d74-8a5a-9c71f65be1ea,2026-08-31T18:17:12.990Z,separate_executor,quote_run_dispatch_probe,10,836.27,success,,200,success
p3-ex-official-vu10,0619bbca-0a66-4497-a2c3-25619ed585cc,2026-08-31T18:17:13.110Z,separate_executor,quote_run_dispatch_probe,10,934.87,success,,200,success
p3-ex-official-vu10,881f0271-8dbd-459e-8dad-57af8e3a00e5,2026-08-31T18:17:13.175Z,separate_executor,quote_run_dispatch_probe,10,762.26,success,,200,success
p3-ex-official-vu10,2f9ac6a3-4518-4232-a606-55d92c6c601d,2026-08-31T18:17:13.185Z,separate_executor,quote_run_dispatch_probe,10,463.21,success,,200,success
p3-ex-official-vu10,7e141e3c-ca15-4f55-be72-f486bac8c8d4,2026-08-31T18:17:13.198Z,separate_executor,quote_run_dispatch_probe,10,622.35,success,,200,success
p3-ex-official-vu10,92739aae-c136-464c-baf6-dbc837611224,2026-08-31T18:17:13.283Z,separate_executor,quote_run_dispatch_probe,10,657.24,success,,200,success
p3-ex-official-vu10,20dd76ab-2d19-4824-bf4d-057ca2a286d0,2026-08-31T18:17:13.436Z,separate_executor,quote_run_dispatch_probe,10,787,success,,200,success
p3-ex-official-vu10,5b984abf-df2a-4e8c-b5f5-dc4df3b13a8c,2026-08-31T18:17:13.467Z,separate_executor,quote_run_dispatch_probe,10,1052.26,success,,200,success
p3-ex-official-vu10,de221a7a-1970-4e5c-b59e-b5a92ca443a9,2026-08-31T18:17:13.480Z,separate_executor,quote_run_dispatch_probe,10,609.31,success,,200,success
p3-ex-official-vu10,f3629485-5ad6-484e-8383-8dc35d21d989,2026-08-31T18:17:13.573Z,separate_executor,quote_run_dispatch_probe,10,387.32,success,,200,success
p3-ex-official-vu10,9586fbe5-5ec2-4ebd-bfcf-0e7438f8e852,2026-08-31T18:17:13.620Z,separate_executor,quote_run_dispatch_probe,10,727.27,success,,200,success
p3-ex-official-vu10,7bd2a63c-5132-43ec-a0a3-6ad2b546e9e0,2026-08-31T18:17:13.734Z,separate_executor,quote_run_dispatch_probe,10,624.77,success,,200,success
p3-ex-official-vu10,558a0795-322c-416b-b51b-0c3f0d3d7547,2026-08-31T18:17:13.781Z,separate_executor,quote_run_dispatch_probe,10,790.89,success,,200,success
p3-ex-official-vu10,e661908f-5ce4-404d-b77a-bc0febbb164f,2026-08-31T18:17:13.788Z,separate_executor,quote_run_dispatch_probe,10,590.08,success,,200,success
p3-ex-official-vu10,b20fb017-c0ff-4e52-bbb7-1c5eed9fe2a2,2026-08-31T18:17:13.830Z,separate_executor,quote_run_dispatch_probe,10,655.24,success,,200,success
p3-ex-official-vu10,d34c5f43-c372-4590-8ddc-e50cf3b54793,2026-08-31T18:17:13.868Z,separate_executor,quote_run_dispatch_probe,10,585.07,success,,200,success
p3-ex-official-vu10,fef3455e-fbae-4ab3-a684-7ecef5d98e56,2026-08-31T18:17:13.973Z,separate_executor,quote_run_dispatch_probe,10,492.94,success,,200,success
p3-ex-official-vu10,00a06c1b-8aa7-4076-b927-fb2a31109af3,2026-08-31T18:17:13.986Z,separate_executor,quote_run_dispatch_probe,10,413.55,success,,200,success
p3-ex-official-vu10,9bd379f4-8bd1-4c86-b998-6c6df687e4c1,2026-08-31T18:17:14.185Z,separate_executor,quote_run_dispatch_probe,10,748.32,success,,200,success
p3-ex-official-vu10,3cb2eae3-3521-427b-8a8f-d9c9f6f51466,2026-08-31T18:17:14.188Z,separate_executor,quote_run_dispatch_probe,10,721.28,success,,200,success
p3-ex-official-vu10,96aea82a-5172-4214-b207-c8bce4284229,2026-08-31T18:17:14.190Z,separate_executor,quote_run_dispatch_probe,10,570.19,success,,200,success
p3-ex-official-vu10,186a5c8f-8651-4e56-a6d2-38fff5f347b0,2026-08-31T18:17:14.332Z,separate_executor,quote_run_dispatch_probe,10,544.06,success,,200,success
p3-ex-official-vu10,5d84db06-3545-4ade-9028-703e6d1fd7ec,2026-08-31T18:17:14.383Z,separate_executor,quote_run_dispatch_probe,10,648.22,success,,200,success
p3-ex-official-vu10,f926937f-6008-4881-b21d-09ccd15551e5,2026-08-31T18:17:14.408Z,separate_executor,quote_run_dispatch_probe,10,421.88,success,,200,success
p3-ex-official-vu10,071d6ada-83ca-4ff9-8150-eb52bfd7b6d8,2026-08-31T18:17:14.461Z,separate_executor,quote_run_dispatch_probe,10,631.03,success,,200,success
p3-ex-official-vu10,71c5ebdc-98de-49d4-b218-4120e57edfdd,2026-08-31T18:17:14.512Z,separate_executor,quote_run_dispatch_probe,10,539.21,success,,200,success
p3-ex-official-vu10,20a9d547-72f5-4ac2-9552-6bb2d44f662c,2026-08-31T18:17:14.554Z,separate_executor,quote_run_dispatch_probe,10,773.26,success,,200,success
p3-ex-official-vu10,921c42d9-ac8d-4503-a96e-9f8e6f9a05dc,2026-08-31T18:17:14.576Z,separate_executor,quote_run_dispatch_probe,10,707.54,success,,200,success
p3-ex-official-vu10,7802b4c1-d4ea-4e6f-9a6a-6316ef96a89d,2026-08-31T18:17:14.830Z,separate_executor,quote_run_dispatch_probe,10,644.91,success,,200,success
p3-ex-official-vu10,0dfb285b-b6e9-4876-b569-05f43ea9369f,2026-08-31T18:17:14.838Z,separate_executor,quote_run_dispatch_probe,10,429.86,success,,200,success
p3-ex-official-vu10,fffb9c42-2062-4263-b5a2-6242db3145e3,2026-08-31T18:17:14.847Z,separate_executor,quote_run_dispatch_probe,10,656.54,success,,200,success
p3-ex-official-vu10,21a9f9ba-6090-481d-9a3a-e5e3bd86b00a,2026-08-31T18:17:14.951Z,separate_executor,quote_run_dispatch_probe,10,763.43,success,,200,success
p3-ex-official-vu10,a854c2ed-97b1-4fc1-9a2d-45726b529415,2026-08-31T18:17:14.955Z,separate_executor,quote_run_dispatch_probe,10,622.55,success,,200,success
p3-ex-official-vu10,adf8c99c-310e-46ef-99ca-2bf4511bcdf1,2026-08-31T18:17:14.997Z,separate_executor,quote_run_dispatch_probe,10,614.72,success,,200,success
p3-ex-official-vu10,6f53d785-8eaf-422b-9c9a-87ee3535183e,2026-08-31T18:17:15.049Z,separate_executor,quote_run_dispatch_probe,10,537.2,success,,200,success
p3-ex-official-vu10,fb0838b4-08cb-4245-ae62-b53269005255,2026-08-31T18:17:15.089Z,separate_executor,quote_run_dispatch_probe,10,627.47,success,,200,success
p3-ex-official-vu10,d48b57f7-94b3-493d-8148-b84a9e107986,2026-08-31T18:17:15.194Z,separate_executor,quote_run_dispatch_probe,10,618.01,success,,200,success
p3-ex-official-vu10,1ec509a7-87ae-4829-91ee-8bb910e3fdeb,2026-08-31T18:17:15.236Z,separate_executor,quote_run_dispatch_probe,10,398.01,success,,200,success
p3-ex-official-vu10,ca46b2d9-7e4e-4a67-9f96-2b2ffc4d4180,2026-08-31T18:17:15.402Z,separate_executor,quote_run_dispatch_probe,10,848.01,success,,200,success
p3-ex-official-vu10,f4877536-502a-42f3-bb4f-cdd2d47fab66,2026-08-31T18:17:15.431Z,separate_executor,quote_run_dispatch_probe,10,601.16,success,,200,success
p3-ex-official-vu10,0273aefe-ff5d-42d1-9eb2-1b7eac2a88cc,2026-08-31T18:17:15.483Z,separate_executor,quote_run_dispatch_probe,10,636.03,success,,200,success
p3-ex-official-vu10,95ae9736-458a-4a5c-bead-ad79c21102c7,2026-08-31T18:17:15.541Z,separate_executor,quote_run_dispatch_probe,10,586,success,,200,success
p3-ex-official-vu10,80898f83-ff8f-454f-aba0-fc7a4b1cdd0c,2026-08-31T18:17:15.586Z,separate_executor,quote_run_dispatch_probe,10,536.4,success,,200,success
p3-ex-official-vu10,5d551953-fec2-4244-9366-a235efcd9375,2026-08-31T18:17:15.614Z,separate_executor,quote_run_dispatch_probe,10,616.51,success,,200,success
p3-ex-official-vu10,1d978d16-d5e8-4d8b-9534-8abd80233196,2026-08-31T18:17:15.676Z,separate_executor,quote_run_dispatch_probe,10,439.97,success,,200,success
p3-ex-official-vu10,e41ab0e8-c5a5-4ee1-a8b3-404fb70004ec,2026-08-31T18:17:15.698Z,separate_executor,quote_run_dispatch_probe,10,747.04,success,,200,success
p3-ex-official-vu10,65eabc91-85cc-4ce7-88f7-a0f984fa04f0,2026-08-31T18:17:15.735Z,separate_executor,quote_run_dispatch_probe,10,646.62,success,,200,success
p3-ex-official-vu10,c8f70b92-478f-4b8d-b068-de38ffb168c5,2026-08-31T18:17:15.898Z,separate_executor,quote_run_dispatch_probe,10,704.13,success,,200,success
p3-ex-official-vu10,221b6af5-1114-49a7-ae79-43eda82bec13,2026-08-31T18:17:16.042Z,separate_executor,quote_run_dispatch_probe,10,610.95,success,,200,success
p3-ex-official-vu10,75c22701-c378-4d21-bd15-6c824d985458,2026-08-31T18:17:16.081Z,separate_executor,quote_run_dispatch_probe,10,495.39,success,,200,success
p3-ex-official-vu10,c7f5f2ea-34d9-4aed-bef5-5aa4945b04a2,2026-08-31T18:17:16.101Z,separate_executor,quote_run_dispatch_probe,10,618.3,success,,200,success
p3-ex-official-vu10,e01232c2-6fe0-480b-8732-264e8cb741fc,2026-08-31T18:17:16.129Z,separate_executor,quote_run_dispatch_probe,10,587.98,success,,200,success
p3-ex-official-vu10,9ff531f1-8ced-4532-ba4d-d2dc5d434b86,2026-08-31T18:17:16.135Z,separate_executor,quote_run_dispatch_probe,10,458.89,success,,200,success
p3-ex-official-vu10,6444e285-26b6-40fb-8a50-10c6a80c827a,2026-08-31T18:17:16.204Z,separate_executor,quote_run_dispatch_probe,10,801.8,success,,200,success
p3-ex-official-vu10,4a1a0dcf-f3fd-45ac-98f6-6643f308d620,2026-08-31T18:17:16.240Z,separate_executor,quote_run_dispatch_probe,10,626.29,success,,200,success
p3-ex-official-vu10,435cff0f-c2a7-42a4-960b-f2880b907191,2026-08-31T18:17:16.390Z,separate_executor,quote_run_dispatch_probe,10,691.78,success,,200,success
p3-ex-official-vu10,e5650da3-fc0c-4ec4-bd72-5d0368599919,2026-08-31T18:17:16.414Z,separate_executor,quote_run_dispatch_probe,10,678.41,success,,200,success
p3-ex-official-vu10,7e5be35f-5bbc-4876-97f7-658bfa9221f2,2026-08-31T18:17:16.524Z,separate_executor,quote_run_dispatch_probe,10,625.82,success,,200,success
p3-ex-official-vu10,f4eb5955-d891-476b-b4e1-bb3b355f0e85,2026-08-31T18:17:16.542Z,separate_executor,quote_run_dispatch_probe,10,406.65,success,,200,success
p3-ex-official-vu10,e1fa3b8f-4267-45f1-95bf-a61ce2965edc,2026-08-31T18:17:16.552Z,separate_executor,quote_run_dispatch_probe,10,510.66,success,,200,success
p3-ex-official-vu10,54d24a15-fea8-4b80-a802-03ea2d5ef9db,2026-08-31T18:17:16.606Z,separate_executor,quote_run_dispatch_probe,10,524.54,success,,200,success
p3-ex-official-vu10,3a26e171-904d-4e4a-8cfd-6cfea01a532f,2026-08-31T18:17:16.673Z,separate_executor,quote_run_dispatch_probe,10,544.11,success,,200,success
p3-ex-official-vu10,f2aef303-7633-4531-b97f-ed46bbad97c9,2026-08-31T18:17:16.711Z,separate_executor,quote_run_dispatch_probe,10,609.69,success,,200,success
p3-ex-official-vu10,875a53ac-cd1c-4818-a222-0b848148cad3,2026-08-31T18:17:16.848Z,separate_executor,quote_run_dispatch_probe,10,607.53,success,,200,success
p3-ex-official-vu10,bf76072f-4150-4a16-bc21-547a88562612,2026-08-31T18:17:16.945Z,separate_executor,quote_run_dispatch_probe,10,403.09,success,,200,success
p3-ex-official-vu10,3b863a03-0e5a-4612-bf9a-da696bbd7a11,2026-08-31T18:17:17.013Z,separate_executor,quote_run_dispatch_probe,10,809.69,success,,200,success
p3-ex-official-vu10,57938bee-e6ec-46f9-8938-4c8e6333798d,2026-08-31T18:17:17.056Z,separate_executor,quote_run_dispatch_probe,10,642.72,success,,200,success
p3-ex-official-vu10,03265b2e-f49f-4b63-b8f3-08359c7db91f,2026-08-31T18:17:17.104Z,separate_executor,quote_run_dispatch_probe,10,497.96,success,,200,success
p3-ex-official-vu10,c165213e-7ce6-4a82-8a44-17674c071e27,2026-08-31T18:17:17.139Z,separate_executor,quote_run_dispatch_probe,10,748.54,success,,200,success
p3-ex-official-vu10,d9b68963-b9dc-4f18-ae7c-ac23b721a221,2026-08-31T18:17:17.198Z,separate_executor,quote_run_dispatch_probe,10,645.24,success,,200,success
p3-ex-official-vu10,843439f7-c2e4-419b-85d9-d479b6424f23,2026-08-31T18:17:17.267Z,separate_executor,quote_run_dispatch_probe,10,742.63,success,,200,success
p3-ex-official-vu10,d452217f-d61b-4826-9ff0-33eccdc666de,2026-08-31T18:17:17.274Z,separate_executor,quote_run_dispatch_probe,10,600.47,success,,200,success
p3-ex-official-vu10,11b7f360-f5d5-4e99-9ea9-ec948dbbb20a,2026-08-31T18:17:17.374Z,separate_executor,quote_run_dispatch_probe,10,429.59,success,,200,success
p3-ex-official-vu10,2b37d475-2ffe-4b4c-a17a-fe88dbe02ca4,2026-08-31T18:17:17.389Z,separate_executor,quote_run_dispatch_probe,10,678.14,success,,200,success
p3-ex-official-vu10,d306c22a-002a-4a85-a546-5ea4c1ebd313,2026-08-31T18:17:17.468Z,separate_executor,quote_run_dispatch_probe,10,619.9,success,,200,success
p3-ex-official-vu10,1d7c4163-594a-481f-94b6-cd17f52e1c41,2026-08-31T18:17:17.606Z,separate_executor,quote_run_dispatch_probe,10,502.23,success,,200,success
p3-ex-official-vu10,1edb0617-5374-4160-b293-fafb6cffbcb7,2026-08-31T18:17:17.690Z,separate_executor,quote_run_dispatch_probe,10,633.26,success,,200,success
p3-ex-official-vu10,92b47fbe-f0f5-483c-8714-4285b2d232aa,2026-08-31T18:17:17.787Z,separate_executor,quote_run_dispatch_probe,10,773.64,success,,200,success
p3-ex-official-vu10,a7552af1-d2d9-49d9-b777-fa8e3cea5f8a,2026-08-31T18:17:17.828Z,separate_executor,quote_run_dispatch_probe,10,454.06,success,,200,success
p3-ex-official-vu10,d7a99cea-d2ac-450b-a83e-08e41687a495,2026-08-31T18:17:17.841Z,separate_executor,quote_run_dispatch_probe,10,643.73,success,,200,success
p3-ex-official-vu10,0a9fc06f-5916-4abf-a990-c68532ee3464,2026-08-31T18:17:17.871Z,separate_executor,quote_run_dispatch_probe,10,732.25,success,,200,success
p3-ex-official-vu10,9b16a5ad-7890-4636-baae-50db4f81d915,2026-08-31T18:17:17.872Z,separate_executor,quote_run_dispatch_probe,10,605.9,success,,200,success
p3-ex-official-vu10,4f5d09e7-f00b-4c2a-9b46-45d04dc66b05,2026-08-31T18:17:17.958Z,separate_executor,quote_run_dispatch_probe,10,684.87,success,,200,success
p3-ex-official-vu10,1c925dba-892e-4fbb-8523-706cf0017542,2026-08-31T18:17:17.994Z,separate_executor,quote_run_dispatch_probe,10,604.45,success,,200,success
p3-ex-official-vu10,c361fa69-1f70-4670-9b16-e5540eac2824,2026-08-31T18:17:18.067Z,separate_executor,quote_run_dispatch_probe,10,599.16,success,,200,success
p3-ex-official-vu10,ee88220d-4c6b-44ad-bd5b-056065921a53,2026-08-31T18:17:18.100Z,separate_executor,quote_run_dispatch_probe,10,493.82,success,,200,success
p3-ex-official-vu10,957be35a-e86a-47a7-b2aa-7f6e91eaac89,2026-08-31T18:17:18.241Z,separate_executor,quote_run_dispatch_probe,10,410.19,success,,200,success
p3-ex-official-vu10,514b4469-ef9f-4066-bb2a-756ef6965db1,2026-08-31T18:17:18.353Z,separate_executor,quote_run_dispatch_probe,10,511.87,success,,200,success
p3-ex-official-vu10,cf52b02d-80bf-4f5d-bb4f-8de70b926ae1,2026-08-31T18:17:18.367Z,separate_executor,quote_run_dispatch_probe,10,676.8,success,,200,success
p3-ex-official-vu10,cd00153e-23c9-4ea5-ab7f-eef30916f68c,2026-08-31T18:17:18.463Z,separate_executor,quote_run_dispatch_probe,10,591.51,success,,200,success
p3-ex-official-vu10,a5a83bf3-6cab-4281-b619-408574796bea,2026-08-31T18:17:18.581Z,separate_executor,quote_run_dispatch_probe,10,794.14,success,,200,success
p3-ex-official-vu10,4cc39ccc-a3c4-4a4a-ac88-f6dd99ed7aa8,2026-08-31T18:17:18.589Z,separate_executor,quote_run_dispatch_probe,10,630.74,success,,200,success
p3-ex-official-vu10,9caafafb-a31f-4721-be51-472995ecda49,2026-08-31T18:17:18.649Z,separate_executor,quote_run_dispatch_probe,10,655.85,success,,200,success
p3-ex-official-vu10,05c0f530-48f2-4223-b59a-247799ba5588,2026-08-31T18:17:18.651Z,separate_executor,quote_run_dispatch_probe,10,550.88,success,,200,success
p3-ex-official-vu10,9f624487-844e-46b7-bedb-7cf3061dfc94,2026-08-31T18:17:18.659Z,separate_executor,quote_run_dispatch_probe,10,417.95,success,,200,success
p3-ex-official-vu10,f35e5e98-8bc6-45f8-895c-2862909f331d,2026-08-31T18:17:18.714Z,separate_executor,quote_run_dispatch_probe,10,647.63,success,,200,success
p3-ex-official-vu10,c92c81f1-10c8-4c15-819e-f5ed323fce54,2026-08-31T18:17:18.715Z,separate_executor,quote_run_dispatch_probe,10,842.51,success,,200,success
p3-ex-official-vu10,d34cbba1-ff14-4c6e-9f8c-01fd3ec5a2cf,2026-08-31T18:17:18.980Z,separate_executor,quote_run_dispatch_probe,10,626.83,success,,200,success
p3-ex-official-vu10,6292ad2a-dc3f-43f6-b755-770d73bc5ded,2026-08-31T18:17:19.019Z,separate_executor,quote_run_dispatch_probe,10,652.42,success,,200,success
p3-ex-official-vu10,734b15c7-ffec-423e-b8c4-2adfecdeef38,2026-08-31T18:17:19.030Z,separate_executor,quote_run_dispatch_probe,10,567.58,success,,200,success
p3-ex-official-vu10,f1e8b3ab-e9fd-4878-b4f6-69f4873d0722,2026-08-31T18:17:19.051Z,separate_executor,quote_run_dispatch_probe,10,391.24,success,,200,success
p3-ex-official-vu10,d18b078b-0186-4b17-b726-d8695b906677,2026-08-31T18:17:19.181Z,separate_executor,quote_run_dispatch_probe,10,531.92,success,,200,success
p3-ex-official-vu10,0206b36d-01b3-4819-b524-3c3dafdb427f,2026-08-31T18:17:19.256Z,separate_executor,quote_run_dispatch_probe,10,605.34,success,,200,success
p3-ex-official-vu10,0e88d271-0426-4551-b3c9-3aeaf0eba026,2026-08-31T18:17:19.324Z,separate_executor,quote_run_dispatch_probe,10,734.31,success,,200,success
p3-ex-official-vu10,c8559299-70f4-42e6-9ea9-7a6bfdf77801,2026-08-31T18:17:19.396Z,separate_executor,quote_run_dispatch_probe,10,681.52,success,,200,success
p3-ex-official-vu10,75ba7de8-65ba-438d-81c3-ac739d616e3b,2026-08-31T18:17:19.526Z,separate_executor,quote_run_dispatch_probe,10,944.44,success,,200,success
p3-ex-official-vu10,cd778fc0-e84d-4f7b-b37a-828a50601fd9,2026-08-31T18:17:19.527Z,separate_executor,quote_run_dispatch_probe,10,812.38,success,,200,success
p3-ex-official-vu10,39ffb1ca-7c45-4ddd-8b72-cded163594cd,2026-08-31T18:17:19.529Z,separate_executor,quote_run_dispatch_probe,10,477.86,success,,200,success
p3-ex-official-vu10,df96950a-9b7b-4bcb-b9b2-c37ea873b2ef,2026-08-31T18:17:19.549Z,separate_executor,quote_run_dispatch_probe,10,568.97,success,,200,success
p3-ex-official-vu10,fe4d411d-3474-409a-8191-c2c644a94257,2026-08-31T18:17:19.668Z,separate_executor,quote_run_dispatch_probe,10,638.1,success,,200,success
p3-ex-official-vu10,2b26f863-3bd3-4a78-a1b8-533812fe796f,2026-08-31T18:17:19.669Z,separate_executor,quote_run_dispatch_probe,10,650,success,,200,success
p3-ex-official-vu10,9dbb1555-8b55-42c3-b457-93d570db9e86,2026-08-31T18:17:19.742Z,separate_executor,quote_run_dispatch_probe,10,560.55,success,,200,success
p3-ex-official-vu10,f9530ccd-6f1f-4671-b44a-9062a415ba5a,2026-08-31T18:17:19.864Z,separate_executor,quote_run_dispatch_probe,10,607.55,success,,200,success
p3-ex-official-vu10,7dede6fd-8f9e-4ccd-a141-ea4742335408,2026-08-31T18:17:19.933Z,separate_executor,quote_run_dispatch_probe,10,609.77,success,,200,success
p3-ex-official-vu10,ec4ffacc-1c26-493a-8072-fa96cd553ce2,2026-08-31T18:17:19.999Z,separate_executor,quote_run_dispatch_probe,10,471.78,success,,200,success
p3-ex-official-vu10,eea894a1-2858-48de-8164-9d27b46b61ea,2026-08-31T18:17:20.066Z,separate_executor,quote_run_dispatch_probe,10,670.37,success,,200,success
p3-ex-official-vu10,7b9aa153-936a-4138-ad53-da1d23be2274,2026-08-31T18:17:20.084Z,separate_executor,quote_run_dispatch_probe,10,534.73,success,,200,success
p3-ex-official-vu10,8dcffcf3-cf6e-4eea-b866-b217391e9abc,2026-08-31T18:17:20.503Z,separate_executor,quote_run_dispatch_probe,10,974.67,success,,200,success
p3-ex-official-vu10,26d514ad-e73e-489c-8462-06f96756f523,2026-08-31T18:17:20.504Z,separate_executor,quote_run_dispatch_probe,10,762,success,,200,success
p3-ex-official-vu10,0f1e3bd5-3806-46bb-bfdd-6db74f11868e,2026-08-31T18:17:20.505Z,separate_executor,quote_run_dispatch_probe,10,836.68,success,,200,success
p3-ex-official-vu10,8ee4591b-0c06-4178-b461-1b8b5dd09312,2026-08-31T18:17:20.506Z,separate_executor,quote_run_dispatch_probe,10,836.49,success,,200,success
p3-ex-official-vu10,5310972d-ccd1-43a2-a9ca-2e5963800ba1,2026-08-31T18:17:20.506Z,separate_executor,quote_run_dispatch_probe,10,980.26,success,,200,success
p3-ex-official-vu10,c33af3ac-d95e-4aa2-977d-ca726f4ad221,2026-08-31T18:17:20.506Z,separate_executor,quote_run_dispatch_probe,10,507.25,success,,200,success
p3-ex-official-vu10,6164f47a-5b6f-4b97-ac4a-5b53c98957ea,2026-08-31T18:17:20.507Z,separate_executor,quote_run_dispatch_probe,10,643.48,success,,200,success
p3-ex-official-vu10,c11fc81f-7bf2-4788-8e42-eb054e1b29fb,2026-08-31T18:17:20.550Z,separate_executor,quote_run_dispatch_probe,10,616.43,success,,200,success
p3-ex-official-vu10,d65f6aaf-a2c3-4f36-a926-daf91121be2e,2026-08-31T18:17:20.614Z,separate_executor,quote_run_dispatch_probe,10,530.09,success,,200,success
p3-ex-official-vu10,32865737-4af2-463a-992a-bd2018a78691,2026-08-31T18:17:20.751Z,separate_executor,quote_run_dispatch_probe,10,684.38,success,,200,success
p3-ex-official-vu10,55ccbf79-eb24-4db5-a62a-d03a1eff7d18,2026-08-31T18:17:20.958Z,separate_executor,quote_run_dispatch_probe,10,451.99,success,,200,success
p3-ex-official-vu10,12ce51f9-d7a5-4033-bb71-5d8acbc8e555,2026-08-31T18:17:21.026Z,separate_executor,quote_run_dispatch_probe,10,521.68,success,,200,success
p3-ex-official-vu10,1cf4e15f-937e-4f15-ab86-3763ab56d857,2026-08-31T18:17:21.090Z,separate_executor,quote_run_dispatch_probe,10,586.82,success,,200,success
p3-ex-official-vu10,df5093e2-69fb-4473-845c-1b9b3e609883,2026-08-31T18:17:21.169Z,separate_executor,quote_run_dispatch_probe,10,663.35,success,,200,success
p3-ex-official-vu10,6664a2c5-8155-443e-b8f9-c4c92d90a8be,2026-08-31T18:17:21.180Z,separate_executor,quote_run_dispatch_probe,10,565.52,success,,200,success
p3-ex-official-vu10,3a59060a-1468-4361-b169-bfdb4d2f19b1,2026-08-31T18:17:21.213Z,separate_executor,quote_run_dispatch_probe,10,705.83,success,,200,success
p3-ex-official-vu10,d4762cd2-0c53-4bd4-8c4a-56f32c9d915b,2026-08-31T18:17:21.269Z,separate_executor,quote_run_dispatch_probe,10,719.27,success,,200,success
p3-ex-official-vu10,6aff837d-d97f-4537-92e7-5078440aa016,2026-08-31T18:17:21.293Z,separate_executor,quote_run_dispatch_probe,10,786.27,success,,200,success
p3-ex-official-vu10,2959cfc9-6769-40f4-9196-e4843a41c454,2026-08-31T18:17:21.348Z,separate_executor,quote_run_dispatch_probe,10,389.79,success,,200,success
p3-ex-official-vu10,683583cd-65fd-4d48-88d1-b74a09155b9f,2026-08-31T18:17:21.365Z,separate_executor,quote_run_dispatch_probe,10,613.9,success,,200,success
p3-ex-official-vu10,3f4a4ddf-b8f4-45a6-8b91-83eb5242ab49,2026-08-31T18:17:21.366Z,separate_executor,quote_run_dispatch_probe,10,860.58,success,,200,success
p3-ex-official-vu10,50e38e08-aee0-4d87-bba0-98782d444707,2026-08-31T18:17:21.561Z,separate_executor,quote_run_dispatch_probe,10,535.74,success,,200,success
p3-ex-official-vu10,bb4bd061-bb37-4041-b82e-0431d6e422f4,2026-08-31T18:17:21.632Z,separate_executor,quote_run_dispatch_probe,10,542.2,success,,200,success
p3-ex-official-vu10,594893e2-4f8d-4d30-89b4-4360593d9977,2026-08-31T18:17:21.787Z,separate_executor,quote_run_dispatch_probe,10,439.52,success,,200,success
p3-ex-official-vu10,978cdd80-b42b-4cc5-97b2-61a74fd8e1e9,2026-08-31T18:17:21.828Z,separate_executor,quote_run_dispatch_probe,10,614.78,success,,200,success
p3-ex-official-vu10,49f41d16-bb16-4ef0-922c-5b58f9d38c39,2026-08-31T18:17:21.867Z,separate_executor,quote_run_dispatch_probe,10,698.07,success,,200,success
p3-ex-official-vu10,e9fd813c-40c6-49c1-9afc-d323e48f18eb,2026-08-31T18:17:21.893Z,separate_executor,quote_run_dispatch_probe,10,713.09,success,,200,success
p3-ex-official-vu10,9df3e4d2-0424-4131-9443-f730096ae697,2026-08-31T18:17:21.923Z,separate_executor,quote_run_dispatch_probe,10,654.18,success,,200,success
p3-ex-official-vu10,3c892e55-1b31-4c15-aa8e-614c00cd2ebc,2026-08-31T18:17:21.964Z,separate_executor,quote_run_dispatch_probe,10,598.85,success,,200,success
p3-ex-official-vu10,882ef95c-b07f-464f-9d17-1fe8314b3e2e,2026-08-31T18:17:21.984Z,separate_executor,quote_run_dispatch_probe,10,690.77,success,,200,success
p3-ex-official-vu10,b479111e-2589-4fd1-968d-e6b72220a977,2026-08-31T18:17:22.104Z,separate_executor,quote_run_dispatch_probe,10,542.53,success,,200,success
p3-ex-official-vu10,73614202-c089-46cf-a041-bcba8ccb97b5,2026-08-31T18:17:22.173Z,separate_executor,quote_run_dispatch_probe,10,540.55,success,,200,success
p3-ex-official-vu10,88c24649-84f2-4021-8f06-62b865280ec4,2026-08-31T18:17:22.201Z,separate_executor,quote_run_dispatch_probe,10,414.04,success,,200,success
p3-ex-official-vu10,0b46db7d-02b3-4875-bd68-56f1e9fab03a,2026-08-31T18:17:22.242Z,separate_executor,quote_run_dispatch_probe,10,876.48,success,,200,success
p3-ex-official-vu10,23e4c67f-813c-4f4d-908b-5b5355fb04c8,2026-08-31T18:17:22.401Z,separate_executor,quote_run_dispatch_probe,10,573.32,success,,200,success
p3-ex-official-vu10,de3bf775-e12b-41fb-94b5-1fddc03f6613,2026-08-31T18:17:22.522Z,separate_executor,quote_run_dispatch_probe,10,598.35,success,,200,success
p3-ex-official-vu10,0f1094f5-8afe-4e9a-9e5f-01a96b02cbfb,2026-08-31T18:17:22.551Z,separate_executor,quote_run_dispatch_probe,10,587.16,success,,200,success
p3-ex-official-vu10,51eb6675-cf15-4696-a686-2745dbf7692d,2026-08-31T18:17:22.566Z,separate_executor,quote_run_dispatch_probe,10,698.88,success,,200,success
p3-ex-official-vu10,b21545ca-8622-4e6c-bc0c-5e37d54f4089,2026-08-31T18:17:22.600Z,separate_executor,quote_run_dispatch_probe,10,398.84,success,,200,success
p3-ex-official-vu10,c63c72af-a285-479a-81f7-0760a4d81bc1,2026-08-31T18:17:22.606Z,separate_executor,quote_run_dispatch_probe,10,502.2,success,,200,success
p3-ex-official-vu10,5cfab851-6b42-4329-8768-5c6941dae02e,2026-08-31T18:17:22.673Z,separate_executor,quote_run_dispatch_probe,10,780.01,success,,200,success
p3-ex-official-vu10,9d2f7b96-90f3-4599-aeb2-d13627da5153,2026-08-31T18:17:22.720Z,separate_executor,quote_run_dispatch_probe,10,547.11,success,,200,success
p3-ex-official-vu10,f081f8b8-369e-4bd7-9289-e7c9e6ac00a1,2026-08-31T18:17:22.763Z,separate_executor,quote_run_dispatch_probe,10,779.52,success,,200,success
p3-ex-official-vu10,9978b45b-90b4-491c-93e8-c17ff471dd6c,2026-08-31T18:17:22.990Z,separate_executor,quote_run_dispatch_probe,10,588.88,success,,200,success
p3-ex-official-vu10,2ef1c790-5ce8-49c3-8495-21574a0b21a7,2026-08-31T18:17:23.004Z,separate_executor,quote_run_dispatch_probe,10,403.29,success,,200,success
p3-ex-official-vu10,aadb9c50-3041-4de6-a39d-81fda817dd48,2026-08-31T18:17:23.091Z,separate_executor,quote_run_dispatch_probe,10,569.5,success,,200,success
p3-ex-official-vu10,7b31ab96-d4f2-4b0f-975d-4c6f84efd1b0,2026-08-31T18:17:23.111Z,separate_executor,quote_run_dispatch_probe,10,505.28,success,,200,success
p3-ex-official-vu10,84a25d2e-d12e-4dad-8162-cef0fd32afed,2026-08-31T18:17:23.141Z,separate_executor,quote_run_dispatch_probe,10,590.41,success,,200,success
p3-ex-official-vu10,b7ba0f3b-d464-4d64-afdf-abea7b0531ae,2026-08-31T18:17:23.180Z,separate_executor,quote_run_dispatch_probe,10,613.67,success,,200,success
p3-ex-official-vu10,fbdb30a3-3e41-4f15-839c-fd0c47d4c8a1,2026-08-31T18:17:23.265Z,separate_executor,quote_run_dispatch_probe,10,592.63,success,,200,success
p3-ex-official-vu10,c6525807-4d93-40b9-97ed-c4edecbddea1,2026-08-31T18:17:23.300Z,separate_executor,quote_run_dispatch_probe,10,580.43,success,,200,success
p3-ex-official-vu10,bd839108-2860-4804-b182-4213fcbc3a08,2026-08-31T18:17:23.320Z,separate_executor,quote_run_dispatch_probe,10,1077.57,success,,200,success
p3-ex-official-vu10,41df735f-6a46-4b01-9d1b-47016fbda8f2,2026-08-31T18:17:23.441Z,separate_executor,quote_run_dispatch_probe,10,437.05,success,,200,success
p3-ex-official-vu10,246ab107-08b3-4638-9696-1774bed167af,2026-08-31T18:17:23.598Z,separate_executor,quote_run_dispatch_probe,10,835.01,success,,200,success
p3-ex-official-vu10,3849531c-902a-4d12-bc37-b1c385be3a81,2026-08-31T18:17:23.629Z,separate_executor,quote_run_dispatch_probe,10,638.86,success,,200,success
p3-ex-official-vu10,ba55cfb1-70b2-4831-8ed7-230a1fff438e,2026-08-31T18:17:23.632Z,separate_executor,quote_run_dispatch_probe,10,520.92,success,,200,success
p3-ex-official-vu10,2dca1b74-547d-4740-a774-7e59c3832df7,2026-08-31T18:17:23.681Z,separate_executor,quote_run_dispatch_probe,10,589.94,success,,200,success
p3-ex-official-vu10,217cde9c-95ca-4311-8933-b9a3054b0f89,2026-08-31T18:17:23.741Z,separate_executor,quote_run_dispatch_probe,10,600.05,success,,200,success
p3-ex-official-vu10,f3e18cc0-9bbf-41df-a7dc-51ada3ceef8b,2026-08-31T18:17:23.838Z,separate_executor,quote_run_dispatch_probe,10,658.81,success,,200,success
p3-ex-official-vu10,221e61f7-1b59-461d-818b-029243a9a271,2026-08-31T18:17:23.857Z,separate_executor,quote_run_dispatch_probe,10,556.97,success,,200,success
p3-ex-official-vu10,b213fee2-aaca-4d5d-9083-f4531207b18d,2026-08-31T18:17:23.865Z,separate_executor,quote_run_dispatch_probe,10,423.88,success,,200,success
p3-ex-official-vu10,6943dae5-011f-4ba0-aaf1-37046b948118,2026-08-31T18:17:23.957Z,separate_executor,quote_run_dispatch_probe,10,691.18,success,,200,success
p3-ex-official-vu10,e31b8a17-551c-430b-97f9-072d6f69017d,2026-08-31T18:17:24.153Z,separate_executor,quote_run_dispatch_probe,10,519.47,success,,200,success
p3-ex-official-vu10,e080f7f6-23d2-4206-96a2-b5b224954784,2026-08-31T18:17:24.235Z,separate_executor,quote_run_dispatch_probe,10,606.5,success,,200,success
p3-ex-official-vu10,a45466fa-bdb9-46f2-8354-a110f19dc326,2026-08-31T18:17:24.249Z,separate_executor,quote_run_dispatch_probe,10,568.33,success,,200,success
p3-ex-official-vu10,71298d21-3a3c-4579-8b23-961c73b99536,2026-08-31T18:17:24.274Z,separate_executor,quote_run_dispatch_probe,10,409.16,success,,200,success
p3-ex-official-vu10,046d12a5-7a09-4a43-91da-dadefce5457c,2026-08-31T18:17:24.310Z,separate_executor,quote_run_dispatch_probe,10,990.66,success,,200,success
p3-ex-official-vu10,62c763d4-1760-474f-b84d-a294cb23d6fa,2026-08-31T18:17:24.315Z,separate_executor,quote_run_dispatch_probe,10,573.84,success,,200,success
p3-ex-official-vu10,ebc81424-7cf5-4097-b0d4-aa009cf1832f,2026-08-31T18:17:24.327Z,separate_executor,quote_run_dispatch_probe,10,729.21,success,,200,success
p3-ex-official-vu10,0dfff72c-fd03-45dc-a184-d1bb92cf7347,2026-08-31T18:17:24.408Z,separate_executor,quote_run_dispatch_probe,10,550.8,success,,200,success
p3-ex-official-vu10,4ad53c52-f39a-466a-9121-b627d7cad7b5,2026-08-31T18:17:24.473Z,separate_executor,quote_run_dispatch_probe,10,634.58,success,,200,success
p3-ex-official-vu10,02ce589e-c952-41ed-9820-e6ede66c20e5,2026-08-31T18:17:24.508Z,separate_executor,quote_run_dispatch_probe,10,551.5,success,,200,success
p3-ex-official-vu10,6c0583a4-bc9a-401e-86b8-4fa41b256777,2026-08-31T18:17:24.687Z,separate_executor,quote_run_dispatch_probe,10,413.13,success,,200,success
p3-ex-official-vu10,dc598ddd-6e50-4510-81d3-6cce81cddce9,2026-08-31T18:17:24.692Z,separate_executor,quote_run_dispatch_probe,10,539.01,success,,200,success
p3-ex-official-vu10,928472ba-6a17-42df-bd08-7b1ca855e502,2026-08-31T18:17:24.797Z,separate_executor,quote_run_dispatch_probe,10,547.9,success,,200,success
p3-ex-official-vu10,4a0fa10b-4d63-436e-8188-8651795ad5db,2026-08-31T18:17:24.856Z,separate_executor,quote_run_dispatch_probe,10,620.37,success,,200,success
p3-ex-official-vu10,1dfd24cb-22c7-406f-888d-2fe87ce4ccee,2026-08-31T18:17:24.930Z,separate_executor,quote_run_dispatch_probe,10,614.69,success,,200,success
p3-ex-official-vu10,a5a50d21-8c4e-470f-8ab1-820ed8f06814,2026-08-31T18:17:24.963Z,separate_executor,quote_run_dispatch_probe,10,554.38,success,,200,success
p3-ex-official-vu10,b9477f5d-f806-4598-abbf-28d210271cec,2026-08-31T18:17:25.063Z,separate_executor,quote_run_dispatch_probe,10,735.68,success,,200,success
p3-ex-official-vu10,b582b827-72d7-4730-a17d-df8b7290ff3c,2026-08-31T18:17:25.066Z,separate_executor,quote_run_dispatch_probe,10,557.28,success,,200,success
p3-ex-official-vu10,676b1cde-1986-4156-a087-114a61f5d7c0,2026-08-31T18:17:25.112Z,separate_executor,quote_run_dispatch_probe,10,424.86,success,,200,success
p3-ex-official-vu10,f2ea8140-6147-452d-af6d-ae1951c41e08,2026-08-31T18:17:25.163Z,separate_executor,quote_run_dispatch_probe,10,853.06,success,,200,success
p3-ex-official-vu10,30d385ea-9586-43bd-b98a-b05498bd17c5,2026-08-31T18:17:25.164Z,separate_executor,quote_run_dispatch_probe,10,690.81,success,,200,success
p3-ex-official-vu10,9728b1ad-e2a6-42f9-a9b1-cc21b21e4e12,2026-08-31T18:17:25.179Z,separate_executor,quote_run_dispatch_probe,10,487.45,success,,200,success
p3-ex-official-vu10,cfebe062-53b3-4723-beb0-e20cca91bf87,2026-08-31T18:17:25.372Z,separate_executor,quote_run_dispatch_probe,10,574.88,success,,200,success
p3-ex-official-vu10,9c940dae-ccac-4462-a42c-bccba3412ae1,2026-08-31T18:17:25.436Z,separate_executor,quote_run_dispatch_probe,10,580.53,success,,200,success
p3-ex-official-vu10,ce9b7a76-7796-4278-943d-604ac6e06bec,2026-08-31T18:17:25.504Z,separate_executor,quote_run_dispatch_probe,10,391.78,success,,200,success
p3-ex-official-vu10,3298d8ae-134a-4266-937f-b7157e55b052,2026-08-31T18:17:25.516Z,separate_executor,quote_run_dispatch_probe,10,586.09,success,,200,success
p3-ex-official-vu10,df847b81-424c-49e4-9db3-eec0f4df1fef,2026-08-31T18:17:25.528Z,separate_executor,quote_run_dispatch_probe,10,565.07,success,,200,success
p3-ex-official-vu10,751747ae-2d11-4a23-8f8d-88df68007502,2026-08-31T18:17:25.579Z,separate_executor,quote_run_dispatch_probe,10,513.61,success,,200,success
p3-ex-official-vu10,acfe5925-205d-4ae1-a79b-484070247242,2026-08-31T18:17:26.129Z,separate_executor,quote_run_dispatch_probe,10,949.39,success,,200,success
p3-ex-official-vu10,027fb877-7870-41b3-9898-22b590458dda,2026-08-31T18:17:26.130Z,separate_executor,quote_run_dispatch_probe,10,1066.78,success,,200,success
p3-ex-official-vu10,9b902809-c9b0-45bc-8ac9-9ca2fcdcbc33,2026-08-31T18:17:26.130Z,separate_executor,quote_run_dispatch_probe,10,966.4,success,,200,success
p3-ex-official-vu10,e583299a-333e-4803-ad7f-bbe2dffd3137,2026-08-31T18:17:26.131Z,separate_executor,quote_run_dispatch_probe,10,626.95,success,,200,success
p3-ex-official-vu10,f4c5c5b8-3066-43cf-9012-5579c7e6dcf2,2026-08-31T18:17:26.138Z,separate_executor,quote_run_dispatch_probe,10,765.55,success,,200,success
p3-ex-official-vu10,7c300c6f-f474-4f29-a051-3bd5f7e656f3,2026-08-31T18:17:26.242Z,separate_executor,quote_run_dispatch_probe,10,1078.86,success,,200,success
p3-ex-official-vu10,d516989f-1445-4295-be3e-b9e88b1a8e31,2026-08-31T18:17:26.249Z,separate_executor,quote_run_dispatch_probe,10,812.76,success,,200,success
p3-ex-official-vu10,dba4ed5a-aaab-4ad3-8af0-4c9a4d893ec4,2026-08-31T18:17:26.283Z,separate_executor,quote_run_dispatch_probe,10,755.25,success,,200,success
p3-ex-official-vu10,e7c8e14c-3f74-4da6-8c28-cb2264bb316c,2026-08-31T18:17:26.288Z,separate_executor,quote_run_dispatch_probe,10,771.94,success,,200,success
p3-ex-official-vu10,c5a8b12a-bd5c-4fc8-ac11-9734f1f00373,2026-08-31T18:17:26.300Z,separate_executor,quote_run_dispatch_probe,10,720.95,success,,200,success
p3-ex-official-vu10,e9f96cc3-2448-4421-9713-389e0d48979d,2026-08-31T18:17:26.563Z,separate_executor,quote_run_dispatch_probe,10,424.87,success,,200,success
p3-ex-official-vu10,f5655e53-90d7-4198-ad93-23605de6e477,2026-08-31T18:17:26.619Z,separate_executor,quote_run_dispatch_probe,10,490.21,success,,200,success
p3-ex-official-vu10,28bed07e-e90e-4888-9615-c3180030237a,2026-08-31T18:17:26.789Z,separate_executor,quote_run_dispatch_probe,10,659.17,success,,200,success
p3-ex-official-vu10,d3df1624-6d83-4433-9e6f-2fea5d0202b1,2026-08-31T18:17:26.792Z,separate_executor,quote_run_dispatch_probe,10,661.26,success,,200,success
p3-ex-official-vu10,8d0fdb74-bf34-4afb-9940-0f4f7236f91d,2026-08-31T18:17:26.839Z,separate_executor,quote_run_dispatch_probe,10,538.67,success,,200,success
p3-ex-official-vu10,06745379-2e7e-4786-8e67-1cb72535755f,2026-08-31T18:17:26.852Z,separate_executor,quote_run_dispatch_probe,10,609.52,success,,200,success
p3-ex-official-vu10,4222355f-0fe1-4f6c-8620-cc5c50bd15f6,2026-08-31T18:17:26.881Z,separate_executor,quote_run_dispatch_probe,10,592.63,success,,200,success
p3-ex-official-vu10,ad0287a1-01ad-4ffe-aa35-d8ff652929d2,2026-08-31T18:17:26.901Z,separate_executor,quote_run_dispatch_probe,10,651.79,success,,200,success
p3-ex-official-vu10,56033b2c-de47-4ef9-b54e-d5becf6638c8,2026-08-31T18:17:26.963Z,separate_executor,quote_run_dispatch_probe,10,833.12,success,,200,success
p3-ex-official-vu10,acf9a7ea-e686-4d86-a844-8aa987a8aaa1,2026-08-31T18:17:27.066Z,separate_executor,quote_run_dispatch_probe,10,502.8,success,,200,success
p3-ex-official-vu10,e63ee96b-51d1-487b-b40b-689e9ba90173,2026-08-31T18:17:27.149Z,separate_executor,quote_run_dispatch_probe,10,530.21,success,,200,success
p3-ex-official-vu10,b24a9c7a-495e-4d4d-945e-41f65ec0f44a,2026-08-31T18:17:27.286Z,separate_executor,quote_run_dispatch_probe,10,1003.23,success,,200,success
p3-ex-official-vu10,9bee156d-382e-4aa9-9337-6d6c4730b67d,2026-08-31T18:17:27.329Z,separate_executor,quote_run_dispatch_probe,10,490,success,,200,success
p3-ex-official-vu10,4b0573b5-397e-44e1-a164-133462bf1121,2026-08-31T18:17:27.361Z,separate_executor,quote_run_dispatch_probe,10,572.46,success,,200,success
p3-ex-official-vu10,67b7c224-cab7-45f8-8af1-3847f0a085c1,2026-08-31T18:17:27.386Z,separate_executor,quote_run_dispatch_probe,10,534.55,success,,200,success
p3-ex-official-vu10,08ec1e00-ae18-48d8-a596-a66ef4ffef89,2026-08-31T18:17:27.401Z,separate_executor,quote_run_dispatch_probe,10,609.37,success,,200,success
p3-ex-official-vu10,4046f58d-2757-4878-b072-cb6143b79744,2026-08-31T18:17:27.450Z,separate_executor,quote_run_dispatch_probe,10,569.22,success,,200,success
p3-ex-official-vu10,88b1403d-9bfc-47dc-ba56-4ddeed4c4098,2026-08-31T18:17:27.485Z,separate_executor,quote_run_dispatch_probe,10,419.14,success,,200,success
p3-ex-official-vu10,7b3e5818-e718-4180-8115-9ef597ceef94,2026-08-31T18:17:27.492Z,separate_executor,quote_run_dispatch_probe,10,591.23,success,,200,success
p3-ex-official-vu10,ac449f33-c374-48ee-ae28-418e2f1d1dd8,2026-08-31T18:17:27.655Z,separate_executor,quote_run_dispatch_probe,10,506.21,success,,200,success
p3-ex-official-vu10,d54d3b63-a606-4b3d-bea0-ad32e67ea74f,2026-08-31T18:17:27.692Z,separate_executor,quote_run_dispatch_probe,10,728.36,success,,200,success
p3-ex-official-vu10,d3834efe-ef67-40a0-a3ce-4a5b8689523f,2026-08-31T18:17:27.875Z,separate_executor,quote_run_dispatch_probe,10,389.94,success,,200,success
p3-ex-official-vu10,b001e304-5c07-4f94-b36e-79f45c3064de,2026-08-31T18:17:27.886Z,separate_executor,quote_run_dispatch_probe,10,556.85,success,,200,success
p3-ex-official-vu10,c5ab4ca3-e9f6-45b5-b094-92ade0be153e,2026-08-31T18:17:27.939Z,separate_executor,quote_run_dispatch_probe,10,577.33,success,,200,success
p3-ex-official-vu10,fb9a259b-631e-4ecd-a6d0-da2b740e8cd4,2026-08-31T18:17:27.958Z,separate_executor,quote_run_dispatch_probe,10,571.41,success,,200,success
p3-ex-official-vu10,46421a1a-5307-4572-9afb-6ce90ec293a8,2026-08-31T18:17:28.041Z,separate_executor,quote_run_dispatch_probe,10,639.54,success,,200,success
p3-ex-official-vu10,12d52ddc-3083-40cf-819d-d1f26e1e3a2f,2026-08-31T18:17:28.090Z,separate_executor,quote_run_dispatch_probe,10,640.61,success,,200,success
p3-ex-official-vu10,f8fe296b-6bbb-4858-abb0-59b5b3fa6932,2026-08-31T18:17:28.106Z,separate_executor,quote_run_dispatch_probe,10,613.55,success,,200,success
p3-ex-official-vu10,8d27bc95-e1a1-4329-ad67-4a8186374331,2026-08-31T18:17:28.121Z,separate_executor,quote_run_dispatch_probe,10,834.15,success,,200,success
p3-ex-official-vu10,613c40e8-3bf8-412d-b140-aaa223c0fce4,2026-08-31T18:17:28.185Z,separate_executor,quote_run_dispatch_probe,10,529.41,success,,200,success
p3-ex-official-vu10,b9fbbb97-cbe1-4693-8ea2-c492f94df6e1,2026-08-31T18:17:28.261Z,separate_executor,quote_run_dispatch_probe,10,386.29,success,,200,success
p3-ex-official-vu10,9b12f881-6630-430c-a016-31d09669295e,2026-08-31T18:17:28.393Z,separate_executor,quote_run_dispatch_probe,10,701.39,success,,200,success
p3-ex-official-vu10,ac57d872-e430-41e0-8d72-8329fc98cc30,2026-08-31T18:17:28.437Z,separate_executor,quote_run_dispatch_probe,10,550.87,success,,200,success
p3-ex-official-vu10,ff98010b-efb0-44aa-aa3c-6f5ece478c5e,2026-08-31T18:17:28.484Z,separate_executor,quote_run_dispatch_probe,10,526.5,success,,200,success
p3-ex-official-vu10,be787007-eb6d-40a7-a374-62422c833ba0,2026-08-31T18:17:28.502Z,separate_executor,quote_run_dispatch_probe,10,563.01,success,,200,success
p3-ex-official-vu10,9bc36535-72f7-4067-9a8f-4f887095b308,2026-08-31T18:17:28.683Z,separate_executor,quote_run_dispatch_probe,10,576.9,success,,200,success
p3-ex-official-vu10,729a1345-8f0b-4245-bfdc-ac6d4dc257d6,2026-08-31T18:17:28.699Z,separate_executor,quote_run_dispatch_probe,10,608.42,success,,200,success
p3-ex-official-vu10,30c7a47a-897b-4119-9f9e-ceb2950c3e29,2026-08-31T18:17:28.710Z,separate_executor,quote_run_dispatch_probe,10,448.67,success,,200,success
p3-ex-official-vu10,0b21e2d0-a5da-4279-b35a-2a4975640791,2026-08-31T18:17:28.742Z,separate_executor,quote_run_dispatch_probe,10,556.87,success,,200,success
p3-ex-official-vu10,99e8c181-fa0d-4132-bf36-0048100c3cba,2026-08-31T18:17:28.748Z,separate_executor,quote_run_dispatch_probe,10,706.96,success,,200,success
p3-ex-official-vu10,768d25ea-ee39-403c-aa23-7c9496237be1,2026-08-31T18:17:28.980Z,separate_executor,quote_run_dispatch_probe,10,859.04,success,,200,success
p3-ex-official-vu10,c68a20fa-d14e-4cc8-aaca-37eba49aae8f,2026-08-31T18:17:28.998Z,separate_executor,quote_run_dispatch_probe,10,561.58,success,,200,success
p3-ex-official-vu10,c575b8ee-0ecf-4ca2-acfe-89c5110b9aed,2026-08-31T18:17:29.031Z,separate_executor,quote_run_dispatch_probe,10,529.37,success,,200,success
p3-ex-official-vu10,77d01ff7-c760-4a41-91a5-f9cc72106139,2026-08-31T18:17:29.065Z,separate_executor,quote_run_dispatch_probe,10,580.8,success,,200,success
p3-ex-official-vu10,c63ee47f-bbf9-40cd-b81a-044a6560bfb4,2026-08-31T18:17:29.078Z,separate_executor,quote_run_dispatch_probe,10,684.57,success,,200,success
p3-ex-official-vu10,c51f9e75-6b6e-4e15-971b-c29dbc16a973,2026-08-31T18:17:29.111Z,separate_executor,quote_run_dispatch_probe,10,401.62,success,,200,success
p3-ex-official-vu10,647fa228-94be-4efb-8bf7-838f48832cb0,2026-08-31T18:17:29.255Z,separate_executor,quote_run_dispatch_probe,10,572.49,success,,200,success
p3-ex-official-vu10,797006dd-1c94-4dae-88a7-e143fbfdd4ca,2026-08-31T18:17:29.269Z,separate_executor,quote_run_dispatch_probe,10,527.13,success,,200,success
p3-ex-official-vu10,b69b21fb-560f-4b94-816e-fd8b5c8b24c3,2026-08-31T18:17:29.306Z,separate_executor,quote_run_dispatch_probe,10,606.65,success,,200,success
p3-ex-official-vu10,13c23d35-feb9-47f3-b3d4-c894acf3068d,2026-08-31T18:17:29.354Z,separate_executor,quote_run_dispatch_probe,10,605.81,success,,200,success
p3-ex-official-vu10,4fd5def3-9fb1-4f8f-ba8e-68c47fb66f54,2026-08-31T18:17:29.526Z,separate_executor,quote_run_dispatch_probe,10,415.04,success,,200,success
p3-ex-official-vu10,895ffbc4-f182-41a8-80d3-92af496190cb,2026-08-31T18:17:29.580Z,separate_executor,quote_run_dispatch_probe,10,581.51,success,,200,success
p3-ex-official-vu10,1a1330b4-632e-4388-a126-33ab7796c1e0,2026-08-31T18:17:29.621Z,separate_executor,quote_run_dispatch_probe,10,556.08,success,,200,success
p3-ex-official-vu10,224d4f36-619f-4ae0-9436-d5e6b149842f,2026-08-31T18:17:29.671Z,separate_executor,quote_run_dispatch_probe,10,639.58,success,,200,success
p3-ex-official-vu10,ca6d2d53-4bce-4827-b06b-bcc05c03e477,2026-08-31T18:17:29.802Z,separate_executor,quote_run_dispatch_probe,10,723.8,success,,200,success
p3-ex-official-vu10,bfc6d42b-1d57-4865-ad6f-80f9860ca6b6,2026-08-31T18:17:29.865Z,separate_executor,quote_run_dispatch_probe,10,609.95,success,,200,success
p3-ex-official-vu10,ac6a1005-0689-4df5-8a59-b6745b0f3f7f,2026-08-31T18:17:29.885Z,separate_executor,quote_run_dispatch_probe,10,616.49,success,,200,success
p3-ex-official-vu10,b81efb17-a86d-4575-9d2c-f6470e6def77,2026-08-31T18:17:29.927Z,separate_executor,quote_run_dispatch_probe,10,621.78,success,,200,success
p3-ex-official-vu10,8ea7c58e-7f4d-434d-ac10-bb4b6cc3b2db,2026-08-31T18:17:29.933Z,separate_executor,quote_run_dispatch_probe,10,406.77,success,,200,success
p3-ex-official-vu10,ee5ca52a-aa58-4d3c-ab96-073f1f93e684,2026-08-31T18:17:29.978Z,separate_executor,quote_run_dispatch_probe,10,624.12,success,,200,success
p3-ex-official-vu10,44fbf171-fe9e-44bd-89ae-145d55a8524e,2026-08-31T18:17:30.013Z,separate_executor,quote_run_dispatch_probe,10,1033.82,success,,200,success
p3-ex-official-vu10,8c40c698-7ea8-4a7f-8a61-18700ce8d6bb,2026-08-31T18:17:30.132Z,separate_executor,quote_run_dispatch_probe,10,552.17,success,,200,success
p3-ex-official-vu10,ca3ba536-9474-4572-bec3-f86e04acedd0,2026-08-31T18:17:30.217Z,separate_executor,quote_run_dispatch_probe,10,595.37,success,,200,success
p3-ex-official-vu10,b0785f5d-9c2d-49d8-89a3-0942862b7480,2026-08-31T18:17:30.360Z,separate_executor,quote_run_dispatch_probe,10,426.64,success,,200,success
p3-ex-official-vu10,39aa952c-7ac9-4b4a-a0ed-bc4c47667803,2026-08-31T18:17:30.390Z,separate_executor,quote_run_dispatch_probe,10,504.67,success,,200,success
p3-ex-official-vu10,e0c60f2d-9e2d-482e-94f8-ebfea6991c0d,2026-08-31T18:17:30.453Z,separate_executor,quote_run_dispatch_probe,10,782.26,success,,200,success
p3-ex-official-vu10,fd307845-5d77-445d-b5a9-748e48e3c015,2026-08-31T18:17:30.480Z,separate_executor,quote_run_dispatch_probe,10,614.55,success,,200,success
p3-ex-official-vu10,78471d3b-e7fb-492b-b2da-35053e2cc2f0,2026-08-31T18:17:30.568Z,separate_executor,quote_run_dispatch_probe,10,640.36,success,,200,success
p3-ex-official-vu10,cdb59314-2b83-40ec-bfa6-27feaf97d063,2026-08-31T18:17:30.621Z,separate_executor,quote_run_dispatch_probe,10,643.34,success,,200,success
p3-ex-official-vu10,cd216ce8-8da1-4091-8783-2f8120b28c20,2026-08-31T18:17:30.630Z,separate_executor,quote_run_dispatch_probe,10,497.73,success,,200,success
p3-ex-official-vu10,6249ed60-f81c-46a3-92eb-8534a32756f1,2026-08-31T18:17:30.637Z,separate_executor,quote_run_dispatch_probe,10,835.76,success,,200,success
p3-ex-official-vu10,f2dcb3f8-bdfc-4cff-a8d5-768b3b5918f6,2026-08-31T18:17:30.746Z,separate_executor,quote_run_dispatch_probe,10,529.08,success,,200,success
p3-ex-official-vu10,df412898-5169-45e4-b7f2-74729e888c5a,2026-08-31T18:17:30.753Z,separate_executor,quote_run_dispatch_probe,10,392.61,success,,200,success
p3-ex-official-vu10,790c0ae2-f195-4922-91c0-84b67c23f4d2,2026-08-31T18:17:30.992Z,separate_executor,quote_run_dispatch_probe,10,601.73,success,,200,success
p3-ex-official-vu10,cd6df9bd-6bd2-453f-96ce-f4ce75e06506,2026-08-31T18:17:31.022Z,separate_executor,quote_run_dispatch_probe,10,1008.2,success,,200,success
p3-ex-official-vu10,fe845e61-77b8-44ab-b1d6-8f6ec6155e35,2026-08-31T18:17:31.050Z,separate_executor,quote_run_dispatch_probe,10,570.14,success,,200,success
p3-ex-official-vu10,e1dbb75a-e67a-46fa-b7b1-0c403f04d32b,2026-08-31T18:17:31.064Z,separate_executor,quote_run_dispatch_probe,10,611.03,success,,200,success
p3-ex-official-vu10,7a6c56c7-c84e-4020-896a-cb48b074ee6f,2026-08-31T18:17:31.141Z,separate_executor,quote_run_dispatch_probe,10,387.98,success,,200,success
p3-ex-official-vu10,43df11d7-4b61-41d1-9b9f-cd20f3d9dd1e,2026-08-31T18:17:31.194Z,separate_executor,quote_run_dispatch_probe,10,626.04,success,,200,success
p3-ex-official-vu10,c4bd7c99-18a2-48c5-9854-4135842b9d40,2026-08-31T18:17:31.286Z,separate_executor,quote_run_dispatch_probe,10,539.85,success,,200,success
p3-ex-official-vu10,2b6bc157-4335-44e2-9d0c-7b42966cd53f,2026-08-31T18:17:31.301Z,separate_executor,quote_run_dispatch_probe,10,679.53,success,,200,success
p3-ex-official-vu10,8b366374-ad85-4b68-8ad8-b272ad0ae290,2026-08-31T18:17:31.324Z,separate_executor,quote_run_dispatch_probe,10,693.85,success,,200,success
p3-ex-official-vu10,c54d1cae-1a7f-4268-be94-478276fe553b,2026-08-31T18:17:31.513Z,separate_executor,quote_run_dispatch_probe,10,521.14,success,,200,success
p3-ex-official-vu10,7d7ee6c1-caaa-4197-a702-706153e036c4,2026-08-31T18:17:31.564Z,separate_executor,quote_run_dispatch_probe,10,422.96,success,,200,success
p3-ex-official-vu10,eb94b157-955b-465a-8bea-b1e828bf9c86,2026-08-31T18:17:31.576Z,separate_executor,quote_run_dispatch_probe,10,938.48,success,,200,success
p3-ex-official-vu10,b8fb7ed6-594d-4046-8769-1ba8c359eda5,2026-08-31T18:17:31.652Z,separate_executor,quote_run_dispatch_probe,10,601.57,success,,200,success
p3-ex-official-vu10,da31fbf5-0ec4-419e-9a86-e5113c66d3cc,2026-08-31T18:17:31.732Z,separate_executor,quote_run_dispatch_probe,10,667.48,success,,200,success
p3-ex-official-vu10,0b25e1b4-4c77-451b-b835-161cff83b2cb,2026-08-31T18:17:31.800Z,separate_executor,quote_run_dispatch_probe,10,778.05,success,,200,success
p3-ex-official-vu10,5aee8daa-f790-45f5-8242-3cd79941106c,2026-08-31T18:17:31.803Z,separate_executor,quote_run_dispatch_probe,10,608.85,success,,200,success
p3-ex-official-vu10,e8e3c812-185a-49be-b159-c2889bd6693e,2026-08-31T18:17:31.830Z,separate_executor,quote_run_dispatch_probe,10,544.57,success,,200,success
p3-ex-official-vu10,7ca23a07-012a-4d1b-9b2a-d063392119a9,2026-08-31T18:17:31.885Z,separate_executor,quote_run_dispatch_probe,10,561.46,success,,200,success
p3-ex-official-vu10,55bde009-3744-4f81-8fbf-e61d9b55bc14,2026-08-31T18:17:31.987Z,separate_executor,quote_run_dispatch_probe,10,423.83,success,,200,success
p3-ex-official-vu10,16789de1-3168-4551-a19b-99ff0815392d,2026-08-31T18:17:31.990Z,separate_executor,quote_run_dispatch_probe,10,689.39,success,,200,success
p3-ex-official-vu10,7ec8d904-0b1d-4793-bce8-cea27a8120c3,2026-08-31T18:17:31.992Z,separate_executor,quote_run_dispatch_probe,10,478.62,success,,200,success
p3-ex-official-vu10,b75c7aa0-b1ec-462c-8591-1bc3cbe59805,2026-08-31T18:17:32.270Z,separate_executor,quote_run_dispatch_probe,10,618.42,success,,200,success
p3-ex-official-vu10,3661cba2-8891-4821-aaed-b52e39e903b8,2026-08-31T18:17:32.328Z,separate_executor,quote_run_dispatch_probe,10,497.39,success,,200,success
p3-ex-official-vu10,f029e596-05c7-4255-8213-c7903ef6f366,2026-08-31T18:17:32.384Z,separate_executor,quote_run_dispatch_probe,10,396.62,success,,200,success
p3-ex-official-vu10,8bc8a906-11ea-4ea2-b851-9ba7dc2e8286,2026-08-31T18:17:32.398Z,separate_executor,quote_run_dispatch_probe,10,595.54,success,,200,success
p3-ex-official-vu10,406eb87b-bc60-461f-9af5-23386f95b698,2026-08-31T18:17:32.462Z,separate_executor,quote_run_dispatch_probe,10,576.7,success,,200,success
p3-ex-official-vu10,54115c7a-4828-43d0-9ca6-5003c362cd20,2026-08-31T18:17:32.465Z,separate_executor,quote_run_dispatch_probe,10,473.26,success,,200,success
p3-ex-official-vu10,60a86ce4-d19b-441b-9f27-3c3009584475,2026-08-31T18:17:32.470Z,separate_executor,quote_run_dispatch_probe,10,894.49,success,,200,success
p3-ex-official-vu10,7a5a9f58-cfad-4859-9d7a-a6c04016c733,2026-08-31T18:17:32.479Z,separate_executor,quote_run_dispatch_probe,10,747.23,success,,200,success
p3-ex-official-vu10,d58e2f25-f8c3-4210-848c-f855f5a8f4b6,2026-08-31T18:17:32.599Z,separate_executor,quote_run_dispatch_probe,10,799.11,success,,200,success
p3-ex-official-vu10,29096d44-7feb-46ca-beae-c7082537649c,2026-08-31T18:17:32.611Z,separate_executor,quote_run_dispatch_probe,10,621.21,success,,200,success
p3-ex-official-vu10,94abc08a-7047-4e79-81b8-d4ee038ac8bf,2026-08-31T18:17:32.794Z,separate_executor,quote_run_dispatch_probe,10,410.18,success,,200,success
p3-ex-official-vu10,81c4c77b-f1c1-4299-8212-e3a4f91a13b3,2026-08-31T18:17:32.852Z,separate_executor,quote_run_dispatch_probe,10,582.44,success,,200,success
p3-ex-official-vu10,fbafa172-79f4-4be6-9ca8-105eb54a9e59,2026-08-31T18:17:32.937Z,separate_executor,quote_run_dispatch_probe,10,609.05,success,,200,success
p3-ex-official-vu10,5ce375f4-c8d0-4cfc-be19-b8e1d8693e5d,2026-08-31T18:17:32.957Z,separate_executor,quote_run_dispatch_probe,10,492.4,success,,200,success
p3-ex-official-vu10,ddfc4bc1-9f05-4ae4-9882-22f91760c212,2026-08-31T18:17:32.995Z,separate_executor,quote_run_dispatch_probe,10,533.44,success,,200,success
p3-ex-official-vu10,dd3b1391-fa1b-44ce-859f-ae5a103d1f84,2026-08-31T18:17:33.008Z,separate_executor,quote_run_dispatch_probe,10,609.94,success,,200,success
p3-ex-official-vu10,0d061a70-1ffe-4111-916f-4850de60e5c5,2026-08-31T18:17:33.188Z,separate_executor,quote_run_dispatch_probe,10,708.9,success,,200,success
p3-ex-official-vu10,4d9a81ab-db23-4162-8b24-4075f9ee9c31,2026-08-31T18:17:33.189Z,separate_executor,quote_run_dispatch_probe,10,395.04,success,,200,success
p3-ex-official-vu10,32c978f1-6e0c-4820-824d-d0b5b8d31fa0,2026-08-31T18:17:33.196Z,separate_executor,quote_run_dispatch_probe,10,585.15,success,,200,success
p3-ex-official-vu10,6f1d357a-d71d-46ae-a719-6ff43aa63f9a,2026-08-31T18:17:33.233Z,separate_executor,quote_run_dispatch_probe,10,762.57,success,,200,success
p3-ex-official-vu10,490cbc0c-5d8c-45a2-82d0-a9260a41de56,2026-08-31T18:17:33.432Z,separate_executor,quote_run_dispatch_probe,10,474.88,success,,200,success
p3-ex-official-vu10,978ce20f-e325-4cb6-97aa-8ac9ad3506c8,2026-08-31T18:17:33.436Z,separate_executor,quote_run_dispatch_probe,10,499.38,success,,200,success
p3-ex-official-vu10,f7ee60b3-bc4c-4820-8e39-e51bca6e5791,2026-08-31T18:17:33.452Z,separate_executor,quote_run_dispatch_probe,10,599.91,success,,200,success
p3-ex-official-vu10,95393724-99c0-45c5-9fb2-bc2006797d02,2026-08-31T18:17:33.521Z,separate_executor,quote_run_dispatch_probe,10,525.58,success,,200,success
p3-ex-official-vu10,14d5252f-47f4-4571-a701-a1103a2ff895,2026-08-31T18:17:33.580Z,separate_executor,quote_run_dispatch_probe,10,390.66,success,,200,success
p3-ex-official-vu10,71bece21-0f38-4490-aae1-399f3842ce9a,2026-08-31T18:17:33.595Z,separate_executor,quote_run_dispatch_probe,10,995.73,success,,200,success
p3-ex-official-vu10,2c01f087-2ca5-4bd4-bb34-0950db609418,2026-08-31T18:17:33.632Z,separate_executor,quote_run_dispatch_probe,10,624.23,success,,200,success
p3-ex-official-vu10,a4802383-b4b0-4c49-8757-f25e5bb599f9,2026-08-31T18:17:33.814Z,separate_executor,quote_run_dispatch_probe,10,626.27,success,,200,success
p3-ex-official-vu10,28008206-7b87-47ba-82f7-cab2b514b126,2026-08-31T18:17:33.865Z,separate_executor,quote_run_dispatch_probe,10,668.54,success,,200,success
p3-ex-official-vu10,8333c293-701c-46b2-8d70-cdf5898460fb,2026-08-31T18:17:33.960Z,separate_executor,quote_run_dispatch_probe,10,523.6,success,,200,success
p3-ex-official-vu10,bc81fb9f-a196-447e-aced-f3cbb315dd73,2026-08-31T18:17:34.011Z,separate_executor,quote_run_dispatch_probe,10,430.64,success,,200,success
p3-ex-official-vu10,e6d27902-63ae-4d59-adb3-60aba98c6dc2,2026-08-31T18:17:34.032Z,separate_executor,quote_run_dispatch_probe,10,579.49,success,,200,success
p3-ex-official-vu10,18c762cf-238e-489e-b952-aba0f84a6c6f,2026-08-31T18:17:34.038Z,separate_executor,quote_run_dispatch_probe,10,605.92,success,,200,success
p3-ex-official-vu10,ac4dad3c-1c3d-4475-9178-cffaa713a299,2026-08-31T18:17:34.092Z,separate_executor,quote_run_dispatch_probe,10,859.03,success,,200,success
p3-ex-official-vu10,c5c82286-fe05-456d-ba15-3d8f08eb4e78,2026-08-31T18:17:34.215Z,separate_executor,quote_run_dispatch_probe,10,693.92,success,,200,success
p3-ex-official-vu10,dfb22698-84aa-47c2-8024-3044fd70187c,2026-08-31T18:17:34.271Z,separate_executor,quote_run_dispatch_probe,10,638.4,success,,200,success
p3-ex-official-vu10,61aa97e0-f74d-47da-aab4-9c0ef5a75e3d,2026-08-31T18:17:34.337Z,separate_executor,quote_run_dispatch_probe,10,742.4,success,,200,success
p3-ex-official-vu10,3c39a63f-2286-47cf-b395-2401c3f23628,2026-08-31T18:17:34.431Z,separate_executor,quote_run_dispatch_probe,10,420.3,success,,200,success
p3-ex-official-vu10,7f15b5f2-03b9-4051-8340-2edd309357e8,2026-08-31T18:17:34.466Z,separate_executor,quote_run_dispatch_probe,10,601.42,success,,200,success
p3-ex-official-vu10,2ff88b0c-d11e-41c6-89c6-16da00d2618c,2026-08-31T18:17:34.505Z,separate_executor,quote_run_dispatch_probe,10,690.35,success,,200,success
p3-ex-official-vu10,332ae0ea-6095-4c8f-98ea-28a0e187b2cc,2026-08-31T18:17:34.528Z,separate_executor,quote_run_dispatch_probe,10,489.23,success,,200,success
p3-ex-official-vu10,037ec9e0-4165-4d59-8cce-e0bd459e42b7,2026-08-31T18:17:34.542Z,separate_executor,quote_run_dispatch_probe,10,581.91,success,,200,success
p3-ex-official-vu10,284e70f2-6f02-44e3-b625-20cc68eec1da,2026-08-31T18:17:34.635Z,separate_executor,quote_run_dispatch_probe,10,603.02,success,,200,success
p3-ex-official-vu10,94115a1f-6155-4e15-87bb-11635281b410,2026-08-31T18:17:34.817Z,separate_executor,quote_run_dispatch_probe,10,602.17,success,,200,success
p3-ex-official-vu10,2c03b46b-6d5f-4e99-adf3-edb9101942f7,2026-08-31T18:17:34.832Z,separate_executor,quote_run_dispatch_probe,10,401.52,success,,200,success
p3-ex-official-vu10,fbc1ffdc-b6fa-4b69-b11d-34b5481efd26,2026-08-31T18:17:34.908Z,separate_executor,quote_run_dispatch_probe,10,815.69,success,,200,success
p3-ex-official-vu10,6000e48a-082e-4770-873f-df0055b6357c,2026-08-31T18:17:34.911Z,separate_executor,quote_run_dispatch_probe,10,639.75,success,,200,success
p3-ex-official-vu10,29095807-cbe7-4ac2-8f5b-a6a18163a7bd,2026-08-31T18:17:35.053Z,separate_executor,quote_run_dispatch_probe,10,716.23,success,,200,success
p3-ex-official-vu10,ba5d419d-179f-481e-aad5-51a395aa8534,2026-08-31T18:17:35.102Z,separate_executor,quote_run_dispatch_probe,10,560.6,success,,200,success
p3-ex-official-vu10,02889530-9474-4774-b065-1a6d6a45c280,2026-08-31T18:17:35.103Z,separate_executor,quote_run_dispatch_probe,10,575.53,success,,200,success
p3-ex-official-vu10,fd4a0dba-727a-4182-b59b-6d1ef0430b5c,2026-08-31T18:17:35.138Z,separate_executor,quote_run_dispatch_probe,10,633.34,success,,200,success
p3-ex-official-vu10,074987a6-f55b-4326-a03d-f8f8346711c8,2026-08-31T18:17:35.149Z,separate_executor,quote_run_dispatch_probe,10,682.84,success,,200,success
p3-ex-official-vu10,1aed9723-d287-483a-9549-df453bcda45b,2026-08-31T18:17:35.238Z,separate_executor,quote_run_dispatch_probe,10,405.62,success,,200,success
p3-ex-official-vu10,ee3d454d-5aa7-4419-ba56-9c4b1ed32164,2026-08-31T18:17:35.246Z,separate_executor,quote_run_dispatch_probe,10,610.84,success,,200,success
p3-ex-official-vu10,ac1ab8c1-3359-40ec-812a-ca465e7fa296,2026-08-31T18:17:35.363Z,separate_executor,quote_run_dispatch_probe,10,545.9,success,,200,success
p3-ex-official-vu10,804a39c7-4ef1-4f20-bbae-f4d5fedb6617,2026-08-31T18:17:35.522Z,separate_executor,quote_run_dispatch_probe,10,611.7,success,,200,success
p3-ex-official-vu10,60daeabb-a623-4e95-b411-5c4e8d6df4fb,2026-08-31T18:17:35.617Z,separate_executor,quote_run_dispatch_probe,10,514.09,success,,200,success
p3-ex-official-vu10,9b10e8ee-7d70-4ebb-82fe-2dac3cce2839,2026-08-31T18:17:35.623Z,separate_executor,quote_run_dispatch_probe,10,520.25,success,,200,success
p3-ex-official-vu10,625e9ece-8866-4d4e-8de9-846488a60bb0,2026-08-31T18:17:35.651Z,separate_executor,quote_run_dispatch_probe,10,412.58,success,,200,success
p3-ex-official-vu10,c564d5f2-3066-433f-b1e9-1c0ba343bb33,2026-08-31T18:17:35.659Z,separate_executor,quote_run_dispatch_probe,10,751.53,success,,200,success
p3-ex-official-vu10,6dacbc8b-91b5-4436-a947-193b9201e4ce,2026-08-31T18:17:35.751Z,separate_executor,quote_run_dispatch_probe,10,612.87,success,,200,success
p3-ex-official-vu10,25d4db87-22bf-4404-b679-fd29eb865d78,2026-08-31T18:17:35.800Z,separate_executor,quote_run_dispatch_probe,10,747.18,success,,200,success
p3-ex-official-vu10,13e2f749-7f83-4921-8e8a-ccf4c4aa3b8a,2026-08-31T18:17:35.807Z,separate_executor,quote_run_dispatch_probe,10,657.71,success,,200,success
p3-ex-official-vu10,fc7bfd8d-4e17-427b-b69c-7a460fef31f5,2026-08-31T18:17:35.844Z,separate_executor,quote_run_dispatch_probe,10,597.74,success,,200,success
p3-ex-official-vu10,ea41af6f-dd7e-4ae6-a7b0-daea0ec73094,2026-08-31T18:17:35.910Z,separate_executor,quote_run_dispatch_probe,10,546.78,success,,200,success
p3-ex-official-vu10,cde98bde-f970-4510-aeb7-e63cb05853bb,2026-08-31T18:17:36.085Z,separate_executor,quote_run_dispatch_probe,10,433.95,success,,200,success
p3-ex-official-vu10,127f5493-39bb-4f90-96c7-959b04d2c9de,2026-08-31T18:17:36.095Z,separate_executor,quote_run_dispatch_probe,10,572.98,success,,200,success
p3-ex-official-vu10,a35460d9-51cb-4086-88c3-a5b0c60f3bed,2026-08-31T18:17:36.115Z,separate_executor,quote_run_dispatch_probe,10,498,success,,200,success
p3-ex-official-vu10,ccc64252-f1f2-4bc7-a8a7-28c996dcdb6d,2026-08-31T18:17:36.141Z,separate_executor,quote_run_dispatch_probe,10,518.14,success,,200,success
p3-ex-official-vu10,5e735dbb-5b34-4b73-bec5-d008d953a412,2026-08-31T18:17:36.416Z,separate_executor,quote_run_dispatch_probe,10,608.92,success,,200,success
p3-ex-official-vu10,3f4f5b25-5dd6-4106-a1c8-04886d9eb484,2026-08-31T18:17:36.418Z,separate_executor,quote_run_dispatch_probe,10,758.68,success,,200,success
p3-ex-official-vu10,596c95eb-0e6a-4e3a-979d-f2f5be09f076,2026-08-31T18:17:36.431Z,separate_executor,quote_run_dispatch_probe,10,679.83,success,,200,success
p3-ex-official-vu10,a53c963a-f2fa-4b92-8924-644e5d83f4ea,2026-08-31T18:17:36.434Z,separate_executor,quote_run_dispatch_probe,10,524.51,success,,200,success
p3-ex-official-vu10,012fff0a-c61b-4039-9c6b-3bbd486fee3d,2026-08-31T18:17:36.454Z,separate_executor,quote_run_dispatch_probe,10,610.01,success,,200,success
p3-ex-official-vu10,210ae92c-5d6b-420d-b6f0-4cdd770e8b2c,2026-08-31T18:17:36.478Z,separate_executor,quote_run_dispatch_probe,10,393.59,success,,200,success
p3-ex-official-vu10,a9a3223d-e207-4b3b-b7c8-c3fb1d4b9304,2026-08-31T18:17:36.555Z,separate_executor,quote_run_dispatch_probe,10,754.26,success,,200,success
p3-ex-official-vu10,d8f04754-0c9a-466f-bff5-d06daf60a99c,2026-08-31T18:17:36.651Z,separate_executor,quote_run_dispatch_probe,10,535.43,success,,200,success
p3-ex-official-vu10,c76d1983-77fb-4cf2-bdb1-4db56ab30aeb,2026-08-31T18:17:36.652Z,separate_executor,quote_run_dispatch_probe,10,511.09,success,,200,success
p3-ex-official-vu10,f03709b4-c42e-4091-b864-1916dd80b55a,2026-08-31T18:17:36.684Z,separate_executor,quote_run_dispatch_probe,10,588.31,success,,200,success
p3-ex-official-vu10,87b4440e-5ebb-4cb7-a51f-37b25b2d154a,2026-08-31T18:17:36.869Z,separate_executor,quote_run_dispatch_probe,10,390.3,success,,200,success
p3-ex-official-vu10,178a690e-da72-4552-b2fa-27ff8ecd47bc,2026-08-31T18:17:36.981Z,separate_executor,quote_run_dispatch_probe,10,546.42,success,,200,success
p3-ex-official-vu10,10f007a2-10e3-43dc-ad05-1ce454b8bd32,2026-08-31T18:17:37.007Z,separate_executor,quote_run_dispatch_probe,10,591.33,success,,200,success
p3-ex-official-vu10,3e805446-df73-4efa-b77b-1b2483f0e21c,2026-08-31T18:17:37.056Z,separate_executor,quote_run_dispatch_probe,10,602.11,success,,200,success
p3-ex-official-vu10,313a2fbb-7ad0-4718-a8eb-e9e6ae2389a8,2026-08-31T18:17:37.107Z,separate_executor,quote_run_dispatch_probe,10,676.69,success,,200,success
p3-ex-official-vu10,ee79cf84-d880-43ce-a95a-0f7d52ba936a,2026-08-31T18:17:37.112Z,separate_executor,quote_run_dispatch_probe,10,693.88,success,,200,success
p3-ex-official-vu10,fe7c7913-8c6e-4011-adeb-8c5143d57951,2026-08-31T18:17:37.134Z,separate_executor,quote_run_dispatch_probe,10,482.47,success,,200,success
p3-ex-official-vu10,e868c1cd-7ddc-4b9c-a5d8-ec169e313788,2026-08-31T18:17:37.172Z,separate_executor,quote_run_dispatch_probe,10,521.44,success,,200,success
p3-ex-official-vu10,6e8f091d-d629-455e-8dc4-0ccb6140eb4f,2026-08-31T18:17:37.279Z,separate_executor,quote_run_dispatch_probe,10,724.63,success,,200,success
p3-ex-official-vu10,0bcffffd-5bb2-4408-b0af-d08dedd01c89,2026-08-31T18:17:37.295Z,separate_executor,quote_run_dispatch_probe,10,426.36,success,,200,success
p3-ex-official-vu10,73a4465c-c4eb-4d2e-ba91-1c7839672168,2026-08-31T18:17:37.300Z,separate_executor,quote_run_dispatch_probe,10,616.61,success,,200,success
p3-ex-official-vu10,bd1d2fae-574f-4c38-90e2-7d6a08299cfa,2026-08-31T18:17:37.480Z,separate_executor,quote_run_dispatch_probe,10,499.28,success,,200,success
p3-ex-official-vu10,72479ebd-7743-4f99-8853-6c9a7f6fefbf,2026-08-31T18:17:37.637Z,separate_executor,quote_run_dispatch_probe,10,629.2,success,,200,success
p3-ex-official-vu10,6360e001-4721-4cd7-9f4e-127488b71595,2026-08-31T18:17:37.664Z,separate_executor,quote_run_dispatch_probe,10,607.93,success,,200,success
p3-ex-official-vu10,9faaf7a9-4b94-459e-94a2-d5d50207908d,2026-08-31T18:17:37.678Z,separate_executor,quote_run_dispatch_probe,10,543.42,success,,200,success
p3-ex-official-vu10,beb0a626-2c1c-49ac-a9c3-d1335f821b11,2026-08-31T18:17:37.704Z,separate_executor,quote_run_dispatch_probe,10,408.97,success,,200,success
p3-ex-official-vu10,68de163d-ce4c-44c1-9513-1c0cf3ac0415,2026-08-31T18:17:37.732Z,separate_executor,quote_run_dispatch_probe,10,560.11,success,,200,success
p3-ex-official-vu10,40a7af7c-46fd-4816-9f47-2b53491c92c9,2026-08-31T18:17:37.753Z,separate_executor,quote_run_dispatch_probe,10,645.12,success,,200,success
p3-ex-official-vu10,f8d89165-781b-477f-a867-77ebcbe151f6,2026-08-31T18:17:37.862Z,separate_executor,quote_run_dispatch_probe,10,750.51,success,,200,success
p3-ex-official-vu10,f63baafe-c1ae-49f7-bb15-208523eea515,2026-08-31T18:17:37.889Z,separate_executor,quote_run_dispatch_probe,10,588.5,success,,200,success
p3-ex-official-vu10,06809c19-7688-47e6-a933-90c78db8db5a,2026-08-31T18:17:38.001Z,separate_executor,quote_run_dispatch_probe,10,520.73,success,,200,success
p3-ex-official-vu10,5b1ec650-f6d2-48ec-9ca0-18fdcb4b82f5,2026-08-31T18:17:38.030Z,separate_executor,quote_run_dispatch_probe,10,750.96,success,,200,success
p3-ex-official-vu10,8253ba73-da61-4a4e-bb2a-428d732dc08c,2026-08-31T18:17:38.164Z,separate_executor,quote_run_dispatch_probe,10,459.6,success,,200,success
p3-ex-official-vu10,a4283051-525e-44b6-b4fb-ce29b681d7c5,2026-08-31T18:17:38.196Z,separate_executor,quote_run_dispatch_probe,10,517.77,success,,200,success
p3-ex-official-vu10,fbe92f3f-5585-4d16-b0e1-3ddaa361ad46,2026-08-31T18:17:38.230Z,separate_executor,quote_run_dispatch_probe,10,593.71,success,,200,success
p3-ex-official-vu10,7af77f05-0332-43a2-bfbb-ce1960d3746f,2026-08-31T18:17:38.274Z,separate_executor,quote_run_dispatch_probe,10,541.99,success,,200,success
p3-ex-official-vu10,713a1a5f-4cb8-4537-b4ed-d4a1332c6e5d,2026-08-31T18:17:38.282Z,separate_executor,quote_run_dispatch_probe,10,618.41,success,,200,success
p3-ex-official-vu10,14de51eb-f7f9-4297-a714-3be8ee45a2a2,2026-08-31T18:17:38.288Z,separate_executor,quote_run_dispatch_probe,10,535,success,,200,success
p3-ex-official-vu10,82097739-9890-463f-9f5b-15f9ed8e7d9b,2026-08-31T18:17:38.466Z,separate_executor,quote_run_dispatch_probe,10,577.18,success,,200,success
p3-ex-official-vu10,0daa5917-7b27-4e4e-b020-b2d3438f7dc7,2026-08-31T18:17:38.565Z,separate_executor,quote_run_dispatch_probe,10,564.69,success,,200,success
p3-ex-official-vu10,e26154ab-3c89-424c-a789-6574a2d39892,2026-08-31T18:17:38.611Z,separate_executor,quote_run_dispatch_probe,10,447.47,success,,200,success
p3-ex-official-vu10,14cb401f-120f-450b-b1c5-09572f5b11ad,2026-08-31T18:17:38.681Z,separate_executor,quote_run_dispatch_probe,10,818.92,success,,200,success
p3-ex-official-vu10,da4f7ccb-33ef-4ec0-b6d5-9b55140c4ccf,2026-08-31T18:17:38.750Z,separate_executor,quote_run_dispatch_probe,10,554.37,success,,200,success
p3-ex-official-vu10,9d821a55-da1a-4b51-9f4f-70b01a939d84,2026-08-31T18:17:38.819Z,separate_executor,quote_run_dispatch_probe,10,588.28,success,,200,success
p3-ex-official-vu10,130e3265-8ff0-4bb3-b345-42d81f7642d0,2026-08-31T18:17:38.831Z,separate_executor,quote_run_dispatch_probe,10,557.2,success,,200,success
p3-ex-official-vu10,69aa2203-5c2e-4042-ab98-68f435aed6c9,2026-08-31T18:17:38.874Z,separate_executor,quote_run_dispatch_probe,10,586.9,success,,200,success
p3-ex-official-vu10,3fe465e7-aa6f-4d3c-adfb-d5442927303c,2026-08-31T18:17:38.899Z,separate_executor,quote_run_dispatch_probe,10,868.85,success,,200,success
p3-ex-official-vu10,f0237e72-9f67-47aa-b842-1aad3ec1fa0c,2026-08-31T18:17:38.932Z,separate_executor,quote_run_dispatch_probe,10,649.41,success,,200,success
p3-ex-official-vu10,f5ecc280-14df-47e3-8f03-84e83ba1696a,2026-08-31T18:17:39.070Z,separate_executor,quote_run_dispatch_probe,10,504.17,success,,200,success
p3-ex-official-vu10,bbdb71b5-c195-43c9-9032-ba7e04f5fd32,2026-08-31T18:17:39.112Z,separate_executor,quote_run_dispatch_probe,10,646.25,success,,200,success
p3-ex-official-vu10,b2874878-0f1d-4feb-a938-d2cac6fbdbe6,2026-08-31T18:17:39.151Z,separate_executor,quote_run_dispatch_probe,10,540.09,success,,200,success
p3-ex-official-vu10,a1fd2c6d-b3c3-4024-9798-f02372dde579,2026-08-31T18:17:39.536Z,separate_executor,quote_run_dispatch_probe,10,786.17,success,,200,success
p3-ex-official-vu10,657b28ce-337b-41bb-83fd-f28eae6eef4d,2026-08-31T18:17:39.538Z,separate_executor,quote_run_dispatch_probe,10,706.72,success,,200,success
p3-ex-official-vu10,d004b721-68a5-4cf6-8c8b-692ae4be93a6,2026-08-31T18:17:39.539Z,separate_executor,quote_run_dispatch_probe,10,857.14,success,,200,success
p3-ex-official-vu10,e6c355b0-7a3b-495b-b196-9f7c4cdef448,2026-08-31T18:17:39.539Z,separate_executor,quote_run_dispatch_probe,10,664.24,success,,200,success
p3-ex-official-vu10,ab926343-600d-4ea1-95b7-96e63b058073,2026-08-31T18:17:39.545Z,separate_executor,quote_run_dispatch_probe,10,726.29,success,,200,success
p3-ex-official-vu10,5a833c22-99a5-4c48-b612-78579d5782dc,2026-08-31T18:17:39.550Z,separate_executor,quote_run_dispatch_probe,10,618.63,success,,200,success
p3-ex-official-vu10,b8ee4315-64fc-48d4-bcfe-f009d2aa7300,2026-08-31T18:17:39.552Z,separate_executor,quote_run_dispatch_probe,10,400.25,success,,200,success
p3-ex-official-vu10,eb0e3d9f-1a47-4945-ac0c-a2d0551485a3,2026-08-31T18:17:39.612Z,separate_executor,quote_run_dispatch_probe,10,542.51,success,,200,success
p3-ex-official-vu10,bddd4812-e19f-4f8e-9c52-c0be2b58e3a0,2026-08-31T18:17:39.704Z,separate_executor,quote_run_dispatch_probe,10,804.53,success,,200,success
p3-ex-official-vu10,b45474a2-08a8-40bd-87dd-c99fbec1ff2e,2026-08-31T18:17:39.723Z,separate_executor,quote_run_dispatch_probe,10,610.59,success,,200,success
p3-ex-official-vu10,008b9e33-1660-43a4-b786-d8ec97840d69,2026-08-31T18:17:39.969Z,separate_executor,quote_run_dispatch_probe,10,416.94,success,,200,success
p3-ex-official-vu10,afb04e12-dda9-405a-b41e-c0a2a021abec,2026-08-31T18:17:40.066Z,separate_executor,quote_run_dispatch_probe,10,527.58,success,,200,success
p3-ex-official-vu10,12d24f35-8f57-4379-a142-e1a4e3faca8a,2026-08-31T18:17:40.085Z,separate_executor,quote_run_dispatch_probe,10,548.39,success,,200,success
p3-ex-official-vu10,58b6f3fd-d3a2-4a15-8844-2ec46c4fc623,2026-08-31T18:17:40.088Z,separate_executor,quote_run_dispatch_probe,10,549.83,success,,200,success
p3-ex-official-vu10,148bae13-1fb9-4288-81c2-5800046acb9d,2026-08-31T18:17:40.139Z,separate_executor,quote_run_dispatch_probe,10,526.71,success,,200,success
p3-ex-official-vu10,b958bc80-19b6-4f97-bd3b-f6a19b6494de,2026-08-31T18:17:40.255Z,separate_executor,quote_run_dispatch_probe,10,704.46,success,,200,success
p3-ex-official-vu10,6d36524d-c0b9-40f3-859b-4d2dc8f1eaee,2026-08-31T18:17:40.303Z,separate_executor,quote_run_dispatch_probe,10,764.55,success,,200,success
p3-ex-official-vu10,f736b881-c983-4e70-b7ae-f6e93eac6a36,2026-08-31T18:17:40.308Z,separate_executor,quote_run_dispatch_probe,10,585.37,success,,200,success
p3-ex-official-vu10,56ed26ed-434b-43a4-9732-b727b9c5fa74,2026-08-31T18:17:40.365Z,separate_executor,quote_run_dispatch_probe,10,396.26,success,,200,success
p3-ex-official-vu10,827d695f-dfde-445a-a6ac-c41d63a41bb5,2026-08-31T18:17:40.419Z,separate_executor,quote_run_dispatch_probe,10,715.13,success,,200,success
p3-ex-official-vu10,566ef028-e446-4142-be8b-bb91079a069c,2026-08-31T18:17:40.491Z,separate_executor,quote_run_dispatch_probe,10,946.29,success,,200,success
p3-ex-official-vu10,ce869f50-b524-4397-b706-fd8317ac13f2,2026-08-31T18:17:40.620Z,separate_executor,quote_run_dispatch_probe,10,553.96,success,,200,success
p3-ex-official-vu10,cd937c4f-aabb-4b55-abe8-70a4a337d03b,2026-08-31T18:17:40.653Z,separate_executor,quote_run_dispatch_probe,10,513.68,success,,200,success
p3-ex-official-vu10,1925b03b-169e-4af1-80c1-d8261d97a149,2026-08-31T18:17:40.671Z,separate_executor,quote_run_dispatch_probe,10,582.82,success,,200,success
p3-ex-official-vu10,dfadef55-4857-4bc0-a0bf-a7dde1738c0d,2026-08-31T18:17:40.717Z,separate_executor,quote_run_dispatch_probe,10,632.49,success,,200,success
p3-ex-official-vu10,fa5dedc5-8c1e-4f90-af17-cf1849c87b1d,2026-08-31T18:17:40.821Z,separate_executor,quote_run_dispatch_probe,10,456.53,success,,200,success
p3-ex-official-vu10,36626454-d96e-421e-8d5f-21e0cb853de5,2026-08-31T18:17:40.922Z,separate_executor,quote_run_dispatch_probe,10,613.89,success,,200,success
p3-ex-official-vu10,fb770fb2-97e6-4944-9a13-4f8964a134ed,2026-08-31T18:17:40.958Z,separate_executor,quote_run_dispatch_probe,10,703.27,success,,200,success
p3-ex-official-vu10,5f6486b4-3158-4de3-834b-546ab21063f9,2026-08-31T18:17:41.096Z,separate_executor,quote_run_dispatch_probe,10,792.16,success,,200,success
p3-ex-official-vu10,234d93dd-cd29-4e4e-a8bd-a1f00b61e2c9,2026-08-31T18:17:41.121Z,separate_executor,quote_run_dispatch_probe,10,629.62,success,,200,success
p3-ex-official-vu10,c2b1498d-4039-4d27-a432-8e44724d24b3,2026-08-31T18:17:41.132Z,separate_executor,quote_run_dispatch_probe,10,712.59,success,,200,success
p3-ex-official-vu10,4954d3f0-d990-4f95-82da-b8028a3317a4,2026-08-31T18:17:41.132Z,separate_executor,quote_run_dispatch_probe,10,512.29,success,,200,success
p3-ex-official-vu10,abed75c3-9373-4ddd-97d3-9881b26dc5b8,2026-08-31T18:17:41.263Z,separate_executor,quote_run_dispatch_probe,10,441.35,success,,200,success
p3-ex-official-vu10,06fea44c-8f0a-43e1-ad57-fee60ae272dc,2026-08-31T18:17:41.265Z,separate_executor,quote_run_dispatch_probe,10,612.68,success,,200,success
p3-ex-official-vu10,6f3237e4-4452-42af-80d8-848991d327d5,2026-08-31T18:17:41.266Z,separate_executor,quote_run_dispatch_probe,10,594.71,success,,200,success
p3-ex-official-vu10,ee655d5a-2d6a-40ca-b02e-1ce2c7c67a0e,2026-08-31T18:17:41.298Z,separate_executor,quote_run_dispatch_probe,10,581.15,success,,200,success
p3-ex-official-vu10,e72c18f2-c7bb-47ca-b503-33a1de72b7b5,2026-08-31T18:17:41.563Z,separate_executor,quote_run_dispatch_probe,10,640.35,success,,200,success
p3-ex-official-vu10,b0607fe9-c35d-4afc-99c1-d3358e1cf62f,2026-08-31T18:17:41.684Z,separate_executor,quote_run_dispatch_probe,10,421.03,success,,200,success
p3-ex-official-vu10,fa6aa5bf-378c-43ae-8ad9-4461b58d8fb9,2026-08-31T18:17:41.686Z,separate_executor,quote_run_dispatch_probe,10,728.38,success,,200,success
p3-ex-official-vu10,fc4544a7-7319-465c-9d8b-ce3f817e8921,2026-08-31T18:17:41.708Z,separate_executor,quote_run_dispatch_probe,10,575.97,success,,200,success
p3-ex-official-vu10,b6ca60d8-170b-4ff2-b585-c5de6b8aa28b,2026-08-31T18:17:41.764Z,separate_executor,quote_run_dispatch_probe,10,642.77,success,,200,success
p3-ex-official-vu10,fc2e6a5f-d0e4-48a1-97f0-05464462ba37,2026-08-31T18:17:41.824Z,separate_executor,quote_run_dispatch_probe,10,728.15,success,,200,success
p3-ex-official-vu10,e466644f-d727-43b3-ab7a-559906ce54f5,2026-08-31T18:17:41.827Z,separate_executor,quote_run_dispatch_probe,10,560.81,success,,200,success
p3-ex-official-vu10,d16571aa-6122-41b7-86e8-a78835ab9508,2026-08-31T18:17:41.844Z,separate_executor,quote_run_dispatch_probe,10,711.52,success,,200,success
p3-ex-official-vu10,d7149cae-cbb2-40dc-8f7a-a5b48f282c09,2026-08-31T18:17:41.866Z,separate_executor,quote_run_dispatch_probe,10,567.85,success,,200,success
p3-ex-official-vu10,062382d7-89f9-49cc-bc06-21197c5896ba,2026-08-31T18:17:41.884Z,separate_executor,quote_run_dispatch_probe,10,618.54,success,,200,success
p3-ex-official-vu10,d2a287b1-e9a7-4dc5-b577-eb00601f2e48,2026-08-31T18:17:42.092Z,separate_executor,quote_run_dispatch_probe,10,408.27,success,,200,success
p3-ex-official-vu10,5304562a-51ff-4b0c-83f3-f9f53619a282,2026-08-31T18:17:42.205Z,separate_executor,quote_run_dispatch_probe,10,642.11,success,,200,success
p3-ex-official-vu10,9733ef68-b0c0-42a4-bd5c-b20ba0c68bc7,2026-08-31T18:17:42.302Z,separate_executor,quote_run_dispatch_probe,10,594.07,success,,200,success
p3-ex-official-vu10,dc24c478-a7e3-4e85-a820-b66a3eeb11b4,2026-08-31T18:17:42.303Z,separate_executor,quote_run_dispatch_probe,10,616.62,success,,200,success
p3-ex-official-vu10,b415373f-3a48-477a-997f-12963cc991b7,2026-08-31T18:17:42.335Z,separate_executor,quote_run_dispatch_probe,10,508.66,success,,200,success
p3-ex-official-vu10,bc9e8e47-a667-4032-b9d8-72c92dc11559,2026-08-31T18:17:42.362Z,separate_executor,quote_run_dispatch_probe,10,598.11,success,,200,success
p3-ex-official-vu10,9582e9f5-a43c-469f-9dcb-84655eb48c4d,2026-08-31T18:17:42.423Z,separate_executor,quote_run_dispatch_probe,10,556.62,success,,200,success
p3-ex-official-vu10,13fc4139-cabd-4ee4-a499-1d4af6cf5b25,2026-08-31T18:17:42.489Z,separate_executor,quote_run_dispatch_probe,10,605.52,success,,200,success
p3-ex-official-vu10,b18c8b87-b57d-47c4-a51a-ab2b48c8a6ad,2026-08-31T18:17:42.555Z,separate_executor,quote_run_dispatch_probe,10,463.22,success,,200,success
p3-ex-official-vu10,2558dd93-fa88-4d5d-a258-2cd2026d5f21,2026-08-31T18:17:42.566Z,separate_executor,quote_run_dispatch_probe,10,721.91,success,,200,success
p3-ex-official-vu10,4d988c77-9a93-4d61-a198-e6aabc60dff2,2026-08-31T18:17:42.684Z,separate_executor,quote_run_dispatch_probe,10,860.62,success,,200,success
p3-ex-official-vu10,5393457c-88a0-4aa2-92e3-0e790ebfcb3e,2026-08-31T18:17:42.847Z,separate_executor,quote_run_dispatch_probe,10,545.77,success,,200,success
p3-ex-official-vu10,e62fba76-e1e5-4e7a-9c5a-cfdd9cac6632,2026-08-31T18:17:42.848Z,separate_executor,quote_run_dispatch_probe,10,643.68,success,,200,success
p3-ex-official-vu10,8b698db2-e0a4-40fb-9a4a-28466c0d5264,2026-08-31T18:17:42.928Z,separate_executor,quote_run_dispatch_probe,10,566.58,success,,200,success
p3-ex-official-vu10,66b4f600-7a8c-444c-90a7-f848f12a234f,2026-08-31T18:17:42.961Z,separate_executor,quote_run_dispatch_probe,10,657.72,success,,200,success
p3-ex-official-vu10,4accd0d4-973c-49b5-9660-80fcbcf9b08d,2026-08-31T18:17:42.978Z,separate_executor,quote_run_dispatch_probe,10,642.2,success,,200,success
p3-ex-official-vu10,ff7ff4b9-dd99-499b-8d66-2a80c4674303,2026-08-31T18:17:42.981Z,separate_executor,quote_run_dispatch_probe,10,426.04,success,,200,success
p3-ex-official-vu10,9a7f8cd0-f07d-4624-8916-052220600ea4,2026-08-31T18:17:43.011Z,separate_executor,quote_run_dispatch_probe,10,588.55,success,,200,success
p3-ex-official-vu10,9ba4c113-475d-4618-b929-00e95812daed,2026-08-31T18:17:43.057Z,separate_executor,quote_run_dispatch_probe,10,568.1,success,,200,success
p3-ex-official-vu10,7d6e1a07-d3d2-4262-8539-f8d8f3a30a9a,2026-08-31T18:17:43.297Z,separate_executor,quote_run_dispatch_probe,10,730.97,success,,200,success
p3-ex-official-vu10,a8611b0e-ea2d-4411-91b5-1663be82aced,2026-08-31T18:17:43.358Z,separate_executor,quote_run_dispatch_probe,10,510.28,success,,200,success
p3-ex-official-vu10,58cae2f2-20bd-4adb-98f6-e93167b93dea,2026-08-31T18:17:43.395Z,separate_executor,quote_run_dispatch_probe,10,413.15,success,,200,success
p3-ex-official-vu10,6776e930-9d91-4b1e-a3a4-f75407939a80,2026-08-31T18:17:43.433Z,separate_executor,quote_run_dispatch_probe,10,584.39,success,,200,success
p3-ex-official-vu10,7cfc4394-3077-4e51-8667-d17d3b1dfbd8,2026-08-31T18:17:43.445Z,separate_executor,quote_run_dispatch_probe,10,760.59,success,,200,success
p3-ex-official-vu10,c30bafd4-91fb-4e67-b3d4-2735ad979c41,2026-08-31T18:17:43.517Z,separate_executor,quote_run_dispatch_probe,10,589.09,success,,200,success
p3-ex-official-vu10,07acf1cb-d834-46ab-98b4-cdaa863645bb,2026-08-31T18:17:43.574Z,separate_executor,quote_run_dispatch_probe,10,596.15,success,,200,success
p3-ex-official-vu10,36560892-f219-465f-bfe8-5fb4849e4afe,2026-08-31T18:17:43.596Z,separate_executor,quote_run_dispatch_probe,10,635.67,success,,200,success
p3-ex-official-vu10,d45ef8fe-935e-4020-8d77-9f7a75973c11,2026-08-31T18:17:43.603Z,separate_executor,quote_run_dispatch_probe,10,545.56,success,,200,success
p3-ex-official-vu10,e5a9454f-e4ce-424c-9a54-df57f548ab87,2026-08-31T18:17:43.688Z,separate_executor,quote_run_dispatch_probe,10,676.92,success,,200,success
p3-ex-official-vu10,a8db147a-575a-4956-ba52-fd869feca8a0,2026-08-31T18:17:43.796Z,separate_executor,quote_run_dispatch_probe,10,401.25,success,,200,success
p3-ex-official-vu10,b6636937-33dc-441e-a8e0-321b1fe8f004,2026-08-31T18:17:43.869Z,separate_executor,quote_run_dispatch_probe,10,511.1,success,,200,success
p3-ex-official-vu10,5bbfa689-dbf1-4eba-b4e5-5d07d81d667b,2026-08-31T18:17:44.007Z,separate_executor,quote_run_dispatch_probe,10,709.82,success,,200,success
p3-ex-official-vu10,a6058e8c-fa3e-4a2a-9d09-53ddcf1ab9e4,2026-08-31T18:17:44.036Z,separate_executor,quote_run_dispatch_probe,10,603.19,success,,200,success
p3-ex-official-vu10,759462dd-b36a-4015-87cb-e463addb0c14,2026-08-31T18:17:44.172Z,separate_executor,quote_run_dispatch_probe,10,568.72,success,,200,success
p3-ex-official-vu10,ffc63e9c-c220-47f2-a758-70dce5b1e566,2026-08-31T18:17:44.254Z,separate_executor,quote_run_dispatch_probe,10,679.72,success,,200,success
p3-ex-official-vu10,6f924471-a9f9-43d4-9b29-dde510856177,2026-08-31T18:17:44.274Z,separate_executor,quote_run_dispatch_probe,10,756.83,success,,200,success
p3-ex-official-vu10,54ea84fa-6f5f-4a89-885f-d289039b78f9,2026-08-31T18:17:44.304Z,separate_executor,quote_run_dispatch_probe,10,707.64,success,,200,success
p3-ex-official-vu10,8d2571d2-0f78-4338-8404-cf62d27fcee7,2026-08-31T18:17:44.319Z,separate_executor,quote_run_dispatch_probe,10,874.32,success,,200,success
p3-ex-official-vu10,22adcbdc-9192-4070-9acb-46d2395af07c,2026-08-31T18:17:44.562Z,separate_executor,quote_run_dispatch_probe,10,874.16,success,,200,success
p3-ex-official-vu10,372eed9b-8d58-4cdd-9ecd-2b0db2548d13,2026-08-31T18:17:44.648Z,separate_executor,quote_run_dispatch_probe,10,852.18,success,,200,success
p3-ex-official-vu10,5729efff-6d69-462b-8763-624843d50c67,2026-08-31T18:17:44.947Z,separate_executor,quote_run_dispatch_probe,10,1078.41,success,,200,success
p3-ex-official-vu10,a2e744b3-6ef5-4078-a9a8-619889f1551e,2026-08-31T18:17:44.968Z,separate_executor,quote_run_dispatch_probe,10,932.48,success,,200,success
p3-ex-official-vu10,e540f366-e9f6-46ec-93b9-040dcfbd24b8,2026-08-31T18:17:44.985Z,separate_executor,quote_run_dispatch_probe,10,813.26,success,,200,success
p3-ex-official-vu10,e8ae39b7-45c9-430f-96c0-24f19cae2b3b,2026-08-31T18:17:44.997Z,separate_executor,quote_run_dispatch_probe,10,990.08,success,,200,success
p3-ex-official-vu10,4e455db4-a391-4294-bb25-1d51b0d67228,2026-08-31T18:17:45.016Z,separate_executor,quote_run_dispatch_probe,10,697.11,success,,200,success
p3-ex-official-vu10,9398cf00-78ee-4921-8048-3d0c56dfb30e,2026-08-31T18:17:45.093Z,separate_executor,quote_run_dispatch_probe,10,839.78,success,,200,success
p3-ex-official-vu10,b783e55c-2458-420e-91b9-9a98cb8f3621,2026-08-31T18:17:45.130Z,separate_executor,quote_run_dispatch_probe,10,825.3,success,,200,success
p3-ex-official-vu10,70db617d-c075-40cf-83df-218fdb74791b,2026-08-31T18:17:45.184Z,separate_executor,quote_run_dispatch_probe,10,909.77,success,,200,success
p3-ex-official-vu10,ddad995b-e34a-430c-ad23-1b3a2844c39a,2026-08-31T18:17:45.198Z,separate_executor,quote_run_dispatch_probe,10,550.04,success,,200,success
p3-ex-official-vu10,2c1eb235-af29-4af4-b959-ca89a473ab24,2026-08-31T18:17:45.223Z,separate_executor,quote_run_dispatch_probe,10,660.51,success,,200,success
p3-ex-official-vu10,9a6b716d-fc2c-4548-ac96-476d89d2cd1a,2026-08-31T18:17:45.535Z,separate_executor,quote_run_dispatch_probe,10,566.52,success,,200,success
p3-ex-official-vu10,23f3b5ab-6961-4c2d-9d1f-d3bf36bc9234,2026-08-31T18:17:45.535Z,separate_executor,quote_run_dispatch_probe,10,588.16,success,,200,success
p3-ex-official-vu10,1caff105-91f9-4444-830e-9efe35601962,2026-08-31T18:17:45.536Z,separate_executor,quote_run_dispatch_probe,10,519.35,success,,200,success
p3-ex-official-vu10,b44cb76e-5f3c-4fd8-a3d2-567fb4038a6f,2026-08-31T18:17:45.608Z,separate_executor,quote_run_dispatch_probe,10,623.3,success,,200,success
p3-ex-official-vu10,0d686568-ac31-4c2a-adb2-375203063044,2026-08-31T18:17:45.682Z,separate_executor,quote_run_dispatch_probe,10,685.65,success,,200,success
p3-ex-official-vu10,92fce9f2-44fd-4622-8b5a-c9a401b722b4,2026-08-31T18:17:45.715Z,separate_executor,quote_run_dispatch_probe,10,491.6,success,,200,success
p3-ex-official-vu10,ed7f38b3-e97b-45e6-9a1c-e3c942a0882a,2026-08-31T18:17:45.739Z,separate_executor,quote_run_dispatch_probe,10,609.77,success,,200,success
p3-ex-official-vu10,d1f7039b-b3b6-4136-bb63-1332e2053cf6,2026-08-31T18:17:45.763Z,separate_executor,quote_run_dispatch_probe,10,669.7,success,,200,success
p3-ex-official-vu10,caa4e43a-e2fd-4abc-9907-5dbbff6c0128,2026-08-31T18:17:45.836Z,separate_executor,quote_run_dispatch_probe,10,638.28,success,,200,success
p3-ex-official-vu10,60ea2e81-c05b-4387-88a1-788b98b5b49b,2026-08-31T18:17:45.939Z,separate_executor,quote_run_dispatch_probe,10,744.18,success,,200,success
p3-ex-official-vu10,255c91ce-b363-4f00-a99d-56f4f3b5e4f2,2026-08-31T18:17:46.025Z,separate_executor,quote_run_dispatch_probe,10,489.18,success,,200,success
p3-ex-official-vu10,871dcdf6-0dac-44f5-ace8-3c20eb785b53,2026-08-31T18:17:46.036Z,separate_executor,quote_run_dispatch_probe,10,500.73,success,,200,success
p3-ex-official-vu10,39923485-0cd1-4cbd-978b-fbadd97fd1ed,2026-08-31T18:17:46.081Z,separate_executor,quote_run_dispatch_probe,10,545.89,success,,200,success
p3-ex-official-vu10,ee27f8f9-2bd8-46d0-82eb-44032077f6ff,2026-08-31T18:17:46.160Z,separate_executor,quote_run_dispatch_probe,10,551.93,success,,200,success
p3-ex-official-vu10,a3996860-442b-4bfb-9659-961df058a37b,2026-08-31T18:17:46.202Z,separate_executor,quote_run_dispatch_probe,10,487.65,success,,200,success
p3-ex-official-vu10,97e0fb84-6f8e-4a32-8dbd-3d51aa9fa656,2026-08-31T18:17:46.277Z,separate_executor,quote_run_dispatch_probe,10,595.08,success,,200,success
p3-ex-official-vu10,91fbf198-42a0-4ab3-846c-fd1658c650aa,2026-08-31T18:17:46.415Z,separate_executor,quote_run_dispatch_probe,10,676.04,success,,200,success
p3-ex-official-vu10,7cfcf807-cb7e-4038-b89b-7985c3d65b8a,2026-08-31T18:17:46.479Z,separate_executor,quote_run_dispatch_probe,10,442.55,success,,200,success
p3-ex-official-vu10,83bb9853-4b8d-4747-a743-e4cd63f5d4bc,2026-08-31T18:17:46.528Z,separate_executor,quote_run_dispatch_probe,10,764.87,success,,200,success
p3-ex-official-vu10,c4f82385-ff51-4e42-9e18-89c2a95694a6,2026-08-31T18:17:46.529Z,separate_executor,quote_run_dispatch_probe,10,692.91,success,,200,success
p3-ex-official-vu10,9d0e9319-8767-4bcb-881b-6a1b049f2562,2026-08-31T18:17:46.531Z,separate_executor,quote_run_dispatch_probe,10,506.56,success,,200,success
p3-ex-official-vu10,9163aec7-9259-43b3-bfc0-ab9187af0176,2026-08-31T18:17:46.594Z,separate_executor,quote_run_dispatch_probe,10,512.94,success,,200,success
p3-ex-official-vu10,34d6e9d2-3002-401f-a84d-f52d51936e46,2026-08-31T18:17:46.647Z,separate_executor,quote_run_dispatch_probe,10,708,success,,200,success
p3-ex-official-vu10,3ec6d036-a83e-4383-9e5a-cd48a1bb9daf,2026-08-31T18:17:46.713Z,separate_executor,quote_run_dispatch_probe,10,510.75,success,,200,success
p3-ex-official-vu10,25ec9cf5-a61e-4c71-87a0-b4e175943934,2026-08-31T18:17:46.722Z,separate_executor,quote_run_dispatch_probe,10,561.71,success,,200,success
p3-ex-official-vu10,1ae337e8-afde-470d-a46c-1aeada61eba7,2026-08-31T18:17:46.856Z,separate_executor,quote_run_dispatch_probe,10,578.19,success,,200,success
p3-ex-official-vu10,c8e5bfbd-4175-40aa-afb0-8716bf05e2b4,2026-08-31T18:17:46.962Z,separate_executor,quote_run_dispatch_probe,10,482.93,success,,200,success
p3-ex-official-vu10,21fc6ec9-62ba-44e1-85e7-53fece66a4bd,2026-08-31T18:17:47.008Z,separate_executor,quote_run_dispatch_probe,10,592.33,success,,200,success
p3-ex-official-vu10,9d227b12-8f58-4dee-86b6-aedf4523c4e5,2026-08-31T18:17:47.021Z,separate_executor,quote_run_dispatch_probe,10,489.97,success,,200,success
p3-ex-official-vu10,6c83255d-b4a6-4327-9e03-bd1e076510ce,2026-08-31T18:17:47.100Z,separate_executor,quote_run_dispatch_probe,10,572.23,success,,200,success
p3-ex-official-vu10,9d253a4e-a1da-4490-b76b-c8c29833a993,2026-08-31T18:17:47.157Z,separate_executor,quote_run_dispatch_probe,10,563.29,success,,200,success
p3-ex-official-vu10,fd9cfee8-a5d3-44ed-becd-598888b8e5f6,2026-08-31T18:17:47.279Z,separate_executor,quote_run_dispatch_probe,10,557.09,success,,200,success
p3-ex-official-vu10,378092cc-2165-4fd6-9ea7-5c4e58aba34f,2026-08-31T18:17:47.294Z,separate_executor,quote_run_dispatch_probe,10,580.54,success,,200,success
p3-ex-official-vu10,068ddd2b-44a0-462d-b36d-56b50bed8f5d,2026-08-31T18:17:47.310Z,separate_executor,quote_run_dispatch_probe,10,781,success,,200,success
p3-ex-official-vu10,236b32a9-5603-4e1f-93a5-cde6afef7357,2026-08-31T18:17:47.347Z,separate_executor,quote_run_dispatch_probe,10,699.67,success,,200,success
p3-ex-official-vu10,cd6b6cf8-5b97-4f15-abad-a2711ee97a1a,2026-08-31T18:17:47.415Z,separate_executor,quote_run_dispatch_probe,10,452.62,success,,200,success
p3-ex-official-vu10,9288f895-7d97-4b83-8c73-992e8d3ff04d,2026-08-31T18:17:47.468Z,separate_executor,quote_run_dispatch_probe,10,612.68,success,,200,success
p3-ex-official-vu10,0d3e9f23-1580-4f34-895c-b86fbadcb21a,2026-08-31T18:17:47.498Z,separate_executor,quote_run_dispatch_probe,10,476.69,success,,200,success
p3-ex-official-vu10,2d0f1fc5-a5f1-469a-b311-7034b13c1615,2026-08-31T18:17:47.616Z,separate_executor,quote_run_dispatch_probe,10,608.61,success,,200,success
p3-ex-official-vu10,ee938414-a2d7-49a3-bcee-2b71a3cda5ab,2026-08-31T18:17:47.662Z,separate_executor,quote_run_dispatch_probe,10,561.33,success,,200,success
p3-ex-official-vu10,bbbd13ba-d93c-4377-83c7-bdaa0785fec6,2026-08-31T18:17:47.669Z,separate_executor,quote_run_dispatch_probe,10,511.87,success,,200,success
p3-ex-official-vu10,7de671bf-85ae-40d1-a579-0a24656a2c1a,2026-08-31T18:17:47.811Z,separate_executor,quote_run_dispatch_probe,10,517.63,success,,200,success
p3-ex-official-vu10,1d351280-9e99-4105-9161-d91de1df6bc8,2026-08-31T18:17:47.828Z,separate_executor,quote_run_dispatch_probe,10,413.4,success,,200,success
p3-ex-official-vu10,543a2ad8-8475-42a5-9f35-1ad334ae5202,2026-08-31T18:17:47.869Z,separate_executor,quote_run_dispatch_probe,10,589.64,success,,200,success
p3-ex-official-vu10,09b0a568-a834-4c9a-9194-a3e9c83ff1e1,2026-08-31T18:17:48.003Z,separate_executor,quote_run_dispatch_probe,10,504.89,success,,200,success
p3-ex-official-vu10,e248a71f-1ffa-4256-9a12-cd9bc3aa66b7,2026-08-31T18:17:48.059Z,separate_executor,quote_run_dispatch_probe,10,748.92,success,,200,success
p3-ex-official-vu10,727c4ec6-a336-4abf-9d5b-e24070086cdc,2026-08-31T18:17:48.065Z,separate_executor,quote_run_dispatch_probe,10,596.56,success,,200,success
p3-ex-official-vu10,b985b40d-9f52-40a0-9e53-9ba0f183a1ed,2026-08-31T18:17:48.068Z,separate_executor,quote_run_dispatch_probe,10,721.39,success,,200,success
p3-ex-official-vu10,7bb71383-dcf2-4501-81ec-9eac9789a69e,2026-08-31T18:17:48.212Z,separate_executor,quote_run_dispatch_probe,10,543.31,success,,200,success
p3-ex-official-vu10,6b2bd5c8-4da9-4ab9-b542-5c359306e63e,2026-08-31T18:17:48.220Z,separate_executor,quote_run_dispatch_probe,10,558.75,success,,200,success
p3-ex-official-vu10,80e5ac3a-6fc4-47aa-b88a-f2931e7c5db8,2026-08-31T18:17:48.253Z,separate_executor,quote_run_dispatch_probe,10,425.29,success,,200,success
p3-ex-official-vu10,f0f1d480-b30d-481c-955f-ca2ad25923b7,2026-08-31T18:17:48.273Z,separate_executor,quote_run_dispatch_probe,10,656.88,success,,200,success
p3-ex-official-vu10,954361ab-1ad0-46ca-9fcb-ada31c6f1f90,2026-08-31T18:17:48.312Z,separate_executor,quote_run_dispatch_probe,10,500.45,success,,200,success
p3-ex-official-vu10,7ef2283a-94d2-4b6c-b307-4f58ab08c441,2026-08-31T18:17:48.408Z,separate_executor,quote_run_dispatch_probe,10,539.11,success,,200,success
p3-ex-official-vu10,c0c6d129-fced-48ef-abb8-900c37138f77,2026-08-31T18:17:48.495Z,separate_executor,quote_run_dispatch_probe,10,492.15,success,,200,success
p3-ex-official-vu10,a6f4328f-fa9e-4685-800e-e12f282e2b75,2026-08-31T18:17:48.723Z,separate_executor,quote_run_dispatch_probe,10,469.93,success,,200,success
p3-ex-official-vu10,6ab7c1b7-68df-4baa-b529-0b619122d7a0,2026-08-31T18:17:48.741Z,separate_executor,quote_run_dispatch_probe,10,675.7,success,,200,success
p3-ex-official-vu10,ff676784-66b3-4ae8-af7c-e233ff0b77d0,2026-08-31T18:17:48.762Z,separate_executor,quote_run_dispatch_probe,10,693.41,success,,200,success
p3-ex-official-vu10,e204bd45-f44f-47c4-9fe5-4e14e751bdbb,2026-08-31T18:17:48.783Z,separate_executor,quote_run_dispatch_probe,10,723.28,success,,200,success
p3-ex-official-vu10,63d04cbe-d68f-489f-871b-18ddd4f4018c,2026-08-31T18:17:48.795Z,separate_executor,quote_run_dispatch_probe,10,582.79,success,,200,success
p3-ex-official-vu10,336cba5f-493a-4ce0-b436-b38c803cd7fc,2026-08-31T18:17:48.834Z,separate_executor,quote_run_dispatch_probe,10,613.36,success,,200,success
p3-ex-official-vu10,c6574c54-63f9-4b0d-bf7e-037aceaf8bdf,2026-08-31T18:17:48.835Z,separate_executor,quote_run_dispatch_probe,10,523.47,success,,200,success
p3-ex-official-vu10,175160d2-587d-43c7-a01b-039986699bd9,2026-08-31T18:17:48.910Z,separate_executor,quote_run_dispatch_probe,10,636.26,success,,200,success
p3-ex-official-vu10,bd912072-e0a5-40b7-92e3-ced2622a5495,2026-08-31T18:17:48.968Z,separate_executor,quote_run_dispatch_probe,10,472.91,success,,200,success
p3-ex-official-vu10,b84424f4-9745-451d-b70b-d8d78e343da7,2026-08-31T18:17:49.141Z,separate_executor,quote_run_dispatch_probe,10,417.39,success,,200,success
p3-ex-official-vu10,035537ad-1a74-494e-b3cf-1081ce9aa297,2026-08-31T18:17:49.143Z,separate_executor,quote_run_dispatch_probe,10,734.92,success,,200,success
p3-ex-official-vu10,b848804a-f988-4582-9821-d95b9f31b165,2026-08-31T18:17:49.286Z,separate_executor,quote_run_dispatch_probe,10,490.72,success,,200,success
p3-ex-official-vu10,b342190e-6c25-48e6-a8f8-1dcd13687cd4,2026-08-31T18:17:49.330Z,separate_executor,quote_run_dispatch_probe,10,494.87,success,,200,success
p3-ex-official-vu10,e049ff14-780a-4ba6-bf0c-55c5cabda00a,2026-08-31T18:17:49.406Z,separate_executor,quote_run_dispatch_probe,10,572.73,success,,200,success
p3-ex-official-vu10,2304c109-83c5-44a3-adfc-30cbfc9d8a0e,2026-08-31T18:17:49.485Z,separate_executor,quote_run_dispatch_probe,10,517.11,success,,200,success
p3-ex-official-vu10,7318ff74-6d4d-4883-8e5f-ce8b5e3ac0da,2026-08-31T18:17:49.488Z,separate_executor,quote_run_dispatch_probe,10,747.6,success,,200,success
p3-ex-official-vu10,49815641-2c1d-43d3-8e8a-9cd900b47a5e,2026-08-31T18:17:49.493Z,separate_executor,quote_run_dispatch_probe,10,731.48,success,,200,success
p3-ex-official-vu10,952e8417-c0f9-4a9b-99c7-cf3ef95afdb2,2026-08-31T18:17:49.507Z,separate_executor,quote_run_dispatch_probe,10,724.52,success,,200,success
p3-ex-official-vu10,02463089-4ce8-4fd6-951c-58e6b6949827,2026-08-31T18:17:49.520Z,separate_executor,quote_run_dispatch_probe,10,610.6,success,,200,success
p3-ex-official-vu10,9e0018b6-76f1-45ac-b801-83d5981ec4f9,2026-08-31T18:17:49.539Z,separate_executor,quote_run_dispatch_probe,10,398.49,success,,200,success
p3-ex-official-vu10,519f2920-3e6e-4ef9-8baf-a3fddaa6686b,2026-08-31T18:17:49.819Z,separate_executor,quote_run_dispatch_probe,10,533.45,success,,200,success
p3-ex-official-vu10,435a356c-54ba-4bcf-9ee5-21fe251541ee,2026-08-31T18:17:49.846Z,separate_executor,quote_run_dispatch_probe,10,702.27,success,,200,success
p3-ex-official-vu10,989698eb-0d6a-4785-aede-1ff876ca3691,2026-08-31T18:17:49.888Z,separate_executor,quote_run_dispatch_probe,10,557.54,success,,200,success
p3-ex-official-vu10,f3661b1c-6ede-456f-b5b5-8706bf732d1b,2026-08-31T18:17:49.946Z,separate_executor,quote_run_dispatch_probe,10,406.26,success,,200,success
p3-ex-official-vu10,b91ac796-1584-4be8-ac23-8e35f3321e5a,2026-08-31T18:17:49.961Z,separate_executor,quote_run_dispatch_probe,10,475.34,success,,200,success
p3-ex-official-vu10,b708b620-f768-4e43-92f8-02ca3ebee0e9,2026-08-31T18:17:50.017Z,separate_executor,quote_run_dispatch_probe,10,610.22,success,,200,success
p3-ex-official-vu10,3621e41d-daa9-4d34-83a2-b6eb0dff7b79,2026-08-31T18:17:50.104Z,separate_executor,quote_run_dispatch_probe,10,616.14,success,,200,success
p3-ex-official-vu10,76ba39d0-94e3-44ae-ab6b-b195996000ab,2026-08-31T18:17:50.127Z,separate_executor,quote_run_dispatch_probe,10,607.26,success,,200,success
p3-ex-official-vu10,24f081f2-d90f-49b1-b587-277d1436810a,2026-08-31T18:17:50.162Z,separate_executor,quote_run_dispatch_probe,10,668.88,success,,200,success
p3-ex-official-vu10,6080c056-db74-4f73-aa2a-a62dd1b08e01,2026-08-31T18:17:50.228Z,separate_executor,quote_run_dispatch_probe,10,721.21,success,,200,success
p3-ex-official-vu10,9af724ef-abc8-4a61-bc1b-d6a81e0295a4,2026-08-31T18:17:50.383Z,separate_executor,quote_run_dispatch_probe,10,495.7,success,,200,success
p3-ex-official-vu10,bdb92e8f-163c-4a1e-8890-f2ac90e628fd,2026-08-31T18:17:50.385Z,separate_executor,quote_run_dispatch_probe,10,565.38,success,,200,success
p3-ex-official-vu10,b8be561e-8f88-4874-aed6-d4865faaacbf,2026-08-31T18:17:50.398Z,separate_executor,quote_run_dispatch_probe,10,452.47,success,,200,success
p3-ex-official-vu10,210e2765-f90c-4204-bf69-b9b25b46bc3e,2026-08-31T18:17:50.453Z,separate_executor,quote_run_dispatch_probe,10,492.23,success,,200,success
p3-ex-official-vu10,f26fe8ba-0eae-41c6-ab23-14918ba7da88,2026-08-31T18:17:50.606Z,separate_executor,quote_run_dispatch_probe,10,589.23,success,,200,success
p3-ex-official-vu10,a2c4471e-2240-4e31-89be-164f4f4e25d1,2026-08-31T18:17:50.734Z,separate_executor,quote_run_dispatch_probe,10,606.1,success,,200,success
p3-ex-official-vu10,c33d55cc-15b5-428d-b3d9-ffeccccad8e8,2026-08-31T18:17:50.768Z,separate_executor,quote_run_dispatch_probe,10,663.93,success,,200,success
p3-ex-official-vu10,bc57bc7a-4910-4ebc-be1d-71e72ec946c4,2026-08-31T18:17:50.819Z,separate_executor,quote_run_dispatch_probe,10,420.55,success,,200,success
p3-ex-official-vu10,9e0692a3-5c25-487f-8244-7d9558b50328,2026-08-31T18:17:50.823Z,separate_executor,quote_run_dispatch_probe,10,977.6,success,,200,success
p3-ex-official-vu10,10594aec-168a-4842-b301-6693dc547aaf,2026-08-31T18:17:50.870Z,separate_executor,quote_run_dispatch_probe,10,486.33,success,,200,success
p3-ex-official-vu10,5a4cbb78-226b-4a6f-9c3e-bcd92d5d51ad,2026-08-31T18:17:50.924Z,separate_executor,quote_run_dispatch_probe,10,538.78,success,,200,success
p3-ex-official-vu10,8f9995c2-fbb0-4e08-a213-b9b651e919dd,2026-08-31T18:17:50.934Z,separate_executor,quote_run_dispatch_probe,10,481.09,success,,200,success
p3-ex-official-vu10,c617c869-686b-4711-bba8-37fcd5bca969,2026-08-31T18:17:50.963Z,separate_executor,quote_run_dispatch_probe,10,800.63,success,,200,success
p3-ex-official-vu10,1aee8255-90f6-4dab-9152-abbef51e0e35,2026-08-31T18:17:50.970Z,separate_executor,quote_run_dispatch_probe,10,741.7,success,,200,success
p3-ex-official-vu10,fb44422a-0c71-4b1e-95a7-2f33732bc9c5,2026-08-31T18:17:51.207Z,separate_executor,quote_run_dispatch_probe,10,601.18,success,,200,success
p3-ex-official-vu10,85f1d37a-cc68-4b7b-a426-c86f0c5aa338,2026-08-31T18:17:51.266Z,separate_executor,quote_run_dispatch_probe,10,446.95,success,,200,success
p3-ex-official-vu10,3461d899-622f-45cc-82d0-7e8bfd7239a6,2026-08-31T18:17:51.339Z,separate_executor,quote_run_dispatch_probe,10,469.51,success,,200,success
p3-ex-official-vu10,26f1e070-90e8-45f0-9a28-f5aa5a80a651,2026-08-31T18:17:51.363Z,separate_executor,quote_run_dispatch_probe,10,629.56,success,,200,success
p3-ex-official-vu10,b17d0be3-4c54-417d-880f-1ba0a89b128d,2026-08-31T18:17:51.369Z,separate_executor,quote_run_dispatch_probe,10,600.16,success,,200,success
p3-ex-official-vu10,8c1fad02-4649-4744-bf01-77db99331f16,2026-08-31T18:17:51.396Z,separate_executor,quote_run_dispatch_probe,10,462.07,success,,200,success
p3-ex-official-vu10,30dc44d7-4a41-403c-b0b7-a9824ce98539,2026-08-31T18:17:51.453Z,separate_executor,quote_run_dispatch_probe,10,529.36,success,,200,success
p3-ex-official-vu10,d7410e19-0472-40be-b367-4eaf2233840b,2026-08-31T18:17:51.679Z,separate_executor,quote_run_dispatch_probe,10,716.58,success,,200,success
p3-ex-official-vu10,9fd5fe22-fde8-45f2-8bf6-d3e0469018f3,2026-08-31T18:17:51.704Z,separate_executor,quote_run_dispatch_probe,10,438.47,success,,200,success
p3-ex-official-vu10,cab848a6-8a75-4acb-9de4-0977444bfce8,2026-08-31T18:17:51.714Z,separate_executor,quote_run_dispatch_probe,10,744.19,success,,200,success
p3-ex-official-vu10,24979fff-2237-49c4-ac4f-f5b355714e74,2026-08-31T18:17:51.716Z,separate_executor,quote_run_dispatch_probe,10,892.17,success,,200,success
p3-ex-official-vu10,5a819135-f6b5-41b8-a934-8710b64f5fd4,2026-08-31T18:17:51.830Z,separate_executor,quote_run_dispatch_probe,10,623.22,success,,200,success
p3-ex-official-vu10,ea6f2ed2-beb8-42b5-821d-fc46400948e3,2026-08-31T18:17:51.900Z,separate_executor,quote_run_dispatch_probe,10,504,success,,200,success
p3-ex-official-vu10,6a06d456-5ca0-4b67-af1c-ecef13e13afb,2026-08-31T18:17:51.939Z,separate_executor,quote_run_dispatch_probe,10,599.25,success,,200,success
p3-ex-official-vu10,29854c9e-2e05-4d2b-9ec0-ca76d504f581,2026-08-31T18:17:51.952Z,separate_executor,quote_run_dispatch_probe,10,499.39,success,,200,success
p3-ex-official-vu10,de0b69fd-4ab8-406e-b305-9aaa42b27dd5,2026-08-31T18:17:51.963Z,separate_executor,quote_run_dispatch_probe,10,594.76,success,,200,success
p3-ex-official-vu10,e2a0e9b3-59d5-452e-a761-a8b6d884917c,2026-08-31T18:17:52.013Z,separate_executor,quote_run_dispatch_probe,10,650.28,success,,200,success
p3-ex-official-vu10,09967f84-a947-416b-b45b-ce653dc2f1e9,2026-08-31T18:17:52.129Z,separate_executor,quote_run_dispatch_probe,10,425.16,success,,200,success
p3-ex-official-vu10,e982f709-bbf8-4b35-b5e8-c0fc8b3ca4ec,2026-08-31T18:17:52.368Z,separate_executor,quote_run_dispatch_probe,10,468,success,,200,success
p3-ex-official-vu10,e11cddbf-6b67-41e1-8231-111b6b1259a9,2026-08-31T18:17:52.373Z,separate_executor,quote_run_dispatch_probe,10,693.54,success,,200,success
p3-ex-official-vu10,e08f3055-4f60-4418-84c7-de83754bee97,2026-08-31T18:17:52.429Z,separate_executor,quote_run_dispatch_probe,10,598.88,success,,200,success
p3-ex-official-vu10,a696edcd-5791-4ef0-8343-be29b70884b4,2026-08-31T18:17:52.439Z,separate_executor,quote_run_dispatch_probe,10,724.9,success,,200,success
p3-ex-official-vu10,091df2a3-6a89-4610-9fb8-d0e781a1096c,2026-08-31T18:17:52.485Z,separate_executor,quote_run_dispatch_probe,10,546.16,success,,200,success
p3-ex-official-vu10,70d894a8-a0ab-4004-9886-ea1e3db9d585,2026-08-31T18:17:52.497Z,separate_executor,quote_run_dispatch_probe,10,781.3,success,,200,success
p3-ex-official-vu10,6daf8ff6-3650-4382-ac42-d4cd4189fd50,2026-08-31T18:17:52.539Z,separate_executor,quote_run_dispatch_probe,10,586.76,success,,200,success
p3-ex-official-vu10,019ddb6d-ffbe-4228-9b57-f7d17f46035d,2026-08-31T18:17:52.552Z,separate_executor,quote_run_dispatch_probe,10,422.5,success,,200,success
p3-ex-official-vu10,714abbf6-2fcb-40d5-89cc-4a39621c8f90,2026-08-31T18:17:52.571Z,separate_executor,quote_run_dispatch_probe,10,607.16,success,,200,success
p3-ex-official-vu10,21a21f8b-8a69-4831-9d5d-c90262ba24cd,2026-08-31T18:17:52.587Z,separate_executor,quote_run_dispatch_probe,10,573.17,success,,200,success
p3-ex-official-vu10,d03c5dd9-ce4d-4099-a401-0dd5c1027c01,2026-08-31T18:17:52.854Z,separate_executor,quote_run_dispatch_probe,10,486.34,success,,200,success
p3-ex-official-vu10,9b4181a2-9fe9-43ba-936b-3915a3122399,2026-08-31T18:17:52.962Z,separate_executor,quote_run_dispatch_probe,10,409.92,success,,200,success
p3-ex-official-vu10,18fb7039-a09e-4b75-9a56-73b88fbd7c62,2026-08-31T18:17:53.023Z,separate_executor,quote_run_dispatch_probe,10,593.51,success,,200,success
p3-ex-official-vu10,ecc343bb-a2d0-4268-8989-d9bfa3d51f59,2026-08-31T18:17:53.074Z,separate_executor,quote_run_dispatch_probe,10,534.67,success,,200,success
p3-ex-official-vu10,8cd15b9b-0939-4bc1-bec4-29d183a5a38a,2026-08-31T18:17:53.081Z,separate_executor,quote_run_dispatch_probe,10,708.15,success,,200,success
p3-ex-official-vu10,3a65d44d-2047-4016-b9a1-7b66c49edac3,2026-08-31T18:17:53.109Z,separate_executor,quote_run_dispatch_probe,10,623.85,success,,200,success
p3-ex-official-vu10,288e5a09-ad65-4146-8df7-b2579f75d72e,2026-08-31T18:17:53.188Z,separate_executor,quote_run_dispatch_probe,10,748.42,success,,200,success
p3-ex-official-vu10,feb09816-05be-4e4e-98a2-f1b871b7aaed,2026-08-31T18:17:53.207Z,separate_executor,quote_run_dispatch_probe,10,636.24,success,,200,success
p3-ex-official-vu10,253d05a3-a745-4284-81f5-7854ac450e7b,2026-08-31T18:17:53.226Z,separate_executor,quote_run_dispatch_probe,10,729.04,success,,200,success
p3-ex-official-vu10,e01966ba-b97c-4946-94bc-3fcb86648700,2026-08-31T18:17:53.244Z,separate_executor,quote_run_dispatch_probe,10,656.86,success,,200,success
p3-ex-official-vu10,b1c59112-fa0c-42f0-82d6-5c8b9b78fad9,2026-08-31T18:17:53.301Z,separate_executor,quote_run_dispatch_probe,10,446.82,success,,200,success
p3-ex-official-vu10,af9a189a-51b6-4f27-8b21-51da81789cdf,2026-08-31T18:17:53.386Z,separate_executor,quote_run_dispatch_probe,10,424.16,success,,200,success
p3-ex-official-vu10,7745ac61-cb36-49b8-b945-e47e340bf781,2026-08-31T18:17:53.591Z,separate_executor,quote_run_dispatch_probe,10,567.66,success,,200,success
p3-ex-official-vu10,2ed8d740-e0dc-48e5-b804-15921f96d9b9,2026-08-31T18:17:53.621Z,separate_executor,quote_run_dispatch_probe,10,546.8,success,,200,success
p3-ex-official-vu10,6cace1b7-c1a2-4631-8457-cb9ec5bfcfac,2026-08-31T18:17:53.717Z,separate_executor,quote_run_dispatch_probe,10,608.82,success,,200,success
p3-ex-official-vu10,9a7be977-6fec-4086-8b26-995b7ac3de6d,2026-08-31T18:17:53.813Z,separate_executor,quote_run_dispatch_probe,10,606.19,success,,200,success
p3-ex-official-vu10,3555a7a7-4081-47a8-a86e-4ebcb40c0a63,2026-08-31T18:17:53.822Z,separate_executor,quote_run_dispatch_probe,10,595.89,success,,200,success
p3-ex-official-vu10,f2c9f134-f73f-44e4-b601-4e192b377010,2026-08-31T18:17:53.825Z,separate_executor,quote_run_dispatch_probe,10,581.61,success,,200,success
p3-ex-official-vu10,7706b13e-678d-449c-bf37-3f1d77ae894c,2026-08-31T18:17:53.829Z,separate_executor,quote_run_dispatch_probe,10,527.65,success,,200,success
p3-ex-official-vu10,c80a0314-59a0-491c-ab9a-01b1f7d6ddf6,2026-08-31T18:17:53.852Z,separate_executor,quote_run_dispatch_probe,10,466.07,success,,200,success
p3-ex-official-vu10,55cf3099-18db-4c41-ae85-2a8a461978c4,2026-08-31T18:17:53.883Z,separate_executor,quote_run_dispatch_probe,10,801.47,success,,200,success
p3-ex-official-vu10,344a9efa-f3f5-4a85-aba8-076892338594,2026-08-31T18:17:53.950Z,separate_executor,quote_run_dispatch_probe,10,762,success,,200,success
p3-ex-official-vu10,ef3f6018-a86c-4814-987a-06b44e84a090,2026-08-31T18:17:54.131Z,separate_executor,quote_run_dispatch_probe,10,509.77,success,,200,success
p3-ex-official-vu10,2b282656-4412-4067-a4cf-56d1a3040cb2,2026-08-31T18:17:54.187Z,separate_executor,quote_run_dispatch_probe,10,596.79,success,,200,success
p3-ex-official-vu10,cb18b1d9-77a0-4598-b1ba-05768938b71f,2026-08-31T18:17:54.261Z,separate_executor,quote_run_dispatch_probe,10,409.23,success,,200,success
p3-ex-official-vu10,c5faaea0-ca96-46fa-938a-cad271e36199,2026-08-31T18:17:54.279Z,separate_executor,quote_run_dispatch_probe,10,561.79,success,,200,success
p3-ex-official-vu10,4fde165d-e11f-440b-bcf7-246431a47192,2026-08-31T18:17:54.300Z,separate_executor,quote_run_dispatch_probe,10,471.09,success,,200,success
p3-ex-official-vu10,870746a3-9e3d-48de-95b2-77555dc0deae,2026-08-31T18:17:54.385Z,separate_executor,quote_run_dispatch_probe,10,559.42,success,,200,success
p3-ex-official-vu10,f0b30428-546e-4ed5-929f-5bd3961b7bf8,2026-08-31T18:17:54.403Z,separate_executor,quote_run_dispatch_probe,10,590.24,success,,200,success
p3-ex-official-vu10,38768aab-b431-4571-bfec-3429079ffb71,2026-08-31T18:17:54.555Z,separate_executor,quote_run_dispatch_probe,10,732.7,success,,200,success
p3-ex-official-vu10,9a9eec76-45d2-41f8-95fe-8d97c815a7db,2026-08-31T18:17:54.631Z,separate_executor,quote_run_dispatch_probe,10,748.11,success,,200,success
p3-ex-official-vu10,ccb445e5-6890-4ab7-9148-c3c4beccb29b,2026-08-31T18:17:54.654Z,separate_executor,quote_run_dispatch_probe,10,703.9,success,,200,success
p3-ex-official-vu10,504cf1c6-9eca-48e6-89bd-40ff022b7482,2026-08-31T18:17:54.682Z,separate_executor,quote_run_dispatch_probe,10,420.81,success,,200,success
p3-ex-official-vu10,bd32233e-69b4-4a92-a7ca-70d99c2f5357,2026-08-31T18:17:54.698Z,separate_executor,quote_run_dispatch_probe,10,567.07,success,,200,success
p3-ex-official-vu10,17884f68-6f19-492c-9271-ac14b802e4f9,2026-08-31T18:17:54.757Z,separate_executor,quote_run_dispatch_probe,10,569.86,success,,200,success
p3-ex-official-vu10,e6d69db4-d579-4257-b9b8-2624afa6a60f,2026-08-31T18:17:54.799Z,separate_executor,quote_run_dispatch_probe,10,499.18,success,,200,success
p3-ex-official-vu10,ae5300c6-4a88-47e2-945e-5807123c808f,2026-08-31T18:17:54.884Z,separate_executor,quote_run_dispatch_probe,10,604.19,success,,200,success
p3-ex-official-vu10,2043700d-8558-46ff-8821-860f1587b1e8,2026-08-31T18:17:54.984Z,separate_executor,quote_run_dispatch_probe,10,599.27,success,,200,success
p3-ex-official-vu10,615597a7-28fb-45ca-9cbb-d51ec1be0047,2026-08-31T18:17:55.082Z,separate_executor,quote_run_dispatch_probe,10,678.26,success,,200,success
p3-ex-official-vu10,b9513d8d-38e1-47ab-a7e1-58e01627ca51,2026-08-31T18:17:55.130Z,separate_executor,quote_run_dispatch_probe,10,447.87,success,,200,success
p3-ex-official-vu10,bfdacca8-fa70-4bbc-8f75-ec968840d89a,2026-08-31T18:17:55.137Z,separate_executor,quote_run_dispatch_probe,10,581.99,success,,200,success
p3-ex-official-vu10,ec0229d3-88da-4aab-a965-cf71c2e9a41f,2026-08-31T18:17:55.281Z,separate_executor,quote_run_dispatch_probe,10,583.17,success,,200,success
p3-ex-official-vu10,32320705-c080-446c-8234-6cf0c669c859,2026-08-31T18:17:55.296Z,separate_executor,quote_run_dispatch_probe,10,497.15,success,,200,success
p3-ex-official-vu10,ded114db-4c7d-4dc9-ba48-099be98ed56d,2026-08-31T18:17:55.318Z,separate_executor,quote_run_dispatch_probe,10,687.16,success,,200,success
p3-ex-official-vu10,c6ca8dff-90e2-4dc1-bb06-7420ee0cdc63,2026-08-31T18:17:55.394Z,separate_executor,quote_run_dispatch_probe,10,740.17,success,,200,success
p3-ex-official-vu10,4ba628f9-0af6-4fc2-8811-a02623c713e9,2026-08-31T18:17:55.451Z,separate_executor,quote_run_dispatch_probe,10,567.63,success,,200,success
p3-ex-official-vu10,cbf385bb-3236-46ed-8be5-cba74bb3a33a,2026-08-31T18:17:55.465Z,separate_executor,quote_run_dispatch_probe,10,707.41,success,,200,success
p3-ex-official-vu10,a2ba480d-70bb-4420-9c4f-28442751c8ee,2026-08-31T18:17:55.531Z,separate_executor,quote_run_dispatch_probe,10,547.32,success,,200,success
p3-ex-official-vu10,c8862726-8a7f-40b8-b9d1-378bcceceb7e,2026-08-31T18:17:55.564Z,separate_executor,quote_run_dispatch_probe,10,434.08,success,,200,success
p3-ex-official-vu10,1703cfe3-727b-4bb8-a3bd-baf9d9330600,2026-08-31T18:17:55.657Z,separate_executor,quote_run_dispatch_probe,10,575.72,success,,200,success
p3-ex-official-vu10,9a2f98f9-6002-4685-812b-f3ff51bd5ee6,2026-08-31T18:17:55.772Z,separate_executor,quote_run_dispatch_probe,10,475.76,success,,200,success
p3-ex-official-vu10,01120ff7-82d0-4bb8-accd-14aebd9a4921,2026-08-31T18:17:55.800Z,separate_executor,quote_run_dispatch_probe,10,663.1,success,,200,success
p3-ex-official-vu10,f48ca335-64ec-4873-95dd-d5e4874c4b5c,2026-08-31T18:17:55.843Z,separate_executor,quote_run_dispatch_probe,10,561.74,success,,200,success
p3-ex-official-vu10,9ecd04d4-1e9c-427f-9bdb-10520817a1c2,2026-08-31T18:17:55.954Z,separate_executor,quote_run_dispatch_probe,10,390.12,success,,200,success
p3-ex-official-vu10,b5686170-02f4-45b3-89a6-f1d1f01f68c1,2026-08-31T18:17:55.969Z,separate_executor,quote_run_dispatch_probe,10,517.43,success,,200,success
p3-ex-official-vu10,be16c926-ed05-4520-88b6-94b9ebe391fd,2026-08-31T18:17:56.055Z,separate_executor,quote_run_dispatch_probe,10,590.81,success,,200,success
p3-ex-official-vu10,4a3a99d7-7e4a-48b9-b14f-793554409df2,2026-08-31T18:17:56.086Z,separate_executor,quote_run_dispatch_probe,10,768.02,success,,200,success
p3-ex-official-vu10,a3e693e8-00dd-4de1-97f9-1a5439d3d64d,2026-08-31T18:17:56.092Z,separate_executor,quote_run_dispatch_probe,10,560.86,success,,200,success
p3-ex-official-vu10,f5b57952-2a0e-4e04-879d-2c283d20d913,2026-08-31T18:17:56.103Z,separate_executor,quote_run_dispatch_probe,10,709.64,success,,200,success
p3-ex-official-vu10,39c66235-9009-483f-866d-7fc4297b50ca,2026-08-31T18:17:56.217Z,separate_executor,quote_run_dispatch_probe,10,559.28,success,,200,success
p3-ex-official-vu10,8c290062-d92f-43ca-a51a-1e862de7928d,2026-08-31T18:17:56.230Z,separate_executor,quote_run_dispatch_probe,10,457.88,success,,200,success
p3-ex-official-vu10,1e059f0d-47db-44af-8c84-0081584a4496,2026-08-31T18:17:56.385Z,separate_executor,quote_run_dispatch_probe,10,585.14,success,,200,success
p3-ex-official-vu10,108a7863-8945-4849-9640-9b584dec7d8a,2026-08-31T18:17:56.407Z,separate_executor,quote_run_dispatch_probe,10,563.94,success,,200,success
p3-ex-official-vu10,00b8bec7-3a84-4cc5-893d-7497c4731a33,2026-08-31T18:17:56.486Z,separate_executor,quote_run_dispatch_probe,10,531.85,success,,200,success
p3-ex-official-vu10,7b71a796-dda2-4e5d-91f6-e5f7019e17d8,2026-08-31T18:17:56.517Z,separate_executor,quote_run_dispatch_probe,10,548.59,success,,200,success
p3-ex-official-vu10,90a94044-a42b-4a11-a9c5-60651c3e87b0,2026-08-31T18:17:56.691Z,separate_executor,quote_run_dispatch_probe,10,635.45,success,,200,success
p3-ex-official-vu10,4db90b7a-6340-4fd7-a551-63b0f63bf752,2026-08-31T18:17:56.763Z,separate_executor,quote_run_dispatch_probe,10,670.36,success,,200,success
p3-ex-official-vu10,d6b14cd0-6621-46d5-aae5-6b0ab10c5d2e,2026-08-31T18:17:56.790Z,separate_executor,quote_run_dispatch_probe,10,573.27,success,,200,success
p3-ex-official-vu10,94c717e5-ad8e-417f-8369-34dadca8209b,2026-08-31T18:17:56.804Z,separate_executor,quote_run_dispatch_probe,10,717.91,success,,200,success
p3-ex-official-vu10,027388cc-9a90-45f3-8f07-2ba617087b9c,2026-08-31T18:17:56.828Z,separate_executor,quote_run_dispatch_probe,10,724.88,success,,200,success
p3-ex-official-vu10,724da10e-25c0-4702-97cd-34e15347bad6,2026-08-31T18:17:56.853Z,separate_executor,quote_run_dispatch_probe,10,622.66,success,,200,success
p3-ex-official-vu10,cee88bea-090c-46ce-a355-10be1b37ffe7,2026-08-31T18:17:56.899Z,separate_executor,quote_run_dispatch_probe,10,412.96,success,,200,success
p3-ex-official-vu10,d25470c4-0f9f-4eb1-9b42-cb061c6acdd3,2026-08-31T18:17:56.928Z,separate_executor,quote_run_dispatch_probe,10,520.95,success,,200,success
p3-ex-official-vu10,0a83af28-cc84-427c-bc7a-38a9630806dd,2026-08-31T18:17:57.032Z,separate_executor,quote_run_dispatch_probe,10,646.75,success,,200,success
p3-ex-official-vu10,1ec7858e-02fd-4a6c-a5cb-31ce20898486,2026-08-31T18:17:57.102Z,separate_executor,quote_run_dispatch_probe,10,584.8,success,,200,success
p3-ex-official-vu10,c76eebff-1d6f-4114-9e99-f49ab1b2202c,2026-08-31T18:17:57.272Z,separate_executor,quote_run_dispatch_probe,10,581.27,success,,200,success
p3-ex-official-vu10,c0255c84-a354-4193-acc2-b2bf4e592a6f,2026-08-31T18:17:57.280Z,separate_executor,quote_run_dispatch_probe,10,380.5,success,,200,success
p3-ex-official-vu10,07da79ee-3130-4819-a209-0a7e3335fa9e,2026-08-31T18:17:57.345Z,separate_executor,quote_run_dispatch_probe,10,582.14,success,,200,success
p3-ex-official-vu10,e1969af4-61ef-4ba4-bbd5-5abedb9ebbb0,2026-08-31T18:17:57.348Z,separate_executor,quote_run_dispatch_probe,10,558.41,success,,200,success
p3-ex-official-vu10,966c889b-8deb-42e7-944e-130da9e5d016,2026-08-31T18:17:57.362Z,separate_executor,quote_run_dispatch_probe,10,509.28,success,,200,success
p3-ex-official-vu10,c3002e07-8741-45c3-a836-8853a5e41ed9,2026-08-31T18:17:57.538Z,separate_executor,quote_run_dispatch_probe,10,733.85,success,,200,success
p3-ex-official-vu10,f259f266-e227-4d5b-b38f-d27042a770d8,2026-08-31T18:17:57.551Z,separate_executor,quote_run_dispatch_probe,10,722.44,success,,200,success
p3-ex-official-vu10,3b0a851d-0c95-4063-825f-ee56d8e05ce1,2026-08-31T18:17:57.600Z,separate_executor,quote_run_dispatch_probe,10,672.27,success,,200,success
p3-ex-official-vu10,bde5bdbf-def3-4f00-9096-cdf650ac4b5b,2026-08-31T18:17:57.604Z,separate_executor,quote_run_dispatch_probe,10,572.57,success,,200,success
p3-ex-official-vu10,b057f7be-f9f6-4a71-90e1-c4e401bd5472,2026-08-31T18:17:57.626Z,separate_executor,quote_run_dispatch_probe,10,523.41,success,,200,success
p3-ex-official-vu10,fb726b10-287e-492f-989a-9abb4867e4c0,2026-08-31T18:17:57.703Z,separate_executor,quote_run_dispatch_probe,10,423.27,success,,200,success
p3-ex-official-vu10,10e480b3-426e-43ca-9ee9-1a181515a5ea,2026-08-31T18:17:57.834Z,separate_executor,quote_run_dispatch_probe,10,472,success,,200,success
p3-ex-official-vu10,bc8ef8e2-291c-4491-8306-1fe0b90d2fd8,2026-08-31T18:17:57.901Z,separate_executor,quote_run_dispatch_probe,10,628.63,success,,200,success
p3-ex-official-vu10,9b81dfcd-2772-40ad-bb09-d415fd145d5a,2026-08-31T18:17:57.946Z,separate_executor,quote_run_dispatch_probe,10,601.19,success,,200,success
p3-ex-official-vu10,74d59422-cc53-4bb0-87b3-21211ba577f3,2026-08-31T18:17:58.021Z,separate_executor,quote_run_dispatch_probe,10,672.7,success,,200,success
p3-ex-official-vu10,09d327d8-669e-48dd-952c-7d99df907797,2026-08-31T18:17:58.115Z,separate_executor,quote_run_dispatch_probe,10,412.52,success,,200,success
p3-ex-official-vu10,7e1d2a7d-6b12-4b0d-8a0d-aba5e3de5292,2026-08-31T18:17:58.137Z,separate_executor,quote_run_dispatch_probe,10,511.62,success,,200,success
p3-ex-official-vu10,85af56ad-4439-4aba-b66f-e4896b3d02aa,2026-08-31T18:17:58.195Z,separate_executor,quote_run_dispatch_probe,10,595.21,success,,200,success
p3-ex-official-vu10,384ea18b-b126-4b3d-b053-93787bebaa7a,2026-08-31T18:17:58.228Z,separate_executor,quote_run_dispatch_probe,10,624.11,success,,200,success
p3-ex-official-vu10,b09f81e6-e247-4758-b177-1bca63e6385f,2026-08-31T18:17:58.266Z,separate_executor,quote_run_dispatch_probe,10,715.3,success,,200,success
p3-ex-official-vu10,59133330-55cd-4af3-ba14-97106aa19084,2026-08-31T18:17:58.298Z,separate_executor,quote_run_dispatch_probe,10,463.71,success,,200,success
p3-ex-official-vu10,1aa11319-c151-4575-8b26-defd7c74231e,2026-08-31T18:17:58.353Z,separate_executor,quote_run_dispatch_probe,10,815.51,success,,200,success
p3-ex-official-vu10,1416e627-6ffb-43e3-8362-dba71725da06,2026-08-31T18:17:58.474Z,separate_executor,quote_run_dispatch_probe,10,573.03,success,,200,success
p3-ex-official-vu10,840602f0-fc99-42fb-8cfb-872f9597b2e5,2026-08-31T18:17:58.511Z,separate_executor,quote_run_dispatch_probe,10,395.89,success,,200,success
p3-ex-official-vu10,261c9b58-808b-4834-855b-435ea98bbc9d,2026-08-31T18:17:58.531Z,separate_executor,quote_run_dispatch_probe,10,584.61,success,,200,success
p3-ex-official-vu10,e6579b5a-55e5-4651-af62-cee8bf7503f0,2026-08-31T18:17:58.587Z,separate_executor,quote_run_dispatch_probe,10,565.96,success,,200,success
p3-ex-official-vu10,635935eb-39e0-4485-91d9-1dacb3cff5e5,2026-08-31T18:17:58.697Z,separate_executor,quote_run_dispatch_probe,10,559.76,success,,200,success
p3-ex-official-vu10,18725557-2d46-4eae-9376-88c9153616d7,2026-08-31T18:17:58.769Z,separate_executor,quote_run_dispatch_probe,10,573.83,success,,200,success
p3-ex-official-vu10,3454a1aa-2be0-4f13-b695-acb8f7add2a0,2026-08-31T18:17:58.793Z,separate_executor,quote_run_dispatch_probe,10,494.77,success,,200,success
p3-ex-official-vu10,033b4fea-d98e-4ea9-988e-3ad71c4dcc4d,2026-08-31T18:17:58.885Z,separate_executor,quote_run_dispatch_probe,10,656.41,success,,200,success
p3-ex-official-vu10,a2255fac-9563-4736-91d4-bfccee77f6a0,2026-08-31T18:17:58.932Z,separate_executor,quote_run_dispatch_probe,10,420.22,success,,200,success
p3-ex-official-vu10,d6424780-3bc7-43ab-8d43-1bbaa7350a09,2026-08-31T18:17:58.999Z,separate_executor,quote_run_dispatch_probe,10,732.56,success,,200,success
p3-ex-official-vu10,802e9509-e04e-4c62-928a-54c4158b584a,2026-08-31T18:17:59.076Z,separate_executor,quote_run_dispatch_probe,10,601.82,success,,200,success
p3-ex-official-vu10,90079aa7-67ed-4ef7-ab3f-494b3d9796a7,2026-08-31T18:17:59.152Z,separate_executor,quote_run_dispatch_probe,10,620.9,success,,200,success
p3-ex-official-vu10,f71a7cc5-a052-430a-95c4-4e00d7ea9df5,2026-08-31T18:17:59.242Z,separate_executor,quote_run_dispatch_probe,10,654.79,success,,200,success
p3-ex-official-vu10,b8e6b8ca-fa0a-4957-a568-9e774683158c,2026-08-31T18:17:59.261Z,separate_executor,quote_run_dispatch_probe,10,563.68,success,,200,success
p3-ex-official-vu10,f2400260-557c-450c-8c51-7879207abb7e,2026-08-31T18:17:59.265Z,separate_executor,quote_run_dispatch_probe,10,911.1,success,,200,success
p3-ex-official-vu10,a5d23b28-dddf-49bf-aa6e-6ef2297bbdc9,2026-08-31T18:17:59.276Z,separate_executor,quote_run_dispatch_probe,10,483.55,success,,200,success
p3-ex-official-vu10,1af36f0d-43ef-4131-8ea2-a4b2c34399f2,2026-08-31T18:17:59.346Z,separate_executor,quote_run_dispatch_probe,10,577,success,,200,success
p3-ex-official-vu10,94c41f48-2785-440d-92e9-5cb5f33a372e,2026-08-31T18:17:59.363Z,separate_executor,quote_run_dispatch_probe,10,431.23,success,,200,success
p3-ex-official-vu10,577b8e6f-720a-45e0-b01c-902adf7a0a74,2026-08-31T18:17:59.494Z,separate_executor,quote_run_dispatch_probe,10,609.16,success,,200,success
p3-ex-official-vu10,f82348a5-64fc-41a8-bc3e-89eb876b1443,2026-08-31T18:17:59.711Z,separate_executor,quote_run_dispatch_probe,10,634.95,success,,200,success
p3-ex-official-vu10,296c15ef-f00a-4a03-94c0-b124d28144f0,2026-08-31T18:17:59.734Z,separate_executor,quote_run_dispatch_probe,10,734.85,success,,200,success
p3-ex-official-vu10,56402657-6523-4170-b0fb-c9fbe9a43831,2026-08-31T18:17:59.760Z,separate_executor,quote_run_dispatch_probe,10,608.8,success,,200,success
p3-ex-official-vu10,5437c8fa-bb68-4390-9865-cdab3a21016b,2026-08-31T18:17:59.767Z,separate_executor,quote_run_dispatch_probe,10,403.89,success,,200,success
p3-ex-official-vu10,7c0037ff-2d0f-4d37-bda4-8710abab29f8,2026-08-31T18:17:59.803Z,separate_executor,quote_run_dispatch_probe,10,526.62,success,,200,success
p3-ex-official-vu10,b47cdc73-faf2-4c43-90e9-456c7819f6ac,2026-08-31T18:17:59.821Z,separate_executor,quote_run_dispatch_probe,10,559.91,success,,200,success
p3-ex-official-vu10,b362ea96-b721-420f-b05c-4f79d5871dee,2026-08-31T18:17:59.894Z,separate_executor,quote_run_dispatch_probe,10,652.07,success,,200,success
p3-ex-official-vu10,8b341cc5-0f5f-46ee-b51f-24ebb53e2a3b,2026-08-31T18:17:59.915Z,separate_executor,quote_run_dispatch_probe,10,569.1,success,,200,success
p3-ex-official-vu10,f930c804-05ad-4915-ba8b-15dbf5040ed8,2026-08-31T18:18:00.163Z,separate_executor,quote_run_dispatch_probe,10,669.26,success,,200,success
p3-ex-official-vu10,e655173d-8e71-4014-be0d-b40bc2ff4f37,2026-08-31T18:18:00.199Z,separate_executor,quote_run_dispatch_probe,10,432.11,success,,200,success
p3-ex-official-vu10,e81d8733-5a9d-4123-b0fc-e70b52375246,2026-08-31T18:18:00.202Z,separate_executor,quote_run_dispatch_probe,10,937.7,success,,200,success
p3-ex-official-vu10,1cb753a7-873a-43ca-b0ec-59c8bb6c5445,2026-08-31T18:18:00.287Z,separate_executor,quote_run_dispatch_probe,10,484.14,success,,200,success
p3-ex-official-vu10,971ffe74-0ea0-43e4-a52d-a82a64226c47,2026-08-31T18:18:00.316Z,separate_executor,quote_run_dispatch_probe,10,604.9,success,,200,success
p3-ex-official-vu10,108914cc-8d46-493a-8eef-15c2448fc1b1,2026-08-31T18:18:00.344Z,separate_executor,quote_run_dispatch_probe,10,582.88,success,,200,success
p3-ex-official-vu10,a67b8956-31c8-4427-9dd4-fb4a7c11dd6f,2026-08-31T18:18:00.377Z,separate_executor,quote_run_dispatch_probe,10,556.8,success,,200,success
p3-ex-official-vu10,7a416b46-028b-494a-916e-04ed71dfb8a2,2026-08-31T18:18:00.465Z,separate_executor,quote_run_dispatch_probe,10,731.11,success,,200,success
p3-ex-official-vu10,e04a5d6f-ac9b-4b4d-85d2-a5e19fd92957,2026-08-31T18:18:00.466Z,separate_executor,quote_run_dispatch_probe,10,550.88,success,,200,success
p3-ex-official-vu10,3ba3d339-0cc6-4bde-a838-928ad16d8d51,2026-08-31T18:18:00.498Z,separate_executor,quote_run_dispatch_probe,10,604.41,success,,200,success
p3-ex-official-vu10,d559bf5a-b8fd-4153-b28f-33aea7f97c97,2026-08-31T18:18:00.600Z,separate_executor,quote_run_dispatch_probe,10,400.97,success,,200,success
p3-ex-official-vu10,d2d446cd-43fd-4f9b-a5c4-a9bcb2346f86,2026-08-31T18:18:00.817Z,separate_executor,quote_run_dispatch_probe,10,530.46,success,,200,success
p3-ex-official-vu10,045ffc8c-588f-4226-bb34-0d57925d212b,2026-08-31T18:18:00.838Z,separate_executor,quote_run_dispatch_probe,10,675.2,success,,200,success
p3-ex-official-vu10,fbb4a117-22b3-4f8b-9a8b-0c8b48f10167,2026-08-31T18:18:00.917Z,separate_executor,quote_run_dispatch_probe,10,601.25,success,,200,success
p3-ex-official-vu10,1302bb4c-b88c-40af-9eaf-5250f59d5950,2026-08-31T18:18:00.917Z,separate_executor,quote_run_dispatch_probe,10,540.04,success,,200,success
p3-ex-official-vu10,2568ce01-3bc4-41b1-b5d0-fe7106183be8,2026-08-31T18:18:00.947Z,separate_executor,quote_run_dispatch_probe,10,744.44,success,,200,success
p3-ex-official-vu10,f31c5874-b07e-4ee1-9a1f-fc76b4673586,2026-08-31T18:18:00.953Z,separate_executor,quote_run_dispatch_probe,10,609.53,success,,200,success
p3-ex-official-vu10,166ff639-1692-46ab-affb-49b3d9cf0596,2026-08-31T18:18:01.011Z,separate_executor,quote_run_dispatch_probe,10,545.52,success,,200,success
p3-ex-official-vu10,24560251-cea7-4ce6-af95-3aa5e5df7181,2026-08-31T18:18:01.020Z,separate_executor,quote_run_dispatch_probe,10,420.53,success,,200,success
p3-ex-official-vu10,7bfe1c01-9b9b-44fd-9c5b-54fc51946460,2026-08-31T18:18:01.081Z,separate_executor,quote_run_dispatch_probe,10,582.31,success,,200,success
p3-ex-official-vu10,d2cb51ce-0b45-4f09-9c70-4a9f26a21215,2026-08-31T18:18:01.157Z,separate_executor,quote_run_dispatch_probe,10,692.31,success,,200,success
p3-ex-official-vu10,ca1a31e1-e060-4980-8306-33114ecea4e5,2026-08-31T18:18:01.361Z,separate_executor,quote_run_dispatch_probe,10,544.02,success,,200,success
p3-ex-official-vu10,5e68e164-babc-447d-8c3c-74d1e2ed83a7,2026-08-31T18:18:01.448Z,separate_executor,quote_run_dispatch_probe,10,531.15,success,,200,success
p3-ex-official-vu10,10437d24-a400-4011-a377-aa9697fd7a9c,2026-08-31T18:18:01.476Z,separate_executor,quote_run_dispatch_probe,10,455.52,success,,200,success
p3-ex-official-vu10,ed57fb19-e07f-4230-9203-31cdcad2329a,2026-08-31T18:18:01.527Z,separate_executor,quote_run_dispatch_probe,10,610.07,success,,200,success
p3-ex-official-vu10,8deed619-13cd-4bff-aced-52cc1448ad0e,2026-08-31T18:18:01.530Z,separate_executor,quote_run_dispatch_probe,10,518.27,success,,200,success
p3-ex-official-vu10,7e03b227-9510-4940-a8be-f311946ac6e5,2026-08-31T18:18:01.530Z,separate_executor,quote_run_dispatch_probe,10,691.67,success,,200,success
p3-ex-official-vu10,425af569-f793-4abf-8611-0360e2cdbe27,2026-08-31T18:18:01.598Z,separate_executor,quote_run_dispatch_probe,10,645.12,success,,200,success
p3-ex-official-vu10,c93ccc48-48d6-4fe5-92bd-2455c6943416,2026-08-31T18:18:01.755Z,separate_executor,quote_run_dispatch_probe,10,808.69,success,,200,success
p3-ex-official-vu10,c0a7509c-7e93-412c-85f4-291e5b610950,2026-08-31T18:18:01.819Z,separate_executor,quote_run_dispatch_probe,10,738.7,success,,200,success
p3-ex-official-vu10,6e53c405-e180-44be-8d8e-de9cd599884e,2026-08-31T18:18:01.863Z,separate_executor,quote_run_dispatch_probe,10,501.77,success,,200,success
p3-ex-official-vu10,e87a1cb0-0829-4e14-b0d5-bd67ed7dab0a,2026-08-31T18:18:01.876Z,separate_executor,quote_run_dispatch_probe,10,719.51,success,,200,success
p3-ex-official-vu10,6275df8b-7a75-4d4f-9388-046cde7dc26f,2026-08-31T18:18:01.930Z,separate_executor,quote_run_dispatch_probe,10,454.48,success,,200,success
p3-ex-official-vu10,26bb428e-8720-4ac2-b834-ba960ab664a6,2026-08-31T18:18:02.071Z,separate_executor,quote_run_dispatch_probe,10,540.97,success,,200,success
p3-ex-official-vu10,d5d62a96-15cc-42d5-84b9-f4ff517fb592,2026-08-31T18:18:02.078Z,separate_executor,quote_run_dispatch_probe,10,629.53,success,,200,success
p3-ex-official-vu10,462495b7-0276-487b-8aeb-5f25a3c253ec,2026-08-31T18:18:02.123Z,separate_executor,quote_run_dispatch_probe,10,596.26,success,,200,success
p3-ex-official-vu10,e938f1fd-f13e-4116-92fc-d4329a09540c,2026-08-31T18:18:02.170Z,separate_executor,quote_run_dispatch_probe,10,640.19,success,,200,success
p3-ex-official-vu10,08b1c47a-d938-4273-a77b-80df2e9298b9,2026-08-31T18:18:02.223Z,separate_executor,quote_run_dispatch_probe,10,624.84,success,,200,success
p3-ex-official-vu10,ffaa7aef-640a-43c8-99f6-95e9453845fe,2026-08-31T18:18:02.352Z,separate_executor,quote_run_dispatch_probe,10,489.03,success,,200,success
p3-ex-official-vu10,c29c1bf2-d1bd-4474-8a6a-28471f129d29,2026-08-31T18:18:02.362Z,separate_executor,quote_run_dispatch_probe,10,431.41,success,,200,success
p3-ex-official-vu10,d10da22e-3d04-4fd9-957f-5dc493dfa52c,2026-08-31T18:18:02.470Z,separate_executor,quote_run_dispatch_probe,10,651.18,success,,200,success
p3-ex-official-vu10,d10d3d2f-ec66-4fda-96e7-80af5c818f33,2026-08-31T18:18:02.568Z,separate_executor,quote_run_dispatch_probe,10,812.39,success,,200,success
p3-ex-official-vu10,a2259d66-7b2b-46d3-85e8-145ade63107e,2026-08-31T18:18:02.582Z,separate_executor,quote_run_dispatch_probe,10,503.54,success,,200,success
p3-ex-official-vu10,c8f598e5-18be-423b-8e18-7a33bef3e452,2026-08-31T18:18:02.590Z,separate_executor,quote_run_dispatch_probe,10,713.58,success,,200,success
p3-ex-official-vu10,c3131188-468b-4ea4-b0c8-dd3c7e2e248f,2026-08-31T18:18:02.640Z,separate_executor,quote_run_dispatch_probe,10,569.06,success,,200,success
p3-ex-official-vu10,d22c76a5-40bc-4404-8c2b-ca4a71266ef3,2026-08-31T18:18:02.746Z,separate_executor,quote_run_dispatch_probe,10,383.85,success,,200,success
p3-ex-official-vu10,d3d87a6e-75f5-43eb-8be3-901fb22821a6,2026-08-31T18:18:02.825Z,separate_executor,quote_run_dispatch_probe,10,701.65,success,,200,success
p3-ex-official-vu10,46fdf5d6-e91b-4d26-90c1-0f8e0ad65c1b,2026-08-31T18:18:02.829Z,separate_executor,quote_run_dispatch_probe,10,658.74,success,,200,success
p3-ex-official-vu10,87fc88b3-5f2a-4990-83ac-edc2089478c1,2026-08-31T18:18:02.873Z,separate_executor,quote_run_dispatch_probe,10,520.97,success,,200,success
p3-ex-official-vu10,b6d1f8fe-9261-4533-9bc2-679f9692a4e4,2026-08-31T18:18:02.874Z,separate_executor,quote_run_dispatch_probe,10,650.74,success,,200,success
p3-ex-official-vu10,74ae205d-1789-41d5-b682-3b1104ebabfa,2026-08-31T18:18:03.133Z,separate_executor,quote_run_dispatch_probe,10,551.67,success,,200,success
p3-ex-official-vu10,53bb1d40-6ac3-4779-ab7d-ceee16ead1d0,2026-08-31T18:18:03.168Z,separate_executor,quote_run_dispatch_probe,10,527.99,success,,200,success
p3-ex-official-vu10,798c43d6-f94f-4a4a-9416-f6e9c9fe7dfb,2026-08-31T18:18:03.169Z,separate_executor,quote_run_dispatch_probe,10,422.97,success,,200,success
p3-ex-official-vu10,496c877b-9d62-4686-9a68-38484c6e06fc,2026-08-31T18:18:03.193Z,separate_executor,quote_run_dispatch_probe,10,722.35,success,,200,success
p3-ex-official-vu10,9a2e092f-dacb-4289-9a1c-a972d3005f35,2026-08-31T18:18:03.288Z,separate_executor,quote_run_dispatch_probe,10,697.48,success,,200,success
p3-ex-official-vu10,88176dd9-6d8d-4eca-8ed8-f882395cb372,2026-08-31T18:18:03.346Z,separate_executor,quote_run_dispatch_probe,10,473.17,success,,200,success
p3-ex-official-vu10,79fab09c-144c-43b3-9f16-39e43bd416bf,2026-08-31T18:18:03.415Z,separate_executor,quote_run_dispatch_probe,10,589.88,success,,200,success
p3-ex-official-vu10,e5466ee1-da0a-41bc-a467-e7cffa28ae13,2026-08-31T18:18:03.498Z,separate_executor,quote_run_dispatch_probe,10,668.68,success,,200,success
p3-ex-official-vu10,3168dc00-d20f-4421-bbff-c6668931349c,2026-08-31T18:18:03.514Z,separate_executor,quote_run_dispatch_probe,10,636.85,success,,200,success
p3-ex-official-vu10,70e1bb6c-934a-47ab-930d-63ca916e36b0,2026-08-31T18:18:03.552Z,separate_executor,quote_run_dispatch_probe,10,383.44,success,,200,success
p3-ex-official-vu10,ca4f5ed7-fb94-4df4-b86b-18f48d7e07d1,2026-08-31T18:18:03.561Z,separate_executor,quote_run_dispatch_probe,10,993.76,success,,200,success
p3-ex-official-vu10,d0162bf4-b2ea-47f4-a53c-59cab7c07454,2026-08-31T18:18:03.639Z,separate_executor,quote_run_dispatch_probe,10,505.43,success,,200,success
p3-ex-official-vu10,ffe89511-abe2-4411-8be8-4911af562ce7,2026-08-31T18:18:03.712Z,separate_executor,quote_run_dispatch_probe,10,543.81,success,,200,success
p3-ex-official-vu10,882b6e16-bace-41f9-ba41-de60475d469e,2026-08-31T18:18:03.835Z,separate_executor,quote_run_dispatch_probe,10,488.96,success,,200,success
p3-ex-official-vu10,9d9c0dfe-6343-4fb9-90b8-7ee59f94a251,2026-08-31T18:18:03.838Z,separate_executor,quote_run_dispatch_probe,10,645.57,success,,200,success
p3-ex-official-vu10,b04b506f-1885-4c25-a630-03c6fe3d9951,2026-08-31T18:18:03.950Z,separate_executor,quote_run_dispatch_probe,10,397.66,success,,200,success
p3-ex-official-vu10,d367fa7c-107f-45c6-99ea-cf70200f36bd,2026-08-31T18:18:03.984Z,separate_executor,quote_run_dispatch_probe,10,696.03,success,,200,success
p3-ex-official-vu10,1901bbca-7fec-4b39-84fc-3818e4b095e6,2026-08-31T18:18:04.018Z,separate_executor,quote_run_dispatch_probe,10,602.88,success,,200,success
p3-ex-official-vu10,44f19068-0a85-4b71-ac9c-d169b9ca7e46,2026-08-31T18:18:04.099Z,separate_executor,quote_run_dispatch_probe,10,601.42,success,,200,success
p3-ex-official-vu10,2c015233-45b5-4ca5-b5f1-f8c83504cd67,2026-08-31T18:18:04.164Z,separate_executor,quote_run_dispatch_probe,10,649.21,success,,200,success
p3-ex-official-vu10,4b666b74-c5d2-4897-8bdf-92b12f138b24,2026-08-31T18:18:04.169Z,separate_executor,quote_run_dispatch_probe,10,530.16,success,,200,success
p3-ex-official-vu10,3c654a10-a162-4d7f-84ce-e415ffcac15e,2026-08-31T18:18:04.233Z,separate_executor,quote_run_dispatch_probe,10,521.5,success,,200,success
p3-ex-official-vu10,e2d1664a-b232-4650-90d3-114ca1620091,2026-08-31T18:18:04.344Z,separate_executor,quote_run_dispatch_probe,10,508.7,success,,200,success
p3-ex-official-vu10,bbf25875-0bae-4432-9f3b-9e106aa859b8,2026-08-31T18:18:04.348Z,separate_executor,quote_run_dispatch_probe,10,398.7,success,,200,success
p3-ex-official-vu10,4cd0bb21-84a0-4354-9913-1e2368445f6e,2026-08-31T18:18:04.499Z,separate_executor,quote_run_dispatch_probe,10,937.12,success,,200,success
p3-ex-official-vu10,b63151ed-0f08-4543-a362-56674baa25dd,2026-08-31T18:18:04.501Z,separate_executor,quote_run_dispatch_probe,10,662.87,success,,200,success
p3-ex-official-vu10,f3267a40-fbb3-4d27-9294-577fc7e77f6b,2026-08-31T18:18:04.661Z,separate_executor,quote_run_dispatch_probe,10,643.55,success,,200,success
p3-ex-official-vu10,38244ade-33de-425c-b25d-eb68cfbdbc40,2026-08-31T18:18:04.701Z,separate_executor,quote_run_dispatch_probe,10,601.87,success,,200,success
p3-ex-official-vu10,3fb3abf9-5230-435c-aac0-31614249b7b1,2026-08-31T18:18:04.707Z,separate_executor,quote_run_dispatch_probe,10,538.54,success,,200,success
p3-ex-official-vu10,6ae6f6d8-bacd-43d1-bada-5ef3806dfdc0,2026-08-31T18:18:04.713Z,separate_executor,quote_run_dispatch_probe,10,729.79,success,,200,success
p3-ex-official-vu10,03ead65c-204b-4cec-b156-d3304c4d0b62,2026-08-31T18:18:04.743Z,separate_executor,quote_run_dispatch_probe,10,394.25,success,,200,success
p3-ex-official-vu10,9506632f-1388-47ab-bf3d-d4099faedfdb,2026-08-31T18:18:04.744Z,separate_executor,quote_run_dispatch_probe,10,510.64,success,,200,success
p3-ex-official-vu10,7bdd5cc5-8753-409d-8979-73cf065bb049,2026-08-31T18:18:04.804Z,separate_executor,quote_run_dispatch_probe,10,640.26,success,,200,success
p3-ex-official-vu10,5a1e7bcf-df23-4fac-8ffe-d55779a8bafb,2026-08-31T18:18:04.827Z,separate_executor,quote_run_dispatch_probe,10,483.23,success,,200,success
p3-ex-official-vu10,47b90327-f8a2-4f29-a633-8d124d036cf1,2026-08-31T18:18:05.307Z,separate_executor,quote_run_dispatch_probe,10,562.68,success,,200,success
p3-ex-official-vu10,8b42a6f0-de21-469f-a740-d287896b0c55,2026-08-31T18:18:05.316Z,separate_executor,quote_run_dispatch_probe,10,814.33,success,,200,success
p3-ex-official-vu10,46d84e37-edfd-4390-926f-c0a3374ba14e,2026-08-31T18:18:05.316Z,separate_executor,quote_run_dispatch_probe,10,608.66,success,,200,success
p3-ex-official-vu10,9e8c09f1-2b1d-486c-9b5e-130896be6f81,2026-08-31T18:18:05.322Z,separate_executor,quote_run_dispatch_probe,10,620.7,success,,200,success
p3-ex-official-vu10,2b51fbd6-86a9-434a-b819-70e77ed1937d,2026-08-31T18:18:05.323Z,separate_executor,quote_run_dispatch_probe,10,824.2,success,,200,success
p3-ex-official-vu10,396c84fa-b424-4dec-a653-0b4500ae63cf,2026-08-31T18:18:05.340Z,separate_executor,quote_run_dispatch_probe,10,596.99,success,,200,success
p3-ex-official-vu10,7bb206dd-50fa-4755-8557-7bbc872b2d58,2026-08-31T18:18:05.347Z,separate_executor,quote_run_dispatch_probe,10,685.79,success,,200,success
p3-ex-official-vu10,1f8b1733-4f10-46e8-915c-26b8745ef126,2026-08-31T18:18:05.349Z,separate_executor,quote_run_dispatch_probe,10,522.02,success,,200,success
p3-ex-official-vu10,67177117-6442-4f99-9d26-306c39d531b6,2026-08-31T18:18:05.412Z,separate_executor,quote_run_dispatch_probe,10,698.28,success,,200,success
p3-ex-official-vu10,445f1d80-5707-4150-85ff-326ad61ce3c6,2026-08-31T18:18:05.454Z,separate_executor,quote_run_dispatch_probe,10,649.61,success,,200,success
p3-ex-official-vu10,4167cdf4-5fe6-4a2e-b5fd-e657debd0bfd,2026-08-31T18:18:05.722Z,separate_executor,quote_run_dispatch_probe,10,405.97,success,,200,success
p3-ex-official-vu10,600056ba-e8b5-4775-bfe5-3ea66444c8c4,2026-08-31T18:18:05.858Z,separate_executor,quote_run_dispatch_probe,10,535.35,success,,200,success
p3-ex-official-vu10,c2125962-c7fb-4b7c-9bc9-a0f2d98ea45e,2026-08-31T18:18:05.875Z,separate_executor,quote_run_dispatch_probe,10,528.21,success,,200,success
p3-ex-official-vu10,dbaca59a-5bab-4d5e-a17f-dc98a2d5915f,2026-08-31T18:18:05.886Z,separate_executor,quote_run_dispatch_probe,10,579.53,success,,200,success
p3-ex-official-vu10,ea70ecce-756a-4026-8aaa-a2f682b69b0e,2026-08-31T18:18:05.937Z,separate_executor,quote_run_dispatch_probe,10,621.13,success,,200,success
p3-ex-official-vu10,6be9c80d-3d33-4bd6-a02c-45fc32884682,2026-08-31T18:18:05.987Z,separate_executor,quote_run_dispatch_probe,10,637.77,success,,200,success
p3-ex-official-vu10,929ac1bb-f101-4134-bf75-601e0e19dd14,2026-08-31T18:18:06.044Z,separate_executor,quote_run_dispatch_probe,10,704.64,success,,200,success
p3-ex-official-vu10,7fe189a3-66ee-481a-a828-709bf96e50f7,2026-08-31T18:18:06.067Z,separate_executor,quote_run_dispatch_probe,10,745.21,success,,200,success
p3-ex-official-vu10,9cf16dff-2b98-4ce4-8469-2ab9331f348c,2026-08-31T18:18:06.073Z,separate_executor,quote_run_dispatch_probe,10,619.64,success,,200,success
p3-ex-official-vu10,4fa0dc0b-212d-4ada-b5ba-5940c4d30a85,2026-08-31T18:18:06.118Z,separate_executor,quote_run_dispatch_probe,10,706.47,success,,200,success
p3-ex-official-vu10,7d6696d2-642c-41e3-9de2-24cf380c9797,2026-08-31T18:18:06.130Z,separate_executor,quote_run_dispatch_probe,10,408.74,success,,200,success
p3-ex-official-vu10,18f65a18-9548-43d8-8e58-57e2f1d2bbed,2026-08-31T18:18:06.352Z,separate_executor,quote_run_dispatch_probe,10,494.21,success,,200,success
p3-ex-official-vu10,9ccdc5a5-42e0-4dcd-be44-5579e9b39328,2026-08-31T18:18:06.394Z,separate_executor,quote_run_dispatch_probe,10,518.86,success,,200,success
p3-ex-official-vu10,01920561-a46b-49c6-bd93-bceb2742b2af,2026-08-31T18:18:06.452Z,separate_executor,quote_run_dispatch_probe,10,565.97,success,,200,success
p3-ex-official-vu10,e53db9f8-6a4c-4b8c-a7fe-1733fbdff1ce,2026-08-31T18:18:06.514Z,separate_executor,quote_run_dispatch_probe,10,576.69,success,,200,success
p3-ex-official-vu10,7f7d579e-c89a-4738-bd92-504b4421e0d4,2026-08-31T18:18:06.545Z,separate_executor,quote_run_dispatch_probe,10,414.98,success,,200,success
p3-ex-official-vu10,1f43d45a-9395-4f1a-af88-78c72209431e,2026-08-31T18:18:06.577Z,separate_executor,quote_run_dispatch_probe,10,590.02,success,,200,success
p3-ex-official-vu10,aebfe94b-67af-490e-a826-3f4d0ccc2100,2026-08-31T18:18:06.685Z,separate_executor,quote_run_dispatch_probe,10,611.92,success,,200,success
p3-ex-official-vu10,bbdd4a6b-cda4-4653-855a-c88d9c9b0e93,2026-08-31T18:18:06.687Z,separate_executor,quote_run_dispatch_probe,10,642.35,success,,200,success
p3-ex-official-vu10,32867aa5-f95e-4480-9867-3c6dfb14a1f5,2026-08-31T18:18:06.826Z,separate_executor,quote_run_dispatch_probe,10,708.21,success,,200,success
p3-ex-official-vu10,069dfb3f-7df4-4119-99a3-e7be68af5119,2026-08-31T18:18:06.845Z,separate_executor,quote_run_dispatch_probe,10,777.95,success,,200,success
p3-ex-official-vu10,dfe0dc97-1255-44fa-81fd-b4bd5f37c301,2026-08-31T18:18:06.890Z,separate_executor,quote_run_dispatch_probe,10,537.05,success,,200,success
p3-ex-official-vu10,f2588a1f-e253-48b2-904d-bb528823d98a,2026-08-31T18:18:06.903Z,separate_executor,quote_run_dispatch_probe,10,508.7,success,,200,success
p3-ex-official-vu10,9aab56b2-d059-4e43-88ef-e7399829e977,2026-08-31T18:18:06.956Z,separate_executor,quote_run_dispatch_probe,10,410.91,success,,200,success
p3-ex-official-vu10,ff2508d3-7a03-4df7-8815-ae2142dda492,2026-08-31T18:18:07.047Z,separate_executor,quote_run_dispatch_probe,10,595.22,success,,200,success
p3-ex-official-vu10,45e5a281-45d0-4349-b424-b9b175396af0,2026-08-31T18:18:07.182Z,separate_executor,quote_run_dispatch_probe,10,668.36,success,,200,success
p3-ex-official-vu10,90a4cdb1-83cf-48f3-90de-0b8065f21c66,2026-08-31T18:18:07.190Z,separate_executor,quote_run_dispatch_probe,10,612.79,success,,200,success
p3-ex-official-vu10,35e0f8af-5eea-43b5-960a-377e3b24b616,2026-08-31T18:18:07.267Z,separate_executor,quote_run_dispatch_probe,10,581.83,success,,200,success
p3-ex-official-vu10,766646a5-4e81-489d-a3f3-492db050cdc7,2026-08-31T18:18:07.276Z,separate_executor,quote_run_dispatch_probe,10,588.99,success,,200,success
p3-ex-official-vu10,519531d5-5341-465c-9414-cd1d98caf7cf,2026-08-31T18:18:07.365Z,separate_executor,quote_run_dispatch_probe,10,408.45,success,,200,success
p3-ex-official-vu10,101380f1-d406-42ac-ae0f-830c4c84721e,2026-08-31T18:18:07.381Z,separate_executor,quote_run_dispatch_probe,10,478.01,success,,200,success
p3-ex-official-vu10,2e6ad7fd-8c39-4136-aede-363a8c665c5c,2026-08-31T18:18:07.437Z,separate_executor,quote_run_dispatch_probe,10,547.82,success,,200,success
p3-ex-official-vu10,b6252477-528d-486b-b6be-cb50ab5c241f,2026-08-31T18:18:07.579Z,separate_executor,quote_run_dispatch_probe,10,752.14,success,,200,success
p3-ex-official-vu10,98b5a099-0ccb-4f44-9d1d-8a03dc31cb81,2026-08-31T18:18:07.610Z,separate_executor,quote_run_dispatch_probe,10,764.79,success,,200,success
p3-ex-official-vu10,5e0d6c26-0a09-4787-9b87-30fca3468230,2026-08-31T18:18:07.652Z,separate_executor,quote_run_dispatch_probe,10,604.99,success,,200,success
p3-ex-official-vu10,5391b753-7b1d-432a-a44d-6b94e9b10015,2026-08-31T18:18:07.729Z,separate_executor,quote_run_dispatch_probe,10,546.34,success,,200,success
p3-ex-official-vu10,b7856f53-a105-4c50-b5d3-a92da9298d68,2026-08-31T18:18:07.786Z,separate_executor,quote_run_dispatch_probe,10,421.4,success,,200,success
p3-ex-official-vu10,18f650c6-d2b7-4e7a-bdc2-f81d686f5f98,2026-08-31T18:18:07.833Z,separate_executor,quote_run_dispatch_probe,10,642.54,success,,200,success
p3-ex-official-vu10,4910a700-bc5d-4171-b41e-fb944cbec6c5,2026-08-31T18:18:07.853Z,separate_executor,quote_run_dispatch_probe,10,585.64,success,,200,success
p3-ex-official-vu10,a69cc854-d259-4644-a3b4-a2d74f0c4996,2026-08-31T18:18:07.865Z,separate_executor,quote_run_dispatch_probe,10,484.1,success,,200,success
p3-ex-official-vu10,4fe65830-03a8-4bc5-93ba-983fb61e786b,2026-08-31T18:18:07.871Z,separate_executor,quote_run_dispatch_probe,10,595.19,success,,200,success
p3-ex-official-vu10,3f351a05-59bc-46d2-874c-8e92a7042254,2026-08-31T18:18:07.957Z,separate_executor,quote_run_dispatch_probe,10,519.46,success,,200,success
p3-ex-official-vu10,383b416a-a117-427b-b74a-e3108a602347,2026-08-31T18:18:08.249Z,separate_executor,quote_run_dispatch_probe,10,463.16,success,,200,success
p3-ex-official-vu10,7ebe6335-4f7d-4fa0-8a48-fcd522a9fbc9,2026-08-31T18:18:08.251Z,separate_executor,quote_run_dispatch_probe,10,598.22,success,,200,success
p3-ex-official-vu10,773a0196-af1a-43f2-ab8d-ae8d53001eb3,2026-08-31T18:18:08.662Z,separate_executor,quote_run_dispatch_probe,10,933.67,success,,200,success
p3-ex-official-vu10,4fd784ad-9f31-48af-90a1-fb94993c86a2,2026-08-31T18:18:08.666Z,separate_executor,quote_run_dispatch_probe,10,1087.36,success,,200,success
p3-ex-official-vu10,d27ed51e-9610-4258-8548-75db4861e985,2026-08-31T18:18:08.667Z,separate_executor,quote_run_dispatch_probe,10,801.53,success,,200,success
p3-ex-official-vu10,9e0df233-f231-4acb-bfe0-fa874c557587,2026-08-31T18:18:08.667Z,separate_executor,quote_run_dispatch_probe,10,834.38,success,,200,success
p3-ex-official-vu10,cbf8df7c-a180-4efd-a952-cd0947dd4fb0,2026-08-31T18:18:08.668Z,separate_executor,quote_run_dispatch_probe,10,814.79,success,,200,success
p3-ex-official-vu10,5da6406d-28c4-45e3-bae5-4a0b2f1527d0,2026-08-31T18:18:08.668Z,separate_executor,quote_run_dispatch_probe,10,1057.94,success,,200,success
p3-ex-official-vu10,4136e7dc-40cd-4f9f-987c-11cbc0eb8a7d,2026-08-31T18:18:08.668Z,separate_executor,quote_run_dispatch_probe,10,797.1,success,,200,success
p3-ex-official-vu10,0fd9a5a4-55f1-4a8b-ab14-c558b39e19d4,2026-08-31T18:18:08.697Z,separate_executor,quote_run_dispatch_probe,10,740.46,success,,200,success
p3-ex-official-vu10,5f755a8d-44f1-49a8-be27-0b449075f56e,2026-08-31T18:18:08.703Z,separate_executor,quote_run_dispatch_probe,10,452.79,success,,200,success
p3-ex-official-vu10,4441bae2-4cd9-4361-bb28-6bc6a958e00c,2026-08-31T18:18:08.981Z,separate_executor,quote_run_dispatch_probe,10,731.42,success,,200,success
p3-ex-official-vu10,e338762c-bb3b-44a6-bd9a-e9fc00b02b9d,2026-08-31T18:18:09.117Z,separate_executor,quote_run_dispatch_probe,10,414.03,success,,200,success
p3-ex-official-vu10,90c7986e-8ef9-494d-a5de-c49cf4c79be6,2026-08-31T18:18:09.165Z,separate_executor,quote_run_dispatch_probe,10,499.13,success,,200,success
p3-ex-official-vu10,42d3a466-a908-433a-8e81-acac1b726023,2026-08-31T18:18:09.218Z,separate_executor,quote_run_dispatch_probe,10,520.64,success,,200,success
p3-ex-official-vu10,08ab7472-7794-404b-b924-d337e9a84008,2026-08-31T18:18:09.283Z,separate_executor,quote_run_dispatch_probe,10,620.54,success,,200,success
p3-ex-official-vu10,8b53c249-1664-4127-af3e-0bee7c1faad8,2026-08-31T18:18:09.304Z,separate_executor,quote_run_dispatch_probe,10,635.37,success,,200,success
p3-ex-official-vu10,eeec3d34-d350-4d96-9515-a4fbd6adfa10,2026-08-31T18:18:09.521Z,separate_executor,quote_run_dispatch_probe,10,853.73,success,,200,success
p3-ex-official-vu10,8474a840-589a-4db5-a358-0d9c37d90695,2026-08-31T18:18:09.649Z,separate_executor,quote_run_dispatch_probe,10,981.43,success,,200,success
p3-ex-official-vu10,d139a326-3a9c-43a4-9d44-fce2ffca6d64,2026-08-31T18:18:09.650Z,separate_executor,quote_run_dispatch_probe,10,983.01,success,,200,success
p3-ex-official-vu10,b174fc1c-2f0f-4787-804f-fbe29b0adde6,2026-08-31T18:18:09.650Z,separate_executor,quote_run_dispatch_probe,10,982.27,success,,200,success
p3-ex-official-vu10,5b0cdec6-c43f-4251-8dd1-a721bfefeee2,2026-08-31T18:18:09.651Z,separate_executor,quote_run_dispatch_probe,10,533.04,success,,200,success
p3-ex-official-vu10,37a24417-c8e3-4313-bdf5-c6e0a9b05808,2026-08-31T18:18:09.695Z,separate_executor,quote_run_dispatch_probe,10,530.28,success,,200,success
p3-ex-official-vu10,955bc027-942a-4917-9b75-232649506dda,2026-08-31T18:18:09.812Z,separate_executor,quote_run_dispatch_probe,10,528.7,success,,200,success
p3-ex-official-vu10,2ff0ca3e-17c1-4019-8182-d080afc6bccd,2026-08-31T18:18:09.845Z,separate_executor,quote_run_dispatch_probe,10,626.73,success,,200,success
p3-ex-official-vu10,e67d4b79-2599-4558-a65f-4c331b2824e3,2026-08-31T18:18:09.873Z,separate_executor,quote_run_dispatch_probe,10,892.16,success,,200,success
p3-ex-official-vu10,b43e11e2-5bd4-4521-9a84-28b0302df95c,2026-08-31T18:18:09.896Z,separate_executor,quote_run_dispatch_probe,10,592.84,success,,200,success
p3-ex-official-vu10,2ab520ae-a65d-4bee-b181-9617b6689efd,2026-08-31T18:18:10.084Z,separate_executor,quote_run_dispatch_probe,10,433.79,success,,200,success
p3-ex-official-vu10,707ce64b-ea5f-4edb-a85d-7f97257c9aa8,2026-08-31T18:18:10.222Z,separate_executor,quote_run_dispatch_probe,10,526.87,success,,200,success
p3-ex-official-vu10,0990d927-7d25-41b3-9c5d-3a249827f483,2026-08-31T18:18:10.301Z,separate_executor,quote_run_dispatch_probe,10,651.95,success,,200,success
p3-ex-official-vu10,e98f1efd-1190-4085-a9d1-62b7ce12a2d1,2026-08-31T18:18:10.315Z,separate_executor,quote_run_dispatch_probe,10,794.42,success,,200,success
p3-ex-official-vu10,7b132636-9a51-4ba7-873e-6932331ea977,2026-08-31T18:18:10.390Z,separate_executor,quote_run_dispatch_probe,10,739.18,success,,200,success
p3-ex-official-vu10,1fb802fd-c12c-4e98-9442-d677f8e64e2a,2026-08-31T18:18:10.495Z,separate_executor,quote_run_dispatch_probe,10,411.42,success,,200,success
p3-ex-official-vu10,0b17a915-262e-4be9-9c3a-b58faca77c13,2026-08-31T18:18:10.506Z,separate_executor,quote_run_dispatch_probe,10,694.58,success,,200,success
p3-ex-official-vu10,6c1d6aa0-9362-49f4-a83c-4f784f6dc8fa,2026-08-31T18:18:10.507Z,separate_executor,quote_run_dispatch_probe,10,611.01,success,,200,success
p3-ex-official-vu10,74447c98-b1f3-4e6f-8e6f-bf3b8d9b5a09,2026-08-31T18:18:10.627Z,separate_executor,quote_run_dispatch_probe,10,782.43,success,,200,success
p3-ex-official-vu10,9c70c7c0-7295-4a94-9e03-6dd502a912e7,2026-08-31T18:18:10.661Z,separate_executor,quote_run_dispatch_probe,10,1011.03,success,,200,success
p3-ex-official-vu10,19373317-2cab-4d2e-8f0e-259068311aba,2026-08-31T18:18:10.761Z,separate_executor,quote_run_dispatch_probe,10,539.06,success,,200,success
p3-ex-official-vu10,291866ef-7e0c-401d-9d0c-784f28a9d243,2026-08-31T18:18:10.861Z,separate_executor,quote_run_dispatch_probe,10,987.49,success,,200,success
p3-ex-official-vu10,d88e3d54-9200-4bf1-8b47-b7e5d8ba729a,2026-08-31T18:18:10.889Z,separate_executor,quote_run_dispatch_probe,10,588.43,success,,200,success
p3-ex-official-vu10,1f567206-3917-4be2-92b8-b3f6a5ab9bad,2026-08-31T18:18:10.914Z,separate_executor,quote_run_dispatch_probe,10,418.73,success,,200,success
p3-ex-official-vu10,99d7f42d-3936-4300-ba8d-ecf306d07c61,2026-08-31T18:18:11.134Z,separate_executor,quote_run_dispatch_probe,10,744.35,success,,200,success
p3-ex-official-vu10,45453a79-3efd-4f49-be08-3c3560753375,2026-08-31T18:18:11.138Z,separate_executor,quote_run_dispatch_probe,10,631.73,success,,200,success
p3-ex-official-vu10,49274fdd-fd15-43ab-bef7-fde31ac4d750,2026-08-31T18:18:11.163Z,separate_executor,quote_run_dispatch_probe,10,655.22,success,,200,success
p3-ex-official-vu10,bd3633cb-8e2f-4669-803e-f0575b47122f,2026-08-31T18:18:11.166Z,separate_executor,quote_run_dispatch_probe,10,850.95,success,,200,success
p3-ex-official-vu10,5fa6ceac-641c-4bf3-ae01-c4cca0b41492,2026-08-31T18:18:11.203Z,separate_executor,quote_run_dispatch_probe,10,540.97,success,,200,success
p3-ex-official-vu10,e03a7213-b7e2-4ef1-ba9e-87c257b12e48,2026-08-31T18:18:11.277Z,separate_executor,quote_run_dispatch_probe,10,650.12,success,,200,success
p3-ex-official-vu10,3377d1be-b2d8-4fc3-bd9c-46c1f4ef9013,2026-08-31T18:18:11.286Z,separate_executor,quote_run_dispatch_probe,10,524.58,success,,200,success
p3-ex-official-vu10,12eb73c9-a0a4-4919-b5c2-52be8e193fe3,2026-08-31T18:18:11.332Z,separate_executor,quote_run_dispatch_probe,10,418.68,success,,200,success
p3-ex-official-vu10,f018f7ba-3beb-44fe-8f25-b29314b676cd,2026-08-31T18:18:11.535Z,separate_executor,quote_run_dispatch_probe,10,645.33,success,,200,success
p3-ex-official-vu10,c61d668f-6fb3-4c86-a32b-9c901d24e21f,2026-08-31T18:18:11.657Z,separate_executor,quote_run_dispatch_probe,10,519.08,success,,200,success
p3-ex-official-vu10,95f8cbac-5e8f-4b00-825f-026e9b86c3b0,2026-08-31T18:18:11.665Z,separate_executor,quote_run_dispatch_probe,10,804.2,success,,200,success
p3-ex-official-vu10,98812633-d819-4580-9d07-4d1a38ad4955,2026-08-31T18:18:11.743Z,separate_executor,quote_run_dispatch_probe,10,410.9,success,,200,success
p3-ex-official-vu10,5943b068-9f1d-411b-95da-90b7687e895f,2026-08-31T18:18:11.758Z,separate_executor,quote_run_dispatch_probe,10,595.79,success,,200,success
p3-ex-official-vu10,54cb7ed6-ad8e-4248-a3d0-b2067b548165,2026-08-31T18:18:11.767Z,separate_executor,quote_run_dispatch_probe,10,480.63,success,,200,success
p3-ex-official-vu10,d4549d16-4177-46eb-aa9f-4950fe19d19c,2026-08-31T18:18:11.788Z,separate_executor,quote_run_dispatch_probe,10,585.26,success,,200,success
p3-ex-official-vu10,5c7780c5-ae3d-46af-a19f-6b0bdc2df4c8,2026-08-31T18:18:11.846Z,separate_executor,quote_run_dispatch_probe,10,712.19,success,,200,success
p3-ex-official-vu10,2dcea630-775f-4ec1-bdec-bdb26c16de56,2026-08-31T18:18:11.964Z,separate_executor,quote_run_dispatch_probe,10,687.07,success,,200,success
p3-ex-official-vu10,b1c7b420-afe4-49e6-8a78-9f13221aeda6,2026-08-31T18:18:12.034Z,separate_executor,quote_run_dispatch_probe,10,868.14,success,,200,success
p3-ex-official-vu10,f26c36c8-743d-45f5-85a2-3a8aaa0d29cb,2026-08-31T18:18:12.101Z,separate_executor,quote_run_dispatch_probe,10,566.36,success,,200,success
p3-ex-official-vu10,ab728209-a406-491d-b7c6-1ce3a3aa1672,2026-08-31T18:18:12.154Z,separate_executor,quote_run_dispatch_probe,10,410.54,success,,200,success
p3-ex-official-vu10,e37c0c45-f729-484d-8905-52b036cc6aa5,2026-08-31T18:18:12.194Z,separate_executor,quote_run_dispatch_probe,10,536.73,success,,200,success
p3-ex-official-vu10,76109232-3032-4b1f-99e4-16b939cad487,2026-08-31T18:18:12.263Z,separate_executor,quote_run_dispatch_probe,10,495.97,success,,200,success
p3-ex-official-vu10,5ef58888-b330-4790-aa07-f6facb59876a,2026-08-31T18:18:12.331Z,separate_executor,quote_run_dispatch_probe,10,542.62,success,,200,success
p3-ex-official-vu10,6b8ee6de-0742-49f9-b84e-be595dac01b2,2026-08-31T18:18:12.361Z,separate_executor,quote_run_dispatch_probe,10,696.53,success,,200,success
p3-ex-official-vu10,72019b0f-969b-4415-9bbb-84e3d5fbc9cb,2026-08-31T18:18:12.371Z,separate_executor,quote_run_dispatch_probe,10,612.05,success,,200,success
p3-ex-official-vu10,75fb3437-9e60-46e0-aef1-bb9b37b84afd,2026-08-31T18:18:12.552Z,separate_executor,quote_run_dispatch_probe,10,397.87,success,,200,success
p3-ex-official-vu10,82df2457-12ce-45be-a448-07e474fdab81,2026-08-31T18:18:12.585Z,separate_executor,quote_run_dispatch_probe,10,738.61,success,,200,success
p3-ex-official-vu10,419eb866-2f0a-447c-95e9-45224765d926,2026-08-31T18:18:12.590Z,separate_executor,quote_run_dispatch_probe,10,625.91,success,,200,success
p3-ex-official-vu10,8231adfa-40cf-42ec-a2c8-afc8ce3d1502,2026-08-31T18:18:12.724Z,separate_executor,quote_run_dispatch_probe,10,623.07,success,,200,success
p3-ex-official-vu10,3b242e8e-ace2-4b8c-85dd-c033a3d64bdf,2026-08-31T18:18:12.753Z,separate_executor,quote_run_dispatch_probe,10,489.83,success,,200,success
p3-ex-official-vu10,c2358284-bf6b-4b88-b183-99ae603288fd,2026-08-31T18:18:12.769Z,separate_executor,quote_run_dispatch_probe,10,574.64,success,,200,success
p3-ex-official-vu10,f2d7a40d-9820-41ff-974d-c1afe7ba2f83,2026-08-31T18:18:12.943Z,separate_executor,quote_run_dispatch_probe,10,581.2,success,,200,success
p3-ex-official-vu10,8dfbe88e-3dee-4cd9-8975-d8d4b58d6ef6,2026-08-31T18:18:12.964Z,separate_executor,quote_run_dispatch_probe,10,412.17,success,,200,success
p3-ex-official-vu10,979019e4-ea62-47ce-bb66-67a2c7e24700,2026-08-31T18:18:12.993Z,separate_executor,quote_run_dispatch_probe,10,622.07,success,,200,success
p3-ex-official-vu10,aaa0af24-54f2-4933-b0da-6d2d04219eb0,2026-08-31T18:18:13.005Z,separate_executor,quote_run_dispatch_probe,10,970.23,success,,200,success
p3-ex-official-vu10,11cd1464-84b7-463e-83bf-c7134e9e141f,2026-08-31T18:18:13.033Z,separate_executor,quote_run_dispatch_probe,10,702.15,success,,200,success
p3-ex-official-vu10,57f0826b-f804-48b0-a54b-ee70e664dddd,2026-08-31T18:18:13.184Z,separate_executor,quote_run_dispatch_probe,10,593.36,success,,200,success
p3-ex-official-vu10,8dbc9f48-48fc-4cdb-8584-f0454790dedf,2026-08-31T18:18:13.226Z,separate_executor,quote_run_dispatch_probe,10,473.58,success,,200,success
p3-ex-official-vu10,b3cbe309-914c-4639-8d5a-9095f6d9312f,2026-08-31T18:18:13.293Z,separate_executor,quote_run_dispatch_probe,10,708.55,success,,200,success
p3-ex-official-vu10,03ffd76f-75c2-4616-9e8d-56fc84f2cab2,2026-08-31T18:18:13.328Z,separate_executor,quote_run_dispatch_probe,10,559.11,success,,200,success
p3-ex-official-vu10,8a18445e-dde3-4907-99e0-e01736371e39,2026-08-31T18:18:13.356Z,separate_executor,quote_run_dispatch_probe,10,631.27,success,,200,success
p3-ex-official-vu10,e18aad91-1571-4fee-a3d1-94ef0ed4dd75,2026-08-31T18:18:13.376Z,separate_executor,quote_run_dispatch_probe,10,411.83,success,,200,success
p3-ex-official-vu10,722d3364-6bf7-4ce3-af3e-d700791c707a,2026-08-31T18:18:13.636Z,separate_executor,quote_run_dispatch_probe,10,603.12,success,,200,success
p3-ex-official-vu10,e6735c40-7393-4c85-adf1-9768daf450b1,2026-08-31T18:18:13.653Z,separate_executor,quote_run_dispatch_probe,10,660.31,success,,200,success
p3-ex-official-vu10,3569b43e-c389-4ab4-b731-9506fc81b815,2026-08-31T18:18:13.694Z,separate_executor,quote_run_dispatch_probe,10,751.39,success,,200,success
p3-ex-official-vu10,64d49a2d-a2ea-46ee-82ed-938fc16f59bc,2026-08-31T18:18:13.728Z,separate_executor,quote_run_dispatch_probe,10,501.81,success,,200,success
p3-ex-official-vu10,f48b8486-c462-4bf1-9873-afb4d873e8c4,2026-08-31T18:18:13.785Z,separate_executor,quote_run_dispatch_probe,10,409.21,success,,200,success
p3-ex-official-vu10,9ee5e568-a3bb-44e9-8346-57d147ea6d3c,2026-08-31T18:18:13.786Z,separate_executor,quote_run_dispatch_probe,10,602.43,success,,200,success
p3-ex-official-vu10,1844354c-0d49-4456-8600-54c4e9d5677d,2026-08-31T18:18:13.812Z,separate_executor,quote_run_dispatch_probe,10,807.85,success,,200,success
p3-ex-official-vu10,87ffbe26-f15a-416a-b394-f6f767de4a4f,2026-08-31T18:18:13.866Z,separate_executor,quote_run_dispatch_probe,10,538.5,success,,200,success
p3-ex-official-vu10,e7fa2271-c4db-4955-a731-31c8e1338181,2026-08-31T18:18:13.972Z,separate_executor,quote_run_dispatch_probe,10,616.28,success,,200,success
p3-ex-official-vu10,4f27b626-99fd-45b3-ae89-898b4a31137f,2026-08-31T18:18:14.046Z,separate_executor,quote_run_dispatch_probe,10,752.65,success,,200,success
p3-ex-official-vu10,eff02ecd-2b7d-4339-b658-f22f8842c35f,2026-08-31T18:18:14.235Z,separate_executor,quote_run_dispatch_probe,10,581.93,success,,200,success
p3-ex-official-vu10,836e6d92-e1ab-40a6-905a-c9facba2fb66,2026-08-31T18:18:14.243Z,separate_executor,quote_run_dispatch_probe,10,606.88,success,,200,success
p3-ex-official-vu10,23432181-16ca-41a4-82cb-1482a8817547,2026-08-31T18:18:14.252Z,separate_executor,quote_run_dispatch_probe,10,466.83,success,,200,success
p3-ex-official-vu10,47d9a775-f041-48fe-89bc-bcd6d7479eab,2026-08-31T18:18:14.259Z,separate_executor,quote_run_dispatch_probe,10,531.19,success,,200,success
p3-ex-official-vu10,eed0616f-378e-422a-b508-6c78bb12e0d5,2026-08-31T18:18:14.309Z,separate_executor,quote_run_dispatch_probe,10,614.67,success,,200,success
p3-ex-official-vu10,77f82bbf-6797-46ca-bf2c-1e4b8df0b11c,2026-08-31T18:18:14.409Z,separate_executor,quote_run_dispatch_probe,10,622.38,success,,200,success
p3-ex-official-vu10,b88f74d1-3b1b-4b19-97ed-30be59a063b2,2026-08-31T18:18:14.419Z,separate_executor,quote_run_dispatch_probe,10,552.27,success,,200,success
p3-ex-official-vu10,9920dcff-52dd-4373-a17b-a2d5a12cc531,2026-08-31T18:18:14.559Z,separate_executor,quote_run_dispatch_probe,10,587.47,success,,200,success
p3-ex-official-vu10,680d952a-fe2e-46e5-b926-0b5ed7b3e8f1,2026-08-31T18:18:14.680Z,separate_executor,quote_run_dispatch_probe,10,867.6,success,,200,success
p3-ex-official-vu10,306b5d59-b7b4-452a-898c-62d72b4f8097,2026-08-31T18:18:14.712Z,separate_executor,quote_run_dispatch_probe,10,460.17,success,,200,success
p3-ex-official-vu10,d0fdbc9a-7d3a-4d60-bf92-39c4273f8035,2026-08-31T18:18:14.732Z,separate_executor,quote_run_dispatch_probe,10,472.79,success,,200,success
p3-ex-official-vu10,60fdb0fd-729d-4200-9e92-4a83ce67e3e5,2026-08-31T18:18:14.772Z,separate_executor,quote_run_dispatch_probe,10,726.32,success,,200,success
p3-ex-official-vu10,ad1e40ab-422c-4b16-a983-3eb4a7d88b97,2026-08-31T18:18:14.826Z,separate_executor,quote_run_dispatch_probe,10,582.68,success,,200,success
p3-ex-official-vu10,9ff20451-21c1-49b8-9890-07afc0773d6d,2026-08-31T18:18:14.828Z,separate_executor,quote_run_dispatch_probe,10,593.41,success,,200,success
p3-ex-official-vu10,2228005d-a2f6-4236-8995-74bd07dad2ca,2026-08-31T18:18:15.004Z,separate_executor,quote_run_dispatch_probe,10,695.4,success,,200,success
p3-ex-official-vu10,ece21630-4be5-4b80-946c-dcd4e31d3c27,2026-08-31T18:18:15.021Z,separate_executor,quote_run_dispatch_probe,10,602.82,success,,200,success
p3-ex-official-vu10,32463325-5cf0-48fb-bdd5-a6dfa3e6fdd0,2026-08-31T18:18:15.029Z,separate_executor,quote_run_dispatch_probe,10,620.62,success,,200,success
p3-ex-official-vu10,1c3cd592-609c-42f1-aefc-f673cd67986e,2026-08-31T18:18:15.156Z,separate_executor,quote_run_dispatch_probe,10,443.97,success,,200,success
p3-ex-official-vu10,4fc6a282-ccbe-4e7a-bdd9-49dac4ea21d0,2026-08-31T18:18:15.177Z,separate_executor,quote_run_dispatch_probe,10,618.13,success,,200,success
p3-ex-official-vu10,eb2fbe0e-19ab-476b-9245-69da609da6d7,2026-08-31T18:18:15.260Z,separate_executor,quote_run_dispatch_probe,10,528.25,success,,200,success
p3-ex-official-vu10,3fa08f96-b24c-470c-a4da-27a2f76c5e13,2026-08-31T18:18:15.397Z,separate_executor,quote_run_dispatch_probe,10,568.51,success,,200,success
p3-ex-official-vu10,80c1d0a5-a794-4637-aace-13ac0e2da358,2026-08-31T18:18:15.427Z,separate_executor,quote_run_dispatch_probe,10,746.44,success,,200,success
p3-ex-official-vu10,f6b1311f-ad7b-4563-9764-c8810ff0cb55,2026-08-31T18:18:15.438Z,separate_executor,quote_run_dispatch_probe,10,612.41,success,,200,success
p3-ex-official-vu10,fae2a53a-bdf9-46bf-9699-f708b881427d,2026-08-31T18:18:15.574Z,separate_executor,quote_run_dispatch_probe,10,552.95,success,,200,success
p3-ex-official-vu10,eede9dde-9d4c-42c8-9cf0-52808b17cb04,2026-08-31T18:18:15.577Z,separate_executor,quote_run_dispatch_probe,10,420.88,success,,200,success
p3-ex-official-vu10,2960c670-f095-46a3-9ebe-7029cd34ee29,2026-08-31T18:18:15.612Z,separate_executor,quote_run_dispatch_probe,10,608.19,success,,200,success
p3-ex-official-vu10,3bd195bf-fe40-4a33-8647-903210f2115a,2026-08-31T18:18:15.712Z,separate_executor,quote_run_dispatch_probe,10,939.32,success,,200,success
p3-ex-official-vu10,3889d9d5-d292-4c53-884c-4886f2831925,2026-08-31T18:18:15.722Z,separate_executor,quote_run_dispatch_probe,10,692.54,success,,200,success
p3-ex-official-vu10,8301f909-37c5-4db8-8b20-0653039b220c,2026-08-31T18:18:15.773Z,separate_executor,quote_run_dispatch_probe,10,512.46,success,,200,success
p3-ex-official-vu10,6471ceee-13da-4385-8173-2f6e18ae70f9,2026-08-31T18:18:15.819Z,separate_executor,quote_run_dispatch_probe,10,641.48,success,,200,success
p3-ex-official-vu10,891e971f-91d1-44a6-a7ef-b3e3394339ee,2026-08-31T18:18:15.993Z,separate_executor,quote_run_dispatch_probe,10,596.13,success,,200,success
p3-ex-official-vu10,9082dc1f-b169-48f0-95b7-fefa42d8c406,2026-08-31T18:18:16.012Z,separate_executor,quote_run_dispatch_probe,10,435.1,success,,200,success
p3-ex-official-vu10,6f21444f-b55d-43e7-89a2-8794ccb42edd,2026-08-31T18:18:16.070Z,separate_executor,quote_run_dispatch_probe,10,631.55,success,,200,success
p3-ex-official-vu10,e801eba3-3e20-4eb4-90f7-0d8d17d1ed19,2026-08-31T18:18:16.100Z,separate_executor,quote_run_dispatch_probe,10,525.44,success,,200,success
p3-ex-official-vu10,078c1658-8568-4e00-9ad0-a33c01f206fc,2026-08-31T18:18:16.199Z,separate_executor,quote_run_dispatch_probe,10,772.11,success,,200,success
p3-ex-official-vu10,f9f0de4d-badc-45c9-9457-d6146b577d72,2026-08-31T18:18:16.253Z,separate_executor,quote_run_dispatch_probe,10,640.33,success,,200,success
p3-ex-official-vu10,f8097641-5d2b-4afe-a124-405eda9ea50c,2026-08-31T18:18:16.294Z,separate_executor,quote_run_dispatch_probe,10,520.73,success,,200,success
p3-ex-official-vu10,89b875fb-471d-4203-a6bb-7d472651b3bc,2026-08-31T18:18:16.342Z,separate_executor,quote_run_dispatch_probe,10,620.63,success,,200,success
p3-ex-official-vu10,e7a8e05f-d088-4156-87f0-c163a8e2edbc,2026-08-31T18:18:16.534Z,separate_executor,quote_run_dispatch_probe,10,715.05,success,,200,success
p3-ex-official-vu10,492468f5-fb81-4c5c-ba80-681af5b71b19,2026-08-31T18:18:16.553Z,separate_executor,quote_run_dispatch_probe,10,840.9,success,,200,success
p3-ex-official-vu10,733dea43-6fb4-48ec-9212-37af9bafb10b,2026-08-31T18:18:16.584Z,separate_executor,quote_run_dispatch_probe,10,572.12,success,,200,success
p3-ex-official-vu10,f04ce0a0-d517-4186-916d-f1c355822cae,2026-08-31T18:18:16.606Z,separate_executor,quote_run_dispatch_probe,10,612.8,success,,200,success
p3-ex-official-vu10,c53e842d-2e38-4e15-839e-d84f71ab92f1,2026-08-31T18:18:16.697Z,separate_executor,quote_run_dispatch_probe,10,626.97,success,,200,success
p3-ex-official-vu10,222a32b5-2718-4112-a3f3-73133c893e3f,2026-08-31T18:18:16.697Z,separate_executor,quote_run_dispatch_probe,10,597.17,success,,200,success
p3-ex-official-vu10,cc716317-dc9d-4869-bd8b-1059cb08bb4a,2026-08-31T18:18:16.810Z,separate_executor,quote_run_dispatch_probe,10,516.35,success,,200,success
p3-ex-official-vu10,104671dc-ee7f-4410-8d5e-4b035f32f91f,2026-08-31T18:18:16.861Z,separate_executor,quote_run_dispatch_probe,10,607.75,success,,200,success
p3-ex-official-vu10,3f308954-353c-4de8-ae71-1066981e670d,2026-08-31T18:18:16.953Z,separate_executor,quote_run_dispatch_probe,10,753.62,success,,200,success
p3-ex-official-vu10,0aa7e385-938c-4fbe-ad8c-c49eae5098ea,2026-08-31T18:18:16.967Z,separate_executor,quote_run_dispatch_probe,10,624.38,success,,200,success
p3-ex-official-vu10,197144c6-7315-4d36-adff-dafe636a6300,2026-08-31T18:18:16.999Z,separate_executor,quote_run_dispatch_probe,10,414.31,success,,200,success
p3-ex-official-vu10,3524c58b-a550-4f92-9960-6627fe43eec9,2026-08-31T18:18:17.152Z,separate_executor,quote_run_dispatch_probe,10,545.66,success,,200,success
p3-ex-official-vu10,e0a249c9-ac9a-4800-8180-00192301f0d4,2026-08-31T18:18:17.153Z,separate_executor,quote_run_dispatch_probe,10,618.71,success,,200,success
p3-ex-official-vu10,2cd42f9f-ea20-4599-ae4a-2a54d327fcc1,2026-08-31T18:18:17.251Z,separate_executor,quote_run_dispatch_probe,10,554.2,success,,200,success
p3-ex-official-vu10,7233ec9f-59e1-4c1a-b570-9448c798a53c,2026-08-31T18:18:17.305Z,separate_executor,quote_run_dispatch_probe,10,495.24,success,,200,success
p3-ex-official-vu10,ba36817c-92e1-4c08-ba67-2eca91d5368c,2026-08-31T18:18:17.314Z,separate_executor,quote_run_dispatch_probe,10,617.39,success,,200,success
p3-ex-official-vu10,b2369c7f-0518-4af9-9bc4-a8906900bc86,2026-08-31T18:18:17.365Z,separate_executor,quote_run_dispatch_probe,10,812.63,success,,200,success
p3-ex-official-vu10,4525652d-dba6-4dfe-85cc-1340a54c80a1,2026-08-31T18:18:17.420Z,separate_executor,quote_run_dispatch_probe,10,421.18,success,,200,success
p3-ex-official-vu10,83679fef-f3c9-4576-86fa-aa59c9ed6a3c,2026-08-31T18:18:17.482Z,separate_executor,quote_run_dispatch_probe,10,621.57,success,,200,success
p3-ex-official-vu10,c7108170-774a-46a8-bef8-1940e866fcc3,2026-08-31T18:18:17.610Z,separate_executor,quote_run_dispatch_probe,10,642.81,success,,200,success
p3-ex-official-vu10,792a906c-7aed-4a42-bf96-8d56b91b022a,2026-08-31T18:18:17.695Z,separate_executor,quote_run_dispatch_probe,10,543.67,success,,200,success
p3-ex-official-vu10,f073ae3e-9a64-46c2-88a5-ab7221a1a0bf,2026-08-31T18:18:17.750Z,separate_executor,quote_run_dispatch_probe,10,797.02,success,,200,success
p3-ex-official-vu10,52b6376e-fda8-48b8-be54-20732214ee0f,2026-08-31T18:18:17.768Z,separate_executor,quote_run_dispatch_probe,10,615.22,success,,200,success
p3-ex-official-vu10,4cb8e040-8dff-4842-9bf0-2a81b6c8257f,2026-08-31T18:18:17.815Z,separate_executor,quote_run_dispatch_probe,10,564.29,success,,200,success
p3-ex-official-vu10,0da9247a-f437-410c-a9a9-ae4ba2f50d08,2026-08-31T18:18:17.830Z,separate_executor,quote_run_dispatch_probe,10,524.8,success,,200,success
p3-ex-official-vu10,14418017-c9e6-4769-9692-c171b4e91439,2026-08-31T18:18:17.842Z,separate_executor,quote_run_dispatch_probe,10,422.47,success,,200,success
p3-ex-official-vu10,d2004e53-18c6-4f51-846b-94f184fed305,2026-08-31T18:18:17.906Z,separate_executor,quote_run_dispatch_probe,10,591.41,success,,200,success
p3-ex-official-vu10,89bb11d3-7a61-4225-b94d-6cdd7d55be21,2026-08-31T18:18:18.122Z,separate_executor,quote_run_dispatch_probe,10,756.99,success,,200,success
p3-ex-official-vu10,b4dbaf14-12da-4fd1-9d75-b443c7da3cf9,2026-08-31T18:18:18.154Z,separate_executor,quote_run_dispatch_probe,10,671.66,success,,200,success
p3-ex-official-vu10,a7f2ca78-f54b-4d7d-ab25-498c33e84c42,2026-08-31T18:18:18.183Z,separate_executor,quote_run_dispatch_probe,10,573.67,success,,200,success
p3-ex-official-vu10,da4ef0f7-92a2-43c8-8572-fa317a3ebb3c,2026-08-31T18:18:18.231Z,separate_executor,quote_run_dispatch_probe,10,388.73,success,,200,success
p3-ex-official-vu10,73509b55-2748-4ac0-8b59-2af282fb4848,2026-08-31T18:18:18.339Z,separate_executor,quote_run_dispatch_probe,10,524.3,success,,200,success
p3-ex-official-vu10,c72707bf-efa5-4cdd-a034-3b41a78f79e1,2026-08-31T18:18:18.375Z,separate_executor,quote_run_dispatch_probe,10,679.53,success,,200,success
p3-ex-official-vu10,dbad7eff-606f-43dd-9876-b8c02617b44b,2026-08-31T18:18:18.411Z,separate_executor,quote_run_dispatch_probe,10,581.15,success,,200,success
p3-ex-official-vu10,1f53b105-9549-4308-ab8d-48508fff13bf,2026-08-31T18:18:18.462Z,separate_executor,quote_run_dispatch_probe,10,694.44,success,,200,success
p3-ex-official-vu10,b38b99b9-ef89-423a-a25d-44668f8dab4c,2026-08-31T18:18:18.509Z,separate_executor,quote_run_dispatch_probe,10,759.38,success,,200,success
p3-ex-official-vu10,716c7f2d-7876-42fa-b1c4-8359c4938e43,2026-08-31T18:18:18.518Z,separate_executor,quote_run_dispatch_probe,10,611.97,success,,200,success
p3-ex-official-vu10,651cdb95-13b9-49cd-8e63-56907757f4ed,2026-08-31T18:18:18.635Z,separate_executor,quote_run_dispatch_probe,10,404.15,success,,200,success
p3-ex-official-vu10,a494c372-ed44-4d70-8b44-147c179b2041,2026-08-31T18:18:18.751Z,separate_executor,quote_run_dispatch_probe,10,597.47,success,,200,success
p3-ex-official-vu10,4c914c50-357b-4e92-94a0-22f29cdb3c28,2026-08-31T18:18:18.811Z,separate_executor,quote_run_dispatch_probe,10,627.65,success,,200,success
p3-ex-official-vu10,35ce0e6b-8d34-4aac-bd05-0e1ce2506f0c,2026-08-31T18:18:18.877Z,separate_executor,quote_run_dispatch_probe,10,754.3,success,,200,success
p3-ex-official-vu10,fd6f0138-2f38-43bb-b2b9-ef77c95d152a,2026-08-31T18:18:18.882Z,separate_executor,quote_run_dispatch_probe,10,542.67,success,,200,success
p3-ex-official-vu10,88727f9e-4522-4b2f-901f-232895294e20,2026-08-31T18:18:18.926Z,separate_executor,quote_run_dispatch_probe,10,514.68,success,,200,success
p3-ex-official-vu10,3b885122-add1-4c92-b956-277dfb694bea,2026-08-31T18:18:19.019Z,separate_executor,quote_run_dispatch_probe,10,644.13,success,,200,success
p3-ex-official-vu10,cc76501e-e71d-440a-bc6e-14987a7e1fe4,2026-08-31T18:18:19.033Z,separate_executor,quote_run_dispatch_probe,10,398.16,success,,200,success
p3-ex-official-vu10,5654d45e-f3cf-4b23-bcbc-10474b07d7c8,2026-08-31T18:18:19.078Z,separate_executor,quote_run_dispatch_probe,10,615.18,success,,200,success
p3-ex-official-vu10,5fa7ac85-ad8d-42d2-a904-250686ce93d2,2026-08-31T18:18:19.088Z,separate_executor,quote_run_dispatch_probe,10,569.76,success,,200,success
p3-ex-official-vu10,a8eebb26-66f0-4df1-9d3c-8f024ed938b4,2026-08-31T18:18:19.250Z,separate_executor,quote_run_dispatch_probe,10,740.88,success,,200,success
p3-ex-official-vu10,55dcada2-8386-4e06-9a00-6b2678bfa4c8,2026-08-31T18:18:19.284Z,separate_executor,quote_run_dispatch_probe,10,532.48,success,,200,success
p3-ex-official-vu10,79a90d19-befa-46f6-a79d-0534f8e784b0,2026-08-31T18:18:19.415Z,separate_executor,quote_run_dispatch_probe,10,533.21,success,,200,success
p3-ex-official-vu10,dde63f11-1c4a-4492-a933-5e4533836031,2026-08-31T18:18:19.435Z,separate_executor,quote_run_dispatch_probe,10,509.15,success,,200,success
p3-ex-official-vu10,458eaced-8b7f-492d-9af4-c466c300724c,2026-08-31T18:18:19.468Z,separate_executor,quote_run_dispatch_probe,10,434.93,success,,200,success
p3-ex-official-vu10,5b8b747b-b179-4f17-aa2c-b4a50f3b6435,2026-08-31T18:18:19.498Z,separate_executor,quote_run_dispatch_probe,10,687.17,success,,200,success
p3-ex-official-vu10,2c6e602c-aab4-405c-baa5-e2ef4dff9a39,2026-08-31T18:18:19.615Z,separate_executor,quote_run_dispatch_probe,10,595.92,success,,200,success
p3-ex-official-vu10,c86b90ea-b831-41ef-b520-c3858af52c18,2026-08-31T18:18:19.629Z,separate_executor,quote_run_dispatch_probe,10,752.47,success,,200,success
p3-ex-official-vu10,3353b413-bc7a-4204-a326-c7f1bf487ded,2026-08-31T18:18:19.662Z,separate_executor,quote_run_dispatch_probe,10,573.96,success,,200,success
p3-ex-official-vu10,08e0318c-6d65-4a80-8256-3ddd7198a2cb,2026-08-31T18:18:19.703Z,separate_executor,quote_run_dispatch_probe,10,625.18,success,,200,success
p3-ex-official-vu10,07301e07-4aba-4515-82a5-f31916d2a465,2026-08-31T18:18:19.833Z,separate_executor,quote_run_dispatch_probe,10,549.63,success,,200,success
p3-ex-official-vu10,6bc71b27-19fa-486d-a079-067054d128c0,2026-08-31T18:18:19.863Z,separate_executor,quote_run_dispatch_probe,10,394.99,success,,200,success
p3-ex-official-vu10,58840b70-fc0b-43a7-b15c-261bea682c67,2026-08-31T18:18:19.918Z,separate_executor,quote_run_dispatch_probe,10,502.58,success,,200,success
p3-ex-official-vu10,c6b747f7-3f21-4f69-9feb-5ff345cf8ee4,2026-08-31T18:18:19.954Z,separate_executor,quote_run_dispatch_probe,10,519.11,success,,200,success
p3-ex-official-vu10,ebda7a1f-4f7a-49cd-a394-24cd3d56f639,2026-08-31T18:18:20.022Z,separate_executor,quote_run_dispatch_probe,10,772.05,success,,200,success
p3-ex-official-vu10,aaeb7aab-1912-47da-aae1-6ac8b5459372,2026-08-31T18:18:20.098Z,separate_executor,quote_run_dispatch_probe,10,599.84,success,,200,success
p3-ex-official-vu10,b978cee8-c745-4977-be9b-3e99647310a2,2026-08-31T18:18:20.247Z,separate_executor,quote_run_dispatch_probe,10,632.11,success,,200,success
p3-ex-official-vu10,43709ad8-da5f-4aff-a7ec-0af6be6ce59b,2026-08-31T18:18:20.303Z,separate_executor,quote_run_dispatch_probe,10,640.92,success,,200,success
p3-ex-official-vu10,9aa58d0b-0cd4-4cf2-86aa-1bf220165e69,2026-08-31T18:18:20.303Z,separate_executor,quote_run_dispatch_probe,10,600.52,success,,200,success
p3-ex-official-vu10,7265a6d5-c1dd-4a74-84ce-a2e2c33b1544,2026-08-31T18:18:20.304Z,separate_executor,quote_run_dispatch_probe,10,440.56,success,,200,success
p3-ex-official-vu10,5b5692d4-8a4a-448e-8f0d-599da9782ffb,2026-08-31T18:18:20.378Z,separate_executor,quote_run_dispatch_probe,10,748.76,success,,200,success
p3-ex-official-vu10,788d48aa-fd36-450b-b369-97531206544a,2026-08-31T18:18:20.459Z,separate_executor,quote_run_dispatch_probe,10,541.48,success,,200,success
p3-ex-official-vu10,75676e4a-98d9-4dc4-a09b-1168f83d2dac,2026-08-31T18:18:20.465Z,separate_executor,quote_run_dispatch_probe,10,511.24,success,,200,success
p3-ex-official-vu10,c0e6319a-eb64-4a80-b58f-02eb96c4c6a0,2026-08-31T18:18:20.505Z,separate_executor,quote_run_dispatch_probe,10,671.4,success,,200,success
p3-ex-official-vu10,74892e4f-a5fd-4b64-8712-1bafc17cbce5,2026-08-31T18:18:20.721Z,separate_executor,quote_run_dispatch_probe,10,417.7,success,,200,success
p3-ex-official-vu10,b5919aba-180c-4583-a64b-6cc1109b79af,2026-08-31T18:18:20.743Z,separate_executor,quote_run_dispatch_probe,10,644.85,success,,200,success
p3-ex-official-vu10,5d22dbe6-a27f-4bab-a18c-974d98ea322a,2026-08-31T18:18:20.816Z,separate_executor,quote_run_dispatch_probe,10,793.93,success,,200,success
p3-ex-official-vu10,5fa60e49-cfdc-49e3-88d6-84f76db2a7a5,2026-08-31T18:18:20.886Z,separate_executor,quote_run_dispatch_probe,10,639.15,success,,200,success
p3-ex-official-vu10,5fcae355-9db3-4518-9c77-0772d86be07c,2026-08-31T18:18:20.921Z,separate_executor,quote_run_dispatch_probe,10,616.99,success,,200,success
p3-ex-official-vu10,a0d20b2f-c507-4c4e-a2a2-06a95a4140d4,2026-08-31T18:18:20.933Z,separate_executor,quote_run_dispatch_probe,10,630.25,success,,200,success
p3-ex-official-vu10,1c6f6433-3000-4e26-8176-55c04f9676f1,2026-08-31T18:18:20.987Z,separate_executor,quote_run_dispatch_probe,10,527.35,success,,200,success
p3-ex-official-vu10,315ceeda-70de-4a5e-bcf0-cb71d4e07994,2026-08-31T18:18:21.005Z,separate_executor,quote_run_dispatch_probe,10,539.86,success,,200,success
p3-ex-official-vu10,b7ec9733-aad5-467f-9de7-0615806989d8,2026-08-31T18:18:21.140Z,separate_executor,quote_run_dispatch_probe,10,419.02,success,,200,success
p3-ex-official-vu10,bb200b06-4ba1-4b84-9aae-52ec7a2d4bf2,2026-08-31T18:18:21.154Z,separate_executor,quote_run_dispatch_probe,10,648.78,success,,200,success
p3-ex-official-vu10,c634e5d9-864d-4a3f-b74e-f6b7bda25096,2026-08-31T18:18:21.179Z,separate_executor,quote_run_dispatch_probe,10,801.4,success,,200,success
p3-ex-official-vu10,149b3c86-d7c5-4ec1-8e57-b80225ef48b8,2026-08-31T18:18:21.370Z,separate_executor,quote_run_dispatch_probe,10,626.68,success,,200,success
p3-ex-official-vu10,ca52cfa4-64b3-4ab0-b934-b6128c877ddc,2026-08-31T18:18:21.517Z,separate_executor,quote_run_dispatch_probe,10,595.54,success,,200,success
p3-ex-official-vu10,daf6e7e5-c14b-4b8c-89a1-b59d7d0f4614,2026-08-31T18:18:21.532Z,separate_executor,quote_run_dispatch_probe,10,645.78,success,,200,success
p3-ex-official-vu10,26493bc5-eb15-444f-8c6e-4bcbc722e64b,2026-08-31T18:18:21.548Z,separate_executor,quote_run_dispatch_probe,10,614.68,success,,200,success
p3-ex-official-vu10,e405f265-8b0e-4e1e-87f0-070246943d11,2026-08-31T18:18:21.701Z,separate_executor,quote_run_dispatch_probe,10,695.73,success,,200,success
p3-ex-official-vu10,35eb4371-a372-48fe-a07e-64d99b10dc6c,2026-08-31T18:18:21.702Z,separate_executor,quote_run_dispatch_probe,10,561.56,success,,200,success
p3-ex-official-vu10,363bf367-20d8-46e5-9a42-c9b5eae0e6e3,2026-08-31T18:18:21.702Z,separate_executor,quote_run_dispatch_probe,10,715.66,success,,200,success
p3-ex-official-vu10,a249f263-f51d-49c6-a2dc-40db955ac9c3,2026-08-31T18:18:21.706Z,separate_executor,quote_run_dispatch_probe,10,551.94,success,,200,success
p3-ex-official-vu10,c9519c85-e917-4012-905f-84e68f2daf75,2026-08-31T18:18:21.715Z,separate_executor,quote_run_dispatch_probe,10,899.3,success,,200,success
p3-ex-official-vu10,8d6c57f6-d051-4af6-b9d7-2ece00138d8a,2026-08-31T18:18:21.992Z,separate_executor,quote_run_dispatch_probe,10,622.73,success,,200,success
p3-ex-official-vu10,92aa8b9a-bdf4-471f-8850-8b5971490814,2026-08-31T18:18:22.097Z,separate_executor,quote_run_dispatch_probe,10,580.62,success,,200,success
p3-ex-official-vu10,7391e262-812c-4dc5-8fd4-98889d684139,2026-08-31T18:18:22.115Z,separate_executor,quote_run_dispatch_probe,10,582.87,success,,200,success
p3-ex-official-vu10,d25a32be-0393-4939-bbbb-9abe1a35d54c,2026-08-31T18:18:22.158Z,separate_executor,quote_run_dispatch_probe,10,455.77,success,,200,success
p3-ex-official-vu10,69cb3261-7d03-4671-b2ad-0f181edb7d22,2026-08-31T18:18:22.213Z,separate_executor,quote_run_dispatch_probe,10,511.75,success,,200,success
p3-ex-official-vu10,63d52b3c-cdc6-477b-96b2-cbd88f23780d,2026-08-31T18:18:22.230Z,separate_executor,quote_run_dispatch_probe,10,529.18,success,,200,success
p3-ex-official-vu10,3db9c144-670e-40a5-913d-a975e749349d,2026-08-31T18:18:22.265Z,separate_executor,quote_run_dispatch_probe,10,1085.75,success,,200,success
p3-ex-official-vu10,6a1c83fa-b565-4545-980c-c2b3684a57e7,2026-08-31T18:18:22.268Z,separate_executor,quote_run_dispatch_probe,10,562.37,success,,200,success
p3-ex-official-vu10,bd89cfd1-425f-450c-96c1-5d364ef52466,2026-08-31T18:18:22.279Z,separate_executor,quote_run_dispatch_probe,10,731.24,success,,200,success
p3-ex-official-vu10,e5640032-f15b-408c-b9d1-5cd95b2d3e13,2026-08-31T18:18:22.476Z,separate_executor,quote_run_dispatch_probe,10,760.86,success,,200,success
p3-ex-official-vu10,0a977e32-05af-4b02-9ab5-de628b92d31b,2026-08-31T18:18:22.588Z,separate_executor,quote_run_dispatch_probe,10,429.81,success,,200,success
p3-ex-official-vu10,a865c412-f567-4e79-997b-94260fb19545,2026-08-31T18:18:22.592Z,separate_executor,quote_run_dispatch_probe,10,599.09,success,,200,success
p3-ex-official-vu10,e054c44c-80b8-4e9b-b8d0-eff5c300cdef,2026-08-31T18:18:22.667Z,separate_executor,quote_run_dispatch_probe,10,570.25,success,,200,success
p3-ex-official-vu10,c27d1e63-2669-4c83-9ebb-d3eed350430c,2026-08-31T18:18:22.712Z,separate_executor,quote_run_dispatch_probe,10,597.5,success,,200,success
p3-ex-official-vu10,abbf528e-5225-4acb-b9a8-15980418d0fe,2026-08-31T18:18:22.723Z,separate_executor,quote_run_dispatch_probe,10,509.33,success,,200,success
p3-ex-official-vu10,1e5301c3-8210-4312-8923-5b20383282f1,2026-08-31T18:18:22.832Z,separate_executor,quote_run_dispatch_probe,10,601.94,success,,200,success
p3-ex-official-vu10,732070fd-6957-435e-ad0d-6c0631f6b6bf,2026-08-31T18:18:22.907Z,separate_executor,quote_run_dispatch_probe,10,627.98,success,,200,success
p3-ex-official-vu10,9293a33f-2141-4e3f-9456-659d71fab4bb,2026-08-31T18:18:22.911Z,separate_executor,quote_run_dispatch_probe,10,642.7,success,,200,success
p3-ex-official-vu10,7fd1f870-5c63-49e3-a8ad-cac408ae8565,2026-08-31T18:18:23.028Z,separate_executor,quote_run_dispatch_probe,10,440.11,success,,200,success
p3-ex-official-vu10,f750b61b-4183-484b-a269-60b29ce74898,2026-08-31T18:18:23.056Z,separate_executor,quote_run_dispatch_probe,10,790.53,success,,200,success
p3-ex-official-vu10,7af1e970-2c9d-484b-8a0d-071ea8506ff6,2026-08-31T18:18:23.181Z,separate_executor,quote_run_dispatch_probe,10,589.06,success,,200,success
p3-ex-official-vu10,d8a2545b-538f-481f-9f8f-e7fd3abd8953,2026-08-31T18:18:23.271Z,separate_executor,quote_run_dispatch_probe,10,548.25,success,,200,success
p3-ex-official-vu10,7148b965-0873-4385-9473-c549e6869282,2026-08-31T18:18:23.282Z,separate_executor,quote_run_dispatch_probe,10,615.01,success,,200,success
p3-ex-official-vu10,a8cfc0da-3fa0-4156-9cd5-8292a08fe533,2026-08-31T18:18:23.312Z,separate_executor,quote_run_dispatch_probe,10,836.12,success,,200,success
p3-ex-official-vu10,580765b2-e0d1-4916-ad0a-3cc935d34882,2026-08-31T18:18:23.430Z,separate_executor,quote_run_dispatch_probe,10,717.9,success,,200,success
p3-ex-official-vu10,d9f69343-60a1-4e2f-b046-b0f6b73ef0d1,2026-08-31T18:18:23.442Z,separate_executor,quote_run_dispatch_probe,10,609.54,success,,200,success
p3-ex-official-vu10,5dd43241-163d-4135-81e5-a1625eb2ec1e,2026-08-31T18:18:23.470Z,separate_executor,quote_run_dispatch_probe,10,442.05,success,,200,success
p3-ex-official-vu10,2d813053-bfbb-4443-886d-afe4e169cb2f,2026-08-31T18:18:23.485Z,separate_executor,quote_run_dispatch_probe,10,578.39,success,,200,success
p3-ex-official-vu10,33327efa-48fb-455c-90fc-323041d9eb73,2026-08-31T18:18:23.503Z,separate_executor,quote_run_dispatch_probe,10,592.07,success,,200,success
p3-ex-official-vu10,d79ba520-dd61-46d8-9a89-2358e28fc539,2026-08-31T18:18:23.785Z,separate_executor,quote_run_dispatch_probe,10,513.96,success,,200,success
p3-ex-official-vu10,78eaebbd-1d6b-4f9b-a366-a4a0b6a52421,2026-08-31T18:18:23.788Z,separate_executor,quote_run_dispatch_probe,10,607.21,success,,200,success
p3-ex-official-vu10,a08f2d14-6aba-405a-a5b6-c2663c318769,2026-08-31T18:18:23.817Z,separate_executor,quote_run_dispatch_probe,10,760.97,success,,200,success
p3-ex-official-vu10,1610b6bf-3dd0-40f9-b807-c82585b766df,2026-08-31T18:18:23.879Z,separate_executor,quote_run_dispatch_probe,10,408.35,success,,200,success
p3-ex-official-vu10,26bc45c2-4903-45e8-9e2a-f76adf94fcb6,2026-08-31T18:18:23.912Z,separate_executor,quote_run_dispatch_probe,10,629.28,success,,200,success
p3-ex-official-vu10,0c1fb283-6935-43d0-9d1b-c8083183f72c,2026-08-31T18:18:24.011Z,separate_executor,quote_run_dispatch_probe,10,569.67,success,,200,success
p3-ex-official-vu10,b2d9bc84-ffa2-4e5c-ae31-a87e253baf56,2026-08-31T18:18:24.027Z,separate_executor,quote_run_dispatch_probe,10,715.14,success,,200,success
p3-ex-official-vu10,00ddce2f-7032-45f5-abd6-91d52587d3eb,2026-08-31T18:18:24.028Z,separate_executor,quote_run_dispatch_probe,10,597.77,success,,200,success
p3-ex-official-vu10,21a892cb-f103-483e-a1cf-9aa5dfa21155,2026-08-31T18:18:24.086Z,separate_executor,quote_run_dispatch_probe,10,582.94,success,,200,success
p3-ex-official-vu10,462aa621-226b-4eae-a262-3b8e37b61402,2026-08-31T18:18:24.198Z,separate_executor,quote_run_dispatch_probe,10,713.27,success,,200,success
p3-ex-official-vu10,3fba4e2e-31a5-47ed-91fd-d905d493adaa,2026-08-31T18:18:24.276Z,separate_executor,quote_run_dispatch_probe,10,396.96,success,,200,success
p3-ex-official-vu10,4c1c867c-1331-4116-ad6e-b73c5cad53f9,2026-08-31T18:18:24.281Z,separate_executor,quote_run_dispatch_probe,10,496.12,success,,200,success
p3-ex-official-vu10,73756362-6824-42bc-872d-3648d6b9e549,2026-08-31T18:18:24.415Z,separate_executor,quote_run_dispatch_probe,10,626.85,success,,200,success
p3-ex-official-vu10,24612655-c72c-407d-a5be-3f0f4345a9f4,2026-08-31T18:18:24.500Z,separate_executor,quote_run_dispatch_probe,10,588.7,success,,200,success
p3-ex-official-vu10,d9628647-4a95-4745-862d-dcff12400c0b,2026-08-31T18:18:24.564Z,separate_executor,quote_run_dispatch_probe,10,552.2,success,,200,success
p3-ex-official-vu10,6ead4712-4fb7-4d1e-ae0e-72f04a04520c,2026-08-31T18:18:24.588Z,separate_executor,quote_run_dispatch_probe,10,771,success,,200,success
p3-ex-official-vu10,5ee4e234-3d65-467b-8bf9-90ebb6bbf830,2026-08-31T18:18:24.621Z,separate_executor,quote_run_dispatch_probe,10,593.32,success,,200,success
p3-ex-official-vu10,18e503b0-e6f4-4c29-b094-39df17102123,2026-08-31T18:18:24.683Z,separate_executor,quote_run_dispatch_probe,10,407,success,,200,success
p3-ex-official-vu10,fa481e26-c839-4ed5-9eb3-7fb3c8877d0c,2026-08-31T18:18:24.762Z,separate_executor,quote_run_dispatch_probe,10,480.93,success,,200,success
p3-ex-official-vu10,e0ef44c2-86ae-4216-a1d7-5504770298e3,2026-08-31T18:18:24.801Z,separate_executor,quote_run_dispatch_probe,10,602.78,success,,200,success
p3-ex-official-vu10,063daf1e-c8c9-410f-96ed-04ce55578f34,2026-08-31T18:18:24.869Z,separate_executor,quote_run_dispatch_probe,10,841.49,success,,200,success
p3-ex-official-vu10,b90757f5-2d32-4f71-ae07-fd1fd72f4a9c,2026-08-31T18:18:24.935Z,separate_executor,quote_run_dispatch_probe,10,849.33,success,,200,success
p3-ex-official-vu10,2b858e84-269a-4c54-910f-a2df41287e0d,2026-08-31T18:18:25.016Z,separate_executor,quote_run_dispatch_probe,10,601.42,success,,200,success
p3-ex-official-vu10,a53f051d-37ae-4eaf-9ed3-8e995808044a,2026-08-31T18:18:25.102Z,separate_executor,quote_run_dispatch_probe,10,538.69,success,,200,success
p3-ex-official-vu10,1c6c8a6c-acbc-443f-804c-a08c04dadbf9,2026-08-31T18:18:25.111Z,separate_executor,quote_run_dispatch_probe,10,428.34,success,,200,success
p3-ex-official-vu10,8bc0ff98-34bc-4576-adf6-6c020bc6c259,2026-08-31T18:18:25.116Z,separate_executor,quote_run_dispatch_probe,10,615.54,success,,200,success
p3-ex-official-vu10,6c64a0e5-6830-443c-a168-fa6161287609,2026-08-31T18:18:25.267Z,separate_executor,quote_run_dispatch_probe,10,645.48,success,,200,success
p3-ex-official-vu10,c6750590-5c4c-411a-9276-3978f2de0a01,2026-08-31T18:18:25.272Z,separate_executor,quote_run_dispatch_probe,10,510.08,success,,200,success
p3-ex-official-vu10,50d0f72c-dea6-42f9-b60c-a78e9b47925b,2026-08-31T18:18:25.331Z,separate_executor,quote_run_dispatch_probe,10,742.75,success,,200,success
p3-ex-official-vu10,df59d55d-df9c-4d93-9ede-e5186828b806,2026-08-31T18:18:25.399Z,separate_executor,quote_run_dispatch_probe,10,598.05,success,,200,success
p3-ex-official-vu10,2238dcd0-21a1-4ce5-8640-c190e5d0cd5f,2026-08-31T18:18:25.519Z,separate_executor,quote_run_dispatch_probe,10,408.01,success,,200,success
p3-ex-official-vu10,0f062a5d-3cfe-4dc1-a031-5d29370a3f7e,2026-08-31T18:18:25.617Z,separate_executor,quote_run_dispatch_probe,10,600.85,success,,200,success
p3-ex-official-vu10,7baffbc1-2165-48be-9c62-375572989433,2026-08-31T18:18:25.655Z,separate_executor,quote_run_dispatch_probe,10,719.69,success,,200,success
p3-ex-official-vu10,6422693c-86a0-4394-b6e5-b093973bf6d0,2026-08-31T18:18:25.701Z,separate_executor,quote_run_dispatch_probe,10,598.47,success,,200,success
p3-ex-official-vu10,8a3fd150-15fe-42e1-aa1a-7ab695290c7e,2026-08-31T18:18:25.701Z,separate_executor,quote_run_dispatch_probe,10,832.41,success,,200,success
p3-ex-official-vu10,72c68eeb-7ae4-4017-b234-b1f5b5ebe65f,2026-08-31T18:18:25.721Z,separate_executor,quote_run_dispatch_probe,10,605.43,success,,200,success
p3-ex-official-vu10,8e9f8c3a-07a2-49fc-9e66-78ef66cbce8a,2026-08-31T18:18:25.796Z,separate_executor,quote_run_dispatch_probe,10,523.91,success,,200,success
p3-ex-official-vu10,80995e28-76d9-46fb-95da-3b550c15b770,2026-08-31T18:18:25.862Z,separate_executor,quote_run_dispatch_probe,10,595.02,success,,200,success
p3-ex-official-vu10,024771c3-7fd4-4aa5-80f4-4c563b3ae54a,2026-08-31T18:18:25.900Z,separate_executor,quote_run_dispatch_probe,10,500.97,success,,200,success
p3-ex-official-vu10,2d707849-5333-4f0d-b2c2-3a88e375af58,2026-08-31T18:18:25.932Z,separate_executor,quote_run_dispatch_probe,10,412.92,success,,200,success
p3-ex-official-vu10,3153a1ee-ce45-46aa-ba8f-7486b9c02a24,2026-08-31T18:18:26.070Z,separate_executor,quote_run_dispatch_probe,10,739.82,success,,200,success
p3-ex-official-vu10,64b44614-3aef-413f-98d4-0495b3ab25af,2026-08-31T18:18:26.216Z,separate_executor,quote_run_dispatch_probe,10,515.56,success,,200,success
p3-ex-official-vu10,9705c32a-8fd0-4d93-a63f-85d888301d6a,2026-08-31T18:18:26.271Z,separate_executor,quote_run_dispatch_probe,10,653.81,success,,200,success
p3-ex-official-vu10,eb906459-44e1-4a4a-a3c9-69fa8efe2620,2026-08-31T18:18:26.272Z,separate_executor,quote_run_dispatch_probe,10,617.17,success,,200,success
p3-ex-official-vu10,2db6d346-8a50-4135-aec8-df78bf9ba794,2026-08-31T18:18:26.315Z,separate_executor,quote_run_dispatch_probe,10,519.02,success,,200,success
p3-ex-official-vu10,270570be-c930-4634-abdd-99c7ed8dc030,2026-08-31T18:18:26.328Z,separate_executor,quote_run_dispatch_probe,10,606.71,success,,200,success
p3-ex-official-vu10,adeb0606-9274-4cd8-a096-8a29207e7d6d,2026-08-31T18:18:26.336Z,separate_executor,quote_run_dispatch_probe,10,403.96,success,,200,success
p3-ex-official-vu10,afd817b4-b361-4282-be45-369821f6319e,2026-08-31T18:18:26.438Z,separate_executor,quote_run_dispatch_probe,10,537.24,success,,200,success
p3-ex-official-vu10,c627cd80-e00a-47fb-882f-71711d87f5d1,2026-08-31T18:18:26.466Z,separate_executor,quote_run_dispatch_probe,10,604.16,success,,200,success
p3-ex-official-vu10,cea915bd-daf8-497e-976e-9c4865eafc97,2026-08-31T18:18:26.576Z,separate_executor,quote_run_dispatch_probe,10,875.01,success,,200,success
p3-ex-official-vu10,5909c937-482b-4fdf-bef3-1c8316c383de,2026-08-31T18:18:26.743Z,separate_executor,quote_run_dispatch_probe,10,407.48,success,,200,success
p3-ex-official-vu10,590d17ec-99b4-4e72-af5d-6a4d5dcfe631,2026-08-31T18:18:26.793Z,separate_executor,quote_run_dispatch_probe,10,477.77,success,,200,success
p3-ex-official-vu10,c1d50dd5-ee8c-4f4b-9076-41a914dfa041,2026-08-31T18:18:26.797Z,separate_executor,quote_run_dispatch_probe,10,580.65,success,,200,success
p3-ex-official-vu10,b5134741-e460-4fe0-9c20-ba3ab3a0b8a0,2026-08-31T18:18:26.849Z,separate_executor,quote_run_dispatch_probe,10,578.07,success,,200,success
p3-ex-official-vu10,628d27a0-349d-48ed-8229-de1959467284,2026-08-31T18:18:26.852Z,separate_executor,quote_run_dispatch_probe,10,580.09,success,,200,success
p3-ex-official-vu10,755e64e2-9cbd-406b-96c8-cf0552222def,2026-08-31T18:18:26.876Z,separate_executor,quote_run_dispatch_probe,10,805.2,success,,200,success
p3-ex-official-vu10,3a60e2b8-debf-4a2f-8d94-2190c8e4e361,2026-08-31T18:18:26.916Z,separate_executor,quote_run_dispatch_probe,10,587.57,success,,200,success
p3-ex-official-vu10,05311a91-d9d0-41d3-a8f1-1888355041cc,2026-08-31T18:18:27.028Z,separate_executor,quote_run_dispatch_probe,10,590.37,success,,200,success
p3-ex-official-vu10,1d520d63-d299-4201-a324-328c58f133be,2026-08-31T18:18:27.053Z,separate_executor,quote_run_dispatch_probe,10,587.09,success,,200,success
p3-ex-official-vu10,5fa30e37-bf88-498c-90fa-97cdb9980d95,2026-08-31T18:18:27.147Z,separate_executor,quote_run_dispatch_probe,10,403.61,success,,200,success
p3-ex-official-vu10,b128a145-379a-4ca4-9e29-0ad87f764430,2026-08-31T18:18:27.303Z,separate_executor,quote_run_dispatch_probe,10,506.32,success,,200,success
p3-ex-official-vu10,5fa42946-43ec-408f-94f7-dc4ba2f3ee9b,2026-08-31T18:18:27.339Z,separate_executor,quote_run_dispatch_probe,10,545.92,success,,200,success
p3-ex-official-vu10,171fb591-6107-428f-9c52-5220c0d8e6ba,2026-08-31T18:18:27.435Z,separate_executor,quote_run_dispatch_probe,10,585.89,success,,200,success
p3-ex-official-vu10,845809e8-6d41-4ddb-9a2a-03c611fd44b0,2026-08-31T18:18:27.493Z,separate_executor,quote_run_dispatch_probe,10,640.89,success,,200,success
p3-ex-official-vu10,d1e6e6d6-a042-44d2-8810-55c903c8cbd2,2026-08-31T18:18:27.521Z,separate_executor,quote_run_dispatch_probe,10,605.5,success,,200,success
p3-ex-official-vu10,4dc1ed9d-8168-4ff3-9044-8caed1ec109c,2026-08-31T18:18:27.560Z,separate_executor,quote_run_dispatch_probe,10,413.32,success,,200,success
p3-ex-official-vu10,0587e16b-8e79-488a-9b5e-2b202802e479,2026-08-31T18:18:27.585Z,separate_executor,quote_run_dispatch_probe,10,1009.09,success,,200,success
p3-ex-official-vu10,82220344-8472-4991-9b98-937ceefcd4c4,2026-08-31T18:18:27.587Z,separate_executor,quote_run_dispatch_probe,10,558.94,success,,200,success
p3-ex-official-vu10,4725b56d-62d7-4a9c-a021-b522839da133,2026-08-31T18:18:27.664Z,separate_executor,quote_run_dispatch_probe,10,610.73,success,,200,success
p3-ex-official-vu10,5e9922ae-065b-43c8-bb04-bbd6c5f317bf,2026-08-31T18:18:27.788Z,separate_executor,quote_run_dispatch_probe,10,912.59,success,,200,success
p3-ex-official-vu10,5cbfa3e1-948b-4be3-9457-a5499f51f4d8,2026-08-31T18:18:27.834Z,separate_executor,quote_run_dispatch_probe,10,494.98,success,,200,success
p3-ex-official-vu10,abc344d6-a590-45f8-9bb0-d48c7b49c5c9,2026-08-31T18:18:27.887Z,separate_executor,quote_run_dispatch_probe,10,583.04,success,,200,success
p3-ex-official-vu10,c3e83615-3083-4db1-a08e-1572db8baac3,2026-08-31T18:18:27.974Z,separate_executor,quote_run_dispatch_probe,10,413.95,success,,200,success
p3-ex-official-vu10,425a0285-a9e9-4982-bbf4-7baa6c15b7f4,2026-08-31T18:18:28.088Z,separate_executor,quote_run_dispatch_probe,10,594.83,success,,200,success
p3-ex-official-vu10,bc17e9c5-9931-405c-9574-02e85271bc49,2026-08-31T18:18:28.102Z,separate_executor,quote_run_dispatch_probe,10,580.87,success,,200,success
p3-ex-official-vu10,5a9e8f9c-cc9a-4a98-8294-1ddaeb402873,2026-08-31T18:18:28.120Z,separate_executor,quote_run_dispatch_probe,10,685.15,success,,200,success
p3-ex-official-vu10,895b4a99-36fc-4539-8f56-83de3d72f471,2026-08-31T18:18:28.232Z,separate_executor,quote_run_dispatch_probe,10,644.56,success,,200,success
p3-ex-official-vu10,445c0d18-2218-43c8-8e43-accc0506d8c8,2026-08-31T18:18:28.258Z,separate_executor,quote_run_dispatch_probe,10,594.15,success,,200,success
p3-ex-official-vu10,ba49d7c9-d384-47c9-a5d0-8453cf2dde51,2026-08-31T18:18:28.268Z,separate_executor,quote_run_dispatch_probe,10,433.74,success,,200,success
p3-ex-official-vu10,49fd8a03-f9c1-4824-a06e-458bab0c510f,2026-08-31T18:18:28.384Z,separate_executor,quote_run_dispatch_probe,10,409.89,success,,200,success
p3-ex-official-vu10,d5006dd0-637c-41f2-a183-647879cb6f4c,2026-08-31T18:18:28.405Z,separate_executor,quote_run_dispatch_probe,10,518.18,success,,200,success
p3-ex-official-vu10,df2454a1-7c55-4509-939d-f54cad260522,2026-08-31T18:18:28.503Z,separate_executor,quote_run_dispatch_probe,10,917.83,success,,200,success
p3-ex-official-vu10,4c38569b-ea1c-4161-9482-f4e9d9598c2f,2026-08-31T18:18:28.676Z,separate_executor,quote_run_dispatch_probe,10,588.09,success,,200,success
p3-ex-official-vu10,93621a02-48f6-4487-a5fb-47029533e134,2026-08-31T18:18:28.699Z,separate_executor,quote_run_dispatch_probe,10,578.67,success,,200,success
p3-ex-official-vu10,759a661f-7650-42bd-8e30-33485803c845,2026-08-31T18:18:28.713Z,separate_executor,quote_run_dispatch_probe,10,610.39,success,,200,success
p3-ex-official-vu10,b3226c8f-e8eb-44de-a7ad-2af64a91ab9c,2026-08-31T18:18:28.758Z,separate_executor,quote_run_dispatch_probe,10,490.34,success,,200,success
p3-ex-official-vu10,92f7d54f-46d8-4816-a74f-bba74eaab9d1,2026-08-31T18:18:28.787Z,separate_executor,quote_run_dispatch_probe,10,555.29,success,,200,success
p3-ex-official-vu10,9f479a67-dbb4-4976-86df-39def6b2eb0b,2026-08-31T18:18:28.815Z,separate_executor,quote_run_dispatch_probe,10,430.84,success,,200,success
p3-ex-official-vu10,474d9273-4e69-44ba-8268-9c1c7f924eb5,2026-08-31T18:18:28.834Z,separate_executor,quote_run_dispatch_probe,10,575.59,success,,200,success
p3-ex-official-vu10,26243d90-627a-4d78-af50-3a5d57d5c3e7,2026-08-31T18:18:28.893Z,separate_executor,quote_run_dispatch_probe,10,488.52,success,,200,success
p3-ex-official-vu10,eae30f60-b39f-4a3d-94fb-2dbc86ef732a,2026-08-31T18:18:29.009Z,separate_executor,quote_run_dispatch_probe,10,1220.5,success,,200,success
p3-ex-official-vu10,e63c5a24-cbfa-4edc-a5e9-87154f07e643,2026-08-31T18:18:29.235Z,separate_executor,quote_run_dispatch_probe,10,477.08,success,,200,success
p3-ex-official-vu10,d99e2802-dc9c-4c76-a8f3-7dc2dbfe9f1a,2026-08-31T18:18:29.250Z,separate_executor,quote_run_dispatch_probe,10,574.11,success,,200,success
p3-ex-official-vu10,f65339df-73a4-4d77-a09d-5d4e0688f1e8,2026-08-31T18:18:29.272Z,separate_executor,quote_run_dispatch_probe,10,456.57,success,,200,success
p3-ex-official-vu10,b30ad316-0ee2-4dda-8f6d-699d7b86793d,2026-08-31T18:18:29.309Z,separate_executor,quote_run_dispatch_probe,10,596.4,success,,200,success
p3-ex-official-vu10,4a2ff3fe-5a27-4fa1-8c55-7a6261d7a5d2,2026-08-31T18:18:29.324Z,separate_executor,quote_run_dispatch_probe,10,536.95,success,,200,success
p3-ex-official-vu10,417a3c75-f576-42a0-9614-a61ca49f438b,2026-08-31T18:18:29.329Z,separate_executor,quote_run_dispatch_probe,10,825.34,success,,200,success
p3-ex-official-vu10,2f8daf93-2fd7-4dc4-9140-60dfeff44039,2026-08-31T18:18:29.333Z,separate_executor,quote_run_dispatch_probe,10,634.62,success,,200,success
p3-ex-official-vu10,c5392a10-9654-4dfb-8e8f-3f74d346ce4c,2026-08-31T18:18:29.431Z,separate_executor,quote_run_dispatch_probe,10,537.95,success,,200,success
p3-ex-official-vu10,8bb2ec0a-acef-4b65-9608-c084c353be33,2026-08-31T18:18:29.448Z,separate_executor,quote_run_dispatch_probe,10,613.94,success,,200,success
p3-ex-official-vu10,9c5d59f8-5346-470c-9c09-fff761714029,2026-08-31T18:18:29.842Z,separate_executor,quote_run_dispatch_probe,10,607.04,success,,200,success
p3-ex-official-vu10,8a706fab-0c03-4b95-a7a2-d0d550e8ed9f,2026-08-31T18:18:29.844Z,separate_executor,quote_run_dispatch_probe,10,572.45,success,,200,success
p3-ex-official-vu10,3315d683-249e-4b2c-a031-af6672af9401,2026-08-31T18:18:29.845Z,separate_executor,quote_run_dispatch_probe,10,594.82,success,,200,success
p3-ex-official-vu10,d88be6ba-f55e-4953-9dbd-37cfb50e93bb,2026-08-31T18:18:29.897Z,separate_executor,quote_run_dispatch_probe,10,588.27,success,,200,success
p3-ex-official-vu10,eb034329-e83f-4543-a89d-d9d1cd264732,2026-08-31T18:18:29.976Z,separate_executor,quote_run_dispatch_probe,10,651.76,success,,200,success
p3-ex-official-vu10,4b46eeff-d007-4ca5-bbe4-393ec2c55176,2026-08-31T18:18:30.002Z,separate_executor,quote_run_dispatch_probe,10,570.43,success,,200,success
p3-ex-official-vu10,f47d00da-43ab-4c5e-9019-10f2808f622f,2026-08-31T18:18:30.034Z,separate_executor,quote_run_dispatch_probe,10,585.8,success,,200,success
p3-ex-official-vu10,e4b2e4f6-a6e3-4dbc-b3c9-6a98acd0d83b,2026-08-31T18:18:30.042Z,separate_executor,quote_run_dispatch_probe,10,1033.03,success,,200,success
p3-ex-official-vu10,f3e99709-22af-4222-956c-da7f4bfb74b4,2026-08-31T18:18:30.044Z,separate_executor,quote_run_dispatch_probe,10,710.09,success,,200,success
p3-ex-official-vu10,dd1cfef7-acb8-4b16-bf2b-594b0df7621c,2026-08-31T18:18:30.175Z,separate_executor,quote_run_dispatch_probe,10,846.42,success,,200,success
p3-ex-official-vu10,7577d6f5-8106-454f-90aa-a854b3eac413,2026-08-31T18:18:30.283Z,separate_executor,quote_run_dispatch_probe,10,439.08,success,,200,success
p3-ex-official-vu10,2bcc791d-2484-4a96-9cd8-9d671f291c5f,2026-08-31T18:18:30.382Z,separate_executor,quote_run_dispatch_probe,10,539.42,success,,200,success
p3-ex-official-vu10,8901bd4f-62f0-436d-8056-aea77ed4cea9,2026-08-31T18:18:30.504Z,separate_executor,quote_run_dispatch_probe,10,659.3,success,,200,success
p3-ex-official-vu10,bdc59c46-7c95-4035-a2ed-7473ed9e426c,2026-08-31T18:18:30.517Z,separate_executor,quote_run_dispatch_probe,10,619.45,success,,200,success
p3-ex-official-vu10,2f095b44-a8ea-4062-87d4-78d1a890b4bd,2026-08-31T18:18:30.560Z,separate_executor,quote_run_dispatch_probe,10,558.68,success,,200,success
p3-ex-official-vu10,9df255be-91cb-4a1b-bec3-9a0699ca309c,2026-08-31T18:18:30.669Z,separate_executor,quote_run_dispatch_probe,10,635.18,success,,200,success
p3-ex-official-vu10,e248e11d-c3eb-4ed4-949a-2794280834f4,2026-08-31T18:18:30.765Z,separate_executor,quote_run_dispatch_probe,10,481.75,success,,200,success
p3-ex-official-vu10,6ea4b962-0b90-4b4f-b39d-eb7bf989f2a0,2026-08-31T18:18:30.793Z,separate_executor,quote_run_dispatch_probe,10,751.48,success,,200,success
p3-ex-official-vu10,94c5e692-23ea-4052-9812-16063706ab21,2026-08-31T18:18:30.813Z,separate_executor,quote_run_dispatch_probe,10,769.2,success,,200,success
p3-ex-official-vu10,4b1d3a93-d6be-43dd-9a4a-0889f2d92e0a,2026-08-31T18:18:30.877Z,separate_executor,quote_run_dispatch_probe,10,495.54,success,,200,success
p3-ex-official-vu10,ec32b60e-50bb-4760-ba07-2d69e475159b,2026-08-31T18:18:30.893Z,separate_executor,quote_run_dispatch_probe,10,917.2,success,,200,success
p3-ex-official-vu10,4e86b7b9-9b22-49ae-9e66-cb38a70f7a25,2026-08-31T18:18:31.058Z,separate_executor,quote_run_dispatch_probe,10,883.32,success,,200,success
p3-ex-official-vu10,cff234d8-8a6f-486a-95ed-9878eea891bb,2026-08-31T18:18:31.079Z,separate_executor,quote_run_dispatch_probe,10,518.44,success,,200,success
p3-ex-official-vu10,8baa1a4f-d4da-4fd7-aa1c-d696da4e34bf,2026-08-31T18:18:31.118Z,separate_executor,quote_run_dispatch_probe,10,614.02,success,,200,success
p3-ex-official-vu10,f1997fde-ed32-4dff-bbd6-79d5f8f7d2e8,2026-08-31T18:18:31.147Z,separate_executor,quote_run_dispatch_probe,10,630.43,success,,200,success
p3-ex-official-vu10,a248d7e2-397c-431e-ab2b-30d0f8d68195,2026-08-31T18:18:31.229Z,separate_executor,quote_run_dispatch_probe,10,463.87,success,,200,success
p3-ex-official-vu10,1b2e3885-edbe-4e12-9170-f9e459a0f980,2026-08-31T18:18:31.336Z,separate_executor,quote_run_dispatch_probe,10,666.81,success,,200,success
p3-ex-official-vu10,18c44c08-9059-4f49-b3d5-6d954c581dff,2026-08-31T18:18:31.386Z,separate_executor,quote_run_dispatch_probe,10,508.67,success,,200,success
p3-ex-official-vu10,51dd4c97-667e-4ec2-82d0-c2b6da04648a,2026-08-31T18:18:31.403Z,separate_executor,quote_run_dispatch_probe,10,589.98,success,,200,success
p3-ex-official-vu10,8a2578c2-6ce5-43a2-b853-88879c359625,2026-08-31T18:18:31.549Z,separate_executor,quote_run_dispatch_probe,10,656.03,success,,200,success
p3-ex-official-vu10,256fbde7-86e4-476c-9310-ef869661e432,2026-08-31T18:18:31.560Z,separate_executor,quote_run_dispatch_probe,10,766.56,success,,200,success
p3-ex-official-vu10,3744dff7-819c-4572-88dd-8556885d6aef,2026-08-31T18:18:31.618Z,separate_executor,quote_run_dispatch_probe,10,538.99,success,,200,success
p3-ex-official-vu10,04fd67c4-083e-44f6-9942-23109e9a7794,2026-08-31T18:18:31.675Z,separate_executor,quote_run_dispatch_probe,10,445.58,success,,200,success
p3-ex-official-vu10,b9978c74-dce4-4fcd-b002-aaa8c140e50a,2026-08-31T18:18:31.822Z,separate_executor,quote_run_dispatch_probe,10,674.65,success,,200,success
p3-ex-official-vu10,972682ee-9ed7-4889-97ed-50ff89be1eae,2026-08-31T18:18:31.843Z,separate_executor,quote_run_dispatch_probe,10,724.35,success,,200,success
p3-ex-official-vu10,ab4d0225-483e-441b-9c5f-07ffa9a5c987,2026-08-31T18:18:31.904Z,separate_executor,quote_run_dispatch_probe,10,517.69,success,,200,success
p3-ex-official-vu10,9d23a512-f92a-4d3a-a698-abcfdb20409e,2026-08-31T18:18:31.935Z,separate_executor,quote_run_dispatch_probe,10,599.74,success,,200,success
p3-ex-official-vu10,f8b7aa1f-e5c2-4aad-b558-a93b04c995cb,2026-08-31T18:18:32.030Z,separate_executor,quote_run_dispatch_probe,10,627.37,success,,200,success
p3-ex-official-vu10,bc7b4b3f-67b0-4483-8779-3302e8a0440f,2026-08-31T18:18:32.100Z,separate_executor,quote_run_dispatch_probe,10,551.2,success,,200,success
p3-ex-official-vu10,cee9c18d-7039-40fe-82d2-11612d209e4a,2026-08-31T18:18:32.130Z,separate_executor,quote_run_dispatch_probe,10,1071.54,success,,200,success
p3-ex-official-vu10,e82ee406-0306-46a0-9432-3379be55ef87,2026-08-31T18:18:32.131Z,separate_executor,quote_run_dispatch_probe,10,456.19,success,,200,success
p3-ex-official-vu10,bec0b942-c016-456b-981f-dfde1bb07a10,2026-08-31T18:18:32.259Z,separate_executor,quote_run_dispatch_probe,10,641,success,,200,success
p3-ex-official-vu10,afbb9d2d-2835-4257-aa36-e8377adabfb9,2026-08-31T18:18:32.360Z,separate_executor,quote_run_dispatch_probe,10,800.19,success,,200,success
p3-ex-official-vu10,e3de0a7f-aa45-4085-b45c-6974a2e2e725,2026-08-31T18:18:32.369Z,separate_executor,quote_run_dispatch_probe,10,465.42,success,,200,success
p3-ex-official-vu10,44f543c9-61c5-4c0e-8ecc-7ae30de22d02,2026-08-31T18:18:32.452Z,separate_executor,quote_run_dispatch_probe,10,630.29,success,,200,success
p3-ex-official-vu10,d37d9fc7-21bf-42fc-9df1-46f287b60dcf,2026-08-31T18:18:32.453Z,separate_executor,quote_run_dispatch_probe,10,610.45,success,,200,success
p3-ex-official-vu10,decbf704-13a0-47a4-8347-ddc4c0c66da0,2026-08-31T18:18:32.538Z,separate_executor,quote_run_dispatch_probe,10,407.18,success,,200,success
p3-ex-official-vu10,cb6a0fc3-4b9c-49eb-a083-1e09ea01e4e9,2026-08-31T18:18:32.571Z,separate_executor,quote_run_dispatch_probe,10,635.88,success,,200,success
p3-ex-official-vu10,cc0a978e-7965-433e-bb07-2cb8ed108d40,2026-08-31T18:18:32.703Z,separate_executor,quote_run_dispatch_probe,10,673.07,success,,200,success
p3-ex-official-vu10,f4003ebd-0625-4727-bb9e-7ad99cf5b87d,2026-08-31T18:18:32.778Z,separate_executor,quote_run_dispatch_probe,10,678,success,,200,success
p3-ex-official-vu10,e66a6ec9-6654-4ee9-924d-10af863e365f,2026-08-31T18:18:32.783Z,separate_executor,quote_run_dispatch_probe,10,523.75,success,,200,success
p3-ex-official-vu10,796c0b8c-1518-4e1a-b57a-0e17b9c3b3e0,2026-08-31T18:18:32.866Z,separate_executor,quote_run_dispatch_probe,10,497.24,success,,200,success
p3-ex-official-vu10,e899a19c-6af1-45f2-8580-6ad71a6303d8,2026-08-31T18:18:32.914Z,separate_executor,quote_run_dispatch_probe,10,784.39,success,,200,success
p3-ex-official-vu10,b7e730f8-1a3e-4a46-89a8-24289df884ac,2026-08-31T18:18:32.955Z,separate_executor,quote_run_dispatch_probe,10,416.96,success,,200,success
p3-ex-official-vu10,f6d10a73-d3fc-458b-8dca-07bff2cc805e,2026-08-31T18:18:33.046Z,separate_executor,quote_run_dispatch_probe,10,593.36,success,,200,success
p3-ex-official-vu10,d94ea1ad-aa01-488f-97bd-9c1550a34f11,2026-08-31T18:18:33.063Z,separate_executor,quote_run_dispatch_probe,10,609.84,success,,200,success
p3-ex-official-vu10,5778499d-dfa2-48a4-8b1a-89b31f823d1c,2026-08-31T18:18:33.156Z,separate_executor,quote_run_dispatch_probe,10,584.34,success,,200,success
p3-ex-official-vu10,28dd4412-db08-405c-ad2d-5a779820e533,2026-08-31T18:18:33.168Z,separate_executor,quote_run_dispatch_probe,10,807.84,success,,200,success
p3-ex-official-vu10,484745ba-b7d1-464a-b13e-7b36f71c3733,2026-08-31T18:18:33.308Z,separate_executor,quote_run_dispatch_probe,10,605.15,success,,200,success
p3-ex-official-vu10,4adb2096-8ba5-4b8d-bd6a-f41efe9c4e86,2026-08-31T18:18:33.335Z,separate_executor,quote_run_dispatch_probe,10,556.81,success,,200,success
p3-ex-official-vu10,e8c36601-3ef1-40a3-82b3-e19f572a14be,2026-08-31T18:18:33.348Z,separate_executor,quote_run_dispatch_probe,10,564.78,success,,200,success
p3-ex-official-vu10,74dbbe90-3bc1-47ca-9fe2-118d9a1d0d7a,2026-08-31T18:18:33.366Z,separate_executor,quote_run_dispatch_probe,10,410.62,success,,200,success
p3-ex-official-vu10,02522ce5-3c3e-4dca-9cb0-b57ef24fb230,2026-08-31T18:18:33.380Z,separate_executor,quote_run_dispatch_probe,10,513.29,success,,200,success
p3-ex-official-vu10,95706457-6624-4910-8d15-076486c30d42,2026-08-31T18:18:33.681Z,separate_executor,quote_run_dispatch_probe,10,618.15,success,,200,success
p3-ex-official-vu10,f12f12a9-571c-4026-abba-568033bb46f9,2026-08-31T18:18:33.689Z,separate_executor,quote_run_dispatch_probe,10,774.19,success,,200,success
p3-ex-official-vu10,0201d7a0-3112-42df-8fa3-a0892f39b05d,2026-08-31T18:18:33.699Z,separate_executor,quote_run_dispatch_probe,10,652.96,success,,200,success
p3-ex-official-vu10,4fa67a18-b50c-48df-94d4-e5374d5c124e,2026-08-31T18:18:33.819Z,separate_executor,quote_run_dispatch_probe,10,453.02,success,,200,success
p3-ex-official-vu10,12a70c78-729d-49ba-ad68-328b1ee9eab2,2026-08-31T18:18:33.859Z,separate_executor,quote_run_dispatch_probe,10,479.53,success,,200,success
p3-ex-official-vu10,96589ecf-13b6-4890-93fa-d6fae6b5e3d7,2026-08-31T18:18:33.898Z,separate_executor,quote_run_dispatch_probe,10,550.95,success,,200,success
p3-ex-official-vu10,f50a5481-c62f-435e-aaf4-0bed3d02d3c3,2026-08-31T18:18:33.911Z,separate_executor,quote_run_dispatch_probe,10,602.79,success,,200,success
p3-ex-official-vu10,56b44e02-08f2-48a0-869a-aa39ff79d851,2026-08-31T18:18:33.939Z,separate_executor,quote_run_dispatch_probe,10,770.98,success,,200,success
p3-ex-official-vu10,26197294-ed4c-493f-aeae-04a1f5dc0283,2026-08-31T18:18:33.942Z,separate_executor,quote_run_dispatch_probe,10,606.65,success,,200,success
p3-ex-official-vu10,b8eb611c-ea4b-40a2-8a32-b15e22619b14,2026-08-31T18:18:33.953Z,separate_executor,quote_run_dispatch_probe,10,797.05,success,,200,success
p3-ex-official-vu10,9a58da25-606d-42a3-8875-7c392bcf4610,2026-08-31T18:18:34.208Z,separate_executor,quote_run_dispatch_probe,10,389.73,success,,200,success
p3-ex-official-vu10,99938e74-1364-44c7-88d1-fd0ca178dfb4,2026-08-31T18:18:34.266Z,separate_executor,quote_run_dispatch_probe,10,585.1,success,,200,success
p3-ex-official-vu10,df6fd7fe-deae-49c5-80d8-3f6b6541ba86,2026-08-31T18:18:34.357Z,separate_executor,quote_run_dispatch_probe,10,497.56,success,,200,success
p3-ex-official-vu10,e4636609-ad83-40e3-a423-292b50ea11f0,2026-08-31T18:18:34.361Z,separate_executor,quote_run_dispatch_probe,10,662.75,success,,200,success
p3-ex-official-vu10,2a7b47c8-c751-494d-96c8-519f2e9aa053,2026-08-31T18:18:34.436Z,separate_executor,quote_run_dispatch_probe,10,537.21,success,,200,success
p3-ex-official-vu10,ceea66ab-806c-40ee-adbc-28c7e31240fd,2026-08-31T18:18:34.461Z,separate_executor,quote_run_dispatch_probe,10,549.29,success,,200,success
p3-ex-official-vu10,d2e1acf3-8435-4607-8036-09842c1693b1,2026-08-31T18:18:34.501Z,separate_executor,quote_run_dispatch_probe,10,812.8,success,,200,success
p3-ex-official-vu10,fd83b0c2-a54f-4d91-8c10-1a14853f3530,2026-08-31T18:18:34.582Z,separate_executor,quote_run_dispatch_probe,10,629.67,success,,200,success
p3-ex-official-vu10,88484010-8f0c-47e3-abd2-e3de27f46d4c,2026-08-31T18:18:34.612Z,separate_executor,quote_run_dispatch_probe,10,403.31,success,,200,success
p3-ex-official-vu10,3ad6e19e-1a1d-4dfc-816f-0290c763fb08,2026-08-31T18:18:34.667Z,separate_executor,quote_run_dispatch_probe,10,727.76,success,,200,success
p3-ex-official-vu10,9d6a0d24-5463-45eb-9c44-17397c1b88da,2026-08-31T18:18:34.670Z,separate_executor,quote_run_dispatch_probe,10,728.5,success,,200,success
p3-ex-official-vu10,f3928233-ad83-451e-8e7e-da26d361c2e2,2026-08-31T18:18:34.885Z,separate_executor,quote_run_dispatch_probe,10,618.83,success,,200,success
p3-ex-official-vu10,d718d3b1-e1b0-44aa-b76c-b9d1bff540fc,2026-08-31T18:18:34.894Z,separate_executor,quote_run_dispatch_probe,10,537.37,success,,200,success
p3-ex-official-vu10,904669d8-3897-4ef7-baf2-e9a28cb3c428,2026-08-31T18:18:34.994Z,separate_executor,quote_run_dispatch_probe,10,558.35,success,,200,success
p3-ex-official-vu10,28d33016-2737-4d17-b937-22741a67c05f,2026-08-31T18:18:35.004Z,separate_executor,quote_run_dispatch_probe,10,643.02,success,,200,success
p3-ex-official-vu10,35c73b89-09ad-4443-8394-dc0c3d6e5e1e,2026-08-31T18:18:35.021Z,separate_executor,quote_run_dispatch_probe,10,409.33,success,,200,success
p3-ex-official-vu10,1e0ae037-4667-4160-b9cd-2c044fed8327,2026-08-31T18:18:35.087Z,separate_executor,quote_run_dispatch_probe,10,626.66,success,,200,success
p3-ex-official-vu10,73b8dc8b-07eb-4804-ada1-ec0482436a8b,2026-08-31T18:18:35.199Z,separate_executor,quote_run_dispatch_probe,10,616.18,success,,200,success
p3-ex-official-vu10,2d3aa81c-87c8-468a-85e4-8bff68b57838,2026-08-31T18:18:35.337Z,separate_executor,quote_run_dispatch_probe,10,666.5,success,,200,success
p3-ex-official-vu10,939d0b77-7f56-46bb-9610-71c26465affd,2026-08-31T18:18:35.365Z,separate_executor,quote_run_dispatch_probe,10,470.93,success,,200,success
p3-ex-official-vu10,95f29c00-4f07-41ca-a0b2-b920b0153c3b,2026-08-31T18:18:35.460Z,separate_executor,quote_run_dispatch_probe,10,793.42,success,,200,success
p3-ex-official-vu10,493e13a5-a86c-420c-9429-1e51538b09f7,2026-08-31T18:18:35.480Z,separate_executor,quote_run_dispatch_probe,10,594.54,success,,200,success
p3-ex-official-vu10,83491ac1-4f40-443f-8c06-007b21bd2465,2026-08-31T18:18:35.535Z,separate_executor,quote_run_dispatch_probe,10,541.21,success,,200,success
p3-ex-official-vu10,8118a68d-700f-4217-8131-b8408ce2a731,2026-08-31T18:18:35.552Z,separate_executor,quote_run_dispatch_probe,10,1050.09,success,,200,success
p3-ex-official-vu10,97a0524a-4241-4ba4-98ca-29efb76495e4,2026-08-31T18:18:35.554Z,separate_executor,quote_run_dispatch_probe,10,533.31,success,,200,success
p3-ex-official-vu10,1e6fbe74-cc34-46a2-9439-796a09738c1c,2026-08-31T18:18:35.612Z,separate_executor,quote_run_dispatch_probe,10,607.08,success,,200,success
p3-ex-official-vu10,774296be-42c5-4181-bbec-fd3ab99a8136,2026-08-31T18:18:35.718Z,separate_executor,quote_run_dispatch_probe,10,630.37,success,,200,success
p3-ex-official-vu10,9174ab0e-d7c3-4487-a4bc-5e580b42ea4e,2026-08-31T18:18:35.807Z,separate_executor,quote_run_dispatch_probe,10,608.48,success,,200,success
p3-ex-official-vu10,58b9fbe5-594e-4728-b428-ffb57261124d,2026-08-31T18:18:35.871Z,separate_executor,quote_run_dispatch_probe,10,506.04,success,,200,success
p3-ex-official-vu10,e128ce50-66d4-43cd-a190-5acd2f0b2eaf,2026-08-31T18:18:35.897Z,separate_executor,quote_run_dispatch_probe,10,560.58,success,,200,success
p3-ex-official-vu10,d60bb4ed-b34c-4bdf-b96e-3a470ddc23c7,2026-08-31T18:18:35.961Z,separate_executor,quote_run_dispatch_probe,10,406.66,success,,200,success
p3-ex-official-vu10,5b7e5324-badc-4fad-9c18-7c0a2d61a4ec,2026-08-31T18:18:36.067Z,separate_executor,quote_run_dispatch_probe,10,531.24,success,,200,success
p3-ex-official-vu10,1c82875f-1215-4e87-983d-efd11aee8cf6,2026-08-31T18:18:36.068Z,separate_executor,quote_run_dispatch_probe,10,588.39,success,,200,success
p3-ex-official-vu10,5bdd4fb4-bba3-4bbc-ba08-f2547dc6f665,2026-08-31T18:18:36.191Z,separate_executor,quote_run_dispatch_probe,10,730.73,success,,200,success
p3-ex-official-vu10,813ec522-1466-4d16-be24-41e6e4a5f9b3,2026-08-31T18:18:36.217Z,separate_executor,quote_run_dispatch_probe,10,605.41,success,,200,success
p3-ex-official-vu10,2b413c17-ef00-433e-bcd8-b2f2b6c5b9d2,2026-08-31T18:18:36.316Z,separate_executor,quote_run_dispatch_probe,10,764.26,success,,200,success
p3-ex-official-vu10,42f1b781-2909-41dd-bcbf-080e489a713d,2026-08-31T18:18:36.330Z,separate_executor,quote_run_dispatch_probe,10,612.56,success,,200,success
p3-ex-official-vu10,0237fbfd-b488-4d9e-bb97-9137b3bfa3f9,2026-08-31T18:18:36.369Z,separate_executor,quote_run_dispatch_probe,10,407.69,success,,200,success
p3-ex-official-vu10,7f1d1ce3-0680-41ba-9846-ac850d4abb09,2026-08-31T18:18:36.400Z,separate_executor,quote_run_dispatch_probe,10,528.99,success,,200,success
p3-ex-official-vu10,12536997-fe22-41ad-9606-a97e22c11dd4,2026-08-31T18:18:36.482Z,separate_executor,quote_run_dispatch_probe,10,584.1,success,,200,success
p3-ex-official-vu10,57754c51-3b45-4649-8bc1-835e9d04b91e,2026-08-31T18:18:36.489Z,separate_executor,quote_run_dispatch_probe,10,681.32,success,,200,success
p3-ex-official-vu10,331611f9-bc57-4fe8-ad30-0800eed2c670,2026-08-31T18:18:36.662Z,separate_executor,quote_run_dispatch_probe,10,595.31,success,,200,success
p3-ex-official-vu10,3d9e3cf8-9f1f-49d2-8c13-e3b141bb8474,2026-08-31T18:18:36.723Z,separate_executor,quote_run_dispatch_probe,10,654.65,success,,200,success
p3-ex-official-vu10,309eef6e-865d-4c92-9c19-6c27db877b7e,2026-08-31T18:18:36.780Z,separate_executor,quote_run_dispatch_probe,10,411.06,success,,200,success
p3-ex-official-vu10,ba7afb12-d109-4ebf-a789-9c2ef234a380,2026-08-31T18:18:36.852Z,separate_executor,quote_run_dispatch_probe,10,634.3,success,,200,success
p3-ex-official-vu10,c3c4e770-86d5-4659-9a0a-811431c5e2ef,2026-08-31T18:18:36.905Z,separate_executor,quote_run_dispatch_probe,10,504.83,success,,200,success
p3-ex-official-vu10,79723ddb-bbae-4edd-90ca-d091aab079fc,2026-08-31T18:18:36.936Z,separate_executor,quote_run_dispatch_probe,10,744.85,success,,200,success
p3-ex-official-vu10,02203e97-beea-4a26-9493-70ebcdedd2c3,2026-08-31T18:18:37.011Z,separate_executor,quote_run_dispatch_probe,10,681.16,success,,200,success
p3-ex-official-vu10,22dc8f61-746b-4fcf-9cdf-417f74bdd8ec,2026-08-31T18:18:37.059Z,separate_executor,quote_run_dispatch_probe,10,577.92,success,,200,success
p3-ex-official-vu10,9267e574-88e8-4186-b346-398cbbaf1eb4,2026-08-31T18:18:37.067Z,separate_executor,quote_run_dispatch_probe,10,750.69,success,,200,success
p3-ex-official-vu10,0f8db5ab-0723-4221-b2a8-9db6ebf70746,2026-08-31T18:18:37.098Z,separate_executor,quote_run_dispatch_probe,10,609.56,success,,200,success
p3-ex-official-vu10,01d249c5-f333-4d3b-a54c-e7a598699fdb,2026-08-31T18:18:37.173Z,separate_executor,quote_run_dispatch_probe,10,511.12,success,,200,success
p3-ex-official-vu10,519ec5bd-7c8a-4ac0-b6d6-a791de39b176,2026-08-31T18:18:37.209Z,separate_executor,quote_run_dispatch_probe,10,428.77,success,,200,success
p3-ex-official-vu10,5f2257d7-9dde-46af-b49b-02e3a6b2a4cf,2026-08-31T18:18:37.348Z,separate_executor,quote_run_dispatch_probe,10,625.23,success,,200,success
p3-ex-official-vu10,4f38df65-11ac-4d5c-808c-b5c503a75803,2026-08-31T18:18:37.409Z,separate_executor,quote_run_dispatch_probe,10,503.57,success,,200,success
p3-ex-official-vu10,a65b0ba7-90c7-4f81-94d4-b07790f04da6,2026-08-31T18:18:37.458Z,separate_executor,quote_run_dispatch_probe,10,606.74,success,,200,success
p3-ex-official-vu10,5f4367e7-bbc2-4f55-8743-d3fb66dc6a08,2026-08-31T18:18:37.554Z,separate_executor,quote_run_dispatch_probe,10,494.09,success,,200,success
p3-ex-official-vu10,13b7b65e-4322-438a-9c50-e46679e8fd42,2026-08-31T18:18:37.615Z,separate_executor,quote_run_dispatch_probe,10,406.25,success,,200,success
p3-ex-official-vu10,ddb5ad54-7a3e-4617-b8c0-85b963f74da8,2026-08-31T18:18:37.699Z,separate_executor,quote_run_dispatch_probe,10,526.41,success,,200,success
p3-ex-official-vu10,6d33565b-fa54-4988-9abc-818489b32a21,2026-08-31T18:18:37.720Z,separate_executor,quote_run_dispatch_probe,10,621.39,success,,200,success
p3-ex-official-vu10,eda9f866-c602-4b34-a23d-d22b246887b8,2026-08-31T18:18:37.793Z,separate_executor,quote_run_dispatch_probe,10,856.85,success,,200,success
p3-ex-official-vu10,55181710-dda3-4006-b029-e5c1cc576a75,2026-08-31T18:18:37.812Z,separate_executor,quote_run_dispatch_probe,10,744.98,success,,200,success
p3-ex-official-vu10,7f1f5e65-a052-4525-ac1d-dca15a43e90a,2026-08-31T18:18:37.909Z,separate_executor,quote_run_dispatch_probe,10,500.29,success,,200,success
p3-ex-official-vu10,84c65d6f-9369-4f66-bf9c-f42f2663785c,2026-08-31T18:18:37.920Z,separate_executor,quote_run_dispatch_probe,10,908.65,success,,200,success
p3-ex-official-vu10,b84dbb2e-ee5f-4b56-b790-cd1be013e2cb,2026-08-31T18:18:37.987Z,separate_executor,quote_run_dispatch_probe,10,639.34,success,,200,success
p3-ex-official-vu10,35dc1cec-3ced-4db6-b2e2-8d288156a368,2026-08-31T18:18:38.011Z,separate_executor,quote_run_dispatch_probe,10,396.17,success,,200,success
p3-ex-official-vu10,f8505296-43bc-4493-8080-461f3efd9796,2026-08-31T18:18:38.042Z,separate_executor,quote_run_dispatch_probe,10,583.55,success,,200,success
p3-ex-official-vu10,2db03905-86a6-4448-9849-bd3d229bbbaf,2026-08-31T18:18:38.099Z,separate_executor,quote_run_dispatch_probe,10,544.97,success,,200,success
p3-ex-official-vu10,6bc5325e-5b94-4b66-b549-fc250ac2ef00,2026-08-31T18:18:38.252Z,separate_executor,quote_run_dispatch_probe,10,552.04,success,,200,success
p3-ex-official-vu10,39ce406d-3b57-46cc-9e89-9de7e2e0db87,2026-08-31T18:18:38.360Z,separate_executor,quote_run_dispatch_probe,10,640.6,success,,200,success
p3-ex-official-vu10,895c1f17-17a1-42d2-b881-e84bc82a9086,2026-08-31T18:18:38.414Z,separate_executor,quote_run_dispatch_probe,10,403.11,success,,200,success
p3-ex-official-vu10,92942a0d-b032-4302-894c-bad188b26e95,2026-08-31T18:18:38.415Z,separate_executor,quote_run_dispatch_probe,10,505.71,success,,200,success
p3-ex-official-vu10,855a2b30-54b8-4e36-bb7c-94412ccb6e17,2026-08-31T18:18:38.592Z,separate_executor,quote_run_dispatch_probe,10,604.39,success,,200,success
p3-ex-official-vu10,466783a1-9506-4563-a019-63df11105fa5,2026-08-31T18:18:38.593Z,separate_executor,quote_run_dispatch_probe,10,494.67,success,,200,success
p3-ex-official-vu10,c3af528b-24f4-4c10-bacc-bbe949e61677,2026-08-31T18:18:38.625Z,separate_executor,quote_run_dispatch_probe,10,832.09,success,,200,success
p3-ex-official-vu10,5e786222-a4fb-41fe-9704-a8747d7b2ba0,2026-08-31T18:18:38.630Z,separate_executor,quote_run_dispatch_probe,10,587.72,success,,200,success
p3-ex-official-vu10,33725b3b-7c93-40c1-94c7-3e66241977da,2026-08-31T18:18:38.631Z,separate_executor,quote_run_dispatch_probe,10,819.54,success,,200,success
p3-ex-official-vu10,3822717c-9f8e-4c8e-b76e-6afa901eb734,2026-08-31T18:18:38.633Z,separate_executor,quote_run_dispatch_probe,10,713.15,success,,200,success
p3-ex-official-vu10,3046d491-90ba-490e-b84d-4c3eb287e4cb,2026-08-31T18:18:38.786Z,separate_executor,quote_run_dispatch_probe,10,534.56,success,,200,success
p3-ex-official-vu10,f0a917a8-24d1-497f-b7d6-234b5fd0c969,2026-08-31T18:18:38.853Z,separate_executor,quote_run_dispatch_probe,10,437.93,success,,200,success
p3-ex-official-vu10,9ae9f909-0028-49f7-bbd9-7862c42b028e,2026-08-31T18:18:38.916Z,separate_executor,quote_run_dispatch_probe,10,501.37,success,,200,success
p3-ex-official-vu10,622c913a-db86-41e7-90d2-580415805787,2026-08-31T18:18:38.949Z,separate_executor,quote_run_dispatch_probe,10,589.06,success,,200,success
p3-ex-official-vu10,1405984a-8b3f-4d47-83dc-bd498b5e7409,2026-08-31T18:18:39.163Z,separate_executor,quote_run_dispatch_probe,10,569.86,success,,200,success
p3-ex-official-vu10,c3069e33-9119-4218-8e5f-02e6a28ca14e,2026-08-31T18:18:39.201Z,separate_executor,quote_run_dispatch_probe,10,609.13,success,,200,success
p3-ex-official-vu10,22a3f898-6614-41db-98d0-3b9ab2e4ef23,2026-08-31T18:18:39.203Z,separate_executor,quote_run_dispatch_probe,10,573.38,success,,200,success
p3-ex-official-vu10,7126da57-92a2-42e8-a6ee-cccd4637a84e,2026-08-31T18:18:39.235Z,separate_executor,quote_run_dispatch_probe,10,601.77,success,,200,success
p3-ex-official-vu10,7112aad2-2873-4d8b-90f3-d1c07e989e52,2026-08-31T18:18:39.265Z,separate_executor,quote_run_dispatch_probe,10,412.66,success,,200,success
p3-ex-official-vu10,e8c65ead-b739-4ae7-bd32-ea22bc2b3ea9,2026-08-31T18:18:39.317Z,separate_executor,quote_run_dispatch_probe,10,530.81,success,,200,success
p3-ex-official-vu10,858f1648-8d08-4ea4-819e-0ecef768b839,2026-08-31T18:18:39.368Z,separate_executor,quote_run_dispatch_probe,10,452.04,success,,200,success
p3-ex-official-vu10,a25985fe-2893-4780-b5cd-ca0d5ee74279,2026-08-31T18:18:39.407Z,separate_executor,quote_run_dispatch_probe,10,782.69,success,,200,success
p3-ex-official-vu10,d5a29c68-6001-47f1-aeda-10f8221c3ee0,2026-08-31T18:18:39.408Z,separate_executor,quote_run_dispatch_probe,10,777.2,success,,200,success
p3-ex-official-vu10,b0837169-e9a3-47ee-b233-8e5a6cdbc207,2026-08-31T18:18:39.546Z,separate_executor,quote_run_dispatch_probe,10,596.3,success,,200,success
p3-ex-official-vu10,ec20977c-a080-4d13-8805-909f6565b016,2026-08-31T18:18:39.666Z,separate_executor,quote_run_dispatch_probe,10,400.22,success,,200,success
p3-ex-official-vu10,91028652-2059-498e-8d5d-f3ca0bc4652a,2026-08-31T18:18:39.720Z,separate_executor,quote_run_dispatch_probe,10,556.48,success,,200,success
p3-ex-official-vu10,0fbbb5e1-581d-4a52-8b09-fba59a6e7ac8,2026-08-31T18:18:39.780Z,separate_executor,quote_run_dispatch_probe,10,579.16,success,,200,success
p3-ex-official-vu10,26d8ba57-2092-42d2-85d8-9b2ffe72f411,2026-08-31T18:18:39.801Z,separate_executor,quote_run_dispatch_probe,10,597.91,success,,200,success
p3-ex-official-vu10,ea2f2e8c-7b9c-4f27-924d-6d9c58d0f79f,2026-08-31T18:18:39.883Z,separate_executor,quote_run_dispatch_probe,10,565.69,success,,200,success
p3-ex-official-vu10,c2705ce2-c2aa-4c53-8ca6-01a2fdd3432d,2026-08-31T18:18:39.883Z,separate_executor,quote_run_dispatch_probe,10,648.4,success,,200,success
p3-ex-official-vu10,92bcda93-5b42-456e-8b73-206f46863bae,2026-08-31T18:18:39.887Z,separate_executor,quote_run_dispatch_probe,10,519.7,success,,200,success
p3-ex-official-vu10,cb47958e-c0a5-4eda-bf01-86398bf88f28,2026-08-31T18:18:40.055Z,separate_executor,quote_run_dispatch_probe,10,388.88,success,,200,success
p3-ex-official-vu10,0dba31ea-520d-4d6e-81cd-cf9ccb25755c,2026-08-31T18:18:40.152Z,separate_executor,quote_run_dispatch_probe,10,744.09,success,,200,success
p3-ex-official-vu10,d6d7afce-1e39-4116-934c-f64a55a3f355,2026-08-31T18:18:40.180Z,separate_executor,quote_run_dispatch_probe,10,634.26,success,,200,success
p3-ex-official-vu10,9554d84d-e11c-4ed6-8ee2-341e53be2808,2026-08-31T18:18:40.180Z,separate_executor,quote_run_dispatch_probe,10,771.79,success,,200,success
p3-ex-official-vu10,2cee2568-66ed-4666-b508-921131d629d1,2026-08-31T18:18:40.272Z,separate_executor,quote_run_dispatch_probe,10,552.21,success,,200,success
p3-ex-official-vu10,e7ed0e4e-bb42-4587-97d4-eda49c950b13,2026-08-31T18:18:40.332Z,separate_executor,quote_run_dispatch_probe,10,552.06,success,,200,success
p3-ex-official-vu10,2717f0a5-c768-47a0-93ae-3b5e6f0169ab,2026-08-31T18:18:40.402Z,separate_executor,quote_run_dispatch_probe,10,601.19,success,,200,success
p3-ex-official-vu10,0d3b8ad9-2060-4597-97eb-58ae255d0c3b,2026-08-31T18:18:40.403Z,separate_executor,quote_run_dispatch_probe,10,515.57,success,,200,success
p3-ex-official-vu10,4fd53cae-4033-4df4-b5ba-3860fca7d163,2026-08-31T18:18:40.459Z,separate_executor,quote_run_dispatch_probe,10,576.77,success,,200,success
p3-ex-official-vu10,25f36b75-d102-47aa-8e67-0fc95049023e,2026-08-31T18:18:40.488Z,separate_executor,quote_run_dispatch_probe,10,604.75,success,,200,success
p3-ex-official-vu10,421eefb3-0cd3-4026-af4b-113e9d6f1dee,2026-08-31T18:18:40.495Z,separate_executor,quote_run_dispatch_probe,10,440.26,success,,200,success
p3-ex-official-vu10,5c776deb-1869-48ae-8187-7368b7fc9deb,2026-08-31T18:18:40.810Z,separate_executor,quote_run_dispatch_probe,10,630.31,success,,200,success
p3-ex-official-vu10,702e5745-a426-4b73-a1d0-919069fbe7f4,2026-08-31T18:18:40.864Z,separate_executor,quote_run_dispatch_probe,10,591.63,success,,200,success
p3-ex-official-vu10,fc373979-51b2-4461-a1f7-41d7a26f0e05,2026-08-31T18:18:40.884Z,separate_executor,quote_run_dispatch_probe,10,481.42,success,,200,success
p3-ex-official-vu10,ef26df44-b9ca-4625-985f-3d99528df22f,2026-08-31T18:18:40.886Z,separate_executor,quote_run_dispatch_probe,10,391.65,success,,200,success
p3-ex-official-vu10,a08213c4-a0f9-4f8e-90c7-1b2144c5aa5b,2026-08-31T18:18:40.899Z,separate_executor,quote_run_dispatch_probe,10,747.4,success,,200,success
p3-ex-official-vu10,90ed8ef8-2691-4306-8086-843e9fefe946,2026-08-31T18:18:40.967Z,separate_executor,quote_run_dispatch_probe,10,634.79,success,,200,success
p3-ex-official-vu10,a35b100a-2306-479b-b2df-aad787e618f6,2026-08-31T18:18:40.999Z,separate_executor,quote_run_dispatch_probe,10,595.85,success,,200,success
p3-ex-official-vu10,791c2a7e-8503-4b32-8153-c6735e89c34e,2026-08-31T18:18:41.032Z,separate_executor,quote_run_dispatch_probe,10,572.34,success,,200,success
p3-ex-official-vu10,677a9157-ce4d-4f44-adc0-fda88ad5cc93,2026-08-31T18:18:41.040Z,separate_executor,quote_run_dispatch_probe,10,551.5,success,,200,success
p3-ex-official-vu10,1e3a224a-7412-4e91-aca6-753d69b16e2f,2026-08-31T18:18:41.075Z,separate_executor,quote_run_dispatch_probe,10,895.06,success,,200,success
p3-ex-official-vu10,af65147b-b9f6-44bf-91d5-36c6b7b45ff6,2026-08-31T18:18:41.279Z,separate_executor,quote_run_dispatch_probe,10,392.77,success,,200,success
p3-ex-official-vu10,220410f1-1bd6-4dfa-8944-35a8d2561a46,2026-08-31T18:18:41.385Z,separate_executor,quote_run_dispatch_probe,10,501.48,success,,200,success
p3-ex-official-vu10,8e4b788c-4b8f-4652-9410-3a2d1168b3e4,2026-08-31T18:18:41.450Z,separate_executor,quote_run_dispatch_probe,10,586.55,success,,200,success
p3-ex-official-vu10,a5f427b5-d742-4484-910c-16cc3eb07b7e,2026-08-31T18:18:41.452Z,separate_executor,quote_run_dispatch_probe,10,641.74,success,,200,success
p3-ex-official-vu10,54384f65-59f2-4f73-9113-b2c8dfa1084e,2026-08-31T18:18:41.556Z,separate_executor,quote_run_dispatch_probe,10,589.02,success,,200,success
p3-ex-official-vu10,f8eb40bd-fd84-4e5b-9927-8b3324c4be5b,2026-08-31T18:18:41.577Z,separate_executor,quote_run_dispatch_probe,10,545.54,success,,200,success
p3-ex-official-vu10,e5028b9d-b4c7-4cf3-93fc-3fec0ce40f89,2026-08-31T18:18:41.665Z,separate_executor,quote_run_dispatch_probe,10,766.17,success,,200,success
p3-ex-official-vu10,ddd86c1f-4ba2-4129-baf9-02e97fafc8d1,2026-08-31T18:18:41.685Z,separate_executor,quote_run_dispatch_probe,10,405.88,success,,200,success
p3-ex-official-vu10,4202bb67-2215-4355-8137-b4c1e6105f27,2026-08-31T18:18:41.848Z,separate_executor,quote_run_dispatch_probe,10,807.97,success,,200,success
p3-ex-official-vu10,1469c2f0-4416-4da6-95c5-4e94193eb549,2026-08-31T18:18:41.850Z,separate_executor,quote_run_dispatch_probe,10,851.42,success,,200,success
p3-ex-official-vu10,7c847817-a52c-4328-81ad-825dbb4e728a,2026-08-31T18:18:41.853Z,separate_executor,quote_run_dispatch_probe,10,467.79,success,,200,success
p3-ex-official-vu10,a8c6db5d-de69-4d96-aee1-a5150c0f51de,2026-08-31T18:18:41.916Z,separate_executor,quote_run_dispatch_probe,10,840.42,success,,200,success
p3-ex-official-vu10,3a59e59a-e564-44dd-81c5-ee902cd83156,2026-08-31T18:18:41.959Z,separate_executor,quote_run_dispatch_probe,10,508.86,success,,200,success
p3-ex-official-vu10,d2ae83d7-1c1f-495f-9096-e3d9b418e674,2026-08-31T18:18:42.058Z,separate_executor,quote_run_dispatch_probe,10,606.11,success,,200,success
p3-ex-official-vu10,2e4136b0-67b5-4e94-ae2b-355ee397e7f1,2026-08-31T18:18:42.108Z,separate_executor,quote_run_dispatch_probe,10,530.31,success,,200,success
p3-ex-official-vu10,c19b74f2-ffe6-49ee-aedb-e6a6e5dca54f,2026-08-31T18:18:42.133Z,separate_executor,quote_run_dispatch_probe,10,447.52,success,,200,success
p3-ex-official-vu10,07392a91-2808-4966-9890-cb1142965a40,2026-08-31T18:18:42.226Z,separate_executor,quote_run_dispatch_probe,10,669.67,success,,200,success
p3-ex-official-vu10,735b38ff-aed2-4c9e-aa29-65055158bf3b,2026-08-31T18:18:42.332Z,separate_executor,quote_run_dispatch_probe,10,479.18,success,,200,success
p3-ex-official-vu10,9315f41b-cd2e-4813-b66a-c55069e63cbd,2026-08-31T18:18:42.416Z,separate_executor,quote_run_dispatch_probe,10,750.62,success,,200,success
p3-ex-official-vu10,b18e2bce-51b1-429b-a0ad-da088c45a40e,2026-08-31T18:18:42.536Z,separate_executor,quote_run_dispatch_probe,10,688.25,success,,200,success
p3-ex-official-vu10,a6ec87e4-2956-4433-a5a9-2e8f2e2f1a19,2026-08-31T18:18:42.560Z,separate_executor,quote_run_dispatch_probe,10,601.31,success,,200,success
p3-ex-official-vu10,656809f2-367d-4927-9384-5d35e4507deb,2026-08-31T18:18:42.577Z,separate_executor,quote_run_dispatch_probe,10,726.22,success,,200,success
p3-ex-official-vu10,3bdf7e4d-c7c3-491e-aa4f-9fce74a2e473,2026-08-31T18:18:42.590Z,separate_executor,quote_run_dispatch_probe,10,456.83,success,,200,success
p3-ex-official-vu10,8e676a60-202a-4774-ab63-2511f8a9e327,2026-08-31T18:18:42.685Z,separate_executor,quote_run_dispatch_probe,10,768.76,success,,200,success
p3-ex-official-vu10,ad62f952-cbca-4fdc-8068-16db41f0d47b,2026-08-31T18:18:42.714Z,separate_executor,quote_run_dispatch_probe,10,606.58,success,,200,success
p3-ex-official-vu10,8e51403a-fe70-42c3-8f0d-6377da5e70e3,2026-08-31T18:18:42.748Z,separate_executor,quote_run_dispatch_probe,10,690.13,success,,200,success
p3-ex-official-vu10,25c167dc-867a-4bf1-a8c1-2c5494f1c098,2026-08-31T18:18:42.847Z,separate_executor,quote_run_dispatch_probe,10,620.71,success,,200,success
p3-ex-official-vu10,b27ee9dc-ad10-4fe7-991c-1ff90cc5d851,2026-08-31T18:18:42.864Z,separate_executor,quote_run_dispatch_probe,10,531.58,success,,200,success
p3-ex-official-vu10,86ab225d-8fc4-4d00-9e84-fb556053f801,2026-08-31T18:18:42.980Z,separate_executor,quote_run_dispatch_probe,10,390.32,success,,200,success
p3-ex-official-vu10,3d48c2e2-1cc7-466e-b25a-5b2e69e612bb,2026-08-31T18:18:43.135Z,separate_executor,quote_run_dispatch_probe,10,574.83,success,,200,success
p3-ex-official-vu10,9690bc72-f245-4400-879b-311199e41d11,2026-08-31T18:18:43.145Z,separate_executor,quote_run_dispatch_probe,10,728.7,success,,200,success
p3-ex-official-vu10,e43c7623-5eab-4a7c-b35d-d89d36d19598,2026-08-31T18:18:43.218Z,separate_executor,quote_run_dispatch_probe,10,682.13,success,,200,success
p3-ex-official-vu10,8fb3241e-d40b-4a62-acdd-b166bd7a5299,2026-08-31T18:18:43.268Z,separate_executor,quote_run_dispatch_probe,10,691.42,success,,200,success
p3-ex-official-vu10,97859e06-0323-4fc3-93d3-65fc73e55488,2026-08-31T18:18:43.385Z,separate_executor,quote_run_dispatch_probe,10,670.32,success,,200,success
p3-ex-official-vu10,22c7c1aa-fef6-4689-b4cb-00f8a2de403b,2026-08-31T18:18:43.397Z,separate_executor,quote_run_dispatch_probe,10,533.54,success,,200,success
p3-ex-official-vu10,107c1044-229d-4dc7-8919-1cce1732df35,2026-08-31T18:18:43.422Z,separate_executor,quote_run_dispatch_probe,10,441.64,success,,200,success
p3-ex-official-vu10,a3a7b712-2a18-4ff9-895b-7f1094dd3d03,2026-08-31T18:18:43.509Z,separate_executor,quote_run_dispatch_probe,10,662.3,success,,200,success
p3-ex-official-vu10,327d5e24-2b9c-4765-82b6-fbaaac705c7b,2026-08-31T18:18:43.544Z,separate_executor,quote_run_dispatch_probe,10,859.26,success,,200,success
p3-ex-official-vu10,3e62d6f8-0078-4aa3-8bb5-0de81d553313,2026-08-31T18:18:43.577Z,separate_executor,quote_run_dispatch_probe,10,829.02,success,,200,success
p3-ex-official-vu10,d0146c46-110b-4bad-a05e-b14791570f3b,2026-08-31T18:18:43.741Z,separate_executor,quote_run_dispatch_probe,10,606.15,success,,200,success
p3-ex-official-vu10,bf8e5a8d-86e6-4113-959a-0da3a7309a5e,2026-08-31T18:18:43.844Z,separate_executor,quote_run_dispatch_probe,10,422.88,success,,200,success
p3-ex-official-vu10,9b7c6f54-3fba-4c0e-beb9-ef8a1ff78bab,2026-08-31T18:18:43.877Z,separate_executor,quote_run_dispatch_probe,10,659.29,success,,200,success
p3-ex-official-vu10,38e9384a-fb7f-4bed-b603-d258f4816fcc,2026-08-31T18:18:43.885Z,separate_executor,quote_run_dispatch_probe,10,487.36,success,,200,success
p3-ex-official-vu10,6f7f9cd5-f375-4f30-9917-f1ebdc6a4328,2026-08-31T18:18:43.938Z,separate_executor,quote_run_dispatch_probe,10,669.61,success,,200,success
p3-ex-official-vu10,e7d7375e-ba0d-4994-8ffe-12487f0f4548,2026-08-31T18:18:43.947Z,separate_executor,quote_run_dispatch_probe,10,802.59,success,,200,success
p3-ex-official-vu10,d8684884-d6a9-4b09-8f40-2d977c0e1997,2026-08-31T18:18:43.954Z,separate_executor,quote_run_dispatch_probe,10,569.65,success,,200,success
p3-ex-official-vu10,0011b0c8-6ab6-4c63-9570-127c84ee0db7,2026-08-31T18:18:44.136Z,separate_executor,quote_run_dispatch_probe,10,626.88,success,,200,success
p3-ex-official-vu10,ce735253-f939-4898-934d-bd274d77a254,2026-08-31T18:18:44.176Z,separate_executor,quote_run_dispatch_probe,10,599.1,success,,200,success
p3-ex-official-vu10,9604ae03-b2bc-4812-ab5d-25633f53c1b5,2026-08-31T18:18:44.265Z,separate_executor,quote_run_dispatch_probe,10,420.76,success,,200,success
p3-ex-official-vu10,fc8e8951-ad38-4176-bb4d-a9beed3da222,2026-08-31T18:18:44.273Z,separate_executor,quote_run_dispatch_probe,10,531.9,success,,200,success
p3-ex-official-vu10,a1672dfc-fa7f-4e19-9e4a-8f7ef878b997,2026-08-31T18:18:44.377Z,separate_executor,quote_run_dispatch_probe,10,491.84,success,,200,success
p3-ex-official-vu10,a079aed5-7c6c-4060-896f-20a6bd67fe66,2026-08-31T18:18:44.393Z,separate_executor,quote_run_dispatch_probe,10,515.62,success,,200,success
p3-ex-official-vu10,a17c67d4-80c9-41ff-9a55-dfb50d8f5f25,2026-08-31T18:18:44.433Z,separate_executor,quote_run_dispatch_probe,10,889.14,success,,200,success
p3-ex-official-vu10,7e473ebe-e080-480e-a90f-32a4a560159f,2026-08-31T18:18:44.465Z,separate_executor,quote_run_dispatch_probe,10,510.87,success,,200,success
p3-ex-official-vu10,9d2ef367-12e9-47a2-98e5-fdb3ca8c2746,2026-08-31T18:18:44.551Z,separate_executor,quote_run_dispatch_probe,10,613.32,success,,200,success
p3-ex-official-vu10,75f8c813-fa20-4722-aa08-e9b24f020e5f,2026-08-31T18:18:44.667Z,separate_executor,quote_run_dispatch_probe,10,401.28,success,,200,success
p3-ex-official-vu10,160d200a-86ae-4a16-9d4e-96d803a32193,2026-08-31T18:18:44.741Z,separate_executor,quote_run_dispatch_probe,10,794.1,success,,200,success
p3-ex-official-vu10,cd3b364c-79dd-498a-adb7-359cebe4b6ec,2026-08-31T18:18:44.752Z,separate_executor,quote_run_dispatch_probe,10,615.62,success,,200,success
p3-ex-official-vu10,30ccf8c9-6419-4fdd-8f3d-9a9bcbd8b5e8,2026-08-31T18:18:44.771Z,separate_executor,quote_run_dispatch_probe,10,497.78,success,,200,success
p3-ex-official-vu10,fa92b507-8769-4997-9356-de87635e7819,2026-08-31T18:18:44.876Z,separate_executor,quote_run_dispatch_probe,10,499.42,success,,200,success
p3-ex-official-vu10,7ab8bdeb-0d27-4bf9-b926-8341cc456bf4,2026-08-31T18:18:44.895Z,separate_executor,quote_run_dispatch_probe,10,718.42,success,,200,success
p3-ex-official-vu10,33cb95c9-3e83-4169-afb8-db89f7109fee,2026-08-31T18:18:44.985Z,separate_executor,quote_run_dispatch_probe,10,591.85,success,,200,success
p3-ex-official-vu10,a6e5dac9-ecb4-4765-90a8-b34d7fa64e82,2026-08-31T18:18:45.025Z,separate_executor,quote_run_dispatch_probe,10,559.61,success,,200,success
p3-ex-official-vu10,ee6af55f-4202-4241-bf55-d1d0f6f72709,2026-08-31T18:18:45.048Z,separate_executor,quote_run_dispatch_probe,10,381.83,success,,200,success
p3-ex-official-vu10,d551a081-a5e1-44e5-9ba6-88a7c8c65a9b,2026-08-31T18:18:45.158Z,separate_executor,quote_run_dispatch_probe,10,606.88,success,,200,success
p3-ex-official-vu10,00189e97-296c-4c29-998d-d3ebb72e2069,2026-08-31T18:18:45.206Z,separate_executor,quote_run_dispatch_probe,10,772.87,success,,200,success
p3-ex-official-vu10,fdacb6b1-c58b-4af1-875c-6b95c626af08,2026-08-31T18:18:45.342Z,separate_executor,quote_run_dispatch_probe,10,571.33,success,,200,success
p3-ex-official-vu10,8a658907-dca4-4dd1-90ad-5a6211f78955,2026-08-31T18:18:45.346Z,separate_executor,quote_run_dispatch_probe,10,594.83,success,,200,success
p3-ex-official-vu10,f2208987-dab0-409b-af1f-3e154170aeb4,2026-08-31T18:18:45.379Z,separate_executor,quote_run_dispatch_probe,10,502.97,success,,200,success
p3-ex-official-vu10,76cae778-512f-4877-b324-9ddadf5891d1,2026-08-31T18:18:45.456Z,separate_executor,quote_run_dispatch_probe,10,408,success,,200,success
p3-ex-official-vu10,cc81fc36-bfe3-420f-90dd-eafffc24cc85,2026-08-31T18:18:45.480Z,separate_executor,quote_run_dispatch_probe,10,739.11,success,,200,success
p3-ex-official-vu10,2f3aad2e-e965-4bea-995d-1f974ea3697f,2026-08-31T18:18:45.509Z,separate_executor,quote_run_dispatch_probe,10,614.05,success,,200,success
p3-ex-official-vu10,c277c57e-54d0-45ec-8d38-657d35375d7d,2026-08-31T18:18:45.571Z,separate_executor,quote_run_dispatch_probe,10,545.95,success,,200,success
p3-ex-official-vu10,18289119-b1b8-475e-8ba6-835188b19816,2026-08-31T18:18:45.669Z,separate_executor,quote_run_dispatch_probe,10,683.86,success,,200,success
p3-ex-official-vu10,278af946-afaa-43f9-9597-d67d172047e2,2026-08-31T18:18:45.790Z,separate_executor,quote_run_dispatch_probe,10,631.73,success,,200,success
p3-ex-official-vu10,69bf51ea-7a78-44db-81d0-bae758a047ab,2026-08-31T18:18:45.881Z,separate_executor,quote_run_dispatch_probe,10,502.02,success,,200,success
p3-ex-official-vu10,c4f2605c-0c3c-45f9-826f-1f35dad8538c,2026-08-31T18:18:45.924Z,separate_executor,quote_run_dispatch_probe,10,467.57,success,,200,success
p3-ex-official-vu10,1b8fa76f-da0f-498c-8dc4-93116ad4d2d1,2026-08-31T18:18:45.961Z,separate_executor,quote_run_dispatch_probe,10,618.12,success,,200,success
p3-ex-official-vu10,584a2ba8-c2e4-449a-8dff-40b4c9f7462f,2026-08-31T18:18:45.982Z,separate_executor,quote_run_dispatch_probe,10,635.37,success,,200,success
p3-ex-official-vu10,e4b6df7c-d314-4959-bf3d-90d374cbbcd0,2026-08-31T18:18:45.991Z,separate_executor,quote_run_dispatch_probe,10,785.08,success,,200,success
p3-ex-official-vu10,5b426c58-d6f5-4489-baff-6ed214a3f76f,2026-08-31T18:18:46.092Z,separate_executor,quote_run_dispatch_probe,10,521.49,success,,200,success
p3-ex-official-vu10,d1ddd8b7-c9cd-423f-9e24-b38006336eeb,2026-08-31T18:18:46.183Z,separate_executor,quote_run_dispatch_probe,10,674.49,success,,200,success
p3-ex-official-vu10,7322e4ac-716c-4f96-a7eb-0b4956b96e16,2026-08-31T18:18:46.221Z,separate_executor,quote_run_dispatch_probe,10,740.75,success,,200,success
p3-ex-official-vu10,095b0da7-918b-4a59-a345-44a409b78f00,2026-08-31T18:18:46.336Z,separate_executor,quote_run_dispatch_probe,10,412.3,success,,200,success
p3-ex-official-vu10,d145bf9f-c12a-4247-9b97-34ca3f50d9f9,2026-08-31T18:18:46.413Z,separate_executor,quote_run_dispatch_probe,10,531.56,success,,200,success
p3-ex-official-vu10,bfcbf677-8cda-4a8f-93bc-ad2fe8f82aa8,2026-08-31T18:18:46.447Z,separate_executor,quote_run_dispatch_probe,10,657,success,,200,success
p3-ex-official-vu10,24f0499e-6d16-4b71-ad7f-86e04d3e0bb4,2026-08-31T18:18:46.559Z,separate_executor,quote_run_dispatch_probe,10,598.14,success,,200,success
p3-ex-official-vu10,b78e36a9-43c2-4f86-9704-0a9c0dc7dbd1,2026-08-31T18:18:46.566Z,separate_executor,quote_run_dispatch_probe,10,574.94,success,,200,success
p3-ex-official-vu10,357c3dc9-bb90-42fb-9849-90369653bfb9,2026-08-31T18:18:46.633Z,separate_executor,quote_run_dispatch_probe,10,963.66,success,,200,success
p3-ex-official-vu10,ca543504-5607-4c17-a4de-c8e73da3f527,2026-08-31T18:18:46.685Z,separate_executor,quote_run_dispatch_probe,10,592.82,success,,200,success
p3-ex-official-vu10,c8c8950a-5288-43d7-a07f-0c08d7172a96,2026-08-31T18:18:46.734Z,separate_executor,quote_run_dispatch_probe,10,397.9,success,,200,success
p3-ex-official-vu10,ef1f03d5-355a-46bd-aa86-3f6075c83fa3,2026-08-31T18:18:46.836Z,separate_executor,quote_run_dispatch_probe,10,854.26,success,,200,success
p3-ex-official-vu10,adf1a17a-baf1-4ab5-9465-833b711f8fdd,2026-08-31T18:18:46.894Z,separate_executor,quote_run_dispatch_probe,10,710.75,success,,200,success
p3-ex-official-vu10,07410f2c-803a-4a5e-956b-7cbcdc85a981,2026-08-31T18:18:46.920Z,separate_executor,quote_run_dispatch_probe,10,507.39,success,,200,success
p3-ex-official-vu10,8938f846-04c9-4acb-bf4c-6e1ed7c0188d,2026-08-31T18:18:46.938Z,separate_executor,quote_run_dispatch_probe,10,716.45,success,,200,success
p3-ex-official-vu10,86cb7aaf-1c86-4dae-85c4-7e00a006f603,2026-08-31T18:18:47.090Z,separate_executor,quote_run_dispatch_probe,10,643.74,success,,200,success
p3-ex-official-vu10,da65f18b-b2c8-4a81-8962-5f4d5d52f304,2026-08-31T18:18:47.124Z,separate_executor,quote_run_dispatch_probe,10,564.9,success,,200,success
p3-ex-official-vu10,26e3fdda-202f-4801-b734-d0331f0bc472,2026-08-31T18:18:47.144Z,separate_executor,quote_run_dispatch_probe,10,409.32,success,,200,success
p3-ex-official-vu10,e699aa8b-2901-41be-b43a-60ee2346b5cd,2026-08-31T18:18:47.201Z,separate_executor,quote_run_dispatch_probe,10,634.93,success,,200,success
p3-ex-official-vu10,2f56d502-3b62-415c-be37-e60d4386a6cb,2026-08-31T18:18:47.263Z,separate_executor,quote_run_dispatch_probe,10,577.99,success,,200,success
p3-ex-official-vu10,26750f59-a753-4f7c-9a28-347cb3deaf1a,2026-08-31T18:18:47.418Z,separate_executor,quote_run_dispatch_probe,10,497.72,success,,200,success
p3-ex-official-vu10,7db4eb40-1028-414a-9b05-faf77701300f,2026-08-31T18:18:47.503Z,separate_executor,quote_run_dispatch_probe,10,608.57,success,,200,success
p3-ex-official-vu10,f0cf702b-8146-488c-9d7e-b989a2a8aea1,2026-08-31T18:18:47.566Z,separate_executor,quote_run_dispatch_probe,10,422.72,success,,200,success
p3-ex-official-vu10,9bb9fbbd-6538-40a6-9213-cbc19d1f9385,2026-08-31T18:18:47.637Z,separate_executor,quote_run_dispatch_probe,10,1004.42,success,,200,success
p3-ex-official-vu10,f4e2cddb-73a7-493b-a53a-4794dd9a1097,2026-08-31T18:18:47.641Z,separate_executor,quote_run_dispatch_probe,10,703.19,success,,200,success
p3-ex-official-vu10,0762492e-323e-4a60-b2cf-edc8d6135899,2026-08-31T18:18:47.682Z,separate_executor,quote_run_dispatch_probe,10,845.93,success,,200,success
p3-ex-official-vu10,9d7052af-2baf-41e0-b99a-e23e3fd30fdf,2026-08-31T18:18:47.683Z,separate_executor,quote_run_dispatch_probe,10,559.21,success,,200,success
p3-ex-official-vu10,8e4717be-567c-43a2-a45c-bc02249e5874,2026-08-31T18:18:47.714Z,separate_executor,quote_run_dispatch_probe,10,623.51,success,,200,success
p3-ex-official-vu10,6491bf9d-c67e-49bf-899c-6eeecdfef615,2026-08-31T18:18:47.818Z,separate_executor,quote_run_dispatch_probe,10,616.91,success,,200,success
p3-ex-official-vu10,1a047947-a0e2-40e0-825d-8e1608b74184,2026-08-31T18:18:47.823Z,separate_executor,quote_run_dispatch_probe,10,559.96,success,,200,success
p3-ex-official-vu10,6c5bab07-bf6a-43f5-bc5b-9bec6e40e873,2026-08-31T18:18:47.907Z,separate_executor,quote_run_dispatch_probe,10,489.04,success,,200,success
p3-ex-official-vu10,799e0b99-5c0d-4797-a6ac-63549bb03d07,2026-08-31T18:18:47.971Z,separate_executor,quote_run_dispatch_probe,10,404.89,success,,200,success
p3-ex-official-vu10,2081bbd7-3b02-4586-b42b-c995cffb32d9,2026-08-31T18:18:48.100Z,separate_executor,quote_run_dispatch_probe,10,597.42,success,,200,success
p3-ex-official-vu10,b0906627-f126-4dd9-85bd-3d6b38ef111f,2026-08-31T18:18:48.314Z,separate_executor,quote_run_dispatch_probe,10,676.5,success,,200,success
p3-ex-official-vu10,879d4e63-305d-41fc-9c61-14e6bfeec0b4,2026-08-31T18:18:48.337Z,separate_executor,quote_run_dispatch_probe,10,623.35,success,,200,success
p3-ex-official-vu10,3ca20774-2ac4-47b1-805d-258a177986e4,2026-08-31T18:18:48.346Z,separate_executor,quote_run_dispatch_probe,10,662.62,success,,200,success
p3-ex-official-vu10,d7ccc33a-c846-4aed-bee4-98ded967c5b4,2026-08-31T18:18:48.363Z,separate_executor,quote_run_dispatch_probe,10,539.62,success,,200,success
p3-ex-official-vu10,5999f373-0a99-46cc-a0a6-86f0d63eeb7e,2026-08-31T18:18:48.382Z,separate_executor,quote_run_dispatch_probe,10,410.41,success,,200,success
p3-ex-official-vu10,d5800c32-1001-497d-ad8e-e14e139e3e05,2026-08-31T18:18:48.394Z,separate_executor,quote_run_dispatch_probe,10,752.94,success,,200,success
p3-ex-official-vu10,56e40591-7125-4562-b89a-dfe954818df8,2026-08-31T18:18:48.435Z,separate_executor,quote_run_dispatch_probe,10,752.53,success,,200,success
p3-ex-official-vu10,1921b452-e43d-4068-bd30-9d9361af2838,2026-08-31T18:18:48.492Z,separate_executor,quote_run_dispatch_probe,10,674.17,success,,200,success
p3-ex-official-vu10,95fb8100-a3bc-4d4a-aeb6-16e58a3382b7,2026-08-31T18:18:48.497Z,separate_executor,quote_run_dispatch_probe,10,589.62,success,,200,success
p3-ex-official-vu10,4b9fdf3c-f585-432e-bdb4-0d9a0dea893f,2026-08-31T18:18:48.686Z,separate_executor,quote_run_dispatch_probe,10,585.8,success,,200,success
p3-ex-official-vu10,45d4fd3c-aaad-4d37-98c0-d7b2d619990d,2026-08-31T18:18:48.836Z,separate_executor,quote_run_dispatch_probe,10,454.02,success,,200,success
p3-ex-official-vu10,b90f8637-7855-4adf-8e09-caf479446fa3,2026-08-31T18:18:48.917Z,separate_executor,quote_run_dispatch_probe,10,571.13,success,,200,success
p3-ex-official-vu10,3d8045d6-0875-4162-93a8-8c700a1c84d9,2026-08-31T18:18:48.927Z,separate_executor,quote_run_dispatch_probe,10,613.09,success,,200,success
p3-ex-official-vu10,662315f4-db27-4bc8-acb4-7f9089f44f97,2026-08-31T18:18:48.966Z,separate_executor,quote_run_dispatch_probe,10,628.42,success,,200,success
p3-ex-official-vu10,018b7b77-da1f-4c67-9b57-7f8994c79e88,2026-08-31T18:18:48.977Z,separate_executor,quote_run_dispatch_probe,10,480.45,success,,200,success
p3-ex-official-vu10,bd2371c5-db9c-45fc-b56a-87853702d83f,2026-08-31T18:18:49.073Z,separate_executor,quote_run_dispatch_probe,10,709.74,success,,200,success
p3-ex-official-vu10,3d7aee95-9308-43a3-a07b-8e978ca7d9a6,2026-08-31T18:18:49.157Z,separate_executor,quote_run_dispatch_probe,10,664.95,success,,200,success
p3-ex-official-vu10,f4670d77-3287-44c3-8838-503a113b0a64,2026-08-31T18:18:49.159Z,separate_executor,quote_run_dispatch_probe,10,765.45,success,,200,success
p3-ex-official-vu10,e1be6f3a-bd35-4170-bfe2-95a9ad046ae8,2026-08-31T18:18:49.252Z,separate_executor,quote_run_dispatch_probe,10,415.92,success,,200,success
p3-ex-official-vu10,d6151ab4-d1a9-4945-9df0-95bf09bafbc6,2026-08-31T18:18:49.272Z,separate_executor,quote_run_dispatch_probe,10,585.52,success,,200,success
p3-ex-official-vu10,9e53867c-4a2c-4f29-a6da-a0e408d9719f,2026-08-31T18:18:49.439Z,separate_executor,quote_run_dispatch_probe,10,522.25,success,,200,success
p3-ex-official-vu10,9264fc7e-77c7-4793-80fd-84b867f01a5c,2026-08-31T18:18:49.493Z,separate_executor,quote_run_dispatch_probe,10,1058.08,success,,200,success
p3-ex-official-vu10,228d1eb0-a421-48d1-8652-d1f13872538d,2026-08-31T18:18:49.495Z,separate_executor,quote_run_dispatch_probe,10,518.26,success,,200,success
p3-ex-official-vu10,c2adddf2-4d1e-4f0b-aab8-d0309ad8ce91,2026-08-31T18:18:49.496Z,separate_executor,quote_run_dispatch_probe,10,569.2,success,,200,success
p3-ex-official-vu10,23b28ee1-dc3d-48c7-80af-9832e738a253,2026-08-31T18:18:49.548Z,separate_executor,quote_run_dispatch_probe,10,581.95,success,,200,success
p3-ex-official-vu10,fd6357f6-2593-4a77-833a-7f9856901cdb,2026-08-31T18:18:49.659Z,separate_executor,quote_run_dispatch_probe,10,407.43,success,,200,success
p3-ex-official-vu10,b956c883-e9d0-4cc7-a5a1-effb945880d3,2026-08-31T18:18:49.712Z,separate_executor,quote_run_dispatch_probe,10,639.18,success,,200,success
p3-ex-official-vu10,e788df4f-9686-4233-b250-7d078144590b,2026-08-31T18:18:49.866Z,separate_executor,quote_run_dispatch_probe,10,709.36,success,,200,success
p3-ex-official-vu10,3926d05b-1533-4041-94e2-0b72ec74a623,2026-08-31T18:18:49.875Z,separate_executor,quote_run_dispatch_probe,10,603.15,success,,200,success
p3-ex-official-vu10,645a35a0-92d0-4eda-9158-6f0c9a22d0ce,2026-08-31T18:18:49.928Z,separate_executor,quote_run_dispatch_probe,10,768.78,success,,200,success
p3-ex-official-vu10,e7648348-09fd-4218-9544-f6ebfefe8527,2026-08-31T18:18:50.026Z,separate_executor,quote_run_dispatch_probe,10,533.56,success,,200,success
p3-ex-official-vu10,7633155d-3bed-4319-b3d5-adcac3e0c89a,2026-08-31T18:18:50.091Z,separate_executor,quote_run_dispatch_probe,10,652.34,success,,200,success
p3-ex-official-vu10,832d4dbe-2b0b-436a-a3e4-9286ef259d1d,2026-08-31T18:18:50.109Z,separate_executor,quote_run_dispatch_probe,10,450.13,success,,200,success
p3-ex-official-vu10,54777166-4aca-41f7-a93d-b2fe51495897,2026-08-31T18:18:50.149Z,separate_executor,quote_run_dispatch_probe,10,601.22,success,,200,success
p3-ex-official-vu10,03adb4e5-4f90-4fab-b38b-c2731473437b,2026-08-31T18:18:50.152Z,separate_executor,quote_run_dispatch_probe,10,656.24,success,,200,success
p3-ex-official-vu10,f902e33c-4c82-4a9c-a4e8-a73c90e5c5aa,2026-08-31T18:18:50.258Z,separate_executor,quote_run_dispatch_probe,10,545.79,success,,200,success
p3-ex-official-vu10,dd36cfbd-d897-4b01-82ea-aadad0d30d88,2026-08-31T18:18:50.282Z,separate_executor,quote_run_dispatch_probe,10,785.92,success,,200,success
p3-ex-official-vu10,839b5c0f-f3a7-4e4b-9e38-deba1a93e0a3,2026-08-31T18:18:50.502Z,separate_executor,quote_run_dispatch_probe,10,627.48,success,,200,success
p3-ex-official-vu10,0cb29234-7771-49c1-a1fe-774cca19104a,2026-08-31T18:18:50.518Z,separate_executor,quote_run_dispatch_probe,10,409,success,,200,success
p3-ex-official-vu10,2aa7b1c3-4aae-498c-b85e-f3a844ce220b,2026-08-31T18:18:50.550Z,separate_executor,quote_run_dispatch_probe,10,523.25,success,,200,success
p3-ex-official-vu10,dfae403f-0913-4c57-91a6-358300369192,2026-08-31T18:18:50.616Z,separate_executor,quote_run_dispatch_probe,10,749.62,success,,200,success
p3-ex-official-vu10,85231741-5e57-4e51-92dc-2ef984e7bc69,2026-08-31T18:18:50.680Z,separate_executor,quote_run_dispatch_probe,10,752.21,success,,200,success
p3-ex-official-vu10,0583c312-c444-4446-91be-62ea45cd7441,2026-08-31T18:18:50.754Z,separate_executor,quote_run_dispatch_probe,10,602.37,success,,200,success
p3-ex-official-vu10,434eab49-d0bf-40e0-922f-359bfb05cb33,2026-08-31T18:18:50.761Z,separate_executor,quote_run_dispatch_probe,10,669.93,success,,200,success
p3-ex-official-vu10,638802b2-1e74-4cc5-8f0a-f3f338116aa4,2026-08-31T18:18:50.783Z,separate_executor,quote_run_dispatch_probe,10,634.15,success,,200,success
p3-ex-official-vu10,6cc424f4-31a9-40c5-ba9f-e7088200f7d2,2026-08-31T18:18:50.836Z,separate_executor,quote_run_dispatch_probe,10,578.42,success,,200,success
p3-ex-official-vu10,5ad95581-5498-41bc-b5b1-6297eccb96d8,2026-08-31T18:18:50.911Z,separate_executor,quote_run_dispatch_probe,10,393.01,success,,200,success
p3-ex-official-vu10,34b38729-104c-4b80-ad4f-f7ff8339a3b0,2026-08-31T18:18:51.028Z,separate_executor,quote_run_dispatch_probe,10,478.11,success,,200,success
p3-ex-official-vu10,aabd0b13-5b1d-428b-b812-581aae04f528,2026-08-31T18:18:51.088Z,separate_executor,quote_run_dispatch_probe,10,585.59,success,,200,success
p3-ex-official-vu10,8d678a61-c747-4c3c-be3b-c7c5e0e673bc,2026-08-31T18:18:51.295Z,separate_executor,quote_run_dispatch_probe,10,678.89,success,,200,success
p3-ex-official-vu10,61ab0421-78e9-4488-a256-19619b8fbf2a,2026-08-31T18:18:51.334Z,separate_executor,quote_run_dispatch_probe,10,572.81,success,,200,success
p3-ex-official-vu10,581d2060-b405-4022-9dde-8d8fecc21975,2026-08-31T18:18:51.344Z,separate_executor,quote_run_dispatch_probe,10,432.37,success,,200,success
p3-ex-official-vu10,37e9a784-afdf-4b87-bb22-307efc1757d3,2026-08-31T18:18:51.349Z,separate_executor,quote_run_dispatch_probe,10,594.61,success,,200,success
p3-ex-official-vu10,13597b6e-1ab5-4b13-8911-cefa00f7c99e,2026-08-31T18:18:51.384Z,separate_executor,quote_run_dispatch_probe,10,601.1,success,,200,success
p3-ex-official-vu10,83058924-41ac-47e1-9465-b6425c9fb38a,2026-08-31T18:18:51.415Z,separate_executor,quote_run_dispatch_probe,10,579.33,success,,200,success
p3-ex-official-vu10,b809bb72-a72b-410e-aa16-3bdf18560971,2026-08-31T18:18:51.493Z,separate_executor,quote_run_dispatch_probe,10,1211.4,success,,200,success
p3-ex-official-vu10,18f0bcee-c03f-40a3-8686-452878641298,2026-08-31T18:18:51.546Z,separate_executor,quote_run_dispatch_probe,10,518.24,success,,200,success
p3-ex-official-vu10,d6d5f841-c70d-4d95-9e41-a91c12fdfe8a,2026-08-31T18:18:51.711Z,separate_executor,quote_run_dispatch_probe,10,623.41,success,,200,success
p3-ex-official-vu10,30c04118-dccc-40c9-9c57-34787cd24a86,2026-08-31T18:18:51.756Z,separate_executor,quote_run_dispatch_probe,10,1075.72,success,,200,success
p3-ex-official-vu10,d5a89ed4-f16a-4776-b69e-4e5c7c345bef,2026-08-31T18:18:51.766Z,separate_executor,quote_run_dispatch_probe,10,422.46,success,,200,success
p3-ex-official-vu10,2c83be44-31c5-48fd-9aa9-83cfe51b6f54,2026-08-31T18:18:51.877Z,separate_executor,quote_run_dispatch_probe,10,581.6,success,,200,success
p3-ex-official-vu10,8e9f33d1-6b6b-42d5-9996-6670a1461570,2026-08-31T18:18:51.955Z,separate_executor,quote_run_dispatch_probe,10,539.14,success,,200,success
p3-ex-official-vu10,a31994f0-63f8-4857-8986-5dfc190a4614,2026-08-31T18:18:51.958Z,separate_executor,quote_run_dispatch_probe,10,624.26,success,,200,success
p3-ex-official-vu10,92e8f424-26f4-41e2-82d7-3580caa9f64c,2026-08-31T18:18:51.959Z,separate_executor,quote_run_dispatch_probe,10,610.47,success,,200,success
p3-ex-official-vu10,1b96d8fc-6c53-4c46-8686-deb51f728064,2026-08-31T18:18:52.055Z,separate_executor,quote_run_dispatch_probe,10,508.57,success,,200,success
p3-ex-official-vu10,076d52ac-def1-4bee-8748-53376a670924,2026-08-31T18:18:52.072Z,separate_executor,quote_run_dispatch_probe,10,687.48,success,,200,success
p3-ex-official-vu10,84b764b1-a0ce-48b9-a098-c69652ee14a6,2026-08-31T18:18:52.211Z,separate_executor,quote_run_dispatch_probe,10,444.7,success,,200,success
p3-ex-official-vu10,59480ad3-361e-4b37-b908-530312164ba7,2026-08-31T18:18:52.318Z,separate_executor,quote_run_dispatch_probe,10,606.58,success,,200,success
p3-ex-official-vu10,6bf75c96-ab29-4576-b59e-4c778f779b13,2026-08-31T18:18:52.343Z,separate_executor,quote_run_dispatch_probe,10,849.3,success,,200,success
p3-ex-official-vu10,824a8601-2ad4-4ba0-9552-0711002206bd,2026-08-31T18:18:52.476Z,separate_executor,quote_run_dispatch_probe,10,599.23,success,,200,success
p3-ex-official-vu10,3f1efe42-2617-4699-b58c-9ac922df01b7,2026-08-31T18:18:52.508Z,separate_executor,quote_run_dispatch_probe,10,553.45,success,,200,success
p3-ex-official-vu10,e9c88fe3-3b9b-4f61-ad4d-5afb2ad5860e,2026-08-31T18:18:52.577Z,separate_executor,quote_run_dispatch_probe,10,522.44,success,,200,success
p3-ex-official-vu10,b60bd027-00ed-4407-8da6-f9f2d1e59153,2026-08-31T18:18:52.606Z,separate_executor,quote_run_dispatch_probe,10,647.08,success,,200,success
p3-ex-official-vu10,958fe0f3-1687-47b8-b765-4390dbb402a5,2026-08-31T18:18:52.641Z,separate_executor,quote_run_dispatch_probe,10,682.54,success,,200,success
p3-ex-official-vu10,43c1444b-6998-40d7-a972-e3dc9456d80f,2026-08-31T18:18:52.676Z,separate_executor,quote_run_dispatch_probe,10,604.08,success,,200,success
p3-ex-official-vu10,432d1c1a-39ec-451d-b187-26e31fd593c4,2026-08-31T18:18:52.702Z,separate_executor,quote_run_dispatch_probe,10,945.48,success,,200,success
p3-ex-official-vu10,34b12b92-76cf-4215-97c6-8fd674a0d003,2026-08-31T18:18:52.747Z,separate_executor,quote_run_dispatch_probe,10,535.77,success,,200,success
p3-ex-official-vu10,5bf9dc28-9b4c-45a1-bb05-69a33acc17d2,2026-08-31T18:18:52.976Z,separate_executor,quote_run_dispatch_probe,10,658.07,success,,200,success
p3-ex-official-vu10,2797c383-0103-41ae-b92b-a704e8b390c6,2026-08-31T18:18:53.070Z,separate_executor,quote_run_dispatch_probe,10,492.56,success,,200,success
p3-ex-official-vu10,84aff5ea-921f-4cfd-9872-3afdece635cf,2026-08-31T18:18:53.115Z,separate_executor,quote_run_dispatch_probe,10,606.88,success,,200,success
p3-ex-official-vu10,22b5c185-b184-4c8f-8734-a9446699a263,2026-08-31T18:18:53.182Z,separate_executor,quote_run_dispatch_probe,10,839.02,success,,200,success
p3-ex-official-vu10,739af705-ddee-4cb2-a7ea-8e541bf77231,2026-08-31T18:18:53.184Z,separate_executor,quote_run_dispatch_probe,10,708.15,success,,200,success
p3-ex-official-vu10,fcd17660-81bd-49ff-b1dc-22abdc6d6647,2026-08-31T18:18:53.200Z,separate_executor,quote_run_dispatch_probe,10,593.83,success,,200,success
p3-ex-official-vu10,6caafcbf-e149-400c-b1d3-2d102e35aad0,2026-08-31T18:18:53.256Z,separate_executor,quote_run_dispatch_probe,10,509.51,success,,200,success
p3-ex-official-vu10,106f224d-a766-4081-86d8-3ced5e4a10b4,2026-08-31T18:18:53.291Z,separate_executor,quote_run_dispatch_probe,10,649.95,success,,200,success
p3-ex-official-vu10,66e91238-31f9-4a89-adcc-0ab803c1bcc7,2026-08-31T18:18:53.310Z,separate_executor,quote_run_dispatch_probe,10,634.34,success,,200,success
p3-ex-official-vu10,a569e2be-c07d-47d6-87b0-e5ad3a94501c,2026-08-31T18:18:53.457Z,separate_executor,quote_run_dispatch_probe,10,753.73,success,,200,success
p3-ex-official-vu10,e33c79b5-422e-4f46-b466-6ef07bc34bab,2026-08-31T18:18:53.578Z,separate_executor,quote_run_dispatch_probe,10,508.35,success,,200,success
p3-ex-official-vu10,08f0b873-c694-4e6f-97d8-295b01aab049,2026-08-31T18:18:53.579Z,separate_executor,quote_run_dispatch_probe,10,603.17,success,,200,success
p3-ex-official-vu10,91867b48-2c60-4cb9-8e4e-1873f1bdfa25,2026-08-31T18:18:53.679Z,separate_executor,quote_run_dispatch_probe,10,422.34,success,,200,success
p3-ex-official-vu10,f68c72f5-0438-4698-8bb0-275a29867007,2026-08-31T18:18:53.698Z,separate_executor,quote_run_dispatch_probe,10,583.54,success,,200,success
p3-ex-official-vu10,d4e31d5e-c68c-4d70-a59b-9d783b53b658,2026-08-31T18:18:53.782Z,separate_executor,quote_run_dispatch_probe,10,597.94,success,,200,success
p3-ex-official-vu10,9ee2bcf2-6e74-4fd3-a1fa-8cfb01138c37,2026-08-31T18:18:53.884Z,separate_executor,quote_run_dispatch_probe,10,684.13,success,,200,success
p3-ex-official-vu10,84794e0f-2857-46c7-9e46-44979e8b812c,2026-08-31T18:18:53.901Z,separate_executor,quote_run_dispatch_probe,10,591.05,success,,200,success
p3-ex-official-vu10,178b96d1-7c2f-4a4f-b053-f42139eff819,2026-08-31T18:18:53.937Z,separate_executor,quote_run_dispatch_probe,10,646.11,success,,200,success
p3-ex-official-vu10,9d7aa016-3fd4-4002-8e88-2a3a0423cf85,2026-08-31T18:18:54.002Z,separate_executor,quote_run_dispatch_probe,10,820.42,success,,200,success
p3-ex-official-vu10,64120ed6-a67f-4505-ad11-8ea2cb31535f,2026-08-31T18:18:54.079Z,separate_executor,quote_run_dispatch_probe,10,501.36,success,,200,success
p3-ex-official-vu10,cbe2451e-61a3-440a-959e-2d99f6927d8a,2026-08-31T18:18:54.081Z,separate_executor,quote_run_dispatch_probe,10,402.86,success,,200,success
p3-ex-official-vu10,c575b7f1-cfd6-4432-af21-5d4105015d69,2026-08-31T18:18:54.165Z,separate_executor,quote_run_dispatch_probe,10,708.74,success,,200,success
p3-ex-official-vu10,b047d676-8439-4dbe-8ce0-afe0c00e6a73,2026-08-31T18:18:54.205Z,separate_executor,quote_run_dispatch_probe,10,625.55,success,,200,success
p3-ex-official-vu10,59c2533f-4498-4f18-9732-417188ba0ebc,2026-08-31T18:18:54.257Z,separate_executor,quote_run_dispatch_probe,10,558.42,success,,200,success
p3-ex-official-vu10,facab199-1b1c-4bfa-a172-1f4db1597fe4,2026-08-31T18:18:54.358Z,separate_executor,quote_run_dispatch_probe,10,575.83,success,,200,success
p3-ex-official-vu10,ef6968d6-acde-4a3a-a6db-fe85ad65a8f6,2026-08-31T18:18:54.452Z,separate_executor,quote_run_dispatch_probe,10,568.25,success,,200,success
p3-ex-official-vu10,ff520d6c-52c2-4168-aaae-76bb95822953,2026-08-31T18:18:54.488Z,separate_executor,quote_run_dispatch_probe,10,406.05,success,,200,success
p3-ex-official-vu10,aa43c123-5bd4-48fb-b321-2a3024042528,2026-08-31T18:18:54.496Z,separate_executor,quote_run_dispatch_probe,10,594.92,success,,200,success
p3-ex-official-vu10,184baadc-6850-4abe-8dc6-3756584e4eff,2026-08-31T18:18:54.612Z,separate_executor,quote_run_dispatch_probe,10,532.11,success,,200,success
p3-ex-official-vu10,77a1ab2d-f207-4e77-9710-8086500ef784,2026-08-31T18:18:54.767Z,separate_executor,quote_run_dispatch_probe,10,829.88,success,,200,success
p3-ex-official-vu10,2ac3adf9-7689-4ad8-ae22-fb84318efb56,2026-08-31T18:18:54.775Z,separate_executor,quote_run_dispatch_probe,10,518.25,success,,200,success
p3-ex-official-vu10,d3fac694-297a-4c71-8557-86aed4bf391e,2026-08-31T18:18:54.825Z,separate_executor,quote_run_dispatch_probe,10,822.47,success,,200,success
p3-ex-official-vu10,a77b4843-cae2-4a09-9866-fd775571d90c,2026-08-31T18:18:54.828Z,separate_executor,quote_run_dispatch_probe,10,623.21,success,,200,success
p3-ex-official-vu10,0e2bada3-0250-4ede-9a2a-12b69ef17901,2026-08-31T18:18:54.959Z,separate_executor,quote_run_dispatch_probe,10,793.49,success,,200,success
p3-ex-official-vu10,e8b97acc-045e-4b4b-aa88-ea16a8347411,2026-08-31T18:18:54.966Z,separate_executor,quote_run_dispatch_probe,10,513.07,success,,200,success
p3-ex-official-vu10,b8259cd5-47e6-4da4-95c2-257d32fe8ba4,2026-08-31T18:18:54.980Z,separate_executor,quote_run_dispatch_probe,10,492.75,success,,200,success
p3-ex-official-vu10,4e150742-e1a3-49be-a51e-a7936855e2c1,2026-08-31T18:18:55.414Z,separate_executor,quote_run_dispatch_probe,10,1056.25,success,,200,success
p3-ex-official-vu10,0663bbb1-d5dd-4e87-acf9-fcc0d6f9b08a,2026-08-31T18:18:55.415Z,separate_executor,quote_run_dispatch_probe,10,918.27,success,,200,success
p3-ex-official-vu10,67d0e1e8-9a86-4ab2-ac24-a621204c067a,2026-08-31T18:18:55.416Z,separate_executor,quote_run_dispatch_probe,10,804.36,success,,200,success
p3-ex-official-vu10,7b2b41c3-37d7-46c5-ba4e-a41dab23b616,2026-08-31T18:18:55.780Z,separate_executor,quote_run_dispatch_probe,10,1013.05,success,,200,success
p3-ex-official-vu10,484f9206-80bc-4027-9035-32f1de4fa72f,2026-08-31T18:18:55.781Z,separate_executor,quote_run_dispatch_probe,10,1005.54,success,,200,success
p3-ex-official-vu10,ecd4757d-c0cf-4511-afe4-32fa8394dfaf,2026-08-31T18:18:56.041Z,separate_executor,quote_run_dispatch_probe,10,1213.33,success,,200,success
p3-ex-official-vu10,edf52fb1-5deb-4733-8005-c27be5321768,2026-08-31T18:18:56.169Z,separate_executor,quote_run_dispatch_probe,10,1188.59,success,,200,success
p3-ex-official-vu10,73a387d9-63b2-4a23-a69a-f46ed6dcff8d,2026-08-31T18:18:56.170Z,separate_executor,quote_run_dispatch_probe,10,1204.8,success,,200,success
p3-ex-official-vu10,5ba08571-1b0f-46f1-a338-627910f5f3ec,2026-08-31T18:18:56.389Z,separate_executor,quote_run_dispatch_probe,10,1563.96,success,,200,success
p3-ex-official-vu10,b8f2e729-a3dd-411f-a671-456981bd4fb1,2026-08-31T18:18:56.413Z,separate_executor,quote_run_dispatch_probe,10,1454.5,success,,200,success
p3-ex-official-vu10,0ff28456-8e15-4203-9c45-33789da96263,2026-08-31T18:18:56.437Z,separate_executor,quote_run_dispatch_probe,10,1023.42,success,,200,success
p3-ex-official-vu10,9b84dbcb-4f02-4fe2-8964-5bc23bc3e286,2026-08-31T18:18:56.477Z,separate_executor,quote_run_dispatch_probe,10,1060.66,success,,200,success
p3-ex-official-vu10,fbb6b850-bc84-4661-a835-88290a6e4d33,2026-08-31T18:18:56.485Z,separate_executor,quote_run_dispatch_probe,10,1070.56,success,,200,success
p3-ex-official-vu10,dbd06c8b-f897-43d8-8062-a9e31d006e02,2026-08-31T18:18:56.586Z,separate_executor,quote_run_dispatch_probe,10,805.03,success,,200,success
p3-ex-official-vu10,c2ca00cf-7bb9-430c-b581-6211464a88c8,2026-08-31T18:18:56.586Z,separate_executor,quote_run_dispatch_probe,10,806.28,success,,200,success
p3-ex-official-vu10,1e27dd62-a577-4bb4-9fef-dd44da17c8b9,2026-08-31T18:18:56.630Z,separate_executor,quote_run_dispatch_probe,10,461.47,success,,200,success
p3-ex-official-vu10,474d558f-fa3c-4604-9298-99b77d43f367,2026-08-31T18:18:56.685Z,separate_executor,quote_run_dispatch_probe,10,643.17,success,,200,success
p3-ex-official-vu10,682b28f6-3b0a-471c-8044-8c23ae836416,2026-08-31T18:18:56.945Z,separate_executor,quote_run_dispatch_probe,10,774.56,success,,200,success
p3-ex-official-vu10,6e8ddd86-ec96-4fc8-92ec-7eeb766a357b,2026-08-31T18:18:56.999Z,separate_executor,quote_run_dispatch_probe,10,585.22,success,,200,success
p3-ex-official-vu10,f4612d4a-735b-4dc0-926e-bb00db3984af,2026-08-31T18:18:57.025Z,separate_executor,quote_run_dispatch_probe,10,548.55,success,,200,success
p3-ex-official-vu10,33116351-144e-49b4-b1c8-3e5c0c50df16,2026-08-31T18:18:57.062Z,separate_executor,quote_run_dispatch_probe,10,624.24,success,,200,success
p3-ex-official-vu10,25033f62-1282-42f7-b60d-96c503e2af4c,2026-08-31T18:18:57.082Z,separate_executor,quote_run_dispatch_probe,10,451.4,success,,200,success
p3-ex-official-vu10,f7839112-3133-4be4-befe-d5716aa1df8d,2026-08-31T18:18:57.132Z,separate_executor,quote_run_dispatch_probe,10,646.78,success,,200,success
p3-ex-official-vu10,e56c18d7-1874-42b7-b222-d46926f234bb,2026-08-31T18:18:57.176Z,separate_executor,quote_run_dispatch_probe,10,787.36,success,,200,success
p3-ex-official-vu10,26ae8e4b-4efc-4c7f-b590-1dc46e3e597b,2026-08-31T18:18:57.216Z,separate_executor,quote_run_dispatch_probe,10,630.02,success,,200,success
p3-ex-official-vu10,94ffa3ec-5100-44ae-a6e2-7715afb6a156,2026-08-31T18:18:57.327Z,separate_executor,quote_run_dispatch_probe,10,741.44,success,,200,success
p3-ex-official-vu10,a4c9b526-d8d0-4beb-a076-20948b2d8c92,2026-08-31T18:18:57.348Z,separate_executor,quote_run_dispatch_probe,10,663.68,success,,200,success
p3-ex-official-vu10,6960eb39-fd9d-4dd9-92ed-f330b55513a1,2026-08-31T18:18:57.544Z,separate_executor,quote_run_dispatch_probe,10,462.43,success,,200,success
p3-ex-official-vu10,6ad2b746-98d4-4f39-a848-48b34e06d554,2026-08-31T18:18:57.566Z,separate_executor,quote_run_dispatch_probe,10,540.57,success,,200,success
p3-ex-official-vu10,e4189314-153c-4d80-bafd-a7162500aff6,2026-08-31T18:18:57.615Z,separate_executor,quote_run_dispatch_probe,10,616.77,success,,200,success
p3-ex-official-vu10,ae2506b0-f310-4b46-872b-4937bd166a2d,2026-08-31T18:18:57.636Z,separate_executor,quote_run_dispatch_probe,10,574.69,success,,200,success
p3-ex-official-vu10,e977ebba-4b0f-4561-ac14-4e528c26c6a8,2026-08-31T18:18:57.741Z,separate_executor,quote_run_dispatch_probe,10,795.51,success,,200,success
p3-ex-official-vu10,94a9ba58-53f0-4b66-ac07-f8d79d92b6c3,2026-08-31T18:18:57.786Z,separate_executor,quote_run_dispatch_probe,10,653.49,success,,200,success
p3-ex-official-vu10,f9a74db3-fed7-489d-8d03-76f6c940d259,2026-08-31T18:18:57.904Z,separate_executor,quote_run_dispatch_probe,10,687.4,success,,200,success
p3-ex-official-vu10,56c7c828-bee7-4c64-97bc-aae6bbc13b8e,2026-08-31T18:18:57.979Z,separate_executor,quote_run_dispatch_probe,10,434.92,success,,200,success
p3-ex-official-vu10,162916ff-98ce-404b-8ff8-4cb3efd3b9fe,2026-08-31T18:18:58.008Z,separate_executor,quote_run_dispatch_probe,10,832.51,success,,200,success
p3-ex-official-vu10,84c226bb-e2b0-45db-b3c6-2a5e0a6e30b9,2026-08-31T18:18:58.011Z,separate_executor,quote_run_dispatch_probe,10,662.37,success,,200,success
p3-ex-official-vu10,54cf0d7c-041f-4c04-9a7d-2cc424f98c60,2026-08-31T18:18:58.051Z,separate_executor,quote_run_dispatch_probe,10,723.62,success,,200,success
p3-ex-official-vu10,b2dc6b76-99e6-4da7-9d81-c3d8eeebd3ae,2026-08-31T18:18:58.067Z,separate_executor,quote_run_dispatch_probe,10,501.35,success,,200,success
p3-ex-official-vu10,15a76781-fbf7-4191-a2a1-5132cabae0ac,2026-08-31T18:18:58.214Z,separate_executor,quote_run_dispatch_probe,10,577.65,success,,200,success
p3-ex-official-vu10,2f650042-5a7e-43b1-a328-a0af5cc459b2,2026-08-31T18:18:58.219Z,separate_executor,quote_run_dispatch_probe,10,603.71,success,,200,success
p3-ex-official-vu10,034e3567-cac9-4a06-81bb-7fa058146fe5,2026-08-31T18:18:58.396Z,separate_executor,quote_run_dispatch_probe,10,610.55,success,,200,success
p3-ex-official-vu10,ad2645fe-4ad0-47ea-b226-c870776525ce,2026-08-31T18:18:58.426Z,separate_executor,quote_run_dispatch_probe,10,446.55,success,,200,success
p3-ex-official-vu10,8e8c2c83-c7bb-4175-b672-611dc8ca6588,2026-08-31T18:18:58.491Z,separate_executor,quote_run_dispatch_probe,10,750.17,success,,200,success
p3-ex-official-vu10,325f13c5-04b5-4e98-818d-4e236a609a2f,2026-08-31T18:18:58.526Z,separate_executor,quote_run_dispatch_probe,10,622.06,success,,200,success
p3-ex-official-vu10,11df8b24-8dd4-43b5-9bfc-8e73d92576dd,2026-08-31T18:18:58.587Z,separate_executor,quote_run_dispatch_probe,10,519.92,success,,200,success
p3-ex-official-vu10,527d4208-8cdc-4ae3-9008-184324fa2efe,2026-08-31T18:18:58.659Z,separate_executor,quote_run_dispatch_probe,10,648.01,success,,200,success
p3-ex-official-vu10,d9c8d947-824e-404c-b35d-609e5be4e19c,2026-08-31T18:18:58.753Z,separate_executor,quote_run_dispatch_probe,10,702.45,success,,200,success
p3-ex-official-vu10,52844a17-4a1b-4b3d-9b63-14820a06cf09,2026-08-31T18:18:58.816Z,separate_executor,quote_run_dispatch_probe,10,596.54,success,,200,success
p3-ex-official-vu10,b7343f27-bc33-4f44-87e9-966c530fae18,2026-08-31T18:18:58.817Z,separate_executor,quote_run_dispatch_probe,10,602.85,success,,200,success
p3-ex-official-vu10,8ca22078-ccf3-4ee9-9012-9973bbc75ef3,2026-08-31T18:18:59.153Z,separate_executor,quote_run_dispatch_probe,10,726.83,success,,200,success
p3-ex-official-vu10,8970e1a3-8d99-4366-a3b1-ec3ae816de66,2026-08-31T18:18:59.153Z,separate_executor,quote_run_dispatch_probe,10,1144.59,success,,200,success
p3-ex-official-vu10,09c3a1ca-0248-4a71-ba87-99abe259bbe4,2026-08-31T18:18:59.153Z,separate_executor,quote_run_dispatch_probe,10,756.51,success,,200,success
p3-ex-official-vu10,630d51cb-aad2-4eba-a973-8bf616670532,2026-08-31T18:18:59.162Z,separate_executor,quote_run_dispatch_probe,10,574.88,success,,200,success
p3-ex-official-vu10,68d3891e-cb35-4e3e-a891-e4747c667004,2026-08-31T18:18:59.163Z,separate_executor,quote_run_dispatch_probe,10,636.74,success,,200,success
p3-ex-official-vu10,c442eec1-d4c0-427d-a4d9-727adc8dc161,2026-08-31T18:18:59.219Z,separate_executor,quote_run_dispatch_probe,10,728.23,success,,200,success
p3-ex-official-vu10,f3e30458-43ec-4f3f-8119-4e5703650ce5,2026-08-31T18:18:59.314Z,separate_executor,quote_run_dispatch_probe,10,655.45,success,,200,success
p3-ex-official-vu10,30bcdb68-8009-4f67-a221-3da3d42c6c0c,2026-08-31T18:18:59.384Z,separate_executor,quote_run_dispatch_probe,10,568.48,success,,200,success
p3-ex-official-vu10,56bedcee-0e44-4e97-b4a4-6d225159281e,2026-08-31T18:18:59.411Z,separate_executor,quote_run_dispatch_probe,10,657.59,success,,200,success
p3-ex-official-vu10,0c1fe296-05c6-4b6d-82ad-e046648b99b6,2026-08-31T18:18:59.593Z,separate_executor,quote_run_dispatch_probe,10,774.26,success,,200,success
p3-ex-official-vu10,21271d35-c469-4a2e-855b-d91f33816843,2026-08-31T18:18:59.625Z,separate_executor,quote_run_dispatch_probe,10,472.12,success,,200,success
p3-ex-official-vu10,aa1d8166-51b2-4003-a40c-c724c5806707,2026-08-31T18:18:59.645Z,separate_executor,quote_run_dispatch_probe,10,492.09,success,,200,success
p3-ex-official-vu10,cb9ec0bc-d17b-4ae6-a4cb-0e32f34e1a03,2026-08-31T18:18:59.798Z,separate_executor,quote_run_dispatch_probe,10,635.78,success,,200,success
p3-ex-official-vu10,5c108169-0a5f-4229-90a6-5a561404c2a0,2026-08-31T18:18:59.801Z,separate_executor,quote_run_dispatch_probe,10,638.03,success,,200,success
p3-ex-official-vu10,e3694105-d81e-4a8d-8567-39b0c39a1698,2026-08-31T18:18:59.896Z,separate_executor,quote_run_dispatch_probe,10,677.13,success,,200,success
p3-ex-official-vu10,7eb7f59e-4d77-4bc8-b426-c44577b2555c,2026-08-31T18:18:59.909Z,separate_executor,quote_run_dispatch_probe,10,594.82,success,,200,success
p3-ex-official-vu10,d06d10d3-aecd-4f97-ad62-41b6cc9d9012,2026-08-31T18:18:59.950Z,separate_executor,quote_run_dispatch_probe,10,565.34,success,,200,success
p3-ex-official-vu10,da1fe129-66e8-4033-9d9a-254998d3aedf,2026-08-31T18:19:00.003Z,separate_executor,quote_run_dispatch_probe,10,850.45,success,,200,success
p3-ex-official-vu10,eafa743e-6986-4a49-bec5-9a8644d8d4c8,2026-08-31T18:19:00.043Z,separate_executor,quote_run_dispatch_probe,10,397.73,success,,200,success
p3-ex-official-vu10,053b64cb-d8e5-4662-a7cf-497dbbdcff11,2026-08-31T18:19:00.079Z,separate_executor,quote_run_dispatch_probe,10,668.38,success,,200,success
p3-ex-official-vu10,a7fdd771-f646-4a87-ba31-98485e9fd1f6,2026-08-31T18:19:00.127Z,separate_executor,quote_run_dispatch_probe,10,533.29,success,,200,success
p3-ex-official-vu10,f63d49b6-ee57-4996-8b91-bb9d3a8ad8ae,2026-08-31T18:19:00.325Z,separate_executor,quote_run_dispatch_probe,10,700.52,success,,200,success
p3-ex-official-vu10,d6fee628-2cef-41ee-bed9-5bedb5058013,2026-08-31T18:19:00.434Z,separate_executor,quote_run_dispatch_probe,10,633.67,success,,200,success
p3-ex-official-vu10,32fbd5ca-5990-40e7-9f74-883b5aae9888,2026-08-31T18:19:00.470Z,separate_executor,quote_run_dispatch_probe,10,426.53,success,,200,success
p3-ex-official-vu10,016bc53f-a4f3-4c6c-9fd7-695102324c7e,2026-08-31T18:19:00.487Z,separate_executor,quote_run_dispatch_probe,10,688.73,success,,200,success
p3-ex-official-vu10,b402b578-7ce0-4646-ae85-011412132d9f,2026-08-31T18:19:00.536Z,separate_executor,quote_run_dispatch_probe,10,586.25,success,,200,success
p3-ex-official-vu10,c27558ef-b2df-4564-983f-aab9b33fa498,2026-08-31T18:19:00.581Z,separate_executor,quote_run_dispatch_probe,10,671.25,success,,200,success
p3-ex-official-vu10,62cea7c2-8a70-4ed0-af1e-8a2dd7ccfffd,2026-08-31T18:19:00.658Z,separate_executor,quote_run_dispatch_probe,10,761.73,success,,200,success
p3-ex-official-vu10,66d8727b-6e60-440c-ae2a-2a4657c1d59a,2026-08-31T18:19:00.762Z,separate_executor,quote_run_dispatch_probe,10,635.51,success,,200,success
p3-ex-official-vu10,e895969f-640b-427d-84c5-f008bb17f663,2026-08-31T18:19:00.831Z,separate_executor,quote_run_dispatch_probe,10,751.66,success,,200,success
p3-ex-official-vu10,dfc54419-f115-47fe-a455-2a9e37eb762c,2026-08-31T18:19:00.881Z,separate_executor,quote_run_dispatch_probe,10,876.95,success,,200,success
p3-ex-official-vu10,0de9edcc-beea-413f-b472-774231daf5d4,2026-08-31T18:19:00.936Z,separate_executor,quote_run_dispatch_probe,10,610.69,success,,200,success
p3-ex-official-vu10,f1e58797-c5aa-4c15-a94e-d06e706fc1d6,2026-08-31T18:19:00.948Z,separate_executor,quote_run_dispatch_probe,10,477.87,success,,200,success
p3-ex-official-vu10,c9bb8b4f-3d0a-4512-be28-5eeb12261895,2026-08-31T18:19:01.070Z,separate_executor,quote_run_dispatch_probe,10,635.33,success,,200,success
p3-ex-official-vu10,081c3305-5901-4525-8b3d-6045b5482064,2026-08-31T18:19:01.120Z,separate_executor,quote_run_dispatch_probe,10,583.84,success,,200,success
p3-ex-official-vu10,fd3811dd-1596-4d71-bbc0-f1e5d3cbcfae,2026-08-31T18:19:01.143Z,separate_executor,quote_run_dispatch_probe,10,656.28,success,,200,success
p3-ex-official-vu10,36529621-ec23-4cd4-a439-6c868c969edd,2026-08-31T18:19:01.197Z,separate_executor,quote_run_dispatch_probe,10,616.63,success,,200,success
p3-ex-official-vu10,3886d84f-fa0a-464a-9558-caa8ba9a1d2a,2026-08-31T18:19:01.394Z,separate_executor,quote_run_dispatch_probe,10,632.18,success,,200,success
p3-ex-official-vu10,4e8172d1-3ed9-48f2-95aa-9c9615dd8520,2026-08-31T18:19:01.410Z,separate_executor,quote_run_dispatch_probe,10,462.29,success,,200,success
p3-ex-official-vu10,34e6bda3-5fa1-44e8-86c3-f8bd6b77a1f7,2026-08-31T18:19:01.418Z,separate_executor,quote_run_dispatch_probe,10,759.83,success,,200,success
p3-ex-official-vu10,c87d80d7-3432-413d-a6dc-4012aa4bd209,2026-08-31T18:19:01.436Z,separate_executor,quote_run_dispatch_probe,10,499.71,success,,200,success
p3-ex-official-vu10,258cf091-ed09-4001-8216-51f6ec5a64d7,2026-08-31T18:19:01.476Z,separate_executor,quote_run_dispatch_probe,10,645.09,success,,200,success
p3-ex-official-vu10,f2dbfad2-28a2-4b16-971f-60c2904631f5,2026-08-31T18:19:01.677Z,separate_executor,quote_run_dispatch_probe,10,556.62,success,,200,success
p3-ex-official-vu10,a39cf24f-5299-4b60-9c74-a7d451d16942,2026-08-31T18:19:01.714Z,separate_executor,quote_run_dispatch_probe,10,643.9,success,,200,success
p3-ex-official-vu10,721df76e-de09-486f-864e-13c57e17bc00,2026-08-31T18:19:01.916Z,separate_executor,quote_run_dispatch_probe,10,1035.19,success,,200,success
p3-ex-official-vu10,0fb3927f-bd3a-4d55-b304-b7f70d24fd1a,2026-08-31T18:19:01.917Z,separate_executor,quote_run_dispatch_probe,10,773.93,success,,200,success
p3-ex-official-vu10,a607328d-8e81-4330-a193-d3a2164682fa,2026-08-31T18:19:01.917Z,separate_executor,quote_run_dispatch_probe,10,506.97,success,,200,success
p3-ex-official-vu10,1312a1c6-d384-4908-bcc2-1be420c7df2f,2026-08-31T18:19:01.919Z,separate_executor,quote_run_dispatch_probe,10,720.85,success,,200,success
p3-ex-official-vu10,9a8ebafa-1fee-4c3c-94bd-221c8720d82e,2026-08-31T18:19:01.938Z,separate_executor,quote_run_dispatch_probe,10,502.42,success,,200,success
p3-ex-official-vu10,a53cab9e-533d-47ad-ad9f-c8e5fa4f1027,2026-08-31T18:19:01.951Z,separate_executor,quote_run_dispatch_probe,10,556.02,success,,200,success
p3-ex-official-vu10,f41379ea-43b1-4389-9467-91000ebbf82b,2026-08-31T18:19:02.116Z,separate_executor,quote_run_dispatch_probe,10,640.12,success,,200,success
p3-ex-official-vu10,11509804-439e-4d8f-9722-f36ef4baea42,2026-08-31T18:19:02.161Z,separate_executor,quote_run_dispatch_probe,10,743.32,success,,200,success
p3-ex-official-vu10,85a9e0a9-83be-45f4-b844-f1a611beec88,2026-08-31T18:19:02.266Z,separate_executor,quote_run_dispatch_probe,10,589,success,,200,success
p3-ex-official-vu10,e94e7d25-7685-463f-8d80-c636007cb8d9,2026-08-31T18:19:02.335Z,separate_executor,quote_run_dispatch_probe,10,621.09,success,,200,success
p3-ex-official-vu10,d936c286-f294-4932-a6d2-f313317417a0,2026-08-31T18:19:02.381Z,separate_executor,quote_run_dispatch_probe,10,463.27,success,,200,success
p3-ex-official-vu10,8da12913-99c7-4936-9903-38f7aee4fcbb,2026-08-31T18:19:02.494Z,separate_executor,quote_run_dispatch_probe,10,555.32,success,,200,success
p3-ex-official-vu10,dafddfc8-f5b8-477d-b47e-e57bd4c2f2aa,2026-08-31T18:19:02.556Z,separate_executor,quote_run_dispatch_probe,10,637,success,,200,success
p3-ex-official-vu10,1682ced6-caef-41ea-ad56-993b68bbad5d,2026-08-31T18:19:02.563Z,separate_executor,quote_run_dispatch_probe,10,645.71,success,,200,success
p3-ex-official-vu10,815fa9ce-aecd-40c0-8bd9-6320dfb0098c,2026-08-31T18:19:02.600Z,separate_executor,quote_run_dispatch_probe,10,649.46,success,,200,success
p3-ex-official-vu10,bc6caa52-10f3-484b-889f-3d2f5bdfa413,2026-08-31T18:19:02.716Z,separate_executor,quote_run_dispatch_probe,10,600,success,,200,success
p3-ex-official-vu10,0067c8d9-c117-4063-84cf-81cf597c16cc,2026-08-31T18:19:02.801Z,separate_executor,quote_run_dispatch_probe,10,420.44,success,,200,success
p3-ex-official-vu10,cc37f4be-6506-4107-afa0-88c14ef25d9b,2026-08-31T18:19:02.834Z,separate_executor,quote_run_dispatch_probe,10,568.17,success,,200,success
p3-ex-official-vu10,ca334586-89f4-45cf-bf8f-ae40f856bcbb,2026-08-31T18:19:02.931Z,separate_executor,quote_run_dispatch_probe,10,1014.73,success,,200,success
p3-ex-official-vu10,04bd1db0-6fbc-45d2-97c8-b47c6d8f740e,2026-08-31T18:19:02.945Z,separate_executor,quote_run_dispatch_probe,10,783.4,success,,200,success
p3-ex-official-vu10,701e2e2e-dbeb-4201-8a7f-3e660344c42d,2026-08-31T18:19:02.982Z,separate_executor,quote_run_dispatch_probe,10,488.04,success,,200,success
p3-ex-official-vu10,a9f80df2-e675-4f90-8e91-9dad5b3b3ecc,2026-08-31T18:19:02.985Z,separate_executor,quote_run_dispatch_probe,10,650.18,success,,200,success
p3-ex-official-vu10,5b72558d-963b-4469-8b59-b4dade5228f4,2026-08-31T18:19:03.333Z,separate_executor,quote_run_dispatch_probe,10,776.9,success,,200,success
p3-ex-official-vu10,611019ab-8ccd-460e-ac3d-b151c4c06099,2026-08-31T18:19:03.334Z,separate_executor,quote_run_dispatch_probe,10,532.77,success,,200,success
p3-ex-official-vu10,ef9418d0-f6c3-4157-9b44-57d11ca1ce43,2026-08-31T18:19:03.334Z,separate_executor,quote_run_dispatch_probe,10,771.7,success,,200,success
p3-ex-official-vu10,1f6a3938-de2b-47bf-81a6-e67899f04be0,2026-08-31T18:19:03.349Z,separate_executor,quote_run_dispatch_probe,10,632.94,success,,200,success
p3-ex-official-vu10,20c1f1a8-6494-4921-88d1-d9fa455345a1,2026-08-31T18:19:03.403Z,separate_executor,quote_run_dispatch_probe,10,569.35,success,,200,success
p3-ex-official-vu10,0198c7ff-cda7-45cc-a6db-d52e7a068029,2026-08-31T18:19:03.428Z,separate_executor,quote_run_dispatch_probe,10,827.89,success,,200,success
p3-ex-official-vu10,fda68507-b9d4-472c-82c9-06f513f22e02,2026-08-31T18:19:03.480Z,separate_executor,quote_run_dispatch_probe,10,498.07,success,,200,success
p3-ex-official-vu10,438ac469-c6c2-4b59-bcf7-495ea339b1db,2026-08-31T18:19:03.611Z,separate_executor,quote_run_dispatch_probe,10,625.53,success,,200,success
p3-ex-official-vu10,e80b2b81-7b21-4add-a648-c5d46fa2d40b,2026-08-31T18:19:03.695Z,separate_executor,quote_run_dispatch_probe,10,750.26,success,,200,success
p3-ex-official-vu10,61309694-974e-49e8-8036-6289c8e4e1b4,2026-08-31T18:19:03.735Z,separate_executor,quote_run_dispatch_probe,10,804.67,success,,200,success
p3-ex-official-vu10,a4fdcb77-18b5-4061-a5b4-81793335b62f,2026-08-31T18:19:03.813Z,separate_executor,quote_run_dispatch_probe,10,478.15,success,,200,success
p3-ex-official-vu10,94941f77-a2ca-4246-865c-65b3a067bafb,2026-08-31T18:19:03.928Z,separate_executor,quote_run_dispatch_probe,10,594.88,success,,200,success
p3-ex-official-vu10,c54fafc0-4e11-4d87-a026-003c53739b2a,2026-08-31T18:19:03.948Z,separate_executor,quote_run_dispatch_probe,10,614.41,success,,200,success
p3-ex-official-vu10,e3424c0b-f2ff-40c1-a5a5-1e63a0f1b36b,2026-08-31T18:19:03.979Z,separate_executor,quote_run_dispatch_probe,10,575.76,success,,200,success
p3-ex-official-vu10,4ec2bab2-b2f7-4dfd-a924-e591933fb11a,2026-08-31T18:19:03.982Z,separate_executor,quote_run_dispatch_probe,10,502.21,success,,200,success
p3-ex-official-vu10,d367174b-7a8c-4162-9b05-da1414e98e76,2026-08-31T18:19:03.986Z,separate_executor,quote_run_dispatch_probe,10,636.51,success,,200,success
p3-ex-official-vu10,e0e09cb7-94ca-4626-8896-5356409b00b9,2026-08-31T18:19:04.118Z,separate_executor,quote_run_dispatch_probe,10,690.04,success,,200,success
p3-ex-official-vu10,0c853a5b-488e-4339-b9d9-5315d2290d9b,2026-08-31T18:19:04.227Z,separate_executor,quote_run_dispatch_probe,10,616.23,success,,200,success
p3-ex-official-vu10,771d1126-895d-4221-8f9c-ffd5eb42c777,2026-08-31T18:19:04.231Z,separate_executor,quote_run_dispatch_probe,10,418.8,success,,200,success
p3-ex-official-vu10,412b3f5c-a7b4-4d51-a190-0b18ba7046bd,2026-08-31T18:19:04.376Z,separate_executor,quote_run_dispatch_probe,10,680.94,success,,200,success
p3-ex-official-vu10,6960045a-c378-4aa8-b276-537b533d2afe,2026-08-31T18:19:04.491Z,separate_executor,quote_run_dispatch_probe,10,508.95,success,,200,success
p3-ex-official-vu10,7e88dc2a-6f6d-4ff0-9e96-751c5f1bafa9,2026-08-31T18:19:04.509Z,separate_executor,quote_run_dispatch_probe,10,580.99,success,,200,success
p3-ex-official-vu10,4db72b36-ffc5-4d0c-bbd3-741e0ae24920,2026-08-31T18:19:04.532Z,separate_executor,quote_run_dispatch_probe,10,553.32,success,,200,success
p3-ex-official-vu10,d0a2a920-6cdf-4081-92f7-7f1782aa8078,2026-08-31T18:19:04.543Z,separate_executor,quote_run_dispatch_probe,10,807.64,success,,200,success
p3-ex-official-vu10,fdfc2c37-867a-40d6-91b0-08feb72fbe7b,2026-08-31T18:19:04.558Z,separate_executor,quote_run_dispatch_probe,10,609.91,success,,200,success
p3-ex-official-vu10,3713a231-8e99-420a-9011-83fec1ba8b82,2026-08-31T18:19:04.575Z,separate_executor,quote_run_dispatch_probe,10,588.99,success,,200,success
p3-ex-official-vu10,0c53e756-2803-4a64-abaa-f34704a5e547,2026-08-31T18:19:04.642Z,separate_executor,quote_run_dispatch_probe,10,524.36,success,,200,success
p3-ex-official-vu10,7f6a9466-cbea-4a34-a50b-6518931b64ec,2026-08-31T18:19:04.659Z,separate_executor,quote_run_dispatch_probe,10,427.44,success,,200,success
p3-ex-official-vu10,a0a1fabc-94af-4d53-8825-d70356786f7b,2026-08-31T18:19:04.829Z,separate_executor,quote_run_dispatch_probe,10,602.41,success,,200,success
p3-ex-official-vu10,c88471d0-308f-4cd3-bf27-2117bf150556,2026-08-31T18:19:05.009Z,separate_executor,quote_run_dispatch_probe,10,518.26,success,,200,success
p3-ex-official-vu10,5f452d9f-2902-491e-8fdb-c0e1c4bff3ab,2026-08-31T18:19:05.051Z,separate_executor,quote_run_dispatch_probe,10,674.99,success,,200,success
p3-ex-official-vu10,1cfda2ca-0f52-4dfb-9cc5-33cc02f7c2ab,2026-08-31T18:19:05.083Z,separate_executor,quote_run_dispatch_probe,10,424.18,success,,200,success
p3-ex-official-vu10,41294bfd-abf8-463f-a227-a3637c96a1c8,2026-08-31T18:19:05.120Z,separate_executor,quote_run_dispatch_probe,10,610.96,success,,200,success
p3-ex-official-vu10,55676809-267f-4a99-ba95-62d339611fc2,2026-08-31T18:19:05.145Z,separate_executor,quote_run_dispatch_probe,10,613.15,success,,200,success
p3-ex-official-vu10,01c4663c-7e35-4888-ae9c-1e96856c3f81,2026-08-31T18:19:05.185Z,separate_executor,quote_run_dispatch_probe,10,610.12,success,,200,success
p3-ex-official-vu10,0ca1d00a-d72e-4d28-be0a-23eb73519b9d,2026-08-31T18:19:05.196Z,separate_executor,quote_run_dispatch_probe,10,637.43,success,,200,success
p3-ex-official-vu10,1327fff4-0c2f-4f4a-ac13-69391347ec4e,2026-08-31T18:19:05.295Z,separate_executor,quote_run_dispatch_probe,10,652.93,success,,200,success
p3-ex-official-vu10,ccbd30f3-14f6-42f4-947b-6a9e36e8319e,2026-08-31T18:19:05.304Z,separate_executor,quote_run_dispatch_probe,10,760.7,success,,200,success
