run_id,sample_id,utc_time,gate,operation,vu_tier,elapsed_ms,outcome,error_class,http_status,expected_outcome
p3-ex-official-vu200,bf8e7807-63b3-4cd3-a236-cd270fbef47f,2026-08-31T18:22:17.967Z,separate_executor,quote_run_dispatch_probe,200,601.96,success,,200,success
p3-ex-official-vu200,c5b1e395-e633-48d8-a73e-2336d646f103,2026-08-31T18:22:18.121Z,separate_executor,quote_run_dispatch_probe,200,598.34,success,,200,success
p3-ex-official-vu200,f46c422e-0e87-43a2-819d-fbf57382b9ab,2026-08-31T18:22:18.383Z,separate_executor,quote_run_dispatch_probe,200,704.37,success,,200,success
p3-ex-official-vu200,245bb5be-e548-410e-a5da-950965bf10f8,2026-08-31T18:22:18.504Z,separate_executor,quote_run_dispatch_probe,200,685.24,success,,200,success
p3-ex-official-vu200,314f277c-ebf0-42e8-aa9e-d6310cd3255d,2026-08-31T18:22:18.567Z,separate_executor,quote_run_dispatch_probe,200,601.49,success,,200,success
p3-ex-official-vu200,1ab7bd30-dac9-4964-bc59-dc3fddcbccc4,2026-08-31T18:22:18.630Z,separate_executor,quote_run_dispatch_probe,200,661.35,success,,200,success
p3-ex-official-vu200,3e0d8a49-fdd1-4fe1-aafc-98880f6ceae3,2026-08-31T18:22:18.763Z,separate_executor,quote_run_dispatch_probe,200,644.02,success,,200,success
p3-ex-official-vu200,c22a3047-77b0-416c-b7e8-7f55568165aa,2026-08-31T18:22:18.843Z,separate_executor,quote_run_dispatch_probe,200,574.39,success,,200,success
p3-ex-official-vu200,bf9c7ba6-3bd5-461b-b709-2ed707036fa1,2026-08-31T18:22:18.870Z,separate_executor,quote_run_dispatch_probe,200,748.69,success,,200,success
p3-ex-official-vu200,3b026a50-b41e-4a74-b275-1e9dda163f32,2026-08-31T18:22:18.994Z,separate_executor,quote_run_dispatch_probe,200,611.31,success,,200,success
p3-ex-official-vu200,6a10c9f0-3793-4a74-8e38-d768dcacda83,2026-08-31T18:22:19.094Z,separate_executor,quote_run_dispatch_probe,200,589.71,success,,200,success
p3-ex-official-vu200,bddf5557-c91a-4730-b7a0-a2f03f332a83,2026-08-31T18:22:19.156Z,separate_executor,quote_run_dispatch_probe,200,525.36,success,,200,success
p3-ex-official-vu200,a6a9893f-f678-4b1e-8ad5-cac7c966c488,2026-08-31T18:22:19.167Z,separate_executor,quote_run_dispatch_probe,200,742.48,success,,200,success
p3-ex-official-vu200,e9a5b720-49ca-4272-913f-558379c05ca6,2026-08-31T18:22:19.238Z,separate_executor,quote_run_dispatch_probe,200,672.56,success,,200,success
p3-ex-official-vu200,c85dd8c3-d2c1-4283-9ca8-e9b3cffa5e35,2026-08-31T18:22:19.292Z,separate_executor,quote_run_dispatch_probe,200,448.01,success,,200,success
p3-ex-official-vu200,790f33f4-3af8-4228-97b9-eca13b6da15c,2026-08-31T18:22:19.323Z,separate_executor,quote_run_dispatch_probe,200,559.42,success,,200,success
p3-ex-official-vu200,028270ab-7f59-4a28-a410-a1cebcb308c4,2026-08-31T18:22:19.431Z,separate_executor,quote_run_dispatch_probe,200,864.28,success,,200,success
p3-ex-official-vu200,f1157e83-377e-4d23-8606-747aaabe2055,2026-08-31T18:22:19.451Z,separate_executor,quote_run_dispatch_probe,200,587.22,success,,200,success
p3-ex-official-vu200,3bf02281-b5fc-4c7e-8cc9-ebcfb31aa2bd,2026-08-31T18:22:19.504Z,separate_executor,quote_run_dispatch_probe,200,784.25,success,,200,success
p3-ex-official-vu200,894c0143-6173-4d57-99eb-6393b2d808ea,2026-08-31T18:22:19.668Z,separate_executor,quote_run_dispatch_probe,200,573.7,success,,200,success
p3-ex-official-vu200,91034e09-322f-40b0-9ef6-088590bf3c06,2026-08-31T18:22:19.669Z,separate_executor,quote_run_dispatch_probe,200,674.65,success,,200,success
p3-ex-official-vu200,101791c7-14b2-4987-8d0c-3adead0b525a,2026-08-31T18:22:19.699Z,separate_executor,quote_run_dispatch_probe,200,543.13,success,,200,success
p3-ex-official-vu200,972af3b4-eaf2-4e20-a38e-91b123373cea,2026-08-31T18:22:19.734Z,separate_executor,quote_run_dispatch_probe,200,864.27,success,,200,success
p3-ex-official-vu200,8e4e8acf-49dd-49a9-8bed-660ed11adb0a,2026-08-31T18:22:19.782Z,separate_executor,quote_run_dispatch_probe,200,615,success,,200,success
p3-ex-official-vu200,562ed2ba-088c-4f25-b683-9a19f8ba4f6c,2026-08-31T18:22:19.788Z,separate_executor,quote_run_dispatch_probe,200,496.67,success,,200,success
p3-ex-official-vu200,4950a6dc-a62e-4a16-b41f-61cf166af56c,2026-08-31T18:22:19.793Z,separate_executor,quote_run_dispatch_probe,200,627.74,success,,200,success
p3-ex-official-vu200,5e7977e1-1ef2-458b-b77b-4a119b40db77,2026-08-31T18:22:19.898Z,separate_executor,quote_run_dispatch_probe,200,659.99,success,,200,success
p3-ex-official-vu200,ec4ffea0-42a7-4037-9c07-b8939bb6dc78,2026-08-31T18:22:19.955Z,separate_executor,quote_run_dispatch_probe,200,633.06,success,,200,success
p3-ex-official-vu200,26048040-bc02-4772-b389-f45c9db3ee06,2026-08-31T18:22:20.039Z,separate_executor,quote_run_dispatch_probe,200,607.94,success,,200,success
p3-ex-official-vu200,ec0d7b64-e9e1-446f-ac6b-2078b21646f4,2026-08-31T18:22:20.112Z,separate_executor,quote_run_dispatch_probe,200,660.63,success,,200,success
p3-ex-official-vu200,90a50013-3d86-4390-b586-987593742091,2026-08-31T18:22:20.122Z,separate_executor,quote_run_dispatch_probe,200,617.61,success,,200,success
p3-ex-official-vu200,cdd2dff2-9124-4203-b84d-fede3aa006f9,2026-08-31T18:22:20.160Z,separate_executor,quote_run_dispatch_probe,200,1144.44,success,,200,success
p3-ex-official-vu200,1c27e3e1-770b-455c-8c8f-ce89ce21bc00,2026-08-31T18:22:20.252Z,separate_executor,quote_run_dispatch_probe,200,552.76,success,,200,success
p3-ex-official-vu200,2c06f63f-4c7b-4180-a606-233ef0dc9da2,2026-08-31T18:22:20.274Z,separate_executor,quote_run_dispatch_probe,200,605.65,success,,200,success
p3-ex-official-vu200,5a5b02e3-40ae-4414-8121-b9d70de7c1fe,2026-08-31T18:22:20.281Z,separate_executor,quote_run_dispatch_probe,200,492.43,success,,200,success
p3-ex-official-vu200,d9d1f9aa-137f-49fd-b893-7624167d2064,2026-08-31T18:22:20.306Z,separate_executor,quote_run_dispatch_probe,200,829.57,success,,200,success
p3-ex-official-vu200,c83b4912-dc3f-49da-a140-5357f101e177,2026-08-31T18:22:20.309Z,separate_executor,quote_run_dispatch_probe,200,985.77,success,,200,success
p3-ex-official-vu200,d90e70ed-d89b-410c-8005-436aaa21c2c1,2026-08-31T18:22:20.310Z,separate_executor,quote_run_dispatch_probe,200,528.26,success,,200,success
p3-ex-official-vu200,19a7eb68-d31f-4d0a-a4c4-840421d8a0f9,2026-08-31T18:22:20.340Z,separate_executor,quote_run_dispatch_probe,200,672.29,success,,200,success
p3-ex-official-vu200,1b41331b-baf5-4735-a6e1-8434a564c899,2026-08-31T18:22:20.373Z,separate_executor,quote_run_dispatch_probe,200,754.38,success,,200,success
p3-ex-official-vu200,9522309e-0b52-41ab-bfad-e96ffae9c4fb,2026-08-31T18:22:20.451Z,separate_executor,quote_run_dispatch_probe,200,657.74,success,,200,success
p3-ex-official-vu200,22c0befa-d7a0-4692-8d9f-e5a405248e3a,2026-08-31T18:22:20.485Z,separate_executor,quote_run_dispatch_probe,200,750.55,success,,200,success
p3-ex-official-vu200,f7fe5db2-a531-4386-8c6d-1479d54f9e47,2026-08-31T18:22:20.495Z,separate_executor,quote_run_dispatch_probe,200,725.8,success,,200,success
p3-ex-official-vu200,c950535d-6393-474b-a7f1-b03533a2cadb,2026-08-31T18:22:20.506Z,separate_executor,quote_run_dispatch_probe,200,550.87,success,,200,success
p3-ex-official-vu200,ab0cf4ea-ad48-4f05-baf8-c886dc43db26,2026-08-31T18:22:20.544Z,separate_executor,quote_run_dispatch_probe,200,646.38,success,,200,success
p3-ex-official-vu200,9476726a-e241-4d63-9c4f-a345d4ee018a,2026-08-31T18:22:20.640Z,separate_executor,quote_run_dispatch_probe,200,601.11,success,,200,success
p3-ex-official-vu200,c6bfec49-c78a-4988-a67a-928defff7e8f,2026-08-31T18:22:20.756Z,separate_executor,quote_run_dispatch_probe,200,475.54,success,,200,success
p3-ex-official-vu200,2fccf0a2-7378-47b6-a56f-c2fbdf58aa87,2026-08-31T18:22:20.760Z,separate_executor,quote_run_dispatch_probe,200,638.21,success,,200,success
p3-ex-official-vu200,cb129212-86df-4521-853a-2488e99e0c5b,2026-08-31T18:22:20.801Z,separate_executor,quote_run_dispatch_probe,200,641.17,success,,200,success
p3-ex-official-vu200,bf642671-8a4d-4d0c-9ff3-53cec27f85c8,2026-08-31T18:22:20.806Z,separate_executor,quote_run_dispatch_probe,200,497.62,success,,200,success
p3-ex-official-vu200,4725294f-5758-4612-ba87-b59eaecae3dd,2026-08-31T18:22:20.819Z,separate_executor,quote_run_dispatch_probe,200,567.18,success,,200,success
p3-ex-official-vu200,75c87193-2dce-4462-a2b1-cfdf259c765d,2026-08-31T18:22:20.823Z,separate_executor,quote_run_dispatch_probe,200,711.44,success,,200,success
p3-ex-official-vu200,df1dfb06-8e70-4dba-a619-4e888e8ff8df,2026-08-31T18:22:20.883Z,separate_executor,quote_run_dispatch_probe,200,814.41,success,,200,success
p3-ex-official-vu200,4e963137-6c2c-450a-9d0e-3fb56bfbdb5c,2026-08-31T18:22:20.886Z,separate_executor,quote_run_dispatch_probe,200,951.49,success,,200,success
p3-ex-official-vu200,b49c9c51-edad-4797-96dc-fd6f010ff6ef,2026-08-31T18:22:20.958Z,separate_executor,quote_run_dispatch_probe,200,684.02,success,,200,success
p3-ex-official-vu200,4c8e8cf7-4444-424e-a175-c473ca660b8b,2026-08-31T18:22:21.025Z,separate_executor,quote_run_dispatch_probe,200,654.18,success,,200,success
p3-ex-official-vu200,ba57c8ae-e25f-44fe-a1b4-f429c873974a,2026-08-31T18:22:21.045Z,separate_executor,quote_run_dispatch_probe,200,822.64,success,,200,success
p3-ex-official-vu200,578c93ec-e834-4460-922e-6f2cc6707316,2026-08-31T18:22:21.082Z,separate_executor,quote_run_dispatch_probe,200,742.34,success,,200,success
p3-ex-official-vu200,36ed0f46-2382-4547-951a-459430a66989,2026-08-31T18:22:21.102Z,separate_executor,quote_run_dispatch_probe,200,796.15,success,,200,success
p3-ex-official-vu200,877bade2-ee62-4398-8122-3dffc2b43464,2026-08-31T18:22:21.138Z,separate_executor,quote_run_dispatch_probe,200,764.19,success,,200,success
p3-ex-official-vu200,8eed2ec0-95e0-4ac1-9b59-a8e0dde8f179,2026-08-31T18:22:21.140Z,separate_executor,quote_run_dispatch_probe,200,830,success,,200,success
p3-ex-official-vu200,8faa3980-9fde-4033-9959-89de1aa54739,2026-08-31T18:22:21.186Z,separate_executor,quote_run_dispatch_probe,200,734.29,success,,200,success
p3-ex-official-vu200,7368a8dd-2fbe-4e15-a9cc-035b77ed6338,2026-08-31T18:22:21.205Z,separate_executor,quote_run_dispatch_probe,200,699.71,success,,200,success
p3-ex-official-vu200,8008a965-5ed9-4e11-bc90-a701ed3c823f,2026-08-31T18:22:21.256Z,separate_executor,quote_run_dispatch_probe,200,616.05,success,,200,success
p3-ex-official-vu200,dfb70e87-5fee-4d0e-b085-db78900d2916,2026-08-31T18:22:21.290Z,separate_executor,quote_run_dispatch_probe,200,533.46,success,,200,success
p3-ex-official-vu200,ed18b082-b67a-4ed3-9f9d-ac84bde0a200,2026-08-31T18:22:21.316Z,separate_executor,quote_run_dispatch_probe,200,770.52,success,,200,success
p3-ex-official-vu200,6fa182bf-8919-4d2f-aa48-e9a0bee90689,2026-08-31T18:22:21.331Z,separate_executor,quote_run_dispatch_probe,200,524.44,success,,200,success
p3-ex-official-vu200,85633d94-d210-4719-8c97-d33e17cf4336,2026-08-31T18:22:21.347Z,separate_executor,quote_run_dispatch_probe,200,862.38,success,,200,success
p3-ex-official-vu200,2aad022a-0227-423e-8c2d-7b2111773b67,2026-08-31T18:22:21.442Z,separate_executor,quote_run_dispatch_probe,200,681.36,success,,200,success
p3-ex-official-vu200,1ff7ff74-2ade-4f13-907f-a7cabfec9da9,2026-08-31T18:22:21.506Z,separate_executor,quote_run_dispatch_probe,200,688.54,success,,200,success
p3-ex-official-vu200,362d4e34-8cb7-4791-a45f-d7e6b37f2348,2026-08-31T18:22:21.533Z,separate_executor,quote_run_dispatch_probe,200,709.19,success,,200,success
p3-ex-official-vu200,b593042a-1ce2-4717-9333-03818962a70b,2026-08-31T18:22:21.536Z,separate_executor,quote_run_dispatch_probe,200,862.07,success,,200,success
p3-ex-official-vu200,8453323b-ef26-4af6-b3d5-a91549fb6147,2026-08-31T18:22:21.537Z,separate_executor,quote_run_dispatch_probe,200,1041.93,success,,200,success
p3-ex-official-vu200,fa54806a-dd36-42f1-b107-d362379f037b,2026-08-31T18:22:21.540Z,separate_executor,quote_run_dispatch_probe,200,1022.44,success,,200,success
p3-ex-official-vu200,87c64337-a3a0-4f0c-9d2a-c2d139666eb2,2026-08-31T18:22:21.605Z,separate_executor,quote_run_dispatch_probe,200,719.05,success,,200,success
p3-ex-official-vu200,9ae8719a-4214-4544-bd21-ef06bcf0e7b3,2026-08-31T18:22:21.665Z,separate_executor,quote_run_dispatch_probe,200,639.65,success,,200,success
p3-ex-official-vu200,1c70c568-7026-4d28-9933-3c7ef21cca67,2026-08-31T18:22:21.671Z,separate_executor,quote_run_dispatch_probe,200,869.37,success,,200,success
p3-ex-official-vu200,c7928b5f-b97e-4d79-b85d-770eb31bfe0f,2026-08-31T18:22:21.672Z,separate_executor,quote_run_dispatch_probe,200,788.83,success,,200,success
p3-ex-official-vu200,ce7a98ff-e431-419e-960b-df5b4269e608,2026-08-31T18:22:21.677Z,separate_executor,quote_run_dispatch_probe,200,718.71,success,,200,success
p3-ex-official-vu200,0bbfc4bd-7b3b-4176-93fe-9ee8c2eac746,2026-08-31T18:22:21.728Z,separate_executor,quote_run_dispatch_probe,200,682.99,success,,200,success
p3-ex-official-vu200,9a605cb3-2c9e-4565-94f0-7926143d986d,2026-08-31T18:22:21.804Z,separate_executor,quote_run_dispatch_probe,200,514.53,success,,200,success
p3-ex-official-vu200,fd630542-e6c8-4f15-bfe1-71f7f647c002,2026-08-31T18:22:21.853Z,separate_executor,quote_run_dispatch_probe,200,770.75,success,,200,success
p3-ex-official-vu200,29889e18-da4b-4065-873f-52301b9fb491,2026-08-31T18:22:21.856Z,separate_executor,quote_run_dispatch_probe,200,525.25,success,,200,success
p3-ex-official-vu200,746f51aa-5f80-4397-b3dd-f928853f5dbb,2026-08-31T18:22:21.993Z,separate_executor,quote_run_dispatch_probe,200,807.04,success,,200,success
p3-ex-official-vu200,9d9be30e-f589-4eaf-b539-652bb2ee970e,2026-08-31T18:22:22.002Z,separate_executor,quote_run_dispatch_probe,200,899.37,success,,200,success
p3-ex-official-vu200,ac3be849-a0eb-42de-a48f-f3632850f085,2026-08-31T18:22:22.007Z,separate_executor,quote_run_dispatch_probe,200,873.11,success,,200,success
p3-ex-official-vu200,744d74e3-9aae-44bb-abf3-9a36e2736415,2026-08-31T18:22:22.012Z,separate_executor,quote_run_dispatch_probe,200,806.31,success,,200,success
p3-ex-official-vu200,4fc8ece1-e530-4c09-a1ab-63ef0ca8beda,2026-08-31T18:22:22.014Z,separate_executor,quote_run_dispatch_probe,200,1047.59,success,,200,success
p3-ex-official-vu200,a3770466-9558-4709-9cde-92eac121f5ce,2026-08-31T18:22:22.020Z,separate_executor,quote_run_dispatch_probe,200,879.32,success,,200,success
p3-ex-official-vu200,2db83c6f-0bdd-44b3-80b8-e9a95aa4377b,2026-08-31T18:22:22.034Z,separate_executor,quote_run_dispatch_probe,200,1215.47,success,,200,success
p3-ex-official-vu200,7705ee31-1c72-4d6b-a091-cd02bd72b309,2026-08-31T18:22:22.041Z,separate_executor,quote_run_dispatch_probe,200,784.48,success,,200,success
p3-ex-official-vu200,13a34cf8-53c4-420d-822b-bf3202b9199a,2026-08-31T18:22:22.049Z,separate_executor,quote_run_dispatch_probe,200,733.46,success,,200,success
p3-ex-official-vu200,25583b4f-9eae-4e27-81dd-6d539c691376,2026-08-31T18:22:22.076Z,separate_executor,quote_run_dispatch_probe,200,938.12,success,,200,success
p3-ex-official-vu200,6f1de50b-ff70-41be-94ad-ec1ea83bd5d9,2026-08-31T18:22:22.141Z,separate_executor,quote_run_dispatch_probe,200,634.47,success,,200,success
p3-ex-official-vu200,ae66c81e-502f-41e5-be7a-23bc8fbff9ed,2026-08-31T18:22:22.167Z,separate_executor,quote_run_dispatch_probe,200,725.53,success,,200,success
p3-ex-official-vu200,78ea6fac-240c-43e4-ac37-b0ef090c1e06,2026-08-31T18:22:22.234Z,separate_executor,quote_run_dispatch_probe,200,886.61,success,,200,success
p3-ex-official-vu200,a1eaf704-08cd-4fab-b662-500dfb3c4389,2026-08-31T18:22:22.261Z,separate_executor,quote_run_dispatch_probe,200,727.88,success,,200,success
p3-ex-official-vu200,9c35781a-c846-4678-84ab-7d258cb04ce7,2026-08-31T18:22:22.285Z,separate_executor,quote_run_dispatch_probe,200,612.25,success,,200,success
p3-ex-official-vu200,ec54ae01-beb3-401e-a6ca-8edd1ccc95b2,2026-08-31T18:22:22.289Z,separate_executor,quote_run_dispatch_probe,200,752.79,success,,200,success
p3-ex-official-vu200,6a73e24c-db78-4fdf-9edb-b80c01c0146c,2026-08-31T18:22:22.317Z,separate_executor,quote_run_dispatch_probe,200,779.86,success,,200,success
p3-ex-official-vu200,fc9dacfb-9fb2-4e5f-8e1c-c06421704a2c,2026-08-31T18:22:22.331Z,separate_executor,quote_run_dispatch_probe,200,725.99,success,,200,success
p3-ex-official-vu200,8212cdd2-00ba-4faf-b3c4-42aa5fa95149,2026-08-31T18:22:22.346Z,separate_executor,quote_run_dispatch_probe,200,680.3,success,,200,success
p3-ex-official-vu200,bc129b6c-a913-471d-a2ea-4ad2622a2126,2026-08-31T18:22:22.349Z,separate_executor,quote_run_dispatch_probe,200,917.5,success,,200,success
p3-ex-official-vu200,5221c86e-ca02-4313-81c1-85846d8c0c99,2026-08-31T18:22:22.365Z,separate_executor,quote_run_dispatch_probe,200,560.4,success,,200,success
p3-ex-official-vu200,8d35ce6f-4252-4c1c-b918-503deca796f0,2026-08-31T18:22:22.417Z,separate_executor,quote_run_dispatch_probe,200,697.41,success,,200,success
p3-ex-official-vu200,3eaaab1a-3fbb-4745-b8a1-09e770719994,2026-08-31T18:22:22.435Z,separate_executor,quote_run_dispatch_probe,200,579.2,success,,200,success
p3-ex-official-vu200,b28b8cd9-d0e8-4b91-a28f-46da2e910685,2026-08-31T18:22:22.438Z,separate_executor,quote_run_dispatch_probe,200,761.34,success,,200,success
p3-ex-official-vu200,44827969-2072-4bef-9bfe-c780797a6a6c,2026-08-31T18:22:22.472Z,separate_executor,quote_run_dispatch_probe,200,932.19,success,,200,success
p3-ex-official-vu200,489ebfd5-8a13-4156-ba36-e7d6383d3462,2026-08-31T18:22:22.553Z,separate_executor,quote_run_dispatch_probe,200,882.21,success,,200,success
p3-ex-official-vu200,0201555e-e11a-4340-bde7-2a5b7dcf4890,2026-08-31T18:22:22.655Z,separate_executor,quote_run_dispatch_probe,200,926.44,success,,200,success
p3-ex-official-vu200,c38c74b9-dfab-4421-aac5-0705b394b68e,2026-08-31T18:22:22.717Z,separate_executor,quote_run_dispatch_probe,200,1444.14,success,,200,success
p3-ex-official-vu200,f54df312-51cf-4c3c-9ee9-6a2ce5aaebed,2026-08-31T18:22:22.768Z,separate_executor,quote_run_dispatch_probe,200,914.39,success,,200,success
p3-ex-official-vu200,3412d6aa-8ca0-4321-807d-ea243e583e78,2026-08-31T18:22:22.807Z,separate_executor,quote_run_dispatch_probe,200,814.1,success,,200,success
p3-ex-official-vu200,56a25751-b648-4bcd-887a-036ccbb8cecf,2026-08-31T18:22:22.892Z,separate_executor,quote_run_dispatch_probe,200,1298.84,success,,200,success
p3-ex-official-vu200,e6f7e6f8-788a-4d49-bc7b-1721c3a25eaa,2026-08-31T18:22:22.921Z,separate_executor,quote_run_dispatch_probe,200,909.15,success,,200,success
p3-ex-official-vu200,f5bcc10b-1ead-420e-b418-28fea74e40f2,2026-08-31T18:22:22.922Z,separate_executor,quote_run_dispatch_probe,200,920.58,success,,200,success
p3-ex-official-vu200,08963897-2699-48eb-aacc-881682d85f03,2026-08-31T18:22:22.925Z,separate_executor,quote_run_dispatch_probe,200,784,success,,200,success
p3-ex-official-vu200,eb4c4752-bd65-4217-848e-977afe0d7c2e,2026-08-31T18:22:22.926Z,separate_executor,quote_run_dispatch_probe,200,906.14,success,,200,success
p3-ex-official-vu200,108c9e74-e90f-42ff-ad57-fd06bf2ebf7f,2026-08-31T18:22:22.934Z,separate_executor,quote_run_dispatch_probe,200,884.56,success,,200,success
p3-ex-official-vu200,4b87d904-24e0-4be7-8032-676584726a5d,2026-08-31T18:22:22.939Z,separate_executor,quote_run_dispatch_probe,200,654.1,success,,200,success
p3-ex-official-vu200,05a67cbd-c358-4d29-91d4-6dc980d8c6ca,2026-08-31T18:22:22.941Z,separate_executor,quote_run_dispatch_probe,200,902.52,success,,200,success
p3-ex-official-vu200,fcc2f1b3-ff07-42b3-bff7-380219fb2f95,2026-08-31T18:22:22.951Z,separate_executor,quote_run_dispatch_probe,200,916.83,success,,200,success
p3-ex-official-vu200,53c58da0-aae0-4871-9973-2dac4c4758ae,2026-08-31T18:22:23.024Z,separate_executor,quote_run_dispatch_probe,200,858.89,success,,200,success
p3-ex-official-vu200,788d1c9e-b1a8-4c07-a9c2-9e82b10fabcb,2026-08-31T18:22:23.056Z,separate_executor,quote_run_dispatch_probe,200,1049.16,success,,200,success
p3-ex-official-vu200,bce0b889-0f19-4062-9e4e-db61246fd1a6,2026-08-31T18:22:23.116Z,separate_executor,quote_run_dispatch_probe,200,1090.35,success,,200,success
p3-ex-official-vu200,1f0dac42-2915-4f26-9df7-26b504dda8f9,2026-08-31T18:22:23.125Z,separate_executor,quote_run_dispatch_probe,200,760.17,success,,200,success
p3-ex-official-vu200,54947ba3-572e-4ec2-938c-4d483100056e,2026-08-31T18:22:23.180Z,separate_executor,quote_run_dispatch_probe,200,1139.28,success,,200,success
p3-ex-official-vu200,4401846a-d417-4a52-8edf-5fd00435f6fd,2026-08-31T18:22:23.188Z,separate_executor,quote_run_dispatch_probe,200,857.07,success,,200,success
p3-ex-official-vu200,304b5a54-3dea-410b-a509-66706d71ded5,2026-08-31T18:22:23.201Z,separate_executor,quote_run_dispatch_probe,200,1124.7,success,,200,success
p3-ex-official-vu200,980da4d6-745f-47d8-95db-46f6d07fe3e4,2026-08-31T18:22:23.224Z,separate_executor,quote_run_dispatch_probe,200,878.33,success,,200,success
p3-ex-official-vu200,e32f16e1-e299-49d1-aa1d-813591630776,2026-08-31T18:22:23.268Z,separate_executor,quote_run_dispatch_probe,200,1100.77,success,,200,success
p3-ex-official-vu200,ca6e60d5-2d01-4dea-a0a3-9dcc6835228b,2026-08-31T18:22:23.296Z,separate_executor,quote_run_dispatch_probe,200,1035.77,success,,200,success
p3-ex-official-vu200,b0deb971-9fcb-4f49-abc4-33ca55444c72,2026-08-31T18:22:23.317Z,separate_executor,quote_run_dispatch_probe,200,881.97,success,,200,success
p3-ex-official-vu200,b821584b-4fbf-43ba-a528-c9044cb9e26b,2026-08-31T18:22:23.342Z,separate_executor,quote_run_dispatch_probe,200,1024.56,success,,200,success
p3-ex-official-vu200,1d956541-f877-4031-a0f2-735e59e00e6a,2026-08-31T18:22:23.345Z,separate_executor,quote_run_dispatch_probe,200,1110.95,success,,200,success
p3-ex-official-vu200,48bfa261-0ca1-4a2d-9b2d-5f2de3dc9a5d,2026-08-31T18:22:23.377Z,separate_executor,quote_run_dispatch_probe,200,959.93,success,,200,success
p3-ex-official-vu200,f4ff15d2-2440-4c51-ada1-ad370ba5861d,2026-08-31T18:22:23.422Z,separate_executor,quote_run_dispatch_probe,200,1073.09,success,,200,success
p3-ex-official-vu200,5aebb655-6ade-4b8a-a31b-b8416852b24a,2026-08-31T18:22:23.427Z,separate_executor,quote_run_dispatch_probe,200,1138.31,success,,200,success
p3-ex-official-vu200,fa8d2c79-8cfe-42f7-8ac6-776e5e23001e,2026-08-31T18:22:23.477Z,separate_executor,quote_run_dispatch_probe,200,1008.07,success,,200,success
p3-ex-official-vu200,0e63f70a-a763-4bda-8aea-57fdf327d4d7,2026-08-31T18:22:23.536Z,separate_executor,quote_run_dispatch_probe,200,1222.01,success,,200,success
p3-ex-official-vu200,398ff6cc-bcff-4d92-a968-1b5fced50ae3,2026-08-31T18:22:23.555Z,separate_executor,quote_run_dispatch_probe,200,1618.86,success,,200,success
p3-ex-official-vu200,017916e6-828d-4f7a-8add-d1eca3dd1784,2026-08-31T18:22:23.570Z,separate_executor,quote_run_dispatch_probe,200,1016.45,success,,200,success
p3-ex-official-vu200,03fc2c38-d5b0-452e-9506-cb4c0cada275,2026-08-31T18:22:23.587Z,separate_executor,quote_run_dispatch_probe,200,1148.48,success,,200,success
p3-ex-official-vu200,ea094fe9-0940-4213-9c1d-b56dc4ff9496,2026-08-31T18:22:23.715Z,separate_executor,quote_run_dispatch_probe,200,1060.39,success,,200,success
p3-ex-official-vu200,3b5c54f7-f244-4aef-b78e-34a4fb347ccc,2026-08-31T18:22:23.742Z,separate_executor,quote_run_dispatch_probe,200,1269.56,success,,200,success
p3-ex-official-vu200,aa52faab-1785-4d61-86dd-d9b0a55f16b3,2026-08-31T18:22:23.778Z,separate_executor,quote_run_dispatch_probe,200,1012.12,success,,200,success
p3-ex-official-vu200,1f4a1e13-d46f-48c8-b7ba-657f0947b767,2026-08-31T18:22:23.894Z,separate_executor,quote_run_dispatch_probe,200,974.63,success,,200,success
p3-ex-official-vu200,a9f72d7b-a792-4bc2-8a01-e83d7e6e5aef,2026-08-31T18:22:23.895Z,separate_executor,quote_run_dispatch_probe,200,1280.81,success,,200,success
p3-ex-official-vu200,df2169f6-6da7-4d24-baf9-2c80b1e9657f,2026-08-31T18:22:23.923Z,separate_executor,quote_run_dispatch_probe,200,981.7,success,,200,success
p3-ex-official-vu200,b5d04291-3425-43a1-9aeb-50324915b7ac,2026-08-31T18:22:23.939Z,separate_executor,quote_run_dispatch_probe,200,1013.83,success,,200,success
p3-ex-official-vu200,a742f442-5224-40f8-a2dc-bc94a891a4a3,2026-08-31T18:22:23.940Z,separate_executor,quote_run_dispatch_probe,200,988.25,success,,200,success
p3-ex-official-vu200,1a443539-1eb0-4395-bfb2-884f38620a0d,2026-08-31T18:22:23.950Z,separate_executor,quote_run_dispatch_probe,200,1029.25,success,,200,success
p3-ex-official-vu200,b7a61933-2bf8-4df0-be41-603b6c6cb654,2026-08-31T18:22:24.160Z,separate_executor,quote_run_dispatch_probe,200,1221.67,success,,200,success
p3-ex-official-vu200,d764e98c-f9fc-4d8f-826a-23db014f555b,2026-08-31T18:22:24.191Z,separate_executor,quote_run_dispatch_probe,200,1264.74,success,,200,success
p3-ex-official-vu200,831e2eed-c528-42b5-b9f7-d6ef28e2e45b,2026-08-31T18:22:24.208Z,separate_executor,quote_run_dispatch_probe,200,1440.11,success,,200,success
p3-ex-official-vu200,63bb590f-1ef6-4c10-a349-0ac234313be9,2026-08-31T18:22:24.221Z,separate_executor,quote_run_dispatch_probe,200,1504.45,success,,200,success
p3-ex-official-vu200,48d3f745-b829-45f9-a9b5-0bd037bcfae3,2026-08-31T18:22:24.224Z,separate_executor,quote_run_dispatch_probe,200,1416.79,success,,200,success
p3-ex-official-vu200,f9797183-9e4a-47e1-af0a-2a58464ad51f,2026-08-31T18:22:24.241Z,separate_executor,quote_run_dispatch_probe,200,1306.89,success,,200,success
p3-ex-official-vu200,54d26a2b-35f0-40ee-90d5-fdbdc397070b,2026-08-31T18:22:24.242Z,separate_executor,quote_run_dispatch_probe,200,1319.55,success,,200,success
p3-ex-official-vu200,98839300-da9a-4645-913f-3746902a6033,2026-08-31T18:22:24.255Z,separate_executor,quote_run_dispatch_probe,200,1130.48,success,,200,success
p3-ex-official-vu200,cda9bf50-da10-4b54-a505-239ca92fe6d7,2026-08-31T18:22:24.285Z,separate_executor,quote_run_dispatch_probe,200,1393.05,success,,200,success
p3-ex-official-vu200,bdfd59bb-48f2-4fc0-b80c-64967ac4cfab,2026-08-31T18:22:24.286Z,separate_executor,quote_run_dispatch_probe,200,968.46,success,,200,success
p3-ex-official-vu200,7119bb31-f117-44df-b55d-2bf4619c3736,2026-08-31T18:22:24.316Z,separate_executor,quote_run_dispatch_probe,200,945.79,success,,200,success
p3-ex-official-vu200,eddf39bc-eb5b-45bf-9139-b2a075da5e76,2026-08-31T18:22:24.317Z,separate_executor,quote_run_dispatch_probe,200,1093.3,success,,200,success
p3-ex-official-vu200,e995c6e5-5742-4237-9010-d75b3f665545,2026-08-31T18:22:24.370Z,separate_executor,quote_run_dispatch_probe,200,1344.97,success,,200,success
p3-ex-official-vu200,e944a98a-dcfe-4e24-846c-c7a32aa1e9cf,2026-08-31T18:22:24.388Z,separate_executor,quote_run_dispatch_probe,200,1207.99,success,,200,success
p3-ex-official-vu200,ccad4eac-f8a6-46b5-8135-a350bf28ba14,2026-08-31T18:22:24.390Z,separate_executor,quote_run_dispatch_probe,200,1172.81,success,,200,success
p3-ex-official-vu200,6f78dcd3-7570-49cf-aafb-87fef4b51cd6,2026-08-31T18:22:24.391Z,separate_executor,quote_run_dispatch_probe,200,1094.35,success,,200,success
p3-ex-official-vu200,123b8eca-fbbf-4c23-8c04-4a49352982f7,2026-08-31T18:22:24.401Z,separate_executor,quote_run_dispatch_probe,200,1213.18,success,,200,success
p3-ex-official-vu200,51704dad-fecb-4a0e-80fd-50a213eb2dd0,2026-08-31T18:22:24.403Z,separate_executor,quote_run_dispatch_probe,200,1324.24,success,,200,success
p3-ex-official-vu200,2a749f56-5185-40fd-9d82-25471537f2df,2026-08-31T18:22:24.409Z,separate_executor,quote_run_dispatch_probe,200,1140.79,success,,200,success
p3-ex-official-vu200,7be97c3c-177e-43f1-ab9f-0070dbb471ee,2026-08-31T18:22:24.441Z,separate_executor,quote_run_dispatch_probe,200,1385.02,success,,200,success
p3-ex-official-vu200,bb07ccbb-a94f-481f-a8ee-2571c9f5db9b,2026-08-31T18:22:24.454Z,separate_executor,quote_run_dispatch_probe,200,1026.88,success,,200,success
p3-ex-official-vu200,3511f55d-eea2-4eda-8e91-3a133f8f98a1,2026-08-31T18:22:24.495Z,separate_executor,quote_run_dispatch_probe,200,1378.97,success,,200,success
p3-ex-official-vu200,8f3e7953-3133-47e6-b602-eaf9339b4f76,2026-08-31T18:22:24.503Z,separate_executor,quote_run_dispatch_probe,200,1126.4,success,,200,success
p3-ex-official-vu200,26bd2382-d1a8-4a05-b010-0a2614ecd4cb,2026-08-31T18:22:24.507Z,separate_executor,quote_run_dispatch_probe,200,1306.47,success,,200,success
p3-ex-official-vu200,05b4e305-338b-4dea-b5d2-4d4c7ba29f03,2026-08-31T18:22:24.543Z,separate_executor,quote_run_dispatch_probe,200,1017.54,success,,200,success
p3-ex-official-vu200,2251d49d-dac7-4c25-b906-762d6c0a729e,2026-08-31T18:22:24.589Z,separate_executor,quote_run_dispatch_probe,200,1112.01,success,,200,success
p3-ex-official-vu200,294205c4-1251-4e37-8a29-133160072233,2026-08-31T18:22:24.624Z,separate_executor,quote_run_dispatch_probe,200,1054.05,success,,200,success
p3-ex-official-vu200,7533befc-2e4f-40c5-bdaf-ee03577357cc,2026-08-31T18:22:24.692Z,separate_executor,quote_run_dispatch_probe,200,1270.24,success,,200,success
p3-ex-official-vu200,27f241a8-b2bb-49df-9cea-14c21ade4783,2026-08-31T18:22:24.705Z,separate_executor,quote_run_dispatch_probe,200,1169.2,success,,200,success
p3-ex-official-vu200,a29ccda2-b9cc-448c-a2ac-a0984c9c3fda,2026-08-31T18:22:24.707Z,separate_executor,quote_run_dispatch_probe,200,1365.41,success,,200,success
p3-ex-official-vu200,52b34553-3279-4606-af1b-7b228fe9915a,2026-08-31T18:22:24.758Z,separate_executor,quote_run_dispatch_probe,200,1042.8,success,,200,success
p3-ex-official-vu200,5f962b5c-7746-4fc3-beb2-c2cb72a094eb,2026-08-31T18:22:24.759Z,separate_executor,quote_run_dispatch_probe,200,1172.3,success,,200,success
p3-ex-official-vu200,669f7b85-b495-41fb-8d57-6f78a648d4be,2026-08-31T18:22:24.802Z,separate_executor,quote_run_dispatch_probe,200,863.54,success,,200,success
p3-ex-official-vu200,651ba27a-c9e2-4158-b334-39269e4c30f0,2026-08-31T18:22:24.887Z,separate_executor,quote_run_dispatch_probe,200,1542.43,success,,200,success
p3-ex-official-vu200,9a8e728e-30f1-423f-9340-1aef5b3786a4,2026-08-31T18:22:25.004Z,separate_executor,quote_run_dispatch_probe,200,1448.74,success,,200,success
p3-ex-official-vu200,8793a07a-fc8c-4010-ae37-2a7d1da308d0,2026-08-31T18:22:25.124Z,separate_executor,quote_run_dispatch_probe,200,1289.68,success,,200,success
p3-ex-official-vu200,870835e5-b8a4-4939-8188-f0477ec0e1d1,2026-08-31T18:22:25.140Z,separate_executor,quote_run_dispatch_probe,200,1216.82,success,,200,success
p3-ex-official-vu200,874c4805-dd00-416b-bb91-05b4f9deaa67,2026-08-31T18:22:25.143Z,separate_executor,quote_run_dispatch_probe,200,1401.05,success,,200,success
p3-ex-official-vu200,92f3f130-dec0-45c0-aaa9-a1c143f4fab2,2026-08-31T18:22:25.155Z,separate_executor,quote_run_dispatch_probe,200,1259.48,success,,200,success
p3-ex-official-vu200,45de5486-81a7-4484-91c9-86bcaa6590b0,2026-08-31T18:22:25.162Z,separate_executor,quote_run_dispatch_probe,200,1212.06,success,,200,success
p3-ex-official-vu200,61a0879e-9273-40f7-93be-1057191869e5,2026-08-31T18:22:25.168Z,separate_executor,quote_run_dispatch_probe,200,1390.1,success,,200,success
p3-ex-official-vu200,c9550bd3-2cbb-479e-a7b1-fa481e9b363a,2026-08-31T18:22:25.191Z,separate_executor,quote_run_dispatch_probe,200,1296.84,success,,200,success
p3-ex-official-vu200,a7171f76-ce66-4903-aea2-046ed854827b,2026-08-31T18:22:25.244Z,separate_executor,quote_run_dispatch_probe,200,1003.44,success,,200,success
p3-ex-official-vu200,b862c889-3122-4a91-9d09-48a93de0319a,2026-08-31T18:22:25.297Z,separate_executor,quote_run_dispatch_probe,200,1357.56,success,,200,success
p3-ex-official-vu200,8765f771-ed03-4f86-9df0-b102a4a62b44,2026-08-31T18:22:25.326Z,separate_executor,quote_run_dispatch_probe,200,1200.26,success,,200,success
p3-ex-official-vu200,194fe1d7-6267-4be3-a7e2-32a96906919f,2026-08-31T18:22:25.389Z,separate_executor,quote_run_dispatch_probe,200,1147.28,success,,200,success
p3-ex-official-vu200,1f18bb5e-19cc-43d2-9e38-fd0cac75aedd,2026-08-31T18:22:25.392Z,separate_executor,quote_run_dispatch_probe,200,1705.47,success,,200,success
p3-ex-official-vu200,83e6b5e5-1f3b-453e-8b68-3d2ef6b245e0,2026-08-31T18:22:25.393Z,separate_executor,quote_run_dispatch_probe,200,1108.73,success,,200,success
p3-ex-official-vu200,973c1884-2138-4e8d-beca-0255687e0d8e,2026-08-31T18:22:25.541Z,separate_executor,quote_run_dispatch_probe,200,1380.64,success,,200,success
p3-ex-official-vu200,04ecd54c-0b12-48f5-913b-c7d54b3a53a2,2026-08-31T18:22:25.543Z,separate_executor,quote_run_dispatch_probe,200,1321.74,success,,200,success
p3-ex-official-vu200,632f6985-f132-40b7-91fd-9697053c69bf,2026-08-31T18:22:25.547Z,separate_executor,quote_run_dispatch_probe,200,1291.15,success,,200,success
p3-ex-official-vu200,b5dd851c-7df5-4e7b-8fd5-6f05b61319b1,2026-08-31T18:22:25.551Z,separate_executor,quote_run_dispatch_probe,200,1343.21,success,,200,success
p3-ex-official-vu200,eba8a335-304f-4c41-9a41-9b3dbead3cbb,2026-08-31T18:22:25.555Z,separate_executor,quote_run_dispatch_probe,200,1268.92,success,,200,success
p3-ex-official-vu200,407a4f92-bc1b-4e62-814c-e235300f6f92,2026-08-31T18:22:25.684Z,separate_executor,quote_run_dispatch_probe,200,1177.23,success,,200,success
p3-ex-official-vu200,451d6479-f764-417d-8eb3-d6866a4aed46,2026-08-31T18:22:25.690Z,separate_executor,quote_run_dispatch_probe,200,1416.49,success,,200,success
p3-ex-official-vu200,dc5135f2-7c04-4e78-9165-c1c03565856b,2026-08-31T18:22:25.692Z,separate_executor,quote_run_dispatch_probe,200,1468.18,success,,200,success
p3-ex-official-vu200,0184d44f-8eae-4933-b366-fd02b777b98f,2026-08-31T18:22:25.707Z,separate_executor,quote_run_dispatch_probe,200,1337.61,success,,200,success
p3-ex-official-vu200,396f3d33-6e16-4459-b8d0-db0b2db0ecb5,2026-08-31T18:22:25.710Z,separate_executor,quote_run_dispatch_probe,200,1307.02,success,,200,success
p3-ex-official-vu200,7aa9d75c-7758-418b-9a39-0ef13d9aa4e3,2026-08-31T18:22:25.761Z,separate_executor,quote_run_dispatch_probe,200,1369.96,success,,200,success
p3-ex-official-vu200,3258ac2b-ea9f-4090-b4f8-a72de4e710e5,2026-08-31T18:22:25.779Z,separate_executor,quote_run_dispatch_probe,200,1324.58,success,,200,success
p3-ex-official-vu200,cdd0fb03-4249-4ddf-b3cc-33b9b83ca720,2026-08-31T18:22:25.790Z,separate_executor,quote_run_dispatch_probe,200,1599.62,success,,200,success
p3-ex-official-vu200,8e826596-ab13-43af-91fc-41c285119da5,2026-08-31T18:22:25.792Z,separate_executor,quote_run_dispatch_probe,200,1475.5,success,,200,success
p3-ex-official-vu200,b062242e-0d18-41c1-ad15-4b1bcaf468a5,2026-08-31T18:22:25.810Z,separate_executor,quote_run_dispatch_probe,200,1421.46,success,,200,success
p3-ex-official-vu200,92dc27c9-1135-4586-8032-c20017dc148a,2026-08-31T18:22:25.855Z,separate_executor,quote_run_dispatch_probe,200,1453.62,success,,200,success
p3-ex-official-vu200,45cfc0c2-a135-478d-803b-5bc2b51c99bf,2026-08-31T18:22:25.920Z,separate_executor,quote_run_dispatch_probe,200,1377.14,success,,200,success
p3-ex-official-vu200,b9bd011d-4e01-41ff-9c18-32c9cc8e8ec8,2026-08-31T18:22:25.922Z,separate_executor,quote_run_dispatch_probe,200,1512.96,success,,200,success
p3-ex-official-vu200,8e1c5485-c374-43c0-aff7-7a525e2b2370,2026-08-31T18:22:25.967Z,separate_executor,quote_run_dispatch_probe,200,1577.65,success,,200,success
p3-ex-official-vu200,c6743042-4abf-4547-b8f6-b253a9ad3284,2026-08-31T18:22:25.978Z,separate_executor,quote_run_dispatch_probe,200,1559.16,success,,200,success
p3-ex-official-vu200,a210f857-c2db-42e9-82e4-a936fbce80af,2026-08-31T18:22:26.034Z,separate_executor,quote_run_dispatch_probe,200,1231.53,success,,200,success
p3-ex-official-vu200,7d1fdf23-8df0-4425-9139-66d37827c092,2026-08-31T18:22:26.053Z,separate_executor,quote_run_dispatch_probe,200,1549.41,success,,200,success
p3-ex-official-vu200,2525cb71-1d72-4445-b42c-e2a07a25fbc5,2026-08-31T18:22:26.056Z,separate_executor,quote_run_dispatch_probe,200,1738.19,success,,200,success
p3-ex-official-vu200,5f6216a3-66ed-4c1b-abc5-bb5cdec70f52,2026-08-31T18:22:26.060Z,separate_executor,quote_run_dispatch_probe,200,2089.9,success,,200,success
p3-ex-official-vu200,350cfdf2-e8e7-4396-9707-25876d24e4f6,2026-08-31T18:22:26.075Z,separate_executor,quote_run_dispatch_probe,200,1383.28,success,,200,success
p3-ex-official-vu200,ba5bfdcc-d149-436e-99c8-65cdaa4f8b18,2026-08-31T18:22:26.100Z,separate_executor,quote_run_dispatch_probe,200,1476.67,success,,200,success
p3-ex-official-vu200,cc140226-b17c-409e-be19-507c02cb9ee5,2026-08-31T18:22:26.205Z,separate_executor,quote_run_dispatch_probe,200,1446.76,success,,200,success
p3-ex-official-vu200,29d2db98-b19d-4828-ad16-09e144c85430,2026-08-31T18:22:26.220Z,separate_executor,quote_run_dispatch_probe,200,1499.02,success,,200,success
p3-ex-official-vu200,41d83f4b-e620-4fe6-ac9d-7656fa4c4203,2026-08-31T18:22:26.235Z,separate_executor,quote_run_dispatch_probe,200,1793.84,success,,200,success
p3-ex-official-vu200,2f796631-3024-4362-ac2b-e7f9793432d2,2026-08-31T18:22:26.252Z,separate_executor,quote_run_dispatch_probe,200,1662.74,success,,200,success
p3-ex-official-vu200,005b98b1-e068-4b56-951b-56ec3e845564,2026-08-31T18:22:26.259Z,separate_executor,quote_run_dispatch_probe,200,1551.46,success,,200,success
p3-ex-official-vu200,0da735aa-86d4-4547-9bbf-ffa6af7c1702,2026-08-31T18:22:26.381Z,separate_executor,quote_run_dispatch_probe,200,1886.11,success,,200,success
p3-ex-official-vu200,4737077e-2d69-48ca-8795-28193275841a,2026-08-31T18:22:26.435Z,separate_executor,quote_run_dispatch_probe,200,1866.48,success,,200,success
p3-ex-official-vu200,bdcd30b9-bdd3-4c50-8031-ec38e9dad5da,2026-08-31T18:22:26.534Z,separate_executor,quote_run_dispatch_probe,200,1365.63,success,,200,success
p3-ex-official-vu200,c71b43e5-aada-466a-ab21-d2e1fca6c9a1,2026-08-31T18:22:26.570Z,separate_executor,quote_run_dispatch_probe,200,1865.1,success,,200,success
p3-ex-official-vu200,29018c8e-8147-4925-8371-e32d02a9e88a,2026-08-31T18:22:26.650Z,separate_executor,quote_run_dispatch_probe,200,1762.8,success,,200,success
p3-ex-official-vu200,1d1588a0-a77a-4e74-aeba-d80fb2d54965,2026-08-31T18:22:26.668Z,separate_executor,quote_run_dispatch_probe,200,1664,success,,200,success
p3-ex-official-vu200,1eda6358-e8f5-48ca-b2e5-24b1273e7d96,2026-08-31T18:22:26.686Z,separate_executor,quote_run_dispatch_probe,200,1811.4,success,,200,success
p3-ex-official-vu200,e2f37fe9-3b67-430e-849a-72d75665aeb0,2026-08-31T18:22:26.703Z,separate_executor,quote_run_dispatch_probe,200,1663.97,success,,200,success
p3-ex-official-vu200,3e7854a1-2a89-46a5-ac1f-83494260eb61,2026-08-31T18:22:26.740Z,separate_executor,quote_run_dispatch_probe,200,1549.2,success,,200,success
p3-ex-official-vu200,b086339b-1779-49f5-bb8b-814687d0b3bc,2026-08-31T18:22:26.749Z,separate_executor,quote_run_dispatch_probe,200,1504.51,success,,200,success
p3-ex-official-vu200,7ab4ebf4-b589-4104-92dd-bc42d7f687b9,2026-08-31T18:22:26.750Z,separate_executor,quote_run_dispatch_probe,200,1595.47,success,,200,success
p3-ex-official-vu200,b02322a1-5595-4ba3-8bfe-e6abd5a4d2d7,2026-08-31T18:22:26.752Z,separate_executor,quote_run_dispatch_probe,200,1627.57,success,,200,success
p3-ex-official-vu200,2c173b74-2fbc-4ed5-895d-b1e7197df08f,2026-08-31T18:22:26.776Z,separate_executor,quote_run_dispatch_probe,200,2016.2,success,,200,success
p3-ex-official-vu200,19213863-855d-4407-ab09-4e5322f77806,2026-08-31T18:22:26.810Z,separate_executor,quote_run_dispatch_probe,200,1666.6,success,,200,success
p3-ex-official-vu200,a5870d99-b22c-4f41-abb4-c70c6fe97b56,2026-08-31T18:22:26.821Z,separate_executor,quote_run_dispatch_probe,200,1653.72,success,,200,success
p3-ex-official-vu200,ead9c24e-22eb-467b-9704-483f7e1c33ac,2026-08-31T18:22:26.875Z,separate_executor,quote_run_dispatch_probe,200,1548.85,success,,200,success
p3-ex-official-vu200,5485efa4-5333-417e-a413-0823c7a91e1c,2026-08-31T18:22:26.887Z,separate_executor,quote_run_dispatch_probe,200,1725.21,success,,200,success
p3-ex-official-vu200,252224e2-b7f5-456d-8dfe-0f8ce3720260,2026-08-31T18:22:26.956Z,separate_executor,quote_run_dispatch_probe,200,1566.99,success,,200,success
p3-ex-official-vu200,6651b99b-ce40-45ec-9d02-c05b7bd5b6eb,2026-08-31T18:22:26.958Z,separate_executor,quote_run_dispatch_probe,200,1637.6,success,,200,success
p3-ex-official-vu200,bcb07042-57b4-4ef5-bd88-6959c1414bd1,2026-08-31T18:22:27.023Z,separate_executor,quote_run_dispatch_probe,200,1725.9,success,,200,success
p3-ex-official-vu200,f985ec42-7434-4d57-a0d8-4153610ef2f3,2026-08-31T18:22:27.142Z,separate_executor,quote_run_dispatch_probe,200,1748.93,success,,200,success
p3-ex-official-vu200,c2324cb0-ca77-4e31-a9bc-14c09de77711,2026-08-31T18:22:27.153Z,separate_executor,quote_run_dispatch_probe,200,2012.84,success,,200,success
p3-ex-official-vu200,1fc9bea4-ea6e-4029-8711-4c53aaea314a,2026-08-31T18:22:27.218Z,separate_executor,quote_run_dispatch_probe,200,1675.17,success,,200,success
p3-ex-official-vu200,c9b979d3-6e44-4c5b-955d-a8218ab317d2,2026-08-31T18:22:27.287Z,separate_executor,quote_run_dispatch_probe,200,1366.56,success,,200,success
p3-ex-official-vu200,187d3c66-7285-44f3-9919-5bc8b5904d96,2026-08-31T18:22:27.292Z,separate_executor,quote_run_dispatch_probe,200,1741.44,success,,200,success
p3-ex-official-vu200,089cf0da-e9c7-4df3-9c83-f89fffd1353c,2026-08-31T18:22:27.319Z,separate_executor,quote_run_dispatch_probe,200,1763.72,success,,200,success
p3-ex-official-vu200,9097ed04-c666-4760-8054-80a7f901fb36,2026-08-31T18:22:27.324Z,separate_executor,quote_run_dispatch_probe,200,1817.32,success,,200,success
p3-ex-official-vu200,5e652b1a-77b5-4d2a-84ea-2c1f2cd00b6a,2026-08-31T18:22:27.331Z,separate_executor,quote_run_dispatch_probe,200,1784.14,success,,200,success
p3-ex-official-vu200,20aa32f4-b6be-43ed-9ab1-1071fc9c37d7,2026-08-31T18:22:27.358Z,separate_executor,quote_run_dispatch_probe,200,1650.14,success,,200,success
p3-ex-official-vu200,dc98b1bc-1f91-476a-86c3-4067729cc713,2026-08-31T18:22:27.360Z,separate_executor,quote_run_dispatch_probe,200,1650.48,success,,200,success
p3-ex-official-vu200,2ffe0895-1c62-41f4-a05f-0d59faaf2ebf,2026-08-31T18:22:27.393Z,separate_executor,quote_run_dispatch_probe,200,1702.21,success,,200,success
p3-ex-official-vu200,df442f7c-525a-4bcb-95f6-ba9ef356903a,2026-08-31T18:22:27.423Z,separate_executor,quote_run_dispatch_probe,200,1738.62,success,,200,success
p3-ex-official-vu200,2adb7d65-9141-4e7f-985c-6638eddfa6dd,2026-08-31T18:22:27.469Z,separate_executor,quote_run_dispatch_probe,200,1677.23,success,,200,success
p3-ex-official-vu200,e0233917-744f-475e-a09a-f1c232979b2d,2026-08-31T18:22:27.470Z,separate_executor,quote_run_dispatch_probe,200,1928.9,success,,200,success
p3-ex-official-vu200,17bfdd1f-2beb-4312-b8c2-8a120113cc32,2026-08-31T18:22:27.484Z,separate_executor,quote_run_dispatch_probe,200,1867.15,success,,200,success
p3-ex-official-vu200,2462b444-eedf-4a31-a72e-5ff1e2963472,2026-08-31T18:22:27.537Z,separate_executor,quote_run_dispatch_probe,200,1746.54,success,,200,success
p3-ex-official-vu200,44c735f9-2180-441e-8547-0769a7297720,2026-08-31T18:22:27.543Z,separate_executor,quote_run_dispatch_probe,200,1851.7,success,,200,success
p3-ex-official-vu200,f45ba135-d980-4885-8a03-d912e5b057c4,2026-08-31T18:22:27.599Z,separate_executor,quote_run_dispatch_probe,200,1788.83,success,,200,success
p3-ex-official-vu200,f7f7b257-294e-4fea-9904-6f205fd2594d,2026-08-31T18:22:27.601Z,separate_executor,quote_run_dispatch_probe,200,2208.86,success,,200,success
p3-ex-official-vu200,9e4fe287-2ab8-4d25-88b7-a56a673e842d,2026-08-31T18:22:27.696Z,separate_executor,quote_run_dispatch_probe,200,1777.84,success,,200,success
p3-ex-official-vu200,83082a96-ad7d-41db-a828-32f0a29798bc,2026-08-31T18:22:27.711Z,separate_executor,quote_run_dispatch_probe,200,1677.32,success,,200,success
p3-ex-official-vu200,68ab292b-971a-4e42-8d4b-48d9ac6c85ee,2026-08-31T18:22:27.726Z,separate_executor,quote_run_dispatch_probe,200,1947.07,success,,200,success
p3-ex-official-vu200,9ece1b3a-ed3f-4d58-8050-7f913fd3e3d6,2026-08-31T18:22:27.749Z,separate_executor,quote_run_dispatch_probe,200,1978.52,success,,200,success
p3-ex-official-vu200,24d1f6ce-ec25-4735-aa7e-e4da6555a6a3,2026-08-31T18:22:27.874Z,separate_executor,quote_run_dispatch_probe,200,2019,success,,200,success
p3-ex-official-vu200,35646b30-c27c-48f9-afd5-716c88f56843,2026-08-31T18:22:27.972Z,separate_executor,quote_run_dispatch_probe,200,1896.28,success,,200,success
p3-ex-official-vu200,af6ff405-1323-443c-aa99-177aa02fa62b,2026-08-31T18:22:28.018Z,separate_executor,quote_run_dispatch_probe,200,1965.69,success,,200,success
p3-ex-official-vu200,0fa43772-5e79-4a34-8e78-eab8668628b2,2026-08-31T18:22:28.024Z,separate_executor,quote_run_dispatch_probe,200,2263.31,success,,200,success
p3-ex-official-vu200,6d728195-157c-4582-acb2-93609178ccb1,2026-08-31T18:22:28.059Z,separate_executor,quote_run_dispatch_probe,200,2091.1,success,,200,success
p3-ex-official-vu200,dee0add2-03d2-4a6f-997f-aed0f4acf8c1,2026-08-31T18:22:28.068Z,separate_executor,quote_run_dispatch_probe,200,2012.42,success,,200,success
p3-ex-official-vu200,2adbd1a6-67b9-49f4-80b5-ca4b6428c526,2026-08-31T18:22:28.112Z,separate_executor,quote_run_dispatch_probe,200,1892,success,,200,success
p3-ex-official-vu200,2b08e70b-329d-4f08-a2a5-3f19dfa139fa,2026-08-31T18:22:28.150Z,separate_executor,quote_run_dispatch_probe,200,2228.59,success,,200,success
p3-ex-official-vu200,90509af4-5310-4274-808e-448dd23ba2c6,2026-08-31T18:22:28.152Z,separate_executor,quote_run_dispatch_probe,200,1892.68,success,,200,success
p3-ex-official-vu200,a2b03c27-c204-4995-9094-2f984736599e,2026-08-31T18:22:28.155Z,separate_executor,quote_run_dispatch_probe,200,1919.76,success,,200,success
p3-ex-official-vu200,135fcf57-6ad2-47be-ba77-6f1f9dd7d2ba,2026-08-31T18:22:28.225Z,separate_executor,quote_run_dispatch_probe,200,2245.78,success,,200,success
p3-ex-official-vu200,aa33fa80-a018-4cc7-8087-6dd17b31d819,2026-08-31T18:22:28.259Z,separate_executor,quote_run_dispatch_probe,200,2007.15,success,,200,success
p3-ex-official-vu200,2141b1f6-9abe-42d7-9de2-57ebd56b4421,2026-08-31T18:22:28.409Z,separate_executor,quote_run_dispatch_probe,200,2028.26,success,,200,success
p3-ex-official-vu200,a4262fa8-898d-41de-911d-2f7ef4ff251e,2026-08-31T18:22:28.422Z,separate_executor,quote_run_dispatch_probe,200,2216.88,success,,200,success
p3-ex-official-vu200,b2f2ee77-ea6e-4931-8905-d09d743f543c,2026-08-31T18:22:28.424Z,separate_executor,quote_run_dispatch_probe,200,2359.95,success,,200,success
p3-ex-official-vu200,b2932048-8618-49c3-8292-afd5bcac28e3,2026-08-31T18:22:28.433Z,separate_executor,quote_run_dispatch_probe,200,2214.26,success,,200,success
p3-ex-official-vu200,8f889936-bae7-4d23-8621-f363ed57fbfa,2026-08-31T18:22:28.521Z,separate_executor,quote_run_dispatch_probe,200,1701.55,success,,200,success
p3-ex-official-vu200,58e72f7a-b6b6-4017-848f-9073180b46bb,2026-08-31T18:22:28.659Z,separate_executor,quote_run_dispatch_probe,200,2125.26,success,,200,success
p3-ex-official-vu200,e2b281b3-3502-4e36-80e2-6e7f4f1a079a,2026-08-31T18:22:28.673Z,separate_executor,quote_run_dispatch_probe,200,1924.12,success,,200,success
p3-ex-official-vu200,81df07a5-65bb-4787-96b1-3337efd1d47c,2026-08-31T18:22:28.678Z,separate_executor,quote_run_dispatch_probe,200,1974.29,success,,200,success
p3-ex-official-vu200,e4ed79a0-a718-44ed-a813-2c450af853c9,2026-08-31T18:22:28.686Z,separate_executor,quote_run_dispatch_probe,200,2585.98,success,,200,success
p3-ex-official-vu200,9ac568ec-47bb-43c7-8d42-3fd61a358308,2026-08-31T18:22:28.689Z,separate_executor,quote_run_dispatch_probe,200,2629.14,success,,200,success
p3-ex-official-vu200,e7b107b7-c9e9-4b7d-b18c-484f67f9a2fa,2026-08-31T18:22:28.716Z,separate_executor,quote_run_dispatch_probe,200,2191.39,success,,200,success
p3-ex-official-vu200,c4338a70-02cd-4867-aba8-f85c1626d63b,2026-08-31T18:22:28.801Z,separate_executor,quote_run_dispatch_probe,200,2061.32,success,,200,success
p3-ex-official-vu200,cae5811d-6094-4b1d-a9e0-8c14d9ca37c7,2026-08-31T18:22:28.805Z,separate_executor,quote_run_dispatch_probe,200,2234.6,success,,200,success
p3-ex-official-vu200,9ce379f9-6a12-4806-b6f8-ce8e7e7b5df7,2026-08-31T18:22:28.835Z,separate_executor,quote_run_dispatch_probe,200,2082.96,success,,200,success
p3-ex-official-vu200,6bed8d25-2bcf-4c8f-83f4-d44174044361,2026-08-31T18:22:28.870Z,separate_executor,quote_run_dispatch_probe,200,2220,success,,200,success
p3-ex-official-vu200,33885ece-67be-47e7-a2f4-c75ea98e3a7d,2026-08-31T18:22:28.872Z,separate_executor,quote_run_dispatch_probe,200,2503.05,success,,200,success
p3-ex-official-vu200,1f67e56e-52e9-429c-95ba-19f13a2e43c5,2026-08-31T18:22:28.874Z,separate_executor,quote_run_dispatch_probe,200,2053.4,success,,200,success
p3-ex-official-vu200,c2858e39-660d-467e-b5ca-3a1b6bf93d97,2026-08-31T18:22:28.880Z,separate_executor,quote_run_dispatch_probe,200,2444.86,success,,200,success
p3-ex-official-vu200,aede8e62-31cc-4c30-9298-1a4680dc4f2e,2026-08-31T18:22:29.142Z,separate_executor,quote_run_dispatch_probe,200,2455.91,success,,200,success
p3-ex-official-vu200,ea4d7354-728a-4505-9dd2-aabfd8ed0692,2026-08-31T18:22:29.143Z,separate_executor,quote_run_dispatch_probe,200,2393.04,success,,200,success
p3-ex-official-vu200,08db8930-f4b8-4e96-8a89-074588a6a53e,2026-08-31T18:22:29.169Z,separate_executor,quote_run_dispatch_probe,200,2393.37,success,,200,success
p3-ex-official-vu200,0ee3f2c0-d900-497f-b483-4651f2fdadd8,2026-08-31T18:22:29.191Z,separate_executor,quote_run_dispatch_probe,200,2233.17,success,,200,success
p3-ex-official-vu200,6673a077-00b6-4b0a-9dd6-da33f32ae399,2026-08-31T18:22:29.197Z,separate_executor,quote_run_dispatch_probe,200,2309.4,success,,200,success
p3-ex-official-vu200,30e57105-df37-42ff-866b-0bf67bd632d7,2026-08-31T18:22:29.198Z,separate_executor,quote_run_dispatch_probe,200,2076.48,success,,200,success
p3-ex-official-vu200,c12f5a39-ff2f-463f-8b14-89f50842b61b,2026-08-31T18:22:29.204Z,separate_executor,quote_run_dispatch_probe,200,2328.67,success,,200,success
p3-ex-official-vu200,63a43355-9b5f-4ae0-9d1c-0042304e7110,2026-08-31T18:22:29.229Z,separate_executor,quote_run_dispatch_probe,200,2419.11,success,,200,success
p3-ex-official-vu200,494548a0-eafa-4f4a-b45e-abf024e1f88b,2026-08-31T18:22:29.236Z,separate_executor,quote_run_dispatch_probe,200,2212.9,success,,200,success
p3-ex-official-vu200,a4d1b9d5-8c92-4de8-a494-5b2c368a847e,2026-08-31T18:22:29.241Z,separate_executor,quote_run_dispatch_probe,200,2565.22,success,,200,success
p3-ex-official-vu200,4976462e-64d5-403a-be58-f4484aba8426,2026-08-31T18:22:29.259Z,separate_executor,quote_run_dispatch_probe,200,2302.79,success,,200,success
p3-ex-official-vu200,66d64c8e-978f-4636-af0a-93464318ffe8,2026-08-31T18:22:29.283Z,separate_executor,quote_run_dispatch_probe,200,2615.19,success,,200,success
p3-ex-official-vu200,3bddbf20-4e42-418f-92a4-08adb35005a4,2026-08-31T18:22:29.288Z,separate_executor,quote_run_dispatch_probe,200,2001.56,success,,200,success
p3-ex-official-vu200,da45ebee-5544-49a3-9c3e-85980baf0d1b,2026-08-31T18:22:29.291Z,separate_executor,quote_run_dispatch_probe,200,2301.44,success,,200,success
p3-ex-official-vu200,369fac9d-a0f8-4078-8b73-49dd0618dc06,2026-08-31T18:22:29.340Z,separate_executor,quote_run_dispatch_probe,200,2021.87,success,,200,success
p3-ex-official-vu200,e8c0b1f2-da98-4010-99ef-f17ae1e3388c,2026-08-31T18:22:29.443Z,separate_executor,quote_run_dispatch_probe,200,2289.93,success,,200,success
p3-ex-official-vu200,c3f5a34c-e77d-4703-9bfb-a716e16bff9f,2026-08-31T18:22:29.461Z,separate_executor,quote_run_dispatch_probe,200,1990.67,success,,200,success
p3-ex-official-vu200,257ca88e-fbcb-4412-9af2-40652a4cd7f5,2026-08-31T18:22:29.631Z,separate_executor,quote_run_dispatch_probe,200,2488.25,success,,200,success
p3-ex-official-vu200,2dd75991-a39b-4160-8c2a-752229d121d1,2026-08-31T18:22:29.641Z,separate_executor,quote_run_dispatch_probe,200,2422.71,success,,200,success
p3-ex-official-vu200,e6062718-4e27-45d0-9329-ffb73c89dbb3,2026-08-31T18:22:29.646Z,separate_executor,quote_run_dispatch_probe,200,2222.87,success,,200,success
p3-ex-official-vu200,3170f3d6-1f3f-42d0-a4e6-96cc594186c6,2026-08-31T18:22:29.650Z,separate_executor,quote_run_dispatch_probe,200,2326,success,,200,success
p3-ex-official-vu200,db97f0a9-6f46-4463-b843-6b5c99813c91,2026-08-31T18:22:29.654Z,separate_executor,quote_run_dispatch_probe,200,2296.56,success,,200,success
p3-ex-official-vu200,551a3b95-7670-4649-8683-cb9ddc380aec,2026-08-31T18:22:29.659Z,separate_executor,quote_run_dispatch_probe,200,2190.28,success,,200,success
p3-ex-official-vu200,d195bac1-7bc7-41ee-b667-2f3f6281ed02,2026-08-31T18:22:29.662Z,separate_executor,quote_run_dispatch_probe,200,2369.37,success,,200,success
p3-ex-official-vu200,39ff0a84-5c1b-451e-beac-c62568614429,2026-08-31T18:22:29.690Z,separate_executor,quote_run_dispatch_probe,200,1979.26,success,,200,success
p3-ex-official-vu200,4c80a7c7-63ee-4053-b643-23fbdd9ad2ed,2026-08-31T18:22:29.708Z,separate_executor,quote_run_dispatch_probe,200,2319.94,success,,200,success
p3-ex-official-vu200,2b560fef-65d9-451c-8514-6b311cae12f8,2026-08-31T18:22:29.722Z,separate_executor,quote_run_dispatch_probe,200,2237.62,success,,200,success
p3-ex-official-vu200,7fa6a519-8259-4cd1-a7a5-6425a26e93d4,2026-08-31T18:22:29.908Z,separate_executor,quote_run_dispatch_probe,200,2486.92,success,,200,success
p3-ex-official-vu200,34cf48c8-105a-4335-9174-be9c1a33afee,2026-08-31T18:22:29.909Z,separate_executor,quote_run_dispatch_probe,200,2213.27,success,,200,success
p3-ex-official-vu200,ab9d000b-ad39-4a05-922a-eaf2c467694b,2026-08-31T18:22:30.127Z,separate_executor,quote_run_dispatch_probe,200,2734.74,success,,200,success
p3-ex-official-vu200,86bf803e-1699-44d7-8662-11e71e50d991,2026-08-31T18:22:30.455Z,separate_executor,quote_run_dispatch_probe,200,2705.96,success,,200,success
p3-ex-official-vu200,a4cae35d-498f-4c0b-bbda-4a38a445bef0,2026-08-31T18:22:30.580Z,separate_executor,quote_run_dispatch_probe,200,3249.28,success,,200,success
p3-ex-official-vu200,b1dedc68-b16f-4099-82b0-5b9d2b8016a3,2026-08-31T18:22:30.588Z,separate_executor,quote_run_dispatch_probe,200,3044.46,success,,200,success
p3-ex-official-vu200,20acc81d-ed51-452b-93e7-687716af437f,2026-08-31T18:22:30.590Z,separate_executor,quote_run_dispatch_probe,200,3052.51,success,,200,success
p3-ex-official-vu200,38a9a19c-a261-4f37-8c61-85b8838de51b,2026-08-31T18:22:30.603Z,separate_executor,quote_run_dispatch_probe,200,3002.01,success,,200,success
p3-ex-official-vu200,87df5b9f-a0ef-49ed-b532-c96fd81772da,2026-08-31T18:22:30.606Z,separate_executor,quote_run_dispatch_probe,200,2886.26,success,,200,success
p3-ex-official-vu200,a697847f-a22e-45dd-b752-a4122a8b92a4,2026-08-31T18:22:30.608Z,separate_executor,quote_run_dispatch_probe,200,2457.68,success,,200,success
p3-ex-official-vu200,075378d3-fb9d-4279-9a4a-1355ca5f647e,2026-08-31T18:22:30.610Z,separate_executor,quote_run_dispatch_probe,200,2541.63,success,,200,success
p3-ex-official-vu200,b0deffd7-aca8-4c0f-b843-c4d110cd0005,2026-08-31T18:22:30.620Z,separate_executor,quote_run_dispatch_probe,200,3020.97,success,,200,success
p3-ex-official-vu200,cda92c98-d4b7-4ea6-b80e-77e72b5da411,2026-08-31T18:22:30.621Z,separate_executor,quote_run_dispatch_probe,200,3347.35,success,,200,success
p3-ex-official-vu200,1026fe96-29fd-4033-8b71-cc6a7cb3e129,2026-08-31T18:22:30.623Z,separate_executor,quote_run_dispatch_probe,200,2896.85,success,,200,success
p3-ex-official-vu200,acdd3735-bdd8-4564-b3d9-16a08e6b7906,2026-08-31T18:22:30.625Z,separate_executor,quote_run_dispatch_probe,200,3035.23,success,,200,success
p3-ex-official-vu200,cba1cf86-eced-414d-aaf7-ce6a95e4ad7c,2026-08-31T18:22:30.626Z,separate_executor,quote_run_dispatch_probe,200,2654.06,success,,200,success
p3-ex-official-vu200,6f09b75a-40bb-4c53-a294-d93691bbdecc,2026-08-31T18:22:30.627Z,separate_executor,quote_run_dispatch_probe,200,2602.59,success,,200,success
p3-ex-official-vu200,48ccbace-f7d5-4e04-874a-1d56831a468d,2026-08-31T18:22:30.630Z,separate_executor,quote_run_dispatch_probe,200,2571.45,success,,200,success
p3-ex-official-vu200,2f957017-32cb-4b5e-8a51-f4c085334c79,2026-08-31T18:22:30.636Z,separate_executor,quote_run_dispatch_probe,200,2767.29,success,,200,success
p3-ex-official-vu200,98435ee6-6c8e-469f-a6ac-ec704af23b4c,2026-08-31T18:22:30.636Z,separate_executor,quote_run_dispatch_probe,200,2524.39,success,,200,success
p3-ex-official-vu200,dae7ab14-1afe-48ac-ac80-466a9ae92a1d,2026-08-31T18:22:30.638Z,separate_executor,quote_run_dispatch_probe,200,2486.51,success,,200,success
p3-ex-official-vu200,0cca0a75-2883-4514-93b2-031b39d685ba,2026-08-31T18:22:30.652Z,separate_executor,quote_run_dispatch_probe,200,2633.23,success,,200,success
p3-ex-official-vu200,236104cc-ee2b-4fce-87ad-ef5f6182e72e,2026-08-31T18:22:30.653Z,separate_executor,quote_run_dispatch_probe,200,1966.79,success,,200,success
p3-ex-official-vu200,09539a4f-91c3-40f3-bea4-4227212f51f9,2026-08-31T18:22:30.654Z,separate_executor,quote_run_dispatch_probe,200,2637.25,success,,200,success
p3-ex-official-vu200,f64bd626-9955-460a-806b-c2c2f1dd51aa,2026-08-31T18:22:30.655Z,separate_executor,quote_run_dispatch_probe,200,2781.58,success,,200,success
p3-ex-official-vu200,c8cf05a6-3b3b-4af9-9f2f-7fcc941edd08,2026-08-31T18:22:30.659Z,separate_executor,quote_run_dispatch_probe,200,2137.7,success,,200,success
p3-ex-official-vu200,bf80d4ad-05c6-4798-8d4b-ff3200bb68b3,2026-08-31T18:22:30.660Z,separate_executor,quote_run_dispatch_probe,200,2505.55,success,,200,success
p3-ex-official-vu200,e1319e77-7f68-42fb-a76b-14cddd00e263,2026-08-31T18:22:30.662Z,separate_executor,quote_run_dispatch_probe,200,2043.82,success,,200,success
p3-ex-official-vu200,d636df0c-3876-430e-8848-02d38b74df42,2026-08-31T18:22:30.666Z,separate_executor,quote_run_dispatch_probe,200,2407.25,success,,200,success
p3-ex-official-vu200,f71a63eb-f71d-4ab6-8703-fff14e1d7363,2026-08-31T18:22:30.668Z,separate_executor,quote_run_dispatch_probe,200,1990.29,success,,200,success
p3-ex-official-vu200,768cecba-e1f9-493c-8027-c84d3e7c3913,2026-08-31T18:22:30.670Z,separate_executor,quote_run_dispatch_probe,200,2495.87,success,,200,success
p3-ex-official-vu200,24ee92d1-1b12-42f8-9e39-b43468fa6812,2026-08-31T18:22:30.672Z,separate_executor,quote_run_dispatch_probe,200,2262.9,success,,200,success
p3-ex-official-vu200,28fb0f1b-1805-4616-8193-80a753d5a559,2026-08-31T18:22:30.676Z,separate_executor,quote_run_dispatch_probe,200,2451.47,success,,200,success
p3-ex-official-vu200,fd9b5f37-1323-46db-b581-515032a5e7f7,2026-08-31T18:22:30.700Z,separate_executor,quote_run_dispatch_probe,200,2278.57,success,,200,success
p3-ex-official-vu200,9adcc585-1cee-47df-b89e-5f6900cda681,2026-08-31T18:22:30.703Z,separate_executor,quote_run_dispatch_probe,200,2270.55,success,,200,success
p3-ex-official-vu200,558b5221-47cb-4662-8550-b8bbb97b093d,2026-08-31T18:22:30.707Z,separate_executor,quote_run_dispatch_probe,200,1990.77,success,,200,success
p3-ex-official-vu200,e315ec62-7d99-40f9-9206-3ee1e6fe0d5a,2026-08-31T18:22:30.710Z,separate_executor,quote_run_dispatch_probe,200,2037.05,success,,200,success
p3-ex-official-vu200,b141c840-d017-48a8-9bfb-5082cea7b9d4,2026-08-31T18:22:30.760Z,separate_executor,quote_run_dispatch_probe,200,1925.33,success,,200,success
p3-ex-official-vu200,04946709-6d4e-4849-91c0-f7d4bbdf35c1,2026-08-31T18:22:30.767Z,separate_executor,quote_run_dispatch_probe,200,2342.59,success,,200,success
p3-ex-official-vu200,6eab88af-119a-4989-a965-3285ee6b6792,2026-08-31T18:22:30.807Z,separate_executor,quote_run_dispatch_probe,200,2469.27,success,,200,success
p3-ex-official-vu200,bbcec4d6-c52a-4ced-8eb4-1660977ff627,2026-08-31T18:22:30.884Z,separate_executor,quote_run_dispatch_probe,200,2115.03,success,,200,success
p3-ex-official-vu200,dc492a07-58df-487b-b5a8-d7645670e40a,2026-08-31T18:22:30.889Z,separate_executor,quote_run_dispatch_probe,200,2229.26,success,,200,success
p3-ex-official-vu200,52722371-6cab-4677-b96c-6339965a7fd7,2026-08-31T18:22:30.955Z,separate_executor,quote_run_dispatch_probe,200,2075.07,success,,200,success
p3-ex-official-vu200,82de3f5c-8d2c-4378-970d-4c6b39512d65,2026-08-31T18:22:31.311Z,separate_executor,quote_run_dispatch_probe,200,2026.62,success,,200,success
p3-ex-official-vu200,9c3181d4-d8b0-4677-a50b-1d8c9e6c03a9,2026-08-31T18:22:31.374Z,separate_executor,quote_run_dispatch_probe,200,2504.19,success,,200,success
p3-ex-official-vu200,b668d115-589c-436c-a1c7-58d83725c973,2026-08-31T18:22:31.376Z,separate_executor,quote_run_dispatch_probe,200,2570.74,success,,200,success
p3-ex-official-vu200,df2406f7-4b7f-4b41-9d16-e5d4c2dc3ebb,2026-08-31T18:22:31.379Z,separate_executor,quote_run_dispatch_probe,200,2903.54,success,,200,success
p3-ex-official-vu200,c50ee0bd-4027-4f8f-ae08-7aa5281b5887,2026-08-31T18:22:31.387Z,separate_executor,quote_run_dispatch_probe,200,2467.68,success,,200,success
p3-ex-official-vu200,184f30cb-b5b5-499a-8049-9779f2f7feed,2026-08-31T18:22:31.390Z,separate_executor,quote_run_dispatch_probe,200,2155.81,success,,200,success
p3-ex-official-vu200,56b6ce09-ed53-4258-bc98-35d7a6d3805f,2026-08-31T18:22:31.392Z,separate_executor,quote_run_dispatch_probe,200,2250.28,success,,200,success
p3-ex-official-vu200,83dd0ea1-6ad0-47f4-b837-85204ec0aaba,2026-08-31T18:22:31.396Z,separate_executor,quote_run_dispatch_probe,200,2198.78,success,,200,success
p3-ex-official-vu200,12957b7c-1f4b-4104-bbb6-decd937b211e,2026-08-31T18:22:31.397Z,separate_executor,quote_run_dispatch_probe,200,2205.64,success,,200,success
p3-ex-official-vu200,dd2e50bf-4d07-43f0-923b-9a29eeca9c9d,2026-08-31T18:22:31.399Z,separate_executor,quote_run_dispatch_probe,200,2195.54,success,,200,success
p3-ex-official-vu200,17b6d1ae-01dc-481b-9346-4b8e5a94cd29,2026-08-31T18:22:31.400Z,separate_executor,quote_run_dispatch_probe,200,2278.26,success,,200,success
p3-ex-official-vu200,3474f966-087a-4767-a90a-ff7f01c8fcbd,2026-08-31T18:22:31.402Z,separate_executor,quote_run_dispatch_probe,200,2233.1,success,,200,success
p3-ex-official-vu200,e6ee1e2c-2b0e-4a00-8dd4-16e0631b12eb,2026-08-31T18:22:31.404Z,separate_executor,quote_run_dispatch_probe,200,2602.83,success,,200,success
p3-ex-official-vu200,cc2cc11f-6228-4a3f-a16e-c014109d993d,2026-08-31T18:22:31.405Z,separate_executor,quote_run_dispatch_probe,200,2716.03,success,,200,success
p3-ex-official-vu200,5c18d5a9-095c-45a7-b14b-f1cb08f028c9,2026-08-31T18:22:31.409Z,separate_executor,quote_run_dispatch_probe,200,1965.69,success,,200,success
p3-ex-official-vu200,458eb199-26dd-441e-8a14-6c0b8977d4f7,2026-08-31T18:22:31.414Z,separate_executor,quote_run_dispatch_probe,200,2073.94,success,,200,success
p3-ex-official-vu200,75de1ee4-b93f-449a-9c87-2629136e6618,2026-08-31T18:22:31.419Z,separate_executor,quote_run_dispatch_probe,200,2544.25,success,,200,success
p3-ex-official-vu200,2a24ca65-0ab7-4b0a-b606-676bb5914491,2026-08-31T18:22:31.420Z,separate_executor,quote_run_dispatch_probe,200,2548.17,success,,200,success
p3-ex-official-vu200,707c0ea9-d515-485f-a5a1-88e8432433d1,2026-08-31T18:22:31.422Z,separate_executor,quote_run_dispatch_probe,200,2134.26,success,,200,success
p3-ex-official-vu200,1e4ee975-670b-45e5-b9f5-753cdd2274e4,2026-08-31T18:22:31.424Z,separate_executor,quote_run_dispatch_probe,200,2202.64,success,,200,success
p3-ex-official-vu200,21563279-d800-4c79-b7b8-9f03f626b33c,2026-08-31T18:22:31.433Z,separate_executor,quote_run_dispatch_probe,200,2141.71,success,,200,success
p3-ex-official-vu200,db785475-15fd-4238-839c-9b0746522a07,2026-08-31T18:22:31.488Z,separate_executor,quote_run_dispatch_probe,200,2251.96,success,,200,success
p3-ex-official-vu200,554ee419-e9df-4926-a1e7-dbf977cc329f,2026-08-31T18:22:31.551Z,separate_executor,quote_run_dispatch_probe,200,2353.3,success,,200,success
p3-ex-official-vu200,c33cdfd6-9dd3-4a4b-9449-c397f574e49f,2026-08-31T18:22:31.601Z,separate_executor,quote_run_dispatch_probe,200,1960.3,success,,200,success
p3-ex-official-vu200,bb83eba9-4442-4512-89ae-82b23c89c26a,2026-08-31T18:22:31.621Z,separate_executor,quote_run_dispatch_probe,200,2361.51,success,,200,success
p3-ex-official-vu200,805681cd-3164-47db-b5ca-a0088bcc8679,2026-08-31T18:22:31.622Z,separate_executor,quote_run_dispatch_probe,200,1913.88,success,,200,success
p3-ex-official-vu200,ccaf6df8-1468-4b62-8565-7440aa90539a,2026-08-31T18:22:31.636Z,separate_executor,quote_run_dispatch_probe,200,2394.62,success,,200,success
p3-ex-official-vu200,95df94c9-fa3c-41ef-9073-667abaf70b75,2026-08-31T18:22:31.641Z,separate_executor,quote_run_dispatch_probe,200,1981.38,success,,200,success
p3-ex-official-vu200,84038010-fe38-490b-983d-8c4bbfb5f551,2026-08-31T18:22:31.667Z,separate_executor,quote_run_dispatch_probe,200,2005.22,success,,200,success
p3-ex-official-vu200,e4276b29-ed01-4504-a4ef-8db779a4ceff,2026-08-31T18:22:31.669Z,separate_executor,quote_run_dispatch_probe,200,2208.12,success,,200,success
p3-ex-official-vu200,00f1e9fa-145c-41b1-8f56-9070d0ae293e,2026-08-31T18:22:31.706Z,separate_executor,quote_run_dispatch_probe,200,2051.33,success,,200,success
p3-ex-official-vu200,0d230ef5-3f18-4cdf-ae41-b344836b7f87,2026-08-31T18:22:31.843Z,separate_executor,quote_run_dispatch_probe,200,2699.55,success,,200,success
p3-ex-official-vu200,a6e382a3-5a18-41ea-bc5e-93252a7bfcbf,2026-08-31T18:22:31.855Z,separate_executor,quote_run_dispatch_probe,200,2209.42,success,,200,success
p3-ex-official-vu200,07dc765f-5ab4-4294-b0ee-424926fe7e04,2026-08-31T18:22:31.878Z,separate_executor,quote_run_dispatch_probe,200,1969.99,success,,200,success
p3-ex-official-vu200,f8cd6cd3-614c-4243-8a30-a1f6cf0fe2b1,2026-08-31T18:22:31.879Z,separate_executor,quote_run_dispatch_probe,200,2511.57,success,,200,success
p3-ex-official-vu200,4e313d6f-2f0f-4cf6-9568-e1a6520e6676,2026-08-31T18:22:31.887Z,separate_executor,quote_run_dispatch_probe,200,2355.13,success,,200,success
p3-ex-official-vu200,9655d7f7-dd22-4b29-8a0d-b9ff87fb607c,2026-08-31T18:22:31.933Z,separate_executor,quote_run_dispatch_probe,200,2282.34,success,,200,success
p3-ex-official-vu200,02458e83-a06a-4b65-bbee-fd3131e42aaa,2026-08-31T18:22:32.016Z,separate_executor,quote_run_dispatch_probe,200,2385.43,success,,200,success
p3-ex-official-vu200,83293f16-886d-4d01-9fc8-b60d24281381,2026-08-31T18:22:32.113Z,separate_executor,quote_run_dispatch_probe,200,2319.49,success,,200,success
p3-ex-official-vu200,3cc450d5-0af5-4879-a6d2-e494076648a9,2026-08-31T18:22:32.156Z,separate_executor,quote_run_dispatch_probe,200,2265.44,success,,200,success
p3-ex-official-vu200,6bbb9434-0d2d-4b59-a447-77483a452a78,2026-08-31T18:22:32.170Z,separate_executor,quote_run_dispatch_probe,200,2479.32,success,,200,success
p3-ex-official-vu200,95659098-8218-4363-8e32-ee64cb771e77,2026-08-31T18:22:32.681Z,separate_executor,quote_run_dispatch_probe,200,2623.51,success,,200,success
p3-ex-official-vu200,cd574b78-e5c0-40de-bafb-88824d953e88,2026-08-31T18:22:32.926Z,separate_executor,quote_run_dispatch_probe,200,2798.55,success,,200,success
p3-ex-official-vu200,4cc9b8e2-1486-4dd7-957e-65800cc6b695,2026-08-31T18:22:33.069Z,separate_executor,quote_run_dispatch_probe,200,2676.07,success,,200,success
p3-ex-official-vu200,47321584-5081-4722-b999-5f5f396fe6cf,2026-08-31T18:22:33.103Z,separate_executor,quote_run_dispatch_probe,200,2647.69,success,,200,success
p3-ex-official-vu200,979683cc-1451-41ed-940c-4ff2437d710c,2026-08-31T18:22:33.171Z,separate_executor,quote_run_dispatch_probe,200,3449.11,success,,200,success
p3-ex-official-vu200,9991646c-4fa6-4286-a69e-6dd97395d1e6,2026-08-31T18:22:33.174Z,separate_executor,quote_run_dispatch_probe,200,2772.91,success,,200,success
p3-ex-official-vu200,04da695a-c97d-46db-ac5d-1b272cb78b26,2026-08-31T18:22:33.199Z,separate_executor,quote_run_dispatch_probe,200,2626.63,success,,200,success
p3-ex-official-vu200,c801ba75-81a1-4f49-a4da-7d7d143847a7,2026-08-31T18:22:33.234Z,separate_executor,quote_run_dispatch_probe,200,2613.52,success,,200,success
p3-ex-official-vu200,4a836853-edfb-4c79-a876-8fc3aa9990a5,2026-08-31T18:22:33.238Z,separate_executor,quote_run_dispatch_probe,200,2608.38,success,,200,success
p3-ex-official-vu200,c6d10fd5-606f-4830-8960-37ff3fa1768c,2026-08-31T18:22:33.277Z,separate_executor,quote_run_dispatch_probe,200,2696.31,success,,200,success
p3-ex-official-vu200,a427352a-faed-4bbf-914a-ec960b7d59ed,2026-08-31T18:22:33.301Z,separate_executor,quote_run_dispatch_probe,200,2665.29,success,,200,success
p3-ex-official-vu200,0ca13e88-5ecb-4c54-ae35-f1d85390a60a,2026-08-31T18:22:33.307Z,separate_executor,quote_run_dispatch_probe,200,2606.52,success,,200,success
p3-ex-official-vu200,921252f3-3386-4c4e-bc67-a1545260ab98,2026-08-31T18:22:33.393Z,separate_executor,quote_run_dispatch_probe,200,2803.32,success,,200,success
p3-ex-official-vu200,3950ed76-cbb3-4332-802e-cd08c0dd8f0f,2026-08-31T18:22:33.406Z,separate_executor,quote_run_dispatch_probe,200,2779.64,success,,200,success
p3-ex-official-vu200,4940a6ef-61f1-4a65-9d83-b144de981f0e,2026-08-31T18:22:33.407Z,separate_executor,quote_run_dispatch_probe,200,2832.94,success,,200,success
p3-ex-official-vu200,b1f8110f-bba2-4abc-84c9-12e4a75e6d3c,2026-08-31T18:22:33.440Z,separate_executor,quote_run_dispatch_probe,200,2679.52,success,,200,success
p3-ex-official-vu200,a35a2f78-f2d9-4226-8b6b-441a7d7df4d0,2026-08-31T18:22:33.468Z,separate_executor,quote_run_dispatch_probe,200,2880.2,success,,200,success
p3-ex-official-vu200,4f69dae8-9020-4204-bb64-f5cef0d3e22b,2026-08-31T18:22:33.486Z,separate_executor,quote_run_dispatch_probe,200,2883.72,success,,200,success
p3-ex-official-vu200,452f70e8-9091-4104-9ef3-af63483f4787,2026-08-31T18:22:33.521Z,separate_executor,quote_run_dispatch_probe,200,2860.55,success,,200,success
p3-ex-official-vu200,7cece1e0-5493-43c0-bd01-5b8646a7839e,2026-08-31T18:22:33.554Z,separate_executor,quote_run_dispatch_probe,200,2892,success,,200,success
p3-ex-official-vu200,fee09f1e-90a9-464a-ae82-3ddd4dfe96b0,2026-08-31T18:22:33.559Z,separate_executor,quote_run_dispatch_probe,200,2933.43,success,,200,success
p3-ex-official-vu200,c323f722-8a34-4504-a57e-0de375d3fd59,2026-08-31T18:22:33.574Z,separate_executor,quote_run_dispatch_probe,200,2936.1,success,,200,success
p3-ex-official-vu200,f1e6d678-f073-415d-ac0e-0dc5a4c7f8c6,2026-08-31T18:22:33.633Z,separate_executor,quote_run_dispatch_probe,200,2981.44,success,,200,success
p3-ex-official-vu200,50cf3eb0-becb-4293-8f3f-333b852af193,2026-08-31T18:22:33.635Z,separate_executor,quote_run_dispatch_probe,200,3029.42,success,,200,success
p3-ex-official-vu200,033fb193-bfc7-411d-9c2a-938e4e9d0ec5,2026-08-31T18:22:33.641Z,separate_executor,quote_run_dispatch_probe,200,3018.73,success,,200,success
p3-ex-official-vu200,00d67bee-6914-4dcc-bbfe-62f055a0afe7,2026-08-31T18:22:33.652Z,separate_executor,quote_run_dispatch_probe,200,3042.53,success,,200,success
p3-ex-official-vu200,91e3ddd9-0ba4-4113-96d5-35699a68bf33,2026-08-31T18:22:33.655Z,separate_executor,quote_run_dispatch_probe,200,3035.27,success,,200,success
p3-ex-official-vu200,9d6b7d95-5902-4a4a-ae58-8e570782b7da,2026-08-31T18:22:33.668Z,separate_executor,quote_run_dispatch_probe,200,3014.88,success,,200,success
p3-ex-official-vu200,7c2d77ae-61b3-40f4-9042-6f10060010a0,2026-08-31T18:22:33.739Z,separate_executor,quote_run_dispatch_probe,200,3085.13,success,,200,success
p3-ex-official-vu200,8123411d-7e6f-41e2-96cb-0bed30e38cc0,2026-08-31T18:22:33.741Z,separate_executor,quote_run_dispatch_probe,200,3104.08,success,,200,success
p3-ex-official-vu200,f7e3a81d-d8a8-49b2-8568-9ac241ee2253,2026-08-31T18:22:33.752Z,separate_executor,quote_run_dispatch_probe,200,3127.52,success,,200,success
p3-ex-official-vu200,60d0aa87-bbae-4636-939c-997215487e37,2026-08-31T18:22:33.759Z,separate_executor,quote_run_dispatch_probe,200,3052.61,success,,200,success
p3-ex-official-vu200,29c9c534-f799-484a-b4e1-44c56364f879,2026-08-31T18:22:33.770Z,separate_executor,quote_run_dispatch_probe,200,3161.54,success,,200,success
p3-ex-official-vu200,89cd8f5c-9b21-4f1b-a55d-d5514923e633,2026-08-31T18:22:33.789Z,separate_executor,quote_run_dispatch_probe,200,3130.79,success,,200,success
p3-ex-official-vu200,1dd8768d-046e-49a9-b47f-c5b686d31d58,2026-08-31T18:22:33.807Z,separate_executor,quote_run_dispatch_probe,200,3140.03,success,,200,success
p3-ex-official-vu200,ae391199-2194-421d-9183-0e0de2fe7a2e,2026-08-31T18:22:33.817Z,separate_executor,quote_run_dispatch_probe,200,2932.2,success,,200,success
p3-ex-official-vu200,c6a44dde-2aec-4c36-a0a2-95b5c0db96b8,2026-08-31T18:22:33.826Z,separate_executor,quote_run_dispatch_probe,200,2956.53,success,,200,success
p3-ex-official-vu200,2d086e5a-d04c-4ca4-9dac-51157d240d6d,2026-08-31T18:22:33.900Z,separate_executor,quote_run_dispatch_probe,200,3223.68,success,,200,success
p3-ex-official-vu200,641fb3da-273b-401b-a584-8100302043ed,2026-08-31T18:22:33.972Z,separate_executor,quote_run_dispatch_probe,200,3316.59,success,,200,success
p3-ex-official-vu200,fc011562-ed09-4c12-a492-fb8f8d9fbf3a,2026-08-31T18:22:33.987Z,separate_executor,quote_run_dispatch_probe,200,3317.46,success,,200,success
p3-ex-official-vu200,f0985096-45d4-48ca-9719-aa8435278caa,2026-08-31T18:22:34.006Z,separate_executor,quote_run_dispatch_probe,200,3333.32,success,,200,success
p3-ex-official-vu200,e7ae4186-338e-4340-918f-ffee3cf05900,2026-08-31T18:22:34.019Z,separate_executor,quote_run_dispatch_probe,200,3308.61,success,,200,success
p3-ex-official-vu200,16cd0881-d230-4061-a33f-c7175fc88711,2026-08-31T18:22:34.037Z,separate_executor,quote_run_dispatch_probe,200,3081.61,success,,200,success
p3-ex-official-vu200,31c8f820-7e58-4118-a6eb-3b1a819340ad,2026-08-31T18:22:34.107Z,separate_executor,quote_run_dispatch_probe,200,3403.48,success,,200,success
p3-ex-official-vu200,2c4106a3-1d2a-4809-9108-dc4921db6a00,2026-08-31T18:22:34.118Z,separate_executor,quote_run_dispatch_probe,200,3310.84,success,,200,success
p3-ex-official-vu200,9dba4fef-51e8-4680-8a4f-3b8ccf0e67e3,2026-08-31T18:22:34.121Z,separate_executor,quote_run_dispatch_probe,200,3405.21,success,,200,success
p3-ex-official-vu200,70980d8b-7335-48e5-8edf-348eb6de067e,2026-08-31T18:22:34.122Z,separate_executor,quote_run_dispatch_probe,200,3354.95,success,,200,success
p3-ex-official-vu200,bc98f255-d08e-431b-86ef-ee1914497437,2026-08-31T18:22:34.137Z,separate_executor,quote_run_dispatch_probe,200,4227.89,success,,200,success
p3-ex-official-vu200,5f0e8fa1-141c-41c6-a895-87fe13d1844d,2026-08-31T18:22:34.393Z,separate_executor,quote_run_dispatch_probe,200,3724.68,success,,200,success
p3-ex-official-vu200,8e8c4b62-250d-4ffb-9c6d-9f2969c03947,2026-08-31T18:22:34.454Z,separate_executor,quote_run_dispatch_probe,200,3073.34,success,,200,success
p3-ex-official-vu200,7defa283-ebf4-4ca7-bbe9-32f45e26cbb1,2026-08-31T18:22:34.470Z,separate_executor,quote_run_dispatch_probe,200,3049.53,success,,200,success
p3-ex-official-vu200,ef34ae47-6359-4c64-ace2-cb33131969c4,2026-08-31T18:22:34.476Z,separate_executor,quote_run_dispatch_probe,200,3071.56,success,,200,success
p3-ex-official-vu200,b63099ba-b724-4ea5-a024-9cecec28ae13,2026-08-31T18:22:34.485Z,separate_executor,quote_run_dispatch_probe,200,3062.82,success,,200,success
p3-ex-official-vu200,ba7b3b75-1fb2-49c2-9c57-ca4a8dbaa40f,2026-08-31T18:22:34.491Z,separate_executor,quote_run_dispatch_probe,200,3088.77,success,,200,success
p3-ex-official-vu200,9441e1c3-6a28-4d57-bd9a-7a75431b7b02,2026-08-31T18:22:34.532Z,separate_executor,quote_run_dispatch_probe,200,3221.67,success,,200,success
p3-ex-official-vu200,1497cf6e-faea-4a7b-8289-93e7842f87da,2026-08-31T18:22:34.571Z,separate_executor,quote_run_dispatch_probe,200,3198.98,success,,200,success
p3-ex-official-vu200,e1e7d65f-6432-46b3-9e76-980d6d15bda8,2026-08-31T18:22:34.573Z,separate_executor,quote_run_dispatch_probe,200,3180.66,success,,200,success
p3-ex-official-vu200,ed444c06-6518-414b-a02f-16c576826411,2026-08-31T18:22:34.574Z,separate_executor,quote_run_dispatch_probe,200,3284.79,success,,200,success
p3-ex-official-vu200,5d2809af-c827-4326-9cb3-6a0f1e7c7518,2026-08-31T18:22:34.701Z,separate_executor,quote_run_dispatch_probe,200,3303.92,success,,200,success
p3-ex-official-vu200,ab3e972d-fe49-49cf-9228-4e288c740b16,2026-08-31T18:22:34.751Z,separate_executor,quote_run_dispatch_probe,200,3374.83,success,,200,success
p3-ex-official-vu200,5fff81a7-9bd1-4ed4-b63d-b4cb83bc2d0f,2026-08-31T18:22:34.758Z,separate_executor,quote_run_dispatch_probe,200,3481.91,success,,200,success
p3-ex-official-vu200,645df2d9-5936-44f3-926e-d96e1e8dafdb,2026-08-31T18:22:34.760Z,separate_executor,quote_run_dispatch_probe,200,3364.22,success,,200,success
p3-ex-official-vu200,b39988b3-adc4-446d-99ea-653f4fdc2cee,2026-08-31T18:22:34.773Z,separate_executor,quote_run_dispatch_probe,200,3364.06,success,,200,success
p3-ex-official-vu200,25adc1eb-613a-40b3-b88f-a9586dc531ad,2026-08-31T18:22:34.787Z,separate_executor,quote_run_dispatch_probe,200,3235.63,success,,200,success
p3-ex-official-vu200,66f33207-5eb7-4c8e-9c66-3a7b5701baee,2026-08-31T18:22:34.788Z,separate_executor,quote_run_dispatch_probe,200,3299.99,success,,200,success
p3-ex-official-vu200,cdcacc39-1bfd-452a-82ac-0b01fd27369f,2026-08-31T18:22:34.792Z,separate_executor,quote_run_dispatch_probe,200,3366.45,success,,200,success
p3-ex-official-vu200,914e68ee-7fcb-465e-b6dd-170d318509f6,2026-08-31T18:22:34.801Z,separate_executor,quote_run_dispatch_probe,200,3178.83,success,,200,success
p3-ex-official-vu200,a38f978f-696e-417c-9d03-4c0dbbd03c14,2026-08-31T18:22:34.802Z,separate_executor,quote_run_dispatch_probe,200,3167.36,success,,200,success
p3-ex-official-vu200,1edc761d-f440-4bda-ba2f-04c9c70317e6,2026-08-31T18:22:34.803Z,separate_executor,quote_run_dispatch_probe,200,3413.18,success,,200,success
p3-ex-official-vu200,e765e5bb-63d2-4b26-bca0-6e92039da0e0,2026-08-31T18:22:34.809Z,separate_executor,quote_run_dispatch_probe,200,3434.15,success,,200,success
p3-ex-official-vu200,fc610381-f66f-4aec-aa0e-fc3194db9828,2026-08-31T18:22:34.846Z,separate_executor,quote_run_dispatch_probe,200,3445.21,success,,200,success
p3-ex-official-vu200,64168a43-0c6a-4336-9bef-3135f6bba956,2026-08-31T18:22:34.853Z,separate_executor,quote_run_dispatch_probe,200,3447.24,success,,200,success
p3-ex-official-vu200,a77cddef-9dad-4997-ab83-6daa888fc021,2026-08-31T18:22:34.857Z,separate_executor,quote_run_dispatch_probe,200,3469.5,success,,200,success
p3-ex-official-vu200,77d5ee51-32d5-4631-b16c-c6dc056494b5,2026-08-31T18:22:34.875Z,separate_executor,quote_run_dispatch_probe,200,2996.85,success,,200,success
p3-ex-official-vu200,66123c8a-ea72-439f-870c-fc201e8d84b2,2026-08-31T18:22:34.887Z,separate_executor,quote_run_dispatch_probe,200,3181.46,success,,200,success
p3-ex-official-vu200,01b7d1f8-96df-4103-8a0c-83d3597ab2a8,2026-08-31T18:22:34.892Z,separate_executor,quote_run_dispatch_probe,200,3473.73,success,,200,success
p3-ex-official-vu200,bfcb8338-37e9-46b8-b1c9-bdd683c2d769,2026-08-31T18:22:34.900Z,separate_executor,quote_run_dispatch_probe,200,4011.37,success,,200,success
p3-ex-official-vu200,609fe806-e73d-454e-8f16-0dd210e4d392,2026-08-31T18:22:34.938Z,separate_executor,quote_run_dispatch_probe,200,3539.09,success,,200,success
p3-ex-official-vu200,fb994e45-202a-4f33-80a0-ed814bc08d07,2026-08-31T18:22:34.942Z,separate_executor,quote_run_dispatch_probe,200,3275.34,success,,200,success
p3-ex-official-vu200,21e35e37-dcdd-42a1-b2f2-4e2b3a611575,2026-08-31T18:22:34.950Z,separate_executor,quote_run_dispatch_probe,200,3314.15,success,,200,success
p3-ex-official-vu200,4622e7b5-37c6-4c17-82d0-022b5624b107,2026-08-31T18:22:34.953Z,separate_executor,quote_run_dispatch_probe,200,3538.96,success,,200,success
p3-ex-official-vu200,97a2edb4-aff1-436b-865f-002cb07c1e34,2026-08-31T18:22:34.969Z,separate_executor,quote_run_dispatch_probe,200,3085.55,success,,200,success
p3-ex-official-vu200,911d1279-70f0-4078-9ff9-05b8b5425f0c,2026-08-31T18:22:34.984Z,separate_executor,quote_run_dispatch_probe,200,3343.42,success,,200,success
p3-ex-official-vu200,c1a8c47f-f03d-4f6c-b363-28565619bff2,2026-08-31T18:22:35.073Z,separate_executor,quote_run_dispatch_probe,200,3403.97,success,,200,success
p3-ex-official-vu200,1b617c99-0ca7-4e35-bea7-c3fcb7c6bafd,2026-08-31T18:22:35.101Z,separate_executor,quote_run_dispatch_probe,200,3668.21,success,,200,success
p3-ex-official-vu200,b5e1678b-899c-4313-ba92-cb396f81efc6,2026-08-31T18:22:35.106Z,separate_executor,quote_run_dispatch_probe,200,3639.23,success,,200,success
p3-ex-official-vu200,74863150-a725-47a8-926a-130b648b804b,2026-08-31T18:22:35.107Z,separate_executor,quote_run_dispatch_probe,200,3486.57,success,,200,success
p3-ex-official-vu200,174c8fc9-e82c-4a41-8a9c-92238055bd96,2026-08-31T18:22:35.168Z,separate_executor,quote_run_dispatch_probe,200,3235.37,success,,200,success
p3-ex-official-vu200,7dbe862e-9bbf-4542-87be-816c52f62b96,2026-08-31T18:22:35.170Z,separate_executor,quote_run_dispatch_probe,200,3568.24,success,,200,success
p3-ex-official-vu200,1b1f13bb-b054-4230-8c47-02a330621b89,2026-08-31T18:22:35.174Z,separate_executor,quote_run_dispatch_probe,200,3330.8,success,,200,success
p3-ex-official-vu200,f961cf11-9390-4a10-81df-2d3b73124448,2026-08-31T18:22:35.203Z,separate_executor,quote_run_dispatch_probe,200,3348.03,success,,200,success
p3-ex-official-vu200,6f8a71a1-c53f-4083-98e5-f5b8c365b9d1,2026-08-31T18:22:35.227Z,separate_executor,quote_run_dispatch_probe,200,3141.58,success,,200,success
p3-ex-official-vu200,a38cc81b-8db9-45bc-8ac5-a66a4d5ed7cf,2026-08-31T18:22:35.254Z,separate_executor,quote_run_dispatch_probe,200,3367,success,,200,success
p3-ex-official-vu200,60a70d7c-16ea-4470-a427-a906956acfd7,2026-08-31T18:22:35.373Z,separate_executor,quote_run_dispatch_probe,200,3357.23,success,,200,success
p3-ex-official-vu200,4f63689d-38fd-442d-b2a5-e44e0c76ae4f,2026-08-31T18:22:35.376Z,separate_executor,quote_run_dispatch_probe,200,3220.22,success,,200,success
p3-ex-official-vu200,78df2094-bde0-4c77-a8e8-d8a49366cae4,2026-08-31T18:22:35.431Z,separate_executor,quote_run_dispatch_probe,200,3642.74,success,,200,success
p3-ex-official-vu200,cda25b97-12f8-4b53-878c-d002b2f72222,2026-08-31T18:22:35.549Z,separate_executor,quote_run_dispatch_probe,200,3435.88,success,,200,success
p3-ex-official-vu200,2b0e8110-c10f-447f-a0d9-0e4d4238da76,2026-08-31T18:22:35.561Z,separate_executor,quote_run_dispatch_probe,200,3391.23,success,,200,success
p3-ex-official-vu200,6d21823d-4e98-4fd5-8f33-701e4947ff64,2026-08-31T18:22:35.572Z,separate_executor,quote_run_dispatch_probe,200,3655.92,success,,200,success
p3-ex-official-vu200,dd63d6ca-5c69-4573-a8b1-371a8c3fd265,2026-08-31T18:22:35.604Z,separate_executor,quote_run_dispatch_probe,200,3231.53,success,,200,success
p3-ex-official-vu200,6147aa3c-b158-43bf-a9d2-f5f2d5f7049b,2026-08-31T18:22:35.892Z,separate_executor,quote_run_dispatch_probe,200,3674.95,success,,200,success
p3-ex-official-vu200,ba05a323-a36e-47f8-8307-457745a63d36,2026-08-31T18:22:36.143Z,separate_executor,quote_run_dispatch_probe,200,3462.04,success,,200,success
p3-ex-official-vu200,972f3611-d5a3-45a3-a088-e082e87205b7,2026-08-31T18:22:36.173Z,separate_executor,quote_run_dispatch_probe,200,3001.7,success,,200,success
p3-ex-official-vu200,c1bb29ab-e0e2-4688-9238-49e48dfeff95,2026-08-31T18:22:36.188Z,separate_executor,quote_run_dispatch_probe,200,2887.6,success,,200,success
p3-ex-official-vu200,78247614-ca14-4ac7-9c46-cd90006e7211,2026-08-31T18:22:36.194Z,separate_executor,quote_run_dispatch_probe,200,3267.66,success,,200,success
p3-ex-official-vu200,2989ba0f-3637-467f-b119-e9996c9ea2e4,2026-08-31T18:22:36.210Z,separate_executor,quote_run_dispatch_probe,200,3036.42,success,,200,success
p3-ex-official-vu200,fb21d038-f7e4-47d1-85d5-717360d13b29,2026-08-31T18:22:36.243Z,separate_executor,quote_run_dispatch_probe,200,3565.11,success,,200,success
p3-ex-official-vu200,387ea8aa-830b-4c07-bcf0-7e792dde9242,2026-08-31T18:22:36.272Z,separate_executor,quote_run_dispatch_probe,200,3072.81,success,,200,success
p3-ex-official-vu200,f86cf0ed-92cb-4b0e-9504-46f9187609a5,2026-08-31T18:22:36.301Z,separate_executor,quote_run_dispatch_probe,200,2893.88,success,,200,success
p3-ex-official-vu200,a992d72f-35c6-42e1-af1f-efe15c55db8e,2026-08-31T18:22:36.305Z,separate_executor,quote_run_dispatch_probe,200,3780.42,success,,200,success
p3-ex-official-vu200,5ef409c0-6c09-4e53-96a4-fb63ac2a0a74,2026-08-31T18:22:36.308Z,separate_executor,quote_run_dispatch_probe,200,3073.48,success,,200,success
p3-ex-official-vu200,cc529fa5-8e72-47cc-996b-893e24a9b96e,2026-08-31T18:22:36.309Z,separate_executor,quote_run_dispatch_probe,200,3070.47,success,,200,success
p3-ex-official-vu200,21f25d91-73e2-4e89-9f22-b78d5827c93c,2026-08-31T18:22:36.338Z,separate_executor,quote_run_dispatch_probe,200,2898.54,success,,200,success
p3-ex-official-vu200,47529a5d-53e6-41df-a241-927884d7d5ec,2026-08-31T18:22:36.349Z,separate_executor,quote_run_dispatch_probe,200,3494.11,success,,200,success
p3-ex-official-vu200,c8b7b588-bf77-48cb-acbe-8d7b1384b5dd,2026-08-31T18:22:36.431Z,separate_executor,quote_run_dispatch_probe,200,3361.72,success,,200,success
p3-ex-official-vu200,5f5f5cd9-50db-47b6-a55f-30ce0d0059e2,2026-08-31T18:22:36.442Z,separate_executor,quote_run_dispatch_probe,200,3307.23,success,,200,success
p3-ex-official-vu200,362d6a00-e696-4648-aff9-5d9fece04252,2026-08-31T18:22:36.457Z,separate_executor,quote_run_dispatch_probe,200,3354.03,success,,200,success
p3-ex-official-vu200,2917e4a7-94ff-4114-8e96-df6f0b4ca421,2026-08-31T18:22:36.524Z,separate_executor,quote_run_dispatch_probe,200,3550.41,success,,200,success
p3-ex-official-vu200,6d9cef7e-372f-4898-85ff-0591b6ee138c,2026-08-31T18:22:36.536Z,separate_executor,quote_run_dispatch_probe,200,3258.7,success,,200,success
p3-ex-official-vu200,0a4ecbcf-f95c-4a84-ae3e-f36c8fb3f7a9,2026-08-31T18:22:36.539Z,separate_executor,quote_run_dispatch_probe,200,3267.57,success,,200,success
p3-ex-official-vu200,d999f83b-8caa-4642-8964-d2f54ba8c66d,2026-08-31T18:22:36.568Z,separate_executor,quote_run_dispatch_probe,200,3260.77,success,,200,success
p3-ex-official-vu200,bd3c6469-24c5-4775-ae55-114f83988e27,2026-08-31T18:22:36.580Z,separate_executor,quote_run_dispatch_probe,200,3149.07,success,,200,success
p3-ex-official-vu200,d8d7df2a-8a2a-4bb6-89df-b7b3739b558a,2026-08-31T18:22:36.739Z,separate_executor,quote_run_dispatch_probe,200,3252.61,success,,200,success
p3-ex-official-vu200,b0410df3-40a7-432b-b60e-e66dd7c662ff,2026-08-31T18:22:36.748Z,separate_executor,quote_run_dispatch_probe,200,3280.18,success,,200,success
p3-ex-official-vu200,8bedac9d-8ad8-4c5f-8196-91eb881eb2ba,2026-08-31T18:22:36.759Z,separate_executor,quote_run_dispatch_probe,200,3124.25,success,,200,success
p3-ex-official-vu200,e6df4c26-7e43-4fd7-812b-be790e105288,2026-08-31T18:22:36.767Z,separate_executor,quote_run_dispatch_probe,200,3026.38,success,,200,success
p3-ex-official-vu200,a364694f-6dad-462e-843f-89361c9ffe21,2026-08-31T18:22:36.769Z,separate_executor,quote_run_dispatch_probe,200,3195.68,success,,200,success
p3-ex-official-vu200,0086779e-e686-491b-b797-c1f8495a7c26,2026-08-31T18:22:36.782Z,separate_executor,quote_run_dispatch_probe,200,3228.52,success,,200,success
p3-ex-official-vu200,3aa9251d-2acf-4377-812e-b54342dee891,2026-08-31T18:22:36.787Z,separate_executor,quote_run_dispatch_probe,200,3212.59,success,,200,success
p3-ex-official-vu200,ef4a4195-0e59-4c36-ab2e-3f4133ad6dd0,2026-08-31T18:22:36.819Z,separate_executor,quote_run_dispatch_probe,200,3426.32,success,,200,success
p3-ex-official-vu200,86709476-beb6-4a74-8715-da7951ef96b1,2026-08-31T18:22:36.848Z,separate_executor,quote_run_dispatch_probe,200,3288.36,success,,200,success
p3-ex-official-vu200,77a061dd-4b64-4b83-8228-7583ec6a2c88,2026-08-31T18:22:36.862Z,separate_executor,quote_run_dispatch_probe,200,3137.09,success,,200,success
p3-ex-official-vu200,d89b7059-269d-4025-bdb8-f691813e7eb2,2026-08-31T18:22:36.936Z,separate_executor,quote_run_dispatch_probe,200,3166.09,success,,200,success
p3-ex-official-vu200,202afb7e-a28b-41d8-86b8-073c847b7cd4,2026-08-31T18:22:36.950Z,separate_executor,quote_run_dispatch_probe,200,3428.81,success,,200,success
p3-ex-official-vu200,5a32298c-83f3-4953-8bc4-8d738ab9d5b6,2026-08-31T18:22:36.972Z,separate_executor,quote_run_dispatch_probe,200,3565.64,success,,200,success
p3-ex-official-vu200,5f975490-7c9e-4e30-9a94-ba86e07933c0,2026-08-31T18:22:36.983Z,separate_executor,quote_run_dispatch_probe,200,3231.16,success,,200,success
p3-ex-official-vu200,1230cfb2-aad7-4ff7-b02f-eddcf56b461f,2026-08-31T18:22:36.988Z,separate_executor,quote_run_dispatch_probe,200,3333.05,success,,200,success
p3-ex-official-vu200,584c585a-ece4-4301-9fec-185b294593c8,2026-08-31T18:22:37.009Z,separate_executor,quote_run_dispatch_probe,200,3202.01,success,,200,success
p3-ex-official-vu200,d0107b8b-1038-477d-a414-e63df45ae8af,2026-08-31T18:22:37.039Z,separate_executor,quote_run_dispatch_probe,200,3249.85,success,,200,success
p3-ex-official-vu200,382a0866-2870-4ccd-b569-5d780eb6d0ad,2026-08-31T18:22:37.056Z,separate_executor,quote_run_dispatch_probe,200,3422.59,success,,200,success
p3-ex-official-vu200,5f87a8aa-2c80-4bd1-b414-59a961ae69a6,2026-08-31T18:22:37.159Z,separate_executor,quote_run_dispatch_probe,200,3517.64,success,,200,success
p3-ex-official-vu200,f40e1457-7370-4b41-869f-08c7c3217624,2026-08-31T18:22:37.169Z,separate_executor,quote_run_dispatch_probe,200,3429.58,success,,200,success
p3-ex-official-vu200,99279dcc-378c-4742-a79f-009d1c5d6484,2026-08-31T18:22:37.185Z,separate_executor,quote_run_dispatch_probe,200,3368.03,success,,200,success
p3-ex-official-vu200,8c2279c8-870c-45a3-9196-fe7c2a35c6ac,2026-08-31T18:22:37.203Z,separate_executor,quote_run_dispatch_probe,200,3534.22,success,,200,success
p3-ex-official-vu200,4f1752e1-6d44-40f7-bc54-549a0f9b5568,2026-08-31T18:22:37.299Z,separate_executor,quote_run_dispatch_probe,200,3326.85,success,,200,success
p3-ex-official-vu200,9af483a8-115f-44d6-9feb-ffb26692bef6,2026-08-31T18:22:37.303Z,separate_executor,quote_run_dispatch_probe,200,3477.42,success,,200,success
p3-ex-official-vu200,528cfee2-127f-45da-b15b-1a7379a2c03d,2026-08-31T18:22:37.347Z,separate_executor,quote_run_dispatch_probe,200,3587.92,success,,200,success
p3-ex-official-vu200,ff2e74d7-58f7-48d7-93da-9753ab7e4170,2026-08-31T18:22:37.374Z,separate_executor,quote_run_dispatch_probe,200,3256.24,success,,200,success
p3-ex-official-vu200,18efbaaf-0a71-4bf4-987e-954f576383fe,2026-08-31T18:22:37.376Z,separate_executor,quote_run_dispatch_probe,200,3339.03,success,,200,success
p3-ex-official-vu200,53b79835-1d6a-4d78-a70e-aa2c31a8170a,2026-08-31T18:22:37.392Z,separate_executor,quote_run_dispatch_probe,200,3404.46,success,,200,success
p3-ex-official-vu200,6fcd97bf-931a-4e92-88a9-157444a020b6,2026-08-31T18:22:37.393Z,separate_executor,quote_run_dispatch_probe,200,3374.32,success,,200,success
p3-ex-official-vu200,a974a5f4-eeb1-44f8-b2ea-1896253d1e44,2026-08-31T18:22:37.394Z,separate_executor,quote_run_dispatch_probe,200,3494.2,success,,200,success
p3-ex-official-vu200,19452efa-6a42-4709-b793-2eddabb4893e,2026-08-31T18:22:37.400Z,separate_executor,quote_run_dispatch_probe,200,3747.84,success,,200,success
p3-ex-official-vu200,b43b00d8-1627-4490-add9-cf721803dfeb,2026-08-31T18:22:37.478Z,separate_executor,quote_run_dispatch_probe,200,3595.81,success,,200,success
p3-ex-official-vu200,fc74653e-f9d3-43cf-8c35-fab6a19ece1a,2026-08-31T18:22:37.511Z,separate_executor,quote_run_dispatch_probe,200,3505.48,success,,200,success
p3-ex-official-vu200,2aa7fcb0-38d7-4dc3-b491-4d56a052142d,2026-08-31T18:22:37.553Z,separate_executor,quote_run_dispatch_probe,200,3178.97,success,,200,success
p3-ex-official-vu200,7bf61e0a-f2be-42ff-a81d-d3d5bb78bd22,2026-08-31T18:22:37.642Z,separate_executor,quote_run_dispatch_probe,200,3249.46,success,,200,success
p3-ex-official-vu200,14bf9269-1fe1-4d90-a657-7682196aca5c,2026-08-31T18:22:37.648Z,separate_executor,quote_run_dispatch_probe,200,3174.47,success,,200,success
p3-ex-official-vu200,df76bd99-4538-4754-8e9e-d20188399a9d,2026-08-31T18:22:37.745Z,separate_executor,quote_run_dispatch_probe,200,3290.89,success,,200,success
p3-ex-official-vu200,5bb79bf9-ac94-427e-acca-92acf59b7660,2026-08-31T18:22:37.747Z,separate_executor,quote_run_dispatch_probe,200,3261.83,success,,200,success
p3-ex-official-vu200,e0ea4cb9-f1de-4b03-90e1-d110c9702c9d,2026-08-31T18:22:37.834Z,separate_executor,quote_run_dispatch_probe,200,3726.71,success,,200,success
p3-ex-official-vu200,79b92a17-747e-436e-9b11-acb088046a17,2026-08-31T18:22:37.880Z,separate_executor,quote_run_dispatch_probe,200,3088.13,success,,200,success
p3-ex-official-vu200,cceafd2b-eb1f-4a12-aae6-68684f0949b3,2026-08-31T18:22:37.883Z,separate_executor,quote_run_dispatch_probe,200,3717.18,success,,200,success
p3-ex-official-vu200,6e225e3c-57ad-4b60-8220-31d98c760920,2026-08-31T18:22:37.897Z,separate_executor,quote_run_dispatch_probe,200,3362.42,success,,200,success
p3-ex-official-vu200,04578c5f-26f2-43af-8330-5297535c43b7,2026-08-31T18:22:37.957Z,separate_executor,quote_run_dispatch_probe,200,3901.01,success,,200,success
p3-ex-official-vu200,7703b04e-e668-49f3-aa6b-6d8e52939b1c,2026-08-31T18:22:37.975Z,separate_executor,quote_run_dispatch_probe,200,3852.87,success,,200,success
p3-ex-official-vu200,bea0fa2b-8584-47b2-b90a-641b8b764f80,2026-08-31T18:22:38.001Z,separate_executor,quote_run_dispatch_probe,200,3863.41,success,,200,success
p3-ex-official-vu200,76137ea5-0840-4a91-90a8-e8d641846fd8,2026-08-31T18:22:38.009Z,separate_executor,quote_run_dispatch_probe,200,3539.82,success,,200,success
p3-ex-official-vu200,663c6a61-0e09-4cca-9b88-a73d8e6f8836,2026-08-31T18:22:38.023Z,separate_executor,quote_run_dispatch_probe,200,3902.33,success,,200,success
p3-ex-official-vu200,2e812097-aadf-4761-98cd-52ead9851da0,2026-08-31T18:22:38.041Z,separate_executor,quote_run_dispatch_probe,200,3252.89,success,,200,success
p3-ex-official-vu200,83675205-3b1e-473a-ac1a-d9d8ff45902c,2026-08-31T18:22:38.093Z,separate_executor,quote_run_dispatch_probe,200,3342.32,success,,200,success
p3-ex-official-vu200,44c9ad8d-124b-4836-8b4e-b3e1bb4c36d1,2026-08-31T18:22:38.102Z,separate_executor,quote_run_dispatch_probe,200,3328.81,success,,200,success
p3-ex-official-vu200,1be3ee1c-fa6e-4fec-a65b-87afff6f838b,2026-08-31T18:22:38.103Z,separate_executor,quote_run_dispatch_probe,200,3300.57,success,,200,success
p3-ex-official-vu200,b6c0bf92-49ab-4b4c-9bc6-2c23a25af5fa,2026-08-31T18:22:38.107Z,separate_executor,quote_run_dispatch_probe,200,3306.04,success,,200,success
p3-ex-official-vu200,9cda0e8e-9df7-4b4e-9167-409f923f1b82,2026-08-31T18:22:38.109Z,separate_executor,quote_run_dispatch_probe,200,3349.4,success,,200,success
p3-ex-official-vu200,fe30c320-9440-45b9-9059-4b926423b2ed,2026-08-31T18:22:38.111Z,separate_executor,quote_run_dispatch_probe,200,3620.15,success,,200,success
p3-ex-official-vu200,bd97286a-a6bd-47aa-bfa4-aef1dd67815f,2026-08-31T18:22:38.114Z,separate_executor,quote_run_dispatch_probe,200,3355.54,success,,200,success
p3-ex-official-vu200,889c38c2-b60e-4171-88a7-ad12624571b5,2026-08-31T18:22:38.156Z,separate_executor,quote_run_dispatch_probe,200,3585.09,success,,200,success
p3-ex-official-vu200,c89776e4-7a2b-48c8-9594-3a6be5b55df2,2026-08-31T18:22:38.161Z,separate_executor,quote_run_dispatch_probe,200,3685.16,success,,200,success
p3-ex-official-vu200,f5b65991-19ad-485b-bd93-d67afe335a2e,2026-08-31T18:22:38.254Z,separate_executor,quote_run_dispatch_probe,200,3679.7,success,,200,success
p3-ex-official-vu200,bf5fb6e7-d6d3-477c-85a1-28048927f6e0,2026-08-31T18:22:38.282Z,separate_executor,quote_run_dispatch_probe,200,3709.42,success,,200,success
p3-ex-official-vu200,4f90ad73-50fa-48b1-b6de-c5d4e84dc5fa,2026-08-31T18:22:38.295Z,separate_executor,quote_run_dispatch_probe,200,3419.87,success,,200,success
p3-ex-official-vu200,d536266c-85ba-4a7d-85f2-05157c9162fb,2026-08-31T18:22:38.301Z,separate_executor,quote_run_dispatch_probe,200,3600.39,success,,200,success
p3-ex-official-vu200,d5c02c77-dadb-4aaf-be2a-46af9f5951fe,2026-08-31T18:22:38.304Z,separate_executor,quote_run_dispatch_probe,200,3451.66,success,,200,success
p3-ex-official-vu200,0dfec92d-2702-4e98-a0d1-b473c7e7663e,2026-08-31T18:22:38.426Z,separate_executor,quote_run_dispatch_probe,200,3641.27,success,,200,success
p3-ex-official-vu200,db7bcb36-b9e3-47c9-99ba-33da515f8af2,2026-08-31T18:22:38.441Z,separate_executor,quote_run_dispatch_probe,200,3367.81,success,,200,success
p3-ex-official-vu200,57f45edb-3eee-4cbb-bd58-cf9676ba256c,2026-08-31T18:22:38.452Z,separate_executor,quote_run_dispatch_probe,200,3784.19,success,,200,success
p3-ex-official-vu200,9214b566-2238-492b-92ce-d3155efdbedc,2026-08-31T18:22:38.524Z,separate_executor,quote_run_dispatch_probe,200,3539.92,success,,200,success
p3-ex-official-vu200,713358b1-c3e0-4f10-8759-92a37f262a65,2026-08-31T18:22:38.530Z,separate_executor,quote_run_dispatch_probe,200,3309.76,success,,200,success
p3-ex-official-vu200,d1b87319-847e-481f-aa9c-8b121258d847,2026-08-31T18:22:38.533Z,separate_executor,quote_run_dispatch_probe,200,3590.35,success,,200,success
p3-ex-official-vu200,f3084106-122d-48cd-a362-ec759680bfa7,2026-08-31T18:22:38.534Z,separate_executor,quote_run_dispatch_probe,200,3584.24,success,,200,success
p3-ex-official-vu200,facbe585-f54c-409a-9634-3fe819e74bb1,2026-08-31T18:22:38.555Z,separate_executor,quote_run_dispatch_probe,200,3668.18,success,,200,success
p3-ex-official-vu200,aef8d751-34e9-45b4-9d3e-4d5a0a73cfda,2026-08-31T18:22:38.614Z,separate_executor,quote_run_dispatch_probe,200,3756.71,success,,200,success
p3-ex-official-vu200,a205b7fa-da5a-4a64-8dd2-021d52720698,2026-08-31T18:22:38.678Z,separate_executor,quote_run_dispatch_probe,200,3832.04,success,,200,success
p3-ex-official-vu200,39c244b6-a71b-45db-bbbc-49e3e18cebe7,2026-08-31T18:22:38.690Z,separate_executor,quote_run_dispatch_probe,200,3789.48,success,,200,success
p3-ex-official-vu200,2e51dc79-2596-44d0-9583-b1911977b0cc,2026-08-31T18:22:38.690Z,separate_executor,quote_run_dispatch_probe,200,3887.7,success,,200,success
p3-ex-official-vu200,7ca15d88-8daa-4437-a419-f5831ef3f620,2026-08-31T18:22:38.692Z,separate_executor,quote_run_dispatch_probe,200,3905.2,success,,200,success
p3-ex-official-vu200,d357e229-ea7b-45f3-8c35-efe75775d86b,2026-08-31T18:22:38.699Z,separate_executor,quote_run_dispatch_probe,200,3806.43,success,,200,success
p3-ex-official-vu200,d90b8ad9-93bc-43c9-bdca-3849df2d288c,2026-08-31T18:22:38.750Z,separate_executor,quote_run_dispatch_probe,200,3780.53,success,,200,success
p3-ex-official-vu200,69536cec-ba54-4580-9d16-ccdcf7ec5dd5,2026-08-31T18:22:38.791Z,separate_executor,quote_run_dispatch_probe,200,3587.11,success,,200,success
p3-ex-official-vu200,261e4eab-b946-4a5c-a0fc-2931ef1da932,2026-08-31T18:22:38.852Z,separate_executor,quote_run_dispatch_probe,200,3682.56,success,,200,success
p3-ex-official-vu200,98021404-28f4-46ca-81fe-4a99a06364cd,2026-08-31T18:22:38.866Z,separate_executor,quote_run_dispatch_probe,200,3927.71,success,,200,success
p3-ex-official-vu200,8cbb24ac-53a7-49f5-844a-4349783757ce,2026-08-31T18:22:38.870Z,separate_executor,quote_run_dispatch_probe,200,3916.79,success,,200,success
p3-ex-official-vu200,aa58b579-9e43-474e-879a-d4f6853506cc,2026-08-31T18:22:38.938Z,separate_executor,quote_run_dispatch_probe,200,3566.37,success,,200,success
p3-ex-official-vu200,c10828af-cb84-4929-8f08-3dc06cd5b203,2026-08-31T18:22:38.940Z,separate_executor,quote_run_dispatch_probe,200,3564.01,success,,200,success
p3-ex-official-vu200,84d3f789-3f02-464b-b3a7-0f10b9399f09,2026-08-31T18:22:38.952Z,separate_executor,quote_run_dispatch_probe,200,3348.27,success,,200,success
p3-ex-official-vu200,a087b050-5633-43e4-abc6-75d2dd6d5abf,2026-08-31T18:22:38.987Z,separate_executor,quote_run_dispatch_probe,200,3879.23,success,,200,success
p3-ex-official-vu200,6741e3ea-82a9-4062-8eb1-cb09be3509c1,2026-08-31T18:22:38.990Z,separate_executor,quote_run_dispatch_probe,200,4181.38,success,,200,success
p3-ex-official-vu200,d59f2e52-9300-4c78-bef6-5f20a1b143a0,2026-08-31T18:22:39.055Z,separate_executor,quote_run_dispatch_probe,200,3887.27,success,,200,success
p3-ex-official-vu200,16df08fa-7e97-47c5-9ab0-fd6d324568e9,2026-08-31T18:22:39.074Z,separate_executor,quote_run_dispatch_probe,200,4155.58,success,,200,success
p3-ex-official-vu200,3dc5091a-1dae-4dac-8c32-f1953b598992,2026-08-31T18:22:39.079Z,separate_executor,quote_run_dispatch_probe,200,3978.26,success,,200,success
p3-ex-official-vu200,87e5964e-53bd-4f79-bc94-de7e21aa1a2d,2026-08-31T18:22:39.085Z,separate_executor,quote_run_dispatch_probe,200,3831.07,success,,200,success
p3-ex-official-vu200,d36c2eed-785b-4593-a838-583ba649b5c5,2026-08-31T18:22:39.155Z,separate_executor,quote_run_dispatch_probe,200,4048.63,success,,200,success
p3-ex-official-vu200,2aabc867-91c8-4a37-acdd-b67212023c43,2026-08-31T18:22:39.166Z,separate_executor,quote_run_dispatch_probe,200,3992.26,success,,200,success
p3-ex-official-vu200,adc81150-8b67-4a5d-aa11-69362164b053,2026-08-31T18:22:39.168Z,separate_executor,quote_run_dispatch_probe,200,3640.47,success,,200,success
p3-ex-official-vu200,ad5356f2-f6a7-4f13-b7b6-5049c5a18957,2026-08-31T18:22:39.169Z,separate_executor,quote_run_dispatch_probe,200,4099.21,success,,200,success
p3-ex-official-vu200,7f51bbe3-1588-464d-b9c4-8a366ef1e7b9,2026-08-31T18:22:39.196Z,separate_executor,quote_run_dispatch_probe,200,3647.02,success,,200,success
p3-ex-official-vu200,ee1cf7be-4c52-4542-b725-321ba1783ebe,2026-08-31T18:22:39.252Z,separate_executor,quote_run_dispatch_probe,200,3878.9,success,,200,success
p3-ex-official-vu200,79387f0c-fcac-4c41-bb16-1c18d83e0c4e,2026-08-31T18:22:39.265Z,separate_executor,quote_run_dispatch_probe,200,3704.11,success,,200,success
p3-ex-official-vu200,39571288-6cb8-434a-b8bb-3ea9ebc63904,2026-08-31T18:22:39.332Z,separate_executor,quote_run_dispatch_probe,200,3900.63,success,,200,success
p3-ex-official-vu200,8766b53c-1606-4228-b19f-bc5071955601,2026-08-31T18:22:39.523Z,separate_executor,quote_run_dispatch_probe,200,4296.18,success,,200,success
p3-ex-official-vu200,f1bb86f0-70a5-4bc8-ae05-4ff86e00ff20,2026-08-31T18:22:39.546Z,separate_executor,quote_run_dispatch_probe,200,3974.03,success,,200,success
p3-ex-official-vu200,3cd016d3-acaa-4bdb-a561-ae0977d2c877,2026-08-31T18:22:39.683Z,separate_executor,quote_run_dispatch_probe,200,3997.47,success,,200,success
p3-ex-official-vu200,728c2051-8ecb-4f28-b61b-57f8f4f48fd5,2026-08-31T18:22:39.718Z,separate_executor,quote_run_dispatch_probe,200,3545.27,success,,200,success
p3-ex-official-vu200,803c70d6-97a2-49b7-9195-b78e6111a0b0,2026-08-31T18:22:39.738Z,separate_executor,quote_run_dispatch_probe,200,3769.66,success,,200,success
p3-ex-official-vu200,523839b3-312c-4626-8b7b-46b94d4856b7,2026-08-31T18:22:39.798Z,separate_executor,quote_run_dispatch_probe,200,3906.46,success,,200,success
p3-ex-official-vu200,ce1a06d2-9402-4b7b-80a5-846b3eb4edee,2026-08-31T18:22:39.833Z,separate_executor,quote_run_dispatch_probe,200,4017.97,success,,200,success
p3-ex-official-vu200,6b58651c-b563-4e88-862d-90b8d104b723,2026-08-31T18:22:39.912Z,separate_executor,quote_run_dispatch_probe,200,3779.4,success,,200,success
p3-ex-official-vu200,b2c6ed4c-3c26-4edb-a44b-eefa5d99f77e,2026-08-31T18:22:39.946Z,separate_executor,quote_run_dispatch_probe,200,3757.43,success,,200,success
p3-ex-official-vu200,7896d982-d267-48b1-bedd-6b5989767b1b,2026-08-31T18:22:40.052Z,separate_executor,quote_run_dispatch_probe,200,3752.94,success,,200,success
p3-ex-official-vu200,57bc9964-3620-4029-a546-0ba44ac9a919,2026-08-31T18:22:40.054Z,separate_executor,quote_run_dispatch_probe,200,3752.68,success,,200,success
p3-ex-official-vu200,e08c395f-e0ab-4038-960b-d914518efc73,2026-08-31T18:22:40.056Z,separate_executor,quote_run_dispatch_probe,200,3717.27,success,,200,success
p3-ex-official-vu200,60d0c27a-2451-4d54-83f4-6c6e1dce1548,2026-08-31T18:22:40.073Z,separate_executor,quote_run_dispatch_probe,200,3801.68,success,,200,success
p3-ex-official-vu200,66843bfc-fddf-45ab-b7cf-756e5507dcdf,2026-08-31T18:22:40.137Z,separate_executor,quote_run_dispatch_probe,200,3926.04,success,,200,success
p3-ex-official-vu200,bafca5c8-443d-4b14-9234-1e3a8b9971db,2026-08-31T18:22:40.157Z,separate_executor,quote_run_dispatch_probe,200,3725.94,success,,200,success
p3-ex-official-vu200,f4185773-b1c2-44e4-a087-12df1d984774,2026-08-31T18:22:40.166Z,separate_executor,quote_run_dispatch_probe,200,4023.35,success,,200,success
p3-ex-official-vu200,afb7bb20-79df-4dde-a152-2b38c68d3eea,2026-08-31T18:22:40.199Z,separate_executor,quote_run_dispatch_probe,200,3893.52,success,,200,success
p3-ex-official-vu200,b6848b34-bc10-4429-b289-c7c59576dcaf,2026-08-31T18:22:40.266Z,separate_executor,quote_run_dispatch_probe,200,3916.42,success,,200,success
p3-ex-official-vu200,18126a32-dbed-4471-ae90-0e5f33d27f42,2026-08-31T18:22:40.272Z,separate_executor,quote_run_dispatch_probe,200,3962.91,success,,200,success
p3-ex-official-vu200,48b23eaa-9206-4157-b2d0-e9ce099ab1df,2026-08-31T18:22:40.275Z,separate_executor,quote_run_dispatch_probe,200,3855.07,success,,200,success
p3-ex-official-vu200,c41bacc3-a53f-4fac-aa2a-7f5914422e6e,2026-08-31T18:22:40.341Z,separate_executor,quote_run_dispatch_probe,200,4098.08,success,,200,success
p3-ex-official-vu200,18e4b38a-f0e9-4e7f-97b4-2b572dcedaaf,2026-08-31T18:22:40.357Z,separate_executor,quote_run_dispatch_probe,200,4162.95,success,,200,success
p3-ex-official-vu200,a06e7ebe-35e4-4130-85a5-cd2877a66264,2026-08-31T18:22:40.399Z,separate_executor,quote_run_dispatch_probe,200,3832.65,success,,200,success
p3-ex-official-vu200,02534812-3b83-446a-8f4f-eaff550879a0,2026-08-31T18:22:40.475Z,separate_executor,quote_run_dispatch_probe,200,3894.79,success,,200,success
p3-ex-official-vu200,d98e2330-85c0-4f84-83eb-7fc130ca8e6e,2026-08-31T18:22:40.485Z,separate_executor,quote_run_dispatch_probe,200,3960.46,success,,200,success
p3-ex-official-vu200,68c7f991-0714-45c8-a124-206c020df447,2026-08-31T18:22:40.535Z,separate_executor,quote_run_dispatch_probe,200,4227.37,success,,200,success
p3-ex-official-vu200,ce33771d-dd41-4fb5-8774-2b17290fe5be,2026-08-31T18:22:40.536Z,separate_executor,quote_run_dispatch_probe,200,4000.15,success,,200,success
p3-ex-official-vu200,7c532360-cdbf-4937-920c-62d26c0e9da9,2026-08-31T18:22:40.717Z,separate_executor,quote_run_dispatch_probe,200,4259.57,success,,200,success
p3-ex-official-vu200,839fc30c-f6b1-4fe9-b243-8da9a1662829,2026-08-31T18:22:40.718Z,separate_executor,quote_run_dispatch_probe,200,4275.93,success,,200,success
p3-ex-official-vu200,cc5e530d-96db-4abc-bb02-748b873635ba,2026-08-31T18:22:40.720Z,separate_executor,quote_run_dispatch_probe,200,4152.78,success,,200,success
p3-ex-official-vu200,8a5c5f73-5767-4f97-8be5-2fba58334f36,2026-08-31T18:22:40.723Z,separate_executor,quote_run_dispatch_probe,200,4184.24,success,,200,success
p3-ex-official-vu200,92d15e3a-1d52-4237-8ae6-2c068016c331,2026-08-31T18:22:40.725Z,separate_executor,quote_run_dispatch_probe,200,3985.55,success,,200,success
p3-ex-official-vu200,643ee86c-c83e-4ba6-9ba1-1e86931ca6d2,2026-08-31T18:22:40.725Z,separate_executor,quote_run_dispatch_probe,200,3905.7,success,,200,success
p3-ex-official-vu200,103ac87c-af2c-48b0-a7ea-e4c69c8059f9,2026-08-31T18:22:40.783Z,separate_executor,quote_run_dispatch_probe,200,4023.99,success,,200,success
p3-ex-official-vu200,57f3730a-9418-4ef4-921e-e9846f787474,2026-08-31T18:22:40.812Z,separate_executor,quote_run_dispatch_probe,200,4029.72,success,,200,success
p3-ex-official-vu200,3db79133-74ed-449e-b6d9-79b5cf3d06f6,2026-08-31T18:22:40.862Z,separate_executor,quote_run_dispatch_probe,200,4113.13,success,,200,success
p3-ex-official-vu200,40c0cf2e-ceb5-456f-ae51-a075a3d658cf,2026-08-31T18:22:40.865Z,separate_executor,quote_run_dispatch_probe,200,3928.78,success,,200,success
p3-ex-official-vu200,f755ca6f-45ee-46c9-a68a-7b409b8b645d,2026-08-31T18:22:40.901Z,separate_executor,quote_run_dispatch_probe,200,4114.34,success,,200,success
p3-ex-official-vu200,6fac0f48-8b50-4fbe-8abb-73ab84683313,2026-08-31T18:22:40.948Z,separate_executor,quote_run_dispatch_probe,200,4179.51,success,,200,success
p3-ex-official-vu200,afddfc0e-b383-43f2-8942-139fa832e62f,2026-08-31T18:22:40.989Z,separate_executor,quote_run_dispatch_probe,200,4222.08,success,,200,success
p3-ex-official-vu200,fb4fd9d3-47c1-4bed-ab1c-985b63cf766b,2026-08-31T18:22:41.000Z,separate_executor,quote_run_dispatch_probe,200,4152.63,success,,200,success
p3-ex-official-vu200,fbf90550-9f87-4926-912d-f0b4afbc1c98,2026-08-31T18:22:41.051Z,separate_executor,quote_run_dispatch_probe,200,3866.39,success,,200,success
p3-ex-official-vu200,f7032281-fcb7-4df2-b63a-b5fb90f4e4c6,2026-08-31T18:22:41.053Z,separate_executor,quote_run_dispatch_probe,200,4322.44,success,,200,success
p3-ex-official-vu200,ed706c69-2a79-4cc1-8a0f-48106458637c,2026-08-31T18:22:41.116Z,separate_executor,quote_run_dispatch_probe,200,3817.07,success,,200,success
p3-ex-official-vu200,4f604478-9f01-42b5-ad31-dc74e6cad881,2026-08-31T18:22:41.132Z,separate_executor,quote_run_dispatch_probe,200,4093.19,success,,200,success
p3-ex-official-vu200,0d1fec8b-7807-45d7-89e5-304e81150d34,2026-08-31T18:22:41.159Z,separate_executor,quote_run_dispatch_probe,200,4296.7,success,,200,success
p3-ex-official-vu200,8311b278-d0e6-4e10-ad6a-2abffc9e515e,2026-08-31T18:22:41.166Z,separate_executor,quote_run_dispatch_probe,200,4215.86,success,,200,success
p3-ex-official-vu200,346d96d9-77a6-4c5e-be57-9dd136c11dd2,2026-08-31T18:22:41.200Z,separate_executor,quote_run_dispatch_probe,200,4334.21,success,,200,success
p3-ex-official-vu200,8bfb3af8-fbb9-439d-8e00-aa2e9e836839,2026-08-31T18:22:41.218Z,separate_executor,quote_run_dispatch_probe,200,4234.32,success,,200,success
p3-ex-official-vu200,d3ce87db-47b6-4672-91fd-17f10fad94f5,2026-08-31T18:22:41.250Z,separate_executor,quote_run_dispatch_probe,200,4241.01,success,,200,success
p3-ex-official-vu200,f3cbabfd-b41a-4d58-9562-7e3f512936a4,2026-08-31T18:22:41.290Z,separate_executor,quote_run_dispatch_probe,200,3914.34,success,,200,success
p3-ex-official-vu200,3256f29f-a6e3-45e2-8a91-43043699c295,2026-08-31T18:22:41.518Z,separate_executor,quote_run_dispatch_probe,200,4461.94,success,,200,success
p3-ex-official-vu200,596b0d76-9616-464f-92e6-e198498c95b6,2026-08-31T18:22:41.551Z,separate_executor,quote_run_dispatch_probe,200,4562.39,success,,200,success
p3-ex-official-vu200,db0ee13b-e760-4cc6-b5f9-c6c86ba206cb,2026-08-31T18:22:41.551Z,separate_executor,quote_run_dispatch_probe,200,4247.98,success,,200,success
p3-ex-official-vu200,efe6fa3b-9e50-41b5-a887-12f566f49d8b,2026-08-31T18:22:41.552Z,separate_executor,quote_run_dispatch_probe,200,4382.47,success,,200,success
p3-ex-official-vu200,96419486-17ed-4d1e-aed8-2fb8ab754cd6,2026-08-31T18:22:41.552Z,separate_executor,quote_run_dispatch_probe,200,4533.7,success,,200,success
p3-ex-official-vu200,826698a8-0985-4eb9-a96b-eca5e3c6628e,2026-08-31T18:22:41.557Z,separate_executor,quote_run_dispatch_probe,200,4353.76,success,,200,success
p3-ex-official-vu200,ffa973d7-9403-4278-94ae-f9e7538c677e,2026-08-31T18:22:41.634Z,separate_executor,quote_run_dispatch_probe,200,4662.18,success,,200,success
p3-ex-official-vu200,3a767109-f794-40d5-a876-151641277f47,2026-08-31T18:22:41.640Z,separate_executor,quote_run_dispatch_probe,200,4248.14,success,,200,success
p3-ex-official-vu200,3bc3f649-019b-4bf2-a394-c85ddd08fcbf,2026-08-31T18:22:41.640Z,separate_executor,quote_run_dispatch_probe,200,4325.41,success,,200,success
p3-ex-official-vu200,3246cf0c-8231-42c3-a01c-9c02b3a81619,2026-08-31T18:22:41.641Z,separate_executor,quote_run_dispatch_probe,200,4087.9,success,,200,success
p3-ex-official-vu200,c6f2811c-5b72-4819-8907-9cdc421f4494,2026-08-31T18:22:41.642Z,separate_executor,quote_run_dispatch_probe,200,4267.98,success,,200,success
p3-ex-official-vu200,1094ee36-2edd-4517-a891-d5b518f918f6,2026-08-31T18:22:41.650Z,separate_executor,quote_run_dispatch_probe,200,4482.37,success,,200,success
p3-ex-official-vu200,c6458af8-b5a1-4b7a-8ba7-3d275a408b37,2026-08-31T18:22:41.651Z,separate_executor,quote_run_dispatch_probe,200,4303.92,success,,200,success
p3-ex-official-vu200,6b0f7365-e816-4170-b878-eb637563feea,2026-08-31T18:22:41.652Z,separate_executor,quote_run_dispatch_probe,200,4493.22,success,,200,success
p3-ex-official-vu200,277a39bf-712d-4de6-81be-688cb7e634be,2026-08-31T18:22:41.653Z,separate_executor,quote_run_dispatch_probe,200,3907.96,success,,200,success
p3-ex-official-vu200,2f3b4c67-5268-4106-8251-96e7921afe4a,2026-08-31T18:22:41.654Z,separate_executor,quote_run_dispatch_probe,200,4260.5,success,,200,success
p3-ex-official-vu200,8dc45686-f3d2-407b-95a5-2bb7149aaca8,2026-08-31T18:22:41.655Z,separate_executor,quote_run_dispatch_probe,200,4007.11,success,,200,success
p3-ex-official-vu200,d03eac11-31e9-410e-a8ce-808adb88a719,2026-08-31T18:22:41.729Z,separate_executor,quote_run_dispatch_probe,200,4086.88,success,,200,success
p3-ex-official-vu200,a64e473c-1053-4444-a8f0-a7f84a396d07,2026-08-31T18:22:41.781Z,separate_executor,quote_run_dispatch_probe,200,4380.65,success,,200,success
p3-ex-official-vu200,c98b9396-d2e0-420f-921f-d66986a3f053,2026-08-31T18:22:41.863Z,separate_executor,quote_run_dispatch_probe,200,3965.85,success,,200,success
p3-ex-official-vu200,c01575e5-e591-4e0c-b8ec-88e46778ee03,2026-08-31T18:22:41.866Z,separate_executor,quote_run_dispatch_probe,200,4240.53,success,,200,success
p3-ex-official-vu200,fc027465-3ce4-4eb0-8e58-4dc1232a9e36,2026-08-31T18:22:41.867Z,separate_executor,quote_run_dispatch_probe,200,4389.22,success,,200,success
p3-ex-official-vu200,e9cf567f-8eb4-4191-b5a5-917322674a58,2026-08-31T18:22:41.883Z,separate_executor,quote_run_dispatch_probe,200,4135.97,success,,200,success
p3-ex-official-vu200,223abdcd-ac3e-45cc-86ed-cb03f19d0a71,2026-08-31T18:22:41.923Z,separate_executor,quote_run_dispatch_probe,200,4042.55,success,,200,success
p3-ex-official-vu200,bfde7abe-1391-420d-a581-4113cdaa2d6c,2026-08-31T18:22:41.937Z,separate_executor,quote_run_dispatch_probe,200,4542.8,success,,200,success
p3-ex-official-vu200,34b7055c-a399-4806-9fcd-c3bb6bb59198,2026-08-31T18:22:42.014Z,separate_executor,quote_run_dispatch_probe,200,4503.06,success,,200,success
p3-ex-official-vu200,0657b4d8-3540-4eb0-a71a-0dc36e45772f,2026-08-31T18:22:42.016Z,separate_executor,quote_run_dispatch_probe,200,3906.26,success,,200,success
p3-ex-official-vu200,84fefdb6-6202-40ba-b641-43fbc45f73f9,2026-08-31T18:22:42.162Z,separate_executor,quote_run_dispatch_probe,200,4396.23,success,,200,success
p3-ex-official-vu200,ea8571e1-78ff-4459-a897-de1ec139afd5,2026-08-31T18:22:42.340Z,separate_executor,quote_run_dispatch_probe,200,4506.59,success,,200,success
p3-ex-official-vu200,65940f9d-df06-4d16-8e8a-4bad470a8bf0,2026-08-31T18:22:42.417Z,separate_executor,quote_run_dispatch_probe,200,4407.64,success,,200,success
p3-ex-official-vu200,f87bc012-68a4-4308-8b06-1ad4168c2c38,2026-08-31T18:22:42.421Z,separate_executor,quote_run_dispatch_probe,200,4309.59,success,,200,success
p3-ex-official-vu200,8b26fafc-aadc-4c14-9fe4-21fe94eb27dc,2026-08-31T18:22:42.421Z,separate_executor,quote_run_dispatch_probe,200,4319.75,success,,200,success
p3-ex-official-vu200,02587e42-2f7e-412a-8bda-db9b763ee997,2026-08-31T18:22:42.450Z,separate_executor,quote_run_dispatch_probe,200,4978.52,success,,200,success
p3-ex-official-vu200,bdba7e70-5061-4e3c-bba8-a159ff7c947f,2026-08-31T18:22:42.467Z,separate_executor,quote_run_dispatch_probe,200,4492.32,success,,200,success
p3-ex-official-vu200,e5ca7dce-0a5e-45bd-8981-c5485a4e2fec,2026-08-31T18:22:42.468Z,separate_executor,quote_run_dispatch_probe,200,4354.21,success,,200,success
p3-ex-official-vu200,b2afd554-f1a8-4394-839a-3ff397d76e2c,2026-08-31T18:22:42.469Z,separate_executor,quote_run_dispatch_probe,200,4375.55,success,,200,success
p3-ex-official-vu200,d195a07d-35e2-4976-be88-0e403cf4f02f,2026-08-31T18:22:42.469Z,separate_executor,quote_run_dispatch_probe,200,4585.62,success,,200,success
p3-ex-official-vu200,d5b72983-47e9-4526-b41c-05ef3dcdf12e,2026-08-31T18:22:42.470Z,separate_executor,quote_run_dispatch_probe,200,4428.7,success,,200,success
p3-ex-official-vu200,ee388b8c-3adc-49ce-a1eb-1418d055c139,2026-08-31T18:22:42.471Z,separate_executor,quote_run_dispatch_probe,200,4470.1,success,,200,success
p3-ex-official-vu200,37bfcea6-a8f9-4def-9890-9ad9ca9850fc,2026-08-31T18:22:42.472Z,separate_executor,quote_run_dispatch_probe,200,4369.68,success,,200,success
p3-ex-official-vu200,59d43671-582f-4195-a08b-882dcf756747,2026-08-31T18:22:42.483Z,separate_executor,quote_run_dispatch_probe,200,4525.92,success,,200,success
p3-ex-official-vu200,5301bda4-5548-4e1f-85a8-17f9d52e05d5,2026-08-31T18:22:42.498Z,separate_executor,quote_run_dispatch_probe,200,4390.77,success,,200,success
p3-ex-official-vu200,751ee46b-b574-4d48-9fc5-b27b2a104429,2026-08-31T18:22:42.515Z,separate_executor,quote_run_dispatch_probe,200,4595.65,success,,200,success
p3-ex-official-vu200,fd0819c5-4cc2-4e4d-a179-842d628c9b65,2026-08-31T18:22:42.522Z,separate_executor,quote_run_dispatch_probe,200,4361.52,success,,200,success
p3-ex-official-vu200,ac3c65af-c291-487b-9bda-bce4ae0cf429,2026-08-31T18:22:42.656Z,separate_executor,quote_run_dispatch_probe,200,4402.4,success,,200,success
p3-ex-official-vu200,bfb84a54-6ac5-4256-b451-4246b2b5eeb2,2026-08-31T18:22:42.672Z,separate_executor,quote_run_dispatch_probe,200,4648.57,success,,200,success
p3-ex-official-vu200,d46a9a4f-9a3f-4196-9fba-ebcf892c357c,2026-08-31T18:22:42.680Z,separate_executor,quote_run_dispatch_probe,200,4378.99,success,,200,success
p3-ex-official-vu200,a0332a74-1c90-4dd5-9a90-d0ca9734b6ca,2026-08-31T18:22:42.681Z,separate_executor,quote_run_dispatch_probe,200,4125.67,success,,200,success
p3-ex-official-vu200,338d5827-ae2c-401c-9dda-643bfcdab71e,2026-08-31T18:22:42.700Z,separate_executor,quote_run_dispatch_probe,200,4405.13,success,,200,success
p3-ex-official-vu200,41517315-c7ae-477f-bc50-cb7551c80354,2026-08-31T18:22:42.756Z,separate_executor,quote_run_dispatch_probe,200,4451.63,success,,200,success
p3-ex-official-vu200,df95e16d-daa6-445e-b515-549ddb110b69,2026-08-31T18:22:42.760Z,separate_executor,quote_run_dispatch_probe,200,4477.98,success,,200,success
p3-ex-official-vu200,3cb7b791-3e68-47d9-90cb-2fbede7bef41,2026-08-31T18:22:42.859Z,separate_executor,quote_run_dispatch_probe,200,4418.7,success,,200,success
p3-ex-official-vu200,ac5eceb7-578b-4f86-bdfc-66fac737397a,2026-08-31T18:22:42.885Z,separate_executor,quote_run_dispatch_probe,200,4352.02,success,,200,success
p3-ex-official-vu200,30459354-da1a-4217-ac87-a54195164fac,2026-08-31T18:22:42.994Z,separate_executor,quote_run_dispatch_probe,200,4463.69,success,,200,success
p3-ex-official-vu200,85b7cdc2-da6c-4e9c-9af9-dff576051072,2026-08-31T18:22:43.023Z,separate_executor,quote_run_dispatch_probe,200,4866.6,success,,200,success
p3-ex-official-vu200,efd72327-46fb-4f9d-ac23-fd42b9ae8465,2026-08-31T18:22:43.065Z,separate_executor,quote_run_dispatch_probe,200,4530.7,success,,200,success
p3-ex-official-vu200,21158b7c-2ee1-4f8c-ba98-ba87ae04d06c,2026-08-31T18:22:43.152Z,separate_executor,quote_run_dispatch_probe,200,4725.86,success,,200,success
p3-ex-official-vu200,2cb55231-2d29-44b6-8901-19c2539392bc,2026-08-31T18:22:43.188Z,separate_executor,quote_run_dispatch_probe,200,4664,success,,200,success
p3-ex-official-vu200,bb7b386a-9819-4ddc-af03-d966b32adea7,2026-08-31T18:22:43.200Z,separate_executor,quote_run_dispatch_probe,200,4524.06,success,,200,success
p3-ex-official-vu200,9b1886af-9c01-430b-80cd-def740f7a5e2,2026-08-31T18:22:43.200Z,separate_executor,quote_run_dispatch_probe,200,4748.53,success,,200,success
p3-ex-official-vu200,d93bb29c-bb28-4191-957c-a217f218081f,2026-08-31T18:22:43.208Z,separate_executor,quote_run_dispatch_probe,200,4981.46,success,,200,success
p3-ex-official-vu200,c6cfd4e3-61e7-42b9-8fc9-4db13882d9a9,2026-08-31T18:22:43.221Z,separate_executor,quote_run_dispatch_probe,200,5142.09,success,,200,success
p3-ex-official-vu200,15e7c53e-f0e9-48d1-a2c8-da12b51e213c,2026-08-31T18:22:43.260Z,separate_executor,quote_run_dispatch_probe,200,4892.29,success,,200,success
p3-ex-official-vu200,9d12cd76-aee0-4f4c-b248-a18bc6896842,2026-08-31T18:22:43.294Z,separate_executor,quote_run_dispatch_probe,200,4342.18,success,,200,success
p3-ex-official-vu200,26fd7898-120a-4100-9fa6-46e979f9b620,2026-08-31T18:22:43.347Z,separate_executor,quote_run_dispatch_probe,200,4657.84,success,,200,success
p3-ex-official-vu200,36a9b2e7-f641-47f4-9bc0-8ce455036d0a,2026-08-31T18:22:43.368Z,separate_executor,quote_run_dispatch_probe,200,4502.05,success,,200,success
p3-ex-official-vu200,1dcb501c-4ec7-45ed-ae3b-ac5bb4dbc4b8,2026-08-31T18:22:43.369Z,separate_executor,quote_run_dispatch_probe,200,4618.81,success,,200,success
p3-ex-official-vu200,e11d4c66-0b7b-498a-a608-49985d487ee7,2026-08-31T18:22:43.371Z,separate_executor,quote_run_dispatch_probe,200,4672.04,success,,200,success
p3-ex-official-vu200,f1d46929-75b4-4a4c-931f-f74fda99004a,2026-08-31T18:22:43.414Z,separate_executor,quote_run_dispatch_probe,200,4623.16,success,,200,success
p3-ex-official-vu200,a04e57df-0bb5-4f66-805c-0f6282b1e2a3,2026-08-31T18:22:43.455Z,separate_executor,quote_run_dispatch_probe,200,4603.02,success,,200,success
p3-ex-official-vu200,3060b5fb-bc5c-44ee-9abf-afe4c7d66f86,2026-08-31T18:22:43.482Z,separate_executor,quote_run_dispatch_probe,200,4789.39,success,,200,success
p3-ex-official-vu200,4fea4b12-99bd-4dc1-b831-14a026e7de66,2026-08-31T18:22:43.482Z,separate_executor,quote_run_dispatch_probe,200,4868.88,success,,200,success
p3-ex-official-vu200,3a381618-f2d0-488e-8674-80043781effe,2026-08-31T18:22:43.483Z,separate_executor,quote_run_dispatch_probe,200,4792.37,success,,200,success
p3-ex-official-vu200,6d79faba-795f-48e3-ba5e-a71f6d333623,2026-08-31T18:22:43.496Z,separate_executor,quote_run_dispatch_probe,200,4678.59,success,,200,success
p3-ex-official-vu200,14db05d1-bed7-4728-a5b1-37cc6ea90630,2026-08-31T18:22:43.667Z,separate_executor,quote_run_dispatch_probe,200,5147.13,success,,200,success
p3-ex-official-vu200,4b0a6b7f-ef48-4af1-bf93-01b4b8116e1c,2026-08-31T18:22:43.757Z,separate_executor,quote_run_dispatch_probe,200,4783.44,success,,200,success
p3-ex-official-vu200,24d124af-efef-4aba-9df9-f2ad28b097e1,2026-08-31T18:22:43.757Z,separate_executor,quote_run_dispatch_probe,200,4819.07,success,,200,success
p3-ex-official-vu200,c8116735-c737-4485-95d1-18a44c99408c,2026-08-31T18:22:43.768Z,separate_executor,quote_run_dispatch_probe,200,4827.97,success,,200,success
p3-ex-official-vu200,ff403b02-c29e-406b-b0bf-09cf8cb07509,2026-08-31T18:22:43.832Z,separate_executor,quote_run_dispatch_probe,200,5153.79,success,,200,success
p3-ex-official-vu200,922e5f6c-f83e-487e-a1b9-139e19737919,2026-08-31T18:22:43.835Z,separate_executor,quote_run_dispatch_probe,200,4750.26,success,,200,success
p3-ex-official-vu200,7e2013bb-25ad-4d12-8721-bb9c3b10de5d,2026-08-31T18:22:43.841Z,separate_executor,quote_run_dispatch_probe,200,4766.52,success,,200,success
p3-ex-official-vu200,e333e342-45e9-4e23-b2d4-aba363c5f8da,2026-08-31T18:22:43.846Z,separate_executor,quote_run_dispatch_probe,200,4975.59,success,,200,success
p3-ex-official-vu200,f0e9f720-7115-403c-a30a-76177b0f00cf,2026-08-31T18:22:43.907Z,separate_executor,quote_run_dispatch_probe,200,4920.88,success,,200,success
p3-ex-official-vu200,0a4d4a0c-6b20-41ce-a7e6-b53a659886ed,2026-08-31T18:22:43.952Z,separate_executor,quote_run_dispatch_probe,200,4896.98,success,,200,success
p3-ex-official-vu200,f98629d9-d85c-48c0-a8d7-2ac14bfde135,2026-08-31T18:22:43.967Z,separate_executor,quote_run_dispatch_probe,200,4703.37,success,,200,success
p3-ex-official-vu200,17708616-292d-40de-b4e6-a3b5339eba6f,2026-08-31T18:22:44.126Z,separate_executor,quote_run_dispatch_probe,200,5046.15,success,,200,success
p3-ex-official-vu200,7873fe8e-a2ca-4308-b75a-b41c6a48fdbe,2026-08-31T18:22:44.162Z,separate_executor,quote_run_dispatch_probe,200,4996.5,success,,200,success
p3-ex-official-vu200,9b262621-fdd4-4428-804e-1b2a96bb5a31,2026-08-31T18:22:44.209Z,separate_executor,quote_run_dispatch_probe,200,4943.8,success,,200,success
p3-ex-official-vu200,6b1547b0-2656-4828-907b-cfbd230f224d,2026-08-31T18:22:44.214Z,separate_executor,quote_run_dispatch_probe,200,4881.49,success,,200,success
p3-ex-official-vu200,795048f1-0ae0-4a1c-9f56-a4929a750aac,2026-08-31T18:22:44.257Z,separate_executor,quote_run_dispatch_probe,200,5088.81,success,,200,success
p3-ex-official-vu200,8b026658-4756-4c63-b4df-469f1f450f3f,2026-08-31T18:22:44.298Z,separate_executor,quote_run_dispatch_probe,200,4559.89,success,,200,success
p3-ex-official-vu200,7b44b615-f847-4af0-b1bc-734925279738,2026-08-31T18:22:44.335Z,separate_executor,quote_run_dispatch_probe,200,4788.3,success,,200,success
p3-ex-official-vu200,dcee6db5-bac7-449b-b1f9-aeb83142b26b,2026-08-31T18:22:44.349Z,separate_executor,quote_run_dispatch_probe,200,5097.05,success,,200,success
p3-ex-official-vu200,bb324366-1335-4129-a590-0bf514486d33,2026-08-31T18:22:44.410Z,separate_executor,quote_run_dispatch_probe,200,5214.78,success,,200,success
p3-ex-official-vu200,b8ee8694-8a7f-4952-9438-7398a4b73e66,2026-08-31T18:22:44.439Z,separate_executor,quote_run_dispatch_probe,200,5449.01,success,,200,success
p3-ex-official-vu200,2fd80e1d-4e01-40c8-a3f1-9f123df5acde,2026-08-31T18:22:44.489Z,separate_executor,quote_run_dispatch_probe,200,5334.08,success,,200,success
p3-ex-official-vu200,c59f8cc7-96df-44ed-aa59-a9da634017c0,2026-08-31T18:22:44.490Z,separate_executor,quote_run_dispatch_probe,200,5320.45,success,,200,success
p3-ex-official-vu200,81ee3623-11ab-44fd-996c-446df01e45e0,2026-08-31T18:22:44.514Z,separate_executor,quote_run_dispatch_probe,200,5384.75,success,,200,success
p3-ex-official-vu200,c4bfc67d-5198-4b94-b6f8-ddd0cbc1857a,2026-08-31T18:22:44.588Z,separate_executor,quote_run_dispatch_probe,200,4904.14,success,,200,success
p3-ex-official-vu200,1f712ddb-7d59-429c-a7a5-3b82e3487c3a,2026-08-31T18:22:44.625Z,separate_executor,quote_run_dispatch_probe,200,4909.04,success,,200,success
p3-ex-official-vu200,e8bb50e6-43bd-4d71-b655-ab99d6744ec5,2026-08-31T18:22:44.688Z,separate_executor,quote_run_dispatch_probe,200,5261.87,success,,200,success
p3-ex-official-vu200,6474a1fe-27d3-4542-8aa7-6b28f3c12fdd,2026-08-31T18:22:44.702Z,separate_executor,quote_run_dispatch_probe,200,4649.56,success,,200,success
p3-ex-official-vu200,3159d380-d8a9-4151-bdca-73a521026d28,2026-08-31T18:22:44.757Z,separate_executor,quote_run_dispatch_probe,200,4959.2,success,,200,success
p3-ex-official-vu200,0cf3f7e1-1e68-41af-a74e-54d5324abb15,2026-08-31T18:22:44.766Z,separate_executor,quote_run_dispatch_probe,200,4932.91,success,,200,success
p3-ex-official-vu200,f5cf02f9-b6bb-4207-bd51-35db55aeb1f2,2026-08-31T18:22:44.766Z,separate_executor,quote_run_dispatch_probe,200,5242.56,success,,200,success
p3-ex-official-vu200,c76c5f7e-d7dd-4090-9b2f-d8042c4a26e2,2026-08-31T18:22:44.806Z,separate_executor,quote_run_dispatch_probe,200,5239.03,success,,200,success
p3-ex-official-vu200,df290d5e-2d0e-42eb-8c6e-6e2bdf92b77d,2026-08-31T18:22:44.832Z,separate_executor,quote_run_dispatch_probe,200,4920.21,success,,200,success
p3-ex-official-vu200,42d0f54c-7442-40d5-b166-fd2f877e630a,2026-08-31T18:22:44.833Z,separate_executor,quote_run_dispatch_probe,200,5115.45,success,,200,success
p3-ex-official-vu200,faf78522-24c1-4f75-9c25-6711da480be4,2026-08-31T18:22:44.924Z,separate_executor,quote_run_dispatch_probe,200,4977.96,success,,200,success
p3-ex-official-vu200,38baeede-8edf-4799-9180-57dbb3f5edfb,2026-08-31T18:22:44.970Z,separate_executor,quote_run_dispatch_probe,200,4915.51,success,,200,success
p3-ex-official-vu200,5afd49b8-645a-4ef9-8a44-f7b0b7aa1931,2026-08-31T18:22:45.003Z,separate_executor,quote_run_dispatch_probe,200,4947.21,success,,200,success
p3-ex-official-vu200,544f4c8f-600e-48c0-aed8-3e55bddfa61b,2026-08-31T18:22:45.024Z,separate_executor,quote_run_dispatch_probe,200,5146.25,success,,200,success
p3-ex-official-vu200,7f50f08a-d035-45a9-bab0-f7b04bce307f,2026-08-31T18:22:45.156Z,separate_executor,quote_run_dispatch_probe,200,5082.4,success,,200,success
p3-ex-official-vu200,0b04588a-152d-4e8d-9d4d-46a46719e5bf,2026-08-31T18:22:45.166Z,separate_executor,quote_run_dispatch_probe,200,4894.04,success,,200,success
p3-ex-official-vu200,47c422c3-3878-465c-8932-f2934ad18cfe,2026-08-31T18:22:45.235Z,separate_executor,quote_run_dispatch_probe,200,5098.68,success,,200,success
p3-ex-official-vu200,b1d37aac-69aa-477a-b755-072dfa56ba32,2026-08-31T18:22:45.685Z,separate_executor,quote_run_dispatch_probe,200,5286.36,success,,200,success
p3-ex-official-vu200,8b77964f-8b42-4a34-908f-26a7074954a7,2026-08-31T18:22:45.733Z,separate_executor,quote_run_dispatch_probe,200,5576.66,success,,200,success
p3-ex-official-vu200,e4c600e7-7972-4781-95b3-e312849170c3,2026-08-31T18:22:45.734Z,separate_executor,quote_run_dispatch_probe,200,5468.04,success,,200,success
p3-ex-official-vu200,a8ce97e5-f150-4ea8-8444-360675f0b3a9,2026-08-31T18:22:45.736Z,separate_executor,quote_run_dispatch_probe,200,5461.05,success,,200,success
p3-ex-official-vu200,6432b5d0-6157-494b-8209-af37557343cc,2026-08-31T18:22:45.755Z,separate_executor,quote_run_dispatch_probe,200,5555.86,success,,200,success
p3-ex-official-vu200,4aa07811-1a38-44ea-861d-875dd9445b34,2026-08-31T18:22:45.756Z,separate_executor,quote_run_dispatch_probe,200,5589.74,success,,200,success
p3-ex-official-vu200,45ec4443-f16a-4694-962b-e7d01e0a8666,2026-08-31T18:22:45.757Z,separate_executor,quote_run_dispatch_probe,200,5742.24,success,,200,success
p3-ex-official-vu200,9516eec6-6d12-4e3b-a7a7-5ba2cf10aff5,2026-08-31T18:22:45.758Z,separate_executor,quote_run_dispatch_probe,200,5284.32,success,,200,success
p3-ex-official-vu200,f9750589-4830-4d66-aac9-ba35fedcd85c,2026-08-31T18:22:45.759Z,separate_executor,quote_run_dispatch_probe,200,5417.73,success,,200,success
p3-ex-official-vu200,96524359-d230-4f52-ab32-dbab9b319efa,2026-08-31T18:22:45.769Z,separate_executor,quote_run_dispatch_probe,200,5444.45,success,,200,success
p3-ex-official-vu200,329758ec-cbc0-449c-b8cc-3f90a5c37ab7,2026-08-31T18:22:45.772Z,separate_executor,quote_run_dispatch_probe,200,5414.84,success,,200,success
p3-ex-official-vu200,c2285be6-2f37-4f73-9dda-1ef4875a0dfc,2026-08-31T18:22:45.784Z,separate_executor,quote_run_dispatch_probe,200,5618.55,success,,200,success
p3-ex-official-vu200,03b79f22-2c09-40c8-83c3-c8281c040361,2026-08-31T18:22:45.785Z,separate_executor,quote_run_dispatch_probe,200,5248.14,success,,200,success
p3-ex-official-vu200,75bd1d18-d983-4531-acb6-d54472ca0ec8,2026-08-31T18:22:45.810Z,separate_executor,quote_run_dispatch_probe,200,5089.78,success,,200,success
p3-ex-official-vu200,7ac6e46c-bd12-49fb-a3e4-cc7622bfce59,2026-08-31T18:22:45.818Z,separate_executor,quote_run_dispatch_probe,200,5092.89,success,,200,success
p3-ex-official-vu200,226321a7-8b99-472a-af39-1a2103a3f1c9,2026-08-31T18:22:47.286Z,separate_executor,quote_run_dispatch_probe,200,6801.31,success,,200,success
p3-ex-official-vu200,e5c19977-40fd-4589-b458-f08f0315cc28,2026-08-31T18:22:48.815Z,separate_executor,quote_run_dispatch_probe,200,8098.62,success,,200,success
p3-ex-official-vu200,706e2b86-f543-49a7-ae48-b2df43bc240a,2026-08-31T18:22:48.816Z,separate_executor,quote_run_dispatch_probe,200,8341.17,success,,200,success
p3-ex-official-vu200,9b696282-6475-47ca-824d-538723b1d4ec,2026-08-31T18:22:48.817Z,separate_executor,quote_run_dispatch_probe,200,7952.4,success,,200,success
p3-ex-official-vu200,afc0df1a-29b2-431b-bf40-40e69bf5e70a,2026-08-31T18:22:48.821Z,separate_executor,quote_run_dispatch_probe,200,8112.31,success,,200,success
p3-ex-official-vu200,7c20ce83-3145-41c0-8be2-94fd28295b72,2026-08-31T18:22:48.877Z,separate_executor,quote_run_dispatch_probe,200,8153.78,success,,200,success
p3-ex-official-vu200,c7fb21bb-3869-466c-b525-7d7d73aa82a7,2026-08-31T18:22:48.878Z,separate_executor,quote_run_dispatch_probe,200,8342.49,success,,200,success
p3-ex-official-vu200,16991683-be31-4ad2-8c27-6fe747fe0eb6,2026-08-31T18:22:48.965Z,separate_executor,quote_run_dispatch_probe,200,7848.89,success,,200,success
p3-ex-official-vu200,fc8360ca-f40b-4afb-95cc-a3ff0a829a3d,2026-08-31T18:22:48.966Z,separate_executor,quote_run_dispatch_probe,200,7976.74,success,,200,success
p3-ex-official-vu200,c60abfba-dd3f-4d50-bf6e-7c0e0a181838,2026-08-31T18:22:49.002Z,separate_executor,quote_run_dispatch_probe,200,7869.6,success,,200,success
p3-ex-official-vu200,eb985352-fae4-4420-89f4-a0315e893e11,2026-08-31T18:22:49.003Z,separate_executor,quote_run_dispatch_probe,200,7949.31,success,,200,success
p3-ex-official-vu200,2a5908ed-6615-4d53-80bb-6c504e9c00e2,2026-08-31T18:22:49.090Z,separate_executor,quote_run_dispatch_probe,200,8365.22,success,,200,success
p3-ex-official-vu200,ef96adb5-3e5f-4200-904f-9d49cf24ba46,2026-08-31T18:22:49.319Z,separate_executor,quote_run_dispatch_probe,200,8101.5,success,,200,success
p3-ex-official-vu200,286f1e7e-935e-43ee-bf8a-2877ad8701d5,2026-08-31T18:22:49.319Z,separate_executor,quote_run_dispatch_probe,200,8029.12,success,,200,success
p3-ex-official-vu200,021b420a-9f80-4803-a0d3-1ed9620460e1,2026-08-31T18:22:49.418Z,separate_executor,quote_run_dispatch_probe,200,7767.33,success,,200,success
p3-ex-official-vu200,6807e483-a5b1-47b1-b728-90ac562b9661,2026-08-31T18:22:49.437Z,separate_executor,quote_run_dispatch_probe,200,8278.27,success,,200,success
p3-ex-official-vu200,96ae71ba-35cd-42fd-b38c-6c0ebb654daf,2026-08-31T18:22:49.480Z,separate_executor,quote_run_dispatch_probe,200,8405.24,success,,200,success
p3-ex-official-vu200,0e7732f7-5eb1-4883-af80-ca0830ced23c,2026-08-31T18:22:49.553Z,separate_executor,quote_run_dispatch_probe,200,8006.5,success,,200,success
p3-ex-official-vu200,e347f5da-6156-418f-9214-b1da0a9f7c69,2026-08-31T18:22:49.590Z,separate_executor,quote_run_dispatch_probe,200,8039.7,success,,200,success
p3-ex-official-vu200,20d6e100-49c6-4b5e-944e-f69d059dc484,2026-08-31T18:22:49.755Z,separate_executor,quote_run_dispatch_probe,200,8114.92,success,,200,success
p3-ex-official-vu200,cdcbef39-0534-40bd-828d-2bc0e6b7b660,2026-08-31T18:22:49.771Z,separate_executor,quote_run_dispatch_probe,200,8115.94,success,,200,success
p3-ex-official-vu200,5c9cdc2a-517a-4bef-b91c-dd3418be5062,2026-08-31T18:22:49.789Z,separate_executor,quote_run_dispatch_probe,200,8148.71,success,,200,success
p3-ex-official-vu200,f98fcef7-dbab-406f-a381-c9cc31413536,2026-08-31T18:22:49.822Z,separate_executor,quote_run_dispatch_probe,200,8170.92,success,,200,success
p3-ex-official-vu200,61a8473f-420d-4394-aaed-4725c9418602,2026-08-31T18:22:49.852Z,separate_executor,quote_run_dispatch_probe,200,8211,success,,200,success
p3-ex-official-vu200,7e67ffba-6c33-44e2-ad6a-f59d031368a5,2026-08-31T18:22:49.863Z,separate_executor,quote_run_dispatch_probe,200,7881.02,success,,200,success
p3-ex-official-vu200,0d2ddfa6-48e1-45d2-bfe4-06a262bc7ede,2026-08-31T18:22:50.936Z,separate_executor,quote_run_dispatch_probe,200,10218,success,,200,success
p3-ex-official-vu200,f524a5f5-2a52-494d-8173-a1d6a26c298d,2026-08-31T18:22:50.938Z,separate_executor,quote_run_dispatch_probe,200,10001.75,success,,200,success
p3-ex-official-vu200,5517b71d-ce44-4b3a-b1de-79c563e58b2e,2026-08-31T18:22:50.938Z,separate_executor,quote_run_dispatch_probe,200,10126.44,success,,200,success
p3-ex-official-vu200,d3dff997-5c02-41ba-8eae-89c412073c49,2026-08-31T18:22:50.939Z,separate_executor,quote_run_dispatch_probe,200,9887.62,success,,200,success
p3-ex-official-vu200,eccfe907-6bf2-4250-a505-493a4dca7fa2,2026-08-31T18:22:50.939Z,separate_executor,quote_run_dispatch_probe,200,10077.49,success,,200,success
p3-ex-official-vu200,cdc1d0be-2c9c-4fe0-b158-91814b7d0bd2,2026-08-31T18:22:50.941Z,separate_executor,quote_run_dispatch_probe,200,10173.28,success,,200,success
p3-ex-official-vu200,67e8b97e-0a24-4a9f-9074-fc45cb409609,2026-08-31T18:22:50.950Z,separate_executor,quote_run_dispatch_probe,200,10166.59,success,,200,success
p3-ex-official-vu200,88fe63d2-4910-4f38-a1a2-a3fbde785e85,2026-08-31T18:22:50.951Z,separate_executor,quote_run_dispatch_probe,200,9950.35,success,,200,success
p3-ex-official-vu200,2d8173a6-f484-4814-85a2-c2ba6fb80327,2026-08-31T18:22:50.952Z,separate_executor,quote_run_dispatch_probe,200,10003.79,success,,200,success
p3-ex-official-vu200,fe096735-874b-4809-ae11-c6549dbf3d2f,2026-08-31T18:22:50.954Z,separate_executor,quote_run_dispatch_probe,200,9788.21,success,,200,success
p3-ex-official-vu200,a297f619-042b-412d-a84f-916572738b38,2026-08-31T18:22:50.956Z,separate_executor,quote_run_dispatch_probe,200,9737.92,success,,200,success
p3-ex-official-vu200,b882e6af-011c-4fb7-999d-7da5e2b980c7,2026-08-31T18:22:50.956Z,separate_executor,quote_run_dispatch_probe,200,9303.09,success,,200,success
p3-ex-official-vu200,a211c32a-0d26-49c6-b10c-dabfaa95d4df,2026-08-31T18:22:50.956Z,separate_executor,quote_run_dispatch_probe,200,9756.65,success,,200,success
p3-ex-official-vu200,279c2a45-a0eb-4778-83c0-963ce861319a,2026-08-31T18:22:50.957Z,separate_executor,quote_run_dispatch_probe,200,10055.37,success,,200,success
p3-ex-official-vu200,28297a02-292f-4c7d-8581-993439398cc6,2026-08-31T18:22:50.958Z,separate_executor,quote_run_dispatch_probe,200,9708.8,success,,200,success
p3-ex-official-vu200,87df6faf-1b05-4c6b-942c-bd602eaa6a42,2026-08-31T18:22:50.960Z,separate_executor,quote_run_dispatch_probe,200,9503.58,success,,200,success
p3-ex-official-vu200,55d8dd56-093e-43e6-bcb0-849101e15a97,2026-08-31T18:22:50.960Z,separate_executor,quote_run_dispatch_probe,200,9408.93,success,,200,success
p3-ex-official-vu200,dcc43b2b-1d62-4eb4-bd78-a2768e99f986,2026-08-31T18:22:50.961Z,separate_executor,quote_run_dispatch_probe,200,9409.05,success,,200,success
p3-ex-official-vu200,440d4dad-9f67-489e-a3a0-30330e6344b7,2026-08-31T18:22:50.966Z,separate_executor,quote_run_dispatch_probe,200,9408.49,success,,200,success
p3-ex-official-vu200,7ca51f32-e98e-42d9-ac96-c18a14107cda,2026-08-31T18:22:50.966Z,separate_executor,quote_run_dispatch_probe,200,9312.29,success,,200,success
p3-ex-official-vu200,2963eb73-f891-46fb-a2c9-be120339d7bc,2026-08-31T18:22:50.966Z,separate_executor,quote_run_dispatch_probe,200,9324.16,success,,200,success
p3-ex-official-vu200,652914a5-0501-46ab-9022-7574df6f1210,2026-08-31T18:22:50.967Z,separate_executor,quote_run_dispatch_probe,200,9185.88,success,,200,success
p3-ex-official-vu200,70e28ab8-a651-4bdc-a6c7-b005abadc3ea,2026-08-31T18:22:50.967Z,separate_executor,quote_run_dispatch_probe,200,9449.21,success,,200,success
p3-ex-official-vu200,260256a3-c385-4530-9666-d940481a4fcd,2026-08-31T18:22:50.968Z,separate_executor,quote_run_dispatch_probe,200,9315.59,success,,200,success
p3-ex-official-vu200,6a184d11-b587-4ba7-964e-1fba641bb591,2026-08-31T18:22:50.970Z,separate_executor,quote_run_dispatch_probe,200,9086.36,success,,200,success
p3-ex-official-vu200,63ec7377-2545-4600-b67f-79532d9467e3,2026-08-31T18:22:50.972Z,separate_executor,quote_run_dispatch_probe,200,9242.3,success,,200,success
p3-ex-official-vu200,4c586fc7-45d0-436c-8d6e-3fcd8de1c237,2026-08-31T18:22:50.973Z,separate_executor,quote_run_dispatch_probe,200,9421.28,success,,200,success
p3-ex-official-vu200,4bad5045-dca4-4862-a77a-363bf8adae7b,2026-08-31T18:22:50.973Z,separate_executor,quote_run_dispatch_probe,200,9106.35,success,,200,success
p3-ex-official-vu200,eee3a168-1acc-4470-a273-4aaa98b4d05c,2026-08-31T18:22:50.976Z,separate_executor,quote_run_dispatch_probe,200,9053.62,success,,200,success
p3-ex-official-vu200,cbe30aad-bcec-42e6-9e3e-66d68f0acc9f,2026-08-31T18:22:50.983Z,separate_executor,quote_run_dispatch_probe,200,9119.7,success,,200,success
p3-ex-official-vu200,97056959-f59a-4826-8b57-9357ed82973d,2026-08-31T18:22:50.984Z,separate_executor,quote_run_dispatch_probe,200,9118.37,success,,200,success
p3-ex-official-vu200,ed713e54-d05a-4646-a9e9-af7dee28c5ac,2026-08-31T18:22:50.985Z,separate_executor,quote_run_dispatch_probe,200,9047.72,success,,200,success
p3-ex-official-vu200,a5b12221-3bd4-4289-bf90-b76d4daea25b,2026-08-31T18:22:50.985Z,separate_executor,quote_run_dispatch_probe,200,9306.17,success,,200,success
p3-ex-official-vu200,89563d78-80dc-43bf-818a-c21e865307b4,2026-08-31T18:22:50.989Z,separate_executor,quote_run_dispatch_probe,200,8568.36,success,,200,success
p3-ex-official-vu200,fc302cfd-f8e2-48a0-a672-674d5a43a136,2026-08-31T18:22:50.989Z,separate_executor,quote_run_dispatch_probe,200,8573.53,success,,200,success
p3-ex-official-vu200,0cc3c5f6-9d10-46ff-a9f8-522f95ee3450,2026-08-31T18:22:50.992Z,separate_executor,quote_run_dispatch_probe,200,8523.96,success,,200,success
p3-ex-official-vu200,11b81f8e-5fca-4efc-b574-0d9d5b483a33,2026-08-31T18:22:50.999Z,separate_executor,quote_run_dispatch_probe,200,8530.11,success,,200,success
p3-ex-official-vu200,2b98974a-b4b4-48d5-9957-06677d2b127f,2026-08-31T18:22:51.002Z,separate_executor,quote_run_dispatch_probe,200,8321.35,success,,200,success
p3-ex-official-vu200,9ec0ef44-5fc6-439f-8a7e-9fd0ae381b9a,2026-08-31T18:22:51.742Z,separate_executor,quote_run_dispatch_probe,200,9925.43,success,,200,success
p3-ex-official-vu200,47dbae85-50b7-40a5-81bf-dabefb38f0a3,2026-08-31T18:22:51.752Z,separate_executor,quote_run_dispatch_probe,200,10118,success,,200,success
p3-ex-official-vu200,f7ee0d19-ee57-4cd9-9922-58fee8edbf12,2026-08-31T18:22:51.753Z,separate_executor,quote_run_dispatch_probe,200,9413.66,success,,200,success
p3-ex-official-vu200,9f5301ff-2f26-4166-8586-fad188bdbaed,2026-08-31T18:22:51.754Z,separate_executor,quote_run_dispatch_probe,200,9336.64,success,,200,success
p3-ex-official-vu200,30311949-a669-4770-a0b5-f95aded510a5,2026-08-31T18:22:51.765Z,separate_executor,quote_run_dispatch_probe,200,9602.63,success,,200,success
p3-ex-official-vu200,9eaebb50-d482-4e5a-90da-158e4830c64b,2026-08-31T18:22:51.766Z,separate_executor,quote_run_dispatch_probe,200,9752.09,success,,200,success
p3-ex-official-vu200,b84e27af-2493-4948-a392-20bf70c8cf7d,2026-08-31T18:22:51.809Z,separate_executor,quote_run_dispatch_probe,200,9128.11,success,,200,success
p3-ex-official-vu200,a42812c3-541f-4072-b7db-56bd94f04f97,2026-08-31T18:22:51.818Z,separate_executor,quote_run_dispatch_probe,200,9349.59,success,,200,success
p3-ex-official-vu200,19eca597-3142-47af-83ef-782a48abd8ec,2026-08-31T18:22:51.819Z,separate_executor,quote_run_dispatch_probe,200,9119.04,success,,200,success
p3-ex-official-vu200,88d69eb5-a883-4a2c-b2e1-66f282591558,2026-08-31T18:22:51.825Z,separate_executor,quote_run_dispatch_probe,200,9354.95,success,,200,success
p3-ex-official-vu200,a8528314-bedb-44be-9be8-5a5a50a03bf9,2026-08-31T18:22:51.826Z,separate_executor,quote_run_dispatch_probe,200,9810.06,success,,200,success
p3-ex-official-vu200,585fc7fb-e4d2-4961-80e0-a5ae9d8d90de,2026-08-31T18:22:51.834Z,separate_executor,quote_run_dispatch_probe,200,9366.38,success,,200,success
p3-ex-official-vu200,6374b5bb-aa04-4d4b-908c-ffd5862945b7,2026-08-31T18:22:51.835Z,separate_executor,quote_run_dispatch_probe,200,9312.34,success,,200,success
p3-ex-official-vu200,56379ae6-1559-4c5f-8bca-129ca452db0c,2026-08-31T18:22:51.839Z,separate_executor,quote_run_dispatch_probe,200,9340.64,success,,200,success
p3-ex-official-vu200,dacda1b8-50c4-4616-abf9-d97bdf9cf15a,2026-08-31T18:22:51.839Z,separate_executor,quote_run_dispatch_probe,200,9324.59,success,,200,success
p3-ex-official-vu200,92cf15c5-cd5e-4665-b14d-89c44b867522,2026-08-31T18:22:51.840Z,separate_executor,quote_run_dispatch_probe,200,9418.89,success,,200,success
p3-ex-official-vu200,1a2d9c57-dd3b-4217-853e-988e633a04ef,2026-08-31T18:22:51.841Z,separate_executor,quote_run_dispatch_probe,200,9390.75,success,,200,success
p3-ex-official-vu200,50c82c69-d882-4373-9edb-6a120a285e7c,2026-08-31T18:22:51.842Z,separate_executor,quote_run_dispatch_probe,200,9652.23,success,,200,success
p3-ex-official-vu200,78d72748-1536-4357-a871-a62ad43c8bdc,2026-08-31T18:22:51.850Z,separate_executor,quote_run_dispatch_probe,200,8965.14,success,,200,success
p3-ex-official-vu200,f9192d8e-7f4c-4753-a2b9-a6ed42535036,2026-08-31T18:22:51.851Z,separate_executor,quote_run_dispatch_probe,200,9195.02,success,,200,success
p3-ex-official-vu200,64e0262b-7e6b-4d77-8204-05c1d40ab873,2026-08-31T18:22:51.857Z,separate_executor,quote_run_dispatch_probe,200,9516.21,success,,200,success
p3-ex-official-vu200,3f45c802-8aef-4065-a797-1d4565758dda,2026-08-31T18:22:51.857Z,separate_executor,quote_run_dispatch_probe,200,8863.88,success,,200,success
p3-ex-official-vu200,4b76c384-52d3-4722-857c-d7a2a5b5a4d7,2026-08-31T18:22:51.863Z,separate_executor,quote_run_dispatch_probe,200,9102.11,success,,200,success
p3-ex-official-vu200,1d275cc1-2356-4a7c-b17a-eb30c3c0d0af,2026-08-31T18:22:51.868Z,separate_executor,quote_run_dispatch_probe,200,9385.48,success,,200,success
p3-ex-official-vu200,798f305a-6b41-49c4-9061-72269c6f6713,2026-08-31T18:22:51.869Z,separate_executor,quote_run_dispatch_probe,200,8846.46,success,,200,success
p3-ex-official-vu200,7eb3ab63-d1b9-48a3-a99e-b6e18488e6f0,2026-08-31T18:22:51.870Z,separate_executor,quote_run_dispatch_probe,200,8669.4,success,,200,success
p3-ex-official-vu200,00a9c873-7775-4322-aede-c5d3e47fd7b1,2026-08-31T18:22:51.874Z,separate_executor,quote_run_dispatch_probe,200,8809.39,success,,200,success
p3-ex-official-vu200,8e579923-b296-4ab7-b601-8b530b92d7e9,2026-08-31T18:22:51.876Z,separate_executor,quote_run_dispatch_probe,200,9203.61,success,,200,success
p3-ex-official-vu200,5012c7ff-e6e5-41f8-a3f9-e29e46940663,2026-08-31T18:22:51.877Z,separate_executor,quote_run_dispatch_probe,200,8725.08,success,,200,success
p3-ex-official-vu200,32b76fb5-0b19-4bad-8a87-1c816d842a99,2026-08-31T18:22:51.883Z,separate_executor,quote_run_dispatch_probe,200,8535.16,success,,200,success
p3-ex-official-vu200,26ddd0a9-a929-477d-afc9-3e27fdc7d539,2026-08-31T18:22:51.903Z,separate_executor,quote_run_dispatch_probe,200,9030.13,success,,200,success
p3-ex-official-vu200,a11c1e03-c054-4a75-a5aa-4cd07ca22e41,2026-08-31T18:22:51.905Z,separate_executor,quote_run_dispatch_probe,200,8136.59,success,,200,success
p3-ex-official-vu200,94fc0703-074f-47e1-ba1e-5b53e3f6a769,2026-08-31T18:22:51.910Z,separate_executor,quote_run_dispatch_probe,200,8427.05,success,,200,success
p3-ex-official-vu200,fba7c805-b4f5-474c-9c1e-bf07b8eec9ae,2026-08-31T18:22:51.916Z,separate_executor,quote_run_dispatch_probe,200,8248.76,success,,200,success
p3-ex-official-vu200,d843569b-bd87-429e-b74b-cf76ee105501,2026-08-31T18:22:51.917Z,separate_executor,quote_run_dispatch_probe,200,8656.38,success,,200,success
p3-ex-official-vu200,9d744ed5-a50f-48fd-8f20-ff1adfdd2c39,2026-08-31T18:22:51.918Z,separate_executor,quote_run_dispatch_probe,200,8546.99,success,,200,success
p3-ex-official-vu200,fee3b721-4e62-4bb8-abed-c5629cdf4075,2026-08-31T18:22:51.919Z,separate_executor,quote_run_dispatch_probe,200,8750.17,success,,200,success
p3-ex-official-vu200,72b34681-9ff8-4b81-b8a7-46ca23dff0ff,2026-08-31T18:22:51.919Z,separate_executor,quote_run_dispatch_probe,200,8698.24,success,,200,success
p3-ex-official-vu200,4176fe81-b4d6-4157-aaee-9b677de8e17d,2026-08-31T18:22:51.920Z,separate_executor,quote_run_dispatch_probe,200,7622.37,success,,200,success
p3-ex-official-vu200,d7883b87-2596-4936-ac9d-f4178fba37c8,2026-08-31T18:22:51.935Z,separate_executor,quote_run_dispatch_probe,200,7726.3,success,,200,success
p3-ex-official-vu200,782d45d7-b670-4b20-b568-75363d07047b,2026-08-31T18:22:51.936Z,separate_executor,quote_run_dispatch_probe,200,7810.59,success,,200,success
p3-ex-official-vu200,87306331-93ed-4e29-a394-ff1345879624,2026-08-31T18:22:51.941Z,separate_executor,quote_run_dispatch_probe,200,7238.62,success,,200,success
p3-ex-official-vu200,0de4fd4c-0313-4bd1-85c5-319eed625409,2026-08-31T18:22:51.941Z,separate_executor,quote_run_dispatch_probe,200,7574.1,success,,200,success
p3-ex-official-vu200,0e648778-c6da-4da1-a00c-99e6d4837b60,2026-08-31T18:22:51.942Z,separate_executor,quote_run_dispatch_probe,200,6786.7,success,,200,success
p3-ex-official-vu200,797b08f3-2f28-43e8-9d51-020157138f05,2026-08-31T18:22:51.951Z,separate_executor,quote_run_dispatch_probe,200,7027.14,success,,200,success
p3-ex-official-vu200,19f155e9-18bb-4a83-ad4c-e1596aae1dc8,2026-08-31T18:22:51.958Z,separate_executor,quote_run_dispatch_probe,200,6722.39,success,,200,success
p3-ex-official-vu200,f23f26ac-590d-4019-8676-ae2e5144a341,2026-08-31T18:22:51.960Z,separate_executor,quote_run_dispatch_probe,200,6676.22,success,,200,success
p3-ex-official-vu200,77f82a5b-ce8b-4012-b82f-de54f50f7f8e,2026-08-31T18:22:52.024Z,separate_executor,quote_run_dispatch_probe,200,9443.57,success,,200,success
p3-ex-official-vu200,57356302-cb58-4b7c-9549-87a8028062ba,2026-08-31T18:22:52.024Z,separate_executor,quote_run_dispatch_probe,200,9268.46,success,,200,success
p3-ex-official-vu200,8199e9d9-eb6b-4849-a85a-d3bd8052855c,2026-08-31T18:22:52.025Z,separate_executor,quote_run_dispatch_probe,200,9552.25,success,,200,success
p3-ex-official-vu200,1a6407b5-3c4c-40aa-bd0f-ab21cae3f61a,2026-08-31T18:22:52.034Z,separate_executor,quote_run_dispatch_probe,200,9174.41,success,,200,success
p3-ex-official-vu200,9f8f6ddf-712a-4c84-a58e-d8662080682d,2026-08-31T18:22:52.035Z,separate_executor,quote_run_dispatch_probe,200,8666.9,success,,200,success
p3-ex-official-vu200,481afc66-9827-41d9-90bf-4e6e0ad6a70d,2026-08-31T18:22:52.039Z,separate_executor,quote_run_dispatch_probe,200,9318.43,success,,200,success
p3-ex-official-vu200,4b3e91ce-c5db-4ae2-b22b-fbcf281462fd,2026-08-31T18:22:52.040Z,separate_executor,quote_run_dispatch_probe,200,8745.49,success,,200,success
p3-ex-official-vu200,349c506c-5451-403a-b523-72ef28f584b1,2026-08-31T18:22:52.040Z,separate_executor,quote_run_dispatch_probe,200,8626.45,success,,200,success
p3-ex-official-vu200,5d61b881-4266-482b-8d0b-228b4ac03cb4,2026-08-31T18:22:52.041Z,separate_executor,quote_run_dispatch_probe,200,8852.62,success,,200,success
p3-ex-official-vu200,caadd3ee-a30f-40d1-bee9-edd9f9a3c309,2026-08-31T18:22:52.050Z,separate_executor,quote_run_dispatch_probe,200,8566.98,success,,200,success
p3-ex-official-vu200,30658864-5a45-4e3d-bcb5-446aeb7748df,2026-08-31T18:22:52.053Z,separate_executor,quote_run_dispatch_probe,200,9582.61,success,,200,success
p3-ex-official-vu200,deea753b-a4ac-4f1d-b15d-4e7f23cedc65,2026-08-31T18:22:52.054Z,separate_executor,quote_run_dispatch_probe,200,8686.31,success,,200,success
p3-ex-official-vu200,a2c66849-29ea-4cd7-a595-5fe664b45d47,2026-08-31T18:22:52.058Z,separate_executor,quote_run_dispatch_probe,200,9035.09,success,,200,success
p3-ex-official-vu200,14418800-b2f9-4c60-8b8d-5b1a8f9c8a49,2026-08-31T18:22:52.059Z,separate_executor,quote_run_dispatch_probe,200,8850.6,success,,200,success
p3-ex-official-vu200,ba41a052-c22e-4d1f-98a2-69d6ad083b1b,2026-08-31T18:22:52.071Z,separate_executor,quote_run_dispatch_probe,200,8575.21,success,,200,success
p3-ex-official-vu200,9c8ac254-f762-4847-b929-eb77b67a36d7,2026-08-31T18:22:52.088Z,separate_executor,quote_run_dispatch_probe,200,8633.25,success,,200,success
p3-ex-official-vu200,e51183c2-4db4-43a9-9a46-2ec8ac664872,2026-08-31T18:22:52.091Z,separate_executor,quote_run_dispatch_probe,200,8324.43,success,,200,success
p3-ex-official-vu200,610ac173-083e-433b-8f5a-e2f5a208eca7,2026-08-31T18:22:52.103Z,separate_executor,quote_run_dispatch_probe,200,8345.98,success,,200,success
p3-ex-official-vu200,265aa682-fd21-4188-8cae-62e4bde45f67,2026-08-31T18:22:52.118Z,separate_executor,quote_run_dispatch_probe,200,8491.2,success,,200,success
p3-ex-official-vu200,b0671cd3-2859-4ad7-9257-e5d02a2d200b,2026-08-31T18:22:52.119Z,separate_executor,quote_run_dispatch_probe,200,8287.83,success,,200,success
p3-ex-official-vu200,8886020f-9755-4888-a6a2-2a912fcc662b,2026-08-31T18:22:52.123Z,separate_executor,quote_run_dispatch_probe,200,8366.81,success,,200,success
p3-ex-official-vu200,4fa6ac54-b87e-43ef-b653-a976264bc8f3,2026-08-31T18:22:52.125Z,separate_executor,quote_run_dispatch_probe,200,8791.11,success,,200,success
p3-ex-official-vu200,529ffcc6-12d6-4d0d-a5d3-c5083b432b48,2026-08-31T18:22:52.141Z,separate_executor,quote_run_dispatch_probe,200,8659.66,success,,200,success
p3-ex-official-vu200,92a9688e-6d78-4ce5-8489-1896680250c1,2026-08-31T18:22:52.157Z,separate_executor,quote_run_dispatch_probe,200,8189.78,success,,200,success
p3-ex-official-vu200,7828fe60-26cc-43b1-ad9b-68dd6fdc6683,2026-08-31T18:22:52.158Z,separate_executor,quote_run_dispatch_probe,200,8322.87,success,,200,success
p3-ex-official-vu200,fde22ded-937c-4fba-99a1-064ddce711e4,2026-08-31T18:22:52.158Z,separate_executor,quote_run_dispatch_probe,200,8685.03,success,,200,success
p3-ex-official-vu200,6467cad6-3cd9-4c2a-83eb-2d464aab65a5,2026-08-31T18:22:52.159Z,separate_executor,quote_run_dispatch_probe,200,8959.43,success,,200,success
p3-ex-official-vu200,3dfee612-81de-4c30-8b42-8bdd83f2b70f,2026-08-31T18:22:52.175Z,separate_executor,quote_run_dispatch_probe,200,7961.06,success,,200,success
p3-ex-official-vu200,ec01381e-2d2b-49a5-9e08-c20f403a0888,2026-08-31T18:22:52.176Z,separate_executor,quote_run_dispatch_probe,200,8013.04,success,,200,success
p3-ex-official-vu200,7473d4b5-0966-46ce-9753-4e570e5ff57c,2026-08-31T18:22:52.183Z,separate_executor,quote_run_dispatch_probe,200,8093.83,success,,200,success
p3-ex-official-vu200,0aeaca2f-c180-4629-b218-a2398e434b06,2026-08-31T18:22:52.185Z,separate_executor,quote_run_dispatch_probe,200,8344.04,success,,200,success
p3-ex-official-vu200,b7e250a1-a875-4425-b26c-e6184e5730a6,2026-08-31T18:22:52.189Z,separate_executor,quote_run_dispatch_probe,200,7854.2,success,,200,success
p3-ex-official-vu200,0867ede3-4ffc-4e1c-91ca-7de9f165f86f,2026-08-31T18:22:52.190Z,separate_executor,quote_run_dispatch_probe,200,7933.14,success,,200,success
p3-ex-official-vu200,a5de3136-fd07-47a0-8202-21275db8fee6,2026-08-31T18:22:52.198Z,separate_executor,quote_run_dispatch_probe,200,7848.24,success,,200,success
p3-ex-official-vu200,c5a64a90-c4e1-45cb-bbc3-115573148599,2026-08-31T18:22:52.200Z,separate_executor,quote_run_dispatch_probe,200,8292.78,success,,200,success
p3-ex-official-vu200,6643e6c4-dc1f-49cf-b539-9db1dff2bb51,2026-08-31T18:22:52.201Z,separate_executor,quote_run_dispatch_probe,200,7986.72,success,,200,success
p3-ex-official-vu200,12db0fb2-71d7-4c26-85b9-dd48ddaaeae8,2026-08-31T18:22:52.206Z,separate_executor,quote_run_dispatch_probe,200,7580.39,success,,200,success
p3-ex-official-vu200,7d912010-e8bb-497f-94fe-0c2e5fbc59da,2026-08-31T18:22:52.207Z,separate_executor,quote_run_dispatch_probe,200,7796.21,success,,200,success
p3-ex-official-vu200,ba8cdc3a-db03-4f23-8999-caf311edaaf5,2026-08-31T18:22:52.208Z,separate_executor,quote_run_dispatch_probe,200,8361.86,success,,200,success
p3-ex-official-vu200,3edbbd9e-c981-463b-b9f5-2379750bb751,2026-08-31T18:22:52.209Z,separate_executor,quote_run_dispatch_probe,200,8256.24,success,,200,success
p3-ex-official-vu200,7a9af3cf-9e7b-4774-8ade-aa1864e7ef11,2026-08-31T18:22:52.212Z,separate_executor,quote_run_dispatch_probe,200,7624.46,success,,200,success
p3-ex-official-vu200,d3732228-e76e-477e-9ab4-e7b1b3081ed5,2026-08-31T18:22:52.222Z,separate_executor,quote_run_dispatch_probe,200,7252.03,success,,200,success
p3-ex-official-vu200,f9571923-a58d-445d-aeea-3d2535c3e0de,2026-08-31T18:22:52.222Z,separate_executor,quote_run_dispatch_probe,200,7389.96,success,,200,success
p3-ex-official-vu200,f5cafed1-8790-4c61-916f-36a6b9fd399c,2026-08-31T18:22:52.225Z,separate_executor,quote_run_dispatch_probe,200,8305.33,success,,200,success
p3-ex-official-vu200,07084838-1b8a-4c9d-9c74-9908b9adee86,2026-08-31T18:22:52.235Z,separate_executor,quote_run_dispatch_probe,200,7721.17,success,,200,success
p3-ex-official-vu200,b6782d0a-18cd-42cd-8b18-e7654874890f,2026-08-31T18:22:52.236Z,separate_executor,quote_run_dispatch_probe,200,7548.3,success,,200,success
p3-ex-official-vu200,5e5007c7-9d3b-422a-9949-5f17248e4ed4,2026-08-31T18:22:52.237Z,separate_executor,quote_run_dispatch_probe,200,7233.83,success,,200,success
p3-ex-official-vu200,8c93cb87-4023-4863-b650-f16fc86e54ba,2026-08-31T18:22:52.237Z,separate_executor,quote_run_dispatch_probe,200,7071.01,success,,200,success
p3-ex-official-vu200,93247797-94de-4351-acc3-5a3ff23af0ab,2026-08-31T18:22:52.237Z,separate_executor,quote_run_dispatch_probe,200,7722.62,success,,200,success
p3-ex-official-vu200,06862c3a-aa3f-459b-9401-57cd1ec24ad8,2026-08-31T18:22:52.237Z,separate_executor,quote_run_dispatch_probe,200,7471.24,success,,200,success
p3-ex-official-vu200,e95038c5-1e1b-4f68-b4b1-32da78c0c926,2026-08-31T18:22:52.239Z,separate_executor,quote_run_dispatch_probe,200,7799.67,success,,200,success
p3-ex-official-vu200,0abb3768-1f4a-4dec-a88c-50f5627094b9,2026-08-31T18:22:52.239Z,separate_executor,quote_run_dispatch_probe,200,7749.5,success,,200,success
p3-ex-official-vu200,39ffc275-ab38-4473-91a7-77906dae14e9,2026-08-31T18:22:52.241Z,separate_executor,quote_run_dispatch_probe,200,7566.9,success,,200,success
p3-ex-official-vu200,514b1c40-2910-4e4e-ad37-1519c2818515,2026-08-31T18:22:52.252Z,separate_executor,quote_run_dispatch_probe,200,7762.89,success,,200,success
p3-ex-official-vu200,3aea7865-64ea-4cd8-97a7-8f3034242fe6,2026-08-31T18:22:52.253Z,separate_executor,quote_run_dispatch_probe,200,7419.21,success,,200,success
p3-ex-official-vu200,3a76fdf8-6a59-4bd3-856f-e3dc6d07da90,2026-08-31T18:22:52.253Z,separate_executor,quote_run_dispatch_probe,200,7495.96,success,,200,success
p3-ex-official-vu200,8e8bbcca-fb5e-49f1-ba17-c08a98670f5f,2026-08-31T18:22:52.255Z,separate_executor,quote_run_dispatch_probe,200,7427.57,success,,200,success
p3-ex-official-vu200,a8c5fef6-b139-4925-ba95-0b7095fc42a3,2026-08-31T18:22:52.256Z,separate_executor,quote_run_dispatch_probe,200,7449.7,success,,200,success
p3-ex-official-vu200,66dc5012-1d9f-4bed-a1a8-b937312dc15f,2026-08-31T18:22:52.257Z,separate_executor,quote_run_dispatch_probe,200,7233.33,success,,200,success
p3-ex-official-vu200,5bdd902e-5efb-4706-b9a6-f45e0a040f84,2026-08-31T18:22:52.258Z,separate_executor,quote_run_dispatch_probe,200,7137.44,success,,200,success
p3-ex-official-vu200,7378df36-d5d4-4fd1-9562-0e47bb6d3935,2026-08-31T18:22:52.267Z,separate_executor,quote_run_dispatch_probe,200,7501.83,success,,200,success
p3-ex-official-vu200,1de0e473-13e0-4902-8213-8944b7e54a3e,2026-08-31T18:22:52.268Z,separate_executor,quote_run_dispatch_probe,200,6534.25,success,,200,success
p3-ex-official-vu200,afe846be-06eb-4410-8b79-8efcacda3025,2026-08-31T18:22:52.269Z,separate_executor,quote_run_dispatch_probe,200,6510.9,success,,200,success
p3-ex-official-vu200,93263679-ccc4-4989-ab68-bf9d282160f5,2026-08-31T18:22:52.271Z,separate_executor,quote_run_dispatch_probe,200,7304.64,success,,200,success
p3-ex-official-vu200,2e2fd9f3-af57-422f-ab9f-fbc96669396e,2026-08-31T18:22:52.273Z,separate_executor,quote_run_dispatch_probe,200,6620.97,success,,200,success
p3-ex-official-vu200,977ae153-47dd-4913-b7be-a637b076fafd,2026-08-31T18:22:52.276Z,separate_executor,quote_run_dispatch_probe,200,4446.55,success,,200,success
p3-ex-official-vu200,38f2517a-c140-4236-9132-5cb3b18036c7,2026-08-31T18:22:52.283Z,separate_executor,quote_run_dispatch_probe,200,5023.52,success,,200,success
p3-ex-official-vu200,2fda3ee3-2532-4d08-bd54-7392ea5082fc,2026-08-31T18:22:52.284Z,separate_executor,quote_run_dispatch_probe,200,4481.46,success,,200,success
p3-ex-official-vu200,3649e438-86fe-4ea6-938c-c6ffa1eca09a,2026-08-31T18:22:52.286Z,separate_executor,quote_run_dispatch_probe,200,6468.17,success,,200,success
p3-ex-official-vu200,b927f2a3-460a-42bc-a237-177122d97e4d,2026-08-31T18:22:52.287Z,separate_executor,quote_run_dispatch_probe,200,6348.28,success,,200,success
p3-ex-official-vu200,34ad110c-7066-42d1-b2df-d742e5e84f2f,2026-08-31T18:22:52.288Z,separate_executor,quote_run_dispatch_probe,200,3472.25,success,,200,success
p3-ex-official-vu200,393503b7-84a1-48c3-8d65-3beb316f7e17,2026-08-31T18:22:52.290Z,separate_executor,quote_run_dispatch_probe,200,3324.14,success,,200,success
p3-ex-official-vu200,5849e769-d652-4626-b91a-7d65824c922c,2026-08-31T18:22:52.290Z,separate_executor,quote_run_dispatch_probe,200,3412.52,success,,200,success
p3-ex-official-vu200,dd86b2c8-cc86-4863-ad62-b0b748b0b206,2026-08-31T18:22:52.291Z,separate_executor,quote_run_dispatch_probe,200,2873.31,success,,200,success
p3-ex-official-vu200,90d25d5e-0cdc-4f03-b085-41842a385936,2026-08-31T18:22:52.291Z,separate_executor,quote_run_dispatch_probe,200,2854.06,success,,200,success
p3-ex-official-vu200,cb9aab28-11af-4dee-b97e-b5e8fd59651f,2026-08-31T18:22:52.300Z,separate_executor,quote_run_dispatch_probe,200,2544.55,success,,200,success
p3-ex-official-vu200,3f0c53e9-7fbb-4f0a-9f87-3eae8b6d23e8,2026-08-31T18:22:52.301Z,separate_executor,quote_run_dispatch_probe,200,2479.28,success,,200,success
p3-ex-official-vu200,5a6142dc-e32e-4b28-83e1-7cdfe908ce32,2026-08-31T18:22:52.305Z,separate_executor,quote_run_dispatch_probe,200,2533.97,success,,200,success
p3-ex-official-vu200,2b10c032-258f-4622-846c-7f7ad6fe4b2c,2026-08-31T18:22:52.431Z,separate_executor,quote_run_dispatch_probe,200,6745.43,success,,200,success
p3-ex-official-vu200,d9c81f38-ebcf-4629-b418-0fe358c67bbb,2026-08-31T18:22:52.435Z,separate_executor,quote_run_dispatch_probe,200,6782.61,success,,200,success
p3-ex-official-vu200,e2da5c11-68d4-4f55-aac4-1bcbf7a9b7ae,2026-08-31T18:22:52.439Z,separate_executor,quote_run_dispatch_probe,200,6702.66,success,,200,success
p3-ex-official-vu200,38c57463-03e2-47cc-9664-02af1cf11c7c,2026-08-31T18:22:52.444Z,separate_executor,quote_run_dispatch_probe,200,6710.51,success,,200,success
p3-ex-official-vu200,6489081a-59ee-476d-a5f6-c7ed75891bf6,2026-08-31T18:22:52.453Z,separate_executor,quote_run_dispatch_probe,200,6642.74,success,,200,success
p3-ex-official-vu200,a256113e-74b8-45e0-9dca-8164945c70d9,2026-08-31T18:22:52.454Z,separate_executor,quote_run_dispatch_probe,200,6695.48,success,,200,success
p3-ex-official-vu200,1e1091e7-025e-4531-ac91-2e8b1c575956,2026-08-31T18:22:52.457Z,separate_executor,quote_run_dispatch_probe,200,6688.11,success,,200,success
p3-ex-official-vu200,2028cae0-6f75-4547-af6a-f02ca84f34a3,2026-08-31T18:22:52.459Z,separate_executor,quote_run_dispatch_probe,200,6704.46,success,,200,success
p3-ex-official-vu200,ec8ae7e6-ea82-4643-9a4b-6c523dccf1d2,2026-08-31T18:22:52.487Z,separate_executor,quote_run_dispatch_probe,200,6754.73,success,,200,success
p3-ex-official-vu200,2a2a3e14-1240-46a1-99d1-32a0dcf9707b,2026-08-31T18:22:52.491Z,separate_executor,quote_run_dispatch_probe,200,6733.99,success,,200,success
p3-ex-official-vu200,6ed62dd4-ff12-4e21-aad2-68d39cf05fea,2026-08-31T18:22:52.503Z,separate_executor,quote_run_dispatch_probe,200,6746.63,success,,200,success
p3-ex-official-vu200,9d33677e-4180-4c6c-88a6-c712df7bbf69,2026-08-31T18:22:52.505Z,separate_executor,quote_run_dispatch_probe,200,6720.92,success,,200,success
p3-ex-official-vu200,6d438217-59d4-4ada-8f38-0b3022699714,2026-08-31T18:22:52.508Z,separate_executor,quote_run_dispatch_probe,200,5549.61,success,,200,success
p3-ex-official-vu200,bd9db876-573f-4c7a-9cb0-e7c0039083ab,2026-08-31T18:22:52.523Z,separate_executor,quote_run_dispatch_probe,200,5654.49,success,,200,success
p3-ex-official-vu200,248c9a24-0b52-4563-8dc0-962182499843,2026-08-31T18:22:52.524Z,separate_executor,quote_run_dispatch_probe,200,5261.53,success,,200,success
p3-ex-official-vu200,8692df20-b99b-4ba7-ad22-15b79749517d,2026-08-31T18:22:52.525Z,separate_executor,quote_run_dispatch_probe,200,5291.21,success,,200,success
p3-ex-official-vu200,089f76d3-1438-4306-bf63-7b9c40b04635,2026-08-31T18:22:52.539Z,separate_executor,quote_run_dispatch_probe,200,6754.1,success,,200,success
p3-ex-official-vu200,be8bfe43-ce75-42f2-9870-4d606e46e755,2026-08-31T18:22:52.553Z,separate_executor,quote_run_dispatch_probe,200,6781.8,success,,200,success
p3-ex-official-vu200,ba7643c0-8b1c-4848-ad25-30c46230d5ca,2026-08-31T18:22:52.558Z,separate_executor,quote_run_dispatch_probe,200,5325.98,success,,200,success
p3-ex-official-vu200,51f72410-a230-476b-b8bb-b0d2466eef19,2026-08-31T18:22:52.569Z,separate_executor,quote_run_dispatch_probe,200,4715.25,success,,200,success
p3-ex-official-vu200,14dff772-e430-46d4-a8c7-a05335980172,2026-08-31T18:22:52.570Z,separate_executor,quote_run_dispatch_probe,200,3694.82,success,,200,success
p3-ex-official-vu200,07a86294-7e6f-4569-a500-e266b951b482,2026-08-31T18:22:52.574Z,separate_executor,quote_run_dispatch_probe,200,3609.14,success,,200,success
p3-ex-official-vu200,807dd59a-dd41-43e9-8579-b9f2cb4db68a,2026-08-31T18:22:52.575Z,separate_executor,quote_run_dispatch_probe,200,3757.95,success,,200,success
p3-ex-official-vu200,76481b24-2d03-427b-9ae3-07c9eff564dc,2026-08-31T18:22:52.586Z,separate_executor,quote_run_dispatch_probe,200,3770.65,success,,200,success
p3-ex-official-vu200,50f2aba5-dc16-4536-bb45-0af585396e2d,2026-08-31T18:22:52.587Z,separate_executor,quote_run_dispatch_probe,200,3584.71,success,,200,success
p3-ex-official-vu200,62dd17d7-7219-4021-a67f-f425c0d5c56d,2026-08-31T18:22:52.603Z,separate_executor,quote_run_dispatch_probe,200,3512.95,success,,200,success
p3-ex-official-vu200,4230256d-36fc-4c9d-9069-fb2a2a715705,2026-08-31T18:22:52.607Z,separate_executor,quote_run_dispatch_probe,200,3730,success,,200,success
p3-ex-official-vu200,c76aceca-55bd-4d7a-94d7-f38a9f3eeecd,2026-08-31T18:22:52.637Z,separate_executor,quote_run_dispatch_probe,200,3634.18,success,,200,success
p3-ex-official-vu200,9a34e126-de0f-4edf-8a4c-bbbd0e9ba1dd,2026-08-31T18:22:52.639Z,separate_executor,quote_run_dispatch_probe,200,3319.78,success,,200,success
p3-ex-official-vu200,76674870-0313-4e46-b79b-1587265bd26c,2026-08-31T18:22:52.640Z,separate_executor,quote_run_dispatch_probe,200,3321.51,success,,200,success
p3-ex-official-vu200,3c828cdb-23cd-4d63-9fef-dd22e5fac560,2026-08-31T18:22:52.655Z,separate_executor,quote_run_dispatch_probe,200,3101.46,success,,200,success
p3-ex-official-vu200,c9119104-3c68-48a4-8de8-8159b9b1e1ee,2026-08-31T18:22:52.656Z,separate_executor,quote_run_dispatch_probe,200,2867,success,,200,success
p3-ex-official-vu200,528648ad-a2a5-47d5-9771-8ec40bad86b4,2026-08-31T18:22:52.659Z,separate_executor,quote_run_dispatch_probe,200,3068.9,success,,200,success
p3-ex-official-vu200,42b49050-11bd-4721-ae4e-a5f53398fe57,2026-08-31T18:22:52.667Z,separate_executor,quote_run_dispatch_probe,200,3187.24,success,,200,success
p3-ex-official-vu200,2cef19ce-e470-48c8-aa14-0e66ba6002f7,2026-08-31T18:22:52.692Z,separate_executor,quote_run_dispatch_probe,200,2828.52,success,,200,success
p3-ex-official-vu200,6120cf25-6591-4c52-848b-ecbcefd5f4d7,2026-08-31T18:22:52.692Z,separate_executor,quote_run_dispatch_probe,200,2840.28,success,,200,success
p3-ex-official-vu200,db815c34-65a8-4881-980f-08a575b70fb6,2026-08-31T18:22:52.705Z,separate_executor,quote_run_dispatch_probe,200,1763.98,success,,200,success
p3-ex-official-vu200,912aa0c7-fe95-449b-9e27-7c22a6b62f7c,2026-08-31T18:22:52.719Z,separate_executor,quote_run_dispatch_probe,200,1779.72,success,,200,success
p3-ex-official-vu200,c741040f-5e3a-406d-8e73-de855edc6b58,2026-08-31T18:22:52.723Z,separate_executor,quote_run_dispatch_probe,200,1750.42,success,,200,success
p3-ex-official-vu200,3ba2b074-58f9-46c2-9f37-1498ced715b5,2026-08-31T18:22:52.725Z,separate_executor,quote_run_dispatch_probe,200,1755.38,success,,200,success
p3-ex-official-vu200,42f4a08d-98f2-4aa7-9fae-c24c4d0ed5c7,2026-08-31T18:22:52.824Z,separate_executor,quote_run_dispatch_probe,200,1857.46,success,,200,success
p3-ex-official-vu200,367f79d8-0e5e-4ddf-af82-0c46e10f1bb2,2026-08-31T18:22:52.834Z,separate_executor,quote_run_dispatch_probe,200,1860.26,success,,200,success
p3-ex-official-vu200,c45957c4-7d66-45e6-ad99-037d98f3a7b8,2026-08-31T18:22:52.835Z,separate_executor,quote_run_dispatch_probe,200,1873.7,success,,200,success
p3-ex-official-vu200,04bd8135-0aa5-47fe-8e5d-e91b80e17a23,2026-08-31T18:22:52.839Z,separate_executor,quote_run_dispatch_probe,200,1854.35,success,,200,success
p3-ex-official-vu200,0ffc6d26-55c8-45bf-925c-5fc14ec99f38,2026-08-31T18:22:52.840Z,separate_executor,quote_run_dispatch_probe,200,1900.91,success,,200,success
p3-ex-official-vu200,3ea6a863-f4d8-4cc6-9ead-55e4ef524fbd,2026-08-31T18:22:52.841Z,separate_executor,quote_run_dispatch_probe,200,1884.85,success,,200,success
p3-ex-official-vu200,9e2d7d26-790f-4d2f-9258-0629d4e2cd67,2026-08-31T18:22:52.845Z,separate_executor,quote_run_dispatch_probe,200,1906.74,success,,200,success
p3-ex-official-vu200,0f847f0c-ad73-4787-9e2c-3ac99283986c,2026-08-31T18:22:52.851Z,separate_executor,quote_run_dispatch_probe,200,1901.12,success,,200,success
p3-ex-official-vu200,0a4f08b9-334a-4dc6-985c-1c24449d0f64,2026-08-31T18:22:52.852Z,separate_executor,quote_run_dispatch_probe,200,1913.58,success,,200,success
p3-ex-official-vu200,dadc5d76-287a-4761-a69e-5ea43878c8f7,2026-08-31T18:22:52.856Z,separate_executor,quote_run_dispatch_probe,200,1905.08,success,,200,success
p3-ex-official-vu200,63cbfcef-8c27-4c15-bbdc-4fe956081b77,2026-08-31T18:22:52.857Z,separate_executor,quote_run_dispatch_probe,200,1903.18,success,,200,success
p3-ex-official-vu200,3ee4ff35-61f5-4233-8a0d-032e00e6492a,2026-08-31T18:22:52.858Z,separate_executor,quote_run_dispatch_probe,200,1865.59,success,,200,success
p3-ex-official-vu200,b090c551-b99e-4cc9-92a0-14eda93b6710,2026-08-31T18:22:52.859Z,separate_executor,quote_run_dispatch_probe,200,1922.93,success,,200,success
p3-ex-official-vu200,85387742-8b32-4cf2-bbc9-aa0e8a00cf48,2026-08-31T18:22:52.868Z,separate_executor,quote_run_dispatch_probe,200,1900.35,success,,200,success
p3-ex-official-vu200,4612af15-a266-4ee5-a0a6-cfdf6fe51277,2026-08-31T18:22:52.876Z,separate_executor,quote_run_dispatch_probe,200,1909.27,success,,200,success
p3-ex-official-vu200,6c48e741-9e53-4b62-8909-046abfc01786,2026-08-31T18:22:52.890Z,separate_executor,quote_run_dispatch_probe,200,1924.09,success,,200,success
p3-ex-official-vu200,b161ca95-629c-4615-923e-deb6453e2371,2026-08-31T18:22:52.944Z,separate_executor,quote_run_dispatch_probe,200,1961.35,success,,200,success
p3-ex-official-vu200,616e27ee-ed04-4a83-9594-4dd63dff1a96,2026-08-31T18:22:52.954Z,separate_executor,quote_run_dispatch_probe,200,1988.5,success,,200,success
p3-ex-official-vu200,0c4fb308-9a91-4877-81bc-c16a2a7b76c7,2026-08-31T18:22:52.956Z,separate_executor,quote_run_dispatch_probe,200,1999.64,success,,200,success
p3-ex-official-vu200,5de51d42-ad8a-4071-a3f3-10f136f62b60,2026-08-31T18:22:52.957Z,separate_executor,quote_run_dispatch_probe,200,1973.17,success,,200,success
p3-ex-official-vu200,9fc02073-c468-4eb3-b048-f73aa7f7d9b1,2026-08-31T18:22:52.958Z,separate_executor,quote_run_dispatch_probe,200,1982.03,success,,200,success
p3-ex-official-vu200,a9857c0e-9bc0-4111-b6ec-627606011b7e,2026-08-31T18:22:52.966Z,separate_executor,quote_run_dispatch_probe,200,1994.48,success,,200,success
p3-ex-official-vu200,b9027d85-47ce-4eae-8465-5b378767dfa7,2026-08-31T18:22:52.967Z,separate_executor,quote_run_dispatch_probe,200,2011.42,success,,200,success
p3-ex-official-vu200,75a052ed-3381-4215-a346-8d4ff6dfd581,2026-08-31T18:22:52.973Z,separate_executor,quote_run_dispatch_probe,200,2021.35,success,,200,success
p3-ex-official-vu200,54bef65b-41ee-41b4-afa8-7f3c4b7b2cbd,2026-08-31T18:22:52.975Z,separate_executor,quote_run_dispatch_probe,200,1985.23,success,,200,success
p3-ex-official-vu200,eab578b1-db2d-41b5-9ab0-6cc0e3317f67,2026-08-31T18:22:52.988Z,separate_executor,quote_run_dispatch_probe,200,2020.52,success,,200,success
p3-ex-official-vu200,679c1554-3883-4489-a13e-1c5f3067b9c7,2026-08-31T18:22:52.989Z,separate_executor,quote_run_dispatch_probe,200,2028.41,success,,200,success
p3-ex-official-vu200,26a395b4-1a26-4667-a504-c61e16edc265,2026-08-31T18:22:52.991Z,separate_executor,quote_run_dispatch_probe,200,2032.74,success,,200,success
p3-ex-official-vu200,7fdcf420-3272-43ee-aed2-9737cd5ae30c,2026-08-31T18:22:52.992Z,separate_executor,quote_run_dispatch_probe,200,1990.83,success,,200,success
p3-ex-official-vu200,7478a921-562d-4236-80d0-18c94e986195,2026-08-31T18:22:53.209Z,separate_executor,quote_run_dispatch_probe,200,2224.29,success,,200,success
p3-ex-official-vu200,ef56c388-fb92-4b08-8d1a-a242a1f0a818,2026-08-31T18:22:53.217Z,separate_executor,quote_run_dispatch_probe,200,2260.75,success,,200,success
p3-ex-official-vu200,3f8ed99c-525b-40ae-b283-d355ac0a1f6b,2026-08-31T18:22:53.258Z,separate_executor,quote_run_dispatch_probe,200,2269.44,success,,200,success
p3-ex-official-vu200,0dfa7d29-bf11-4514-afc9-2244dc2b197e,2026-08-31T18:22:53.288Z,separate_executor,quote_run_dispatch_probe,200,2328.53,success,,200,success
p3-ex-official-vu200,a973d536-20f1-4788-9cbf-9c1b8bf999a5,2026-08-31T18:22:53.300Z,separate_executor,quote_run_dispatch_probe,200,2300.73,success,,200,success
p3-ex-official-vu200,02792d52-754b-401f-95c8-7916f360771e,2026-08-31T18:22:54.212Z,separate_executor,quote_run_dispatch_probe,200,2458.91,success,,200,success
p3-ex-official-vu200,b828a025-ae6e-405f-affb-2c1746675a93,2026-08-31T18:22:54.403Z,separate_executor,quote_run_dispatch_probe,200,2583.61,success,,200,success
p3-ex-official-vu200,711e79f4-05fa-410d-98cf-532dd5641f20,2026-08-31T18:22:54.687Z,separate_executor,quote_run_dispatch_probe,200,2818.4,success,,200,success
p3-ex-official-vu200,53af9038-b7c6-44dc-9350-32c8ad88f6ce,2026-08-31T18:22:54.698Z,separate_executor,quote_run_dispatch_probe,200,2945.77,success,,200,success
p3-ex-official-vu200,d6bd9fda-dc55-4f0f-816d-7c882930c2dd,2026-08-31T18:22:54.810Z,separate_executor,quote_run_dispatch_probe,200,3068.26,success,,200,success
p3-ex-official-vu200,33630d30-d735-4b20-a48e-1fc145f2eb37,2026-08-31T18:22:55.062Z,separate_executor,quote_run_dispatch_probe,200,3205.11,success,,200,success
p3-ex-official-vu200,eac62efc-5f19-4976-8816-18077b493f0f,2026-08-31T18:22:55.158Z,separate_executor,quote_run_dispatch_probe,200,3254.73,success,,200,success
p3-ex-official-vu200,6a437ea9-4459-4872-ac24-a50d7cd4a5cf,2026-08-31T18:22:55.173Z,separate_executor,quote_run_dispatch_probe,200,3303.75,success,,200,success
p3-ex-official-vu200,28de769c-2f8a-48e1-a6e1-af3072f21dba,2026-08-31T18:22:55.175Z,separate_executor,quote_run_dispatch_probe,200,3257.39,success,,200,success
p3-ex-official-vu200,f8e159b9-24e5-4359-8864-a405d384b8dd,2026-08-31T18:22:55.200Z,separate_executor,quote_run_dispatch_probe,200,3390.71,success,,200,success
p3-ex-official-vu200,e54870c6-d6ae-4b48-b458-bb270d071ac6,2026-08-31T18:22:55.269Z,separate_executor,quote_run_dispatch_probe,200,3430.87,success,,200,success
p3-ex-official-vu200,f002bc60-3596-4150-90f4-419ac6600c5f,2026-08-31T18:22:55.315Z,separate_executor,quote_run_dispatch_probe,200,3490.27,success,,200,success
p3-ex-official-vu200,3187ede9-d8df-4203-9c4b-973294d0c66f,2026-08-31T18:22:55.327Z,separate_executor,quote_run_dispatch_probe,200,3487.16,success,,200,success
p3-ex-official-vu200,8b79ce6e-d0b2-483d-9960-5a41ea214e7d,2026-08-31T18:22:55.333Z,separate_executor,quote_run_dispatch_probe,200,3568.47,success,,200,success
p3-ex-official-vu200,5ab72a7c-a27a-441a-95f0-9f902f57bea3,2026-08-31T18:22:55.379Z,separate_executor,quote_run_dispatch_probe,200,3544.65,success,,200,success
p3-ex-official-vu200,0459e3d7-14a4-4b38-86fb-d08bdd0ad7e7,2026-08-31T18:22:55.481Z,separate_executor,quote_run_dispatch_probe,200,3606.81,success,,200,success
p3-ex-official-vu200,048ae24d-2522-4be5-866c-ca314981834c,2026-08-31T18:22:55.486Z,separate_executor,quote_run_dispatch_probe,200,3646.12,success,,200,success
p3-ex-official-vu200,56173003-72be-49a8-a3b9-6a0b231661b8,2026-08-31T18:22:55.487Z,separate_executor,quote_run_dispatch_probe,200,3624.55,success,,200,success
p3-ex-official-vu200,a4a747db-4463-44f0-93a4-69453301db81,2026-08-31T18:22:55.495Z,separate_executor,quote_run_dispatch_probe,200,3552.25,success,,200,success
p3-ex-official-vu200,4b0ff7bc-2ae6-4f23-899d-6c21c613bb5a,2026-08-31T18:22:55.515Z,separate_executor,quote_run_dispatch_probe,200,3665.25,success,,200,success
p3-ex-official-vu200,617ee84b-24d4-401a-a1d8-61465fccb098,2026-08-31T18:22:55.550Z,separate_executor,quote_run_dispatch_probe,200,3525.54,success,,200,success
p3-ex-official-vu200,acc4a0f8-3992-4712-b0c5-9c3cbe54d3ea,2026-08-31T18:22:55.597Z,separate_executor,quote_run_dispatch_probe,200,3655.98,success,,200,success
p3-ex-official-vu200,2d3a5b05-0cf1-4936-b0dc-401a154c6afc,2026-08-31T18:22:55.599Z,separate_executor,quote_run_dispatch_probe,200,3757.56,success,,200,success
p3-ex-official-vu200,29181f60-1443-4097-b02f-68e7c3144a4d,2026-08-31T18:22:55.613Z,separate_executor,quote_run_dispatch_probe,200,3654.94,success,,200,success
p3-ex-official-vu200,55a6dd01-18d0-47e8-b952-b8cb57f7ae74,2026-08-31T18:22:55.615Z,separate_executor,quote_run_dispatch_probe,200,3861.67,success,,200,success
p3-ex-official-vu200,aca8bca9-3254-4d56-83aa-1dab4bbea4d1,2026-08-31T18:22:55.619Z,separate_executor,quote_run_dispatch_probe,200,3742.7,success,,200,success
p3-ex-official-vu200,91fb8308-9c2f-4588-96b8-6c903d284fad,2026-08-31T18:22:55.687Z,separate_executor,quote_run_dispatch_probe,200,3845.73,success,,200,success
p3-ex-official-vu200,991ff836-b3b2-4962-9431-99035b5ca2bd,2026-08-31T18:22:55.689Z,separate_executor,quote_run_dispatch_probe,200,3753.76,success,,200,success
p3-ex-official-vu200,a617b53a-2bab-4f29-8d93-4f6ea9d1b8d5,2026-08-31T18:22:55.697Z,separate_executor,quote_run_dispatch_probe,200,3820.99,success,,200,success
p3-ex-official-vu200,bd644f9a-1164-4b2b-b489-5181dea6ff83,2026-08-31T18:22:55.698Z,separate_executor,quote_run_dispatch_probe,200,3840.17,success,,200,success
p3-ex-official-vu200,91504e31-13c4-4a34-b058-bec9123d8473,2026-08-31T18:22:55.699Z,separate_executor,quote_run_dispatch_probe,200,3782.59,success,,200,success
p3-ex-official-vu200,8f0374e5-62cb-44fc-8ba9-e73849022cdd,2026-08-31T18:22:55.701Z,separate_executor,quote_run_dispatch_probe,200,3934.33,success,,200,success
p3-ex-official-vu200,efffd709-6e11-4c0b-bb4d-f3266b812410,2026-08-31T18:22:55.704Z,separate_executor,quote_run_dispatch_probe,200,3886.23,success,,200,success
p3-ex-official-vu200,049d6b69-c3cb-4839-9083-98f8342eed09,2026-08-31T18:22:55.717Z,separate_executor,quote_run_dispatch_probe,200,3807.87,success,,200,success
p3-ex-official-vu200,b493333f-b129-484b-a959-a9ca49a77b93,2026-08-31T18:22:55.760Z,separate_executor,quote_run_dispatch_probe,200,3926.65,success,,200,success
p3-ex-official-vu200,5505eec0-ca60-4f30-9886-6dc3f26d9ba3,2026-08-31T18:22:55.761Z,separate_executor,quote_run_dispatch_probe,200,3909.98,success,,200,success
p3-ex-official-vu200,962d726b-d98f-46ed-a43a-4fa6f15223f0,2026-08-31T18:22:55.794Z,separate_executor,quote_run_dispatch_probe,200,3834.43,success,,200,success
p3-ex-official-vu200,f5512c3d-8726-43ad-afe2-c81f52422ebe,2026-08-31T18:22:55.836Z,separate_executor,quote_run_dispatch_probe,200,3919.92,success,,200,success
p3-ex-official-vu200,e64c0f24-6833-44ad-ada9-9b893e266e73,2026-08-31T18:22:55.840Z,separate_executor,quote_run_dispatch_probe,200,4014.69,success,,200,success
p3-ex-official-vu200,ba5b6228-68ef-434c-96f0-46a22b2a5d91,2026-08-31T18:22:55.854Z,separate_executor,quote_run_dispatch_probe,200,3949.16,success,,200,success
p3-ex-official-vu200,1468b45c-f4b1-4094-9b7a-a67a6d81400d,2026-08-31T18:22:56.107Z,separate_executor,quote_run_dispatch_probe,200,4047.82,success,,200,success
p3-ex-official-vu200,b081e698-5d52-477a-af68-77d2d1a56dd0,2026-08-31T18:22:56.199Z,separate_executor,quote_run_dispatch_probe,200,4159.11,success,,200,success
p3-ex-official-vu200,46eab29b-20d2-4e8f-9a7c-1a83b990d3d3,2026-08-31T18:22:56.235Z,separate_executor,quote_run_dispatch_probe,200,4180.51,success,,200,success
p3-ex-official-vu200,1cdd55d6-725d-42ec-8aea-f95c7a62e81e,2026-08-31T18:22:56.299Z,separate_executor,quote_run_dispatch_probe,200,4428.99,success,,200,success
p3-ex-official-vu200,87673e06-17c4-4918-8fdb-39310d98b229,2026-08-31T18:22:56.351Z,separate_executor,quote_run_dispatch_probe,200,4430.18,success,,200,success
p3-ex-official-vu200,309e004a-7b8b-46f8-9b59-20ee67eea673,2026-08-31T18:22:56.359Z,separate_executor,quote_run_dispatch_probe,200,4422.71,success,,200,success
p3-ex-official-vu200,4f0052a5-92c4-43d9-b56d-3d63bddddf15,2026-08-31T18:22:56.364Z,separate_executor,quote_run_dispatch_probe,200,4481.57,success,,200,success
p3-ex-official-vu200,64b3508c-fd3d-433a-90c3-1534a6b5db87,2026-08-31T18:22:56.370Z,separate_executor,quote_run_dispatch_probe,200,4428.23,success,,200,success
p3-ex-official-vu200,45070b47-4846-4d3f-832d-522792750aba,2026-08-31T18:22:56.461Z,separate_executor,quote_run_dispatch_probe,200,4390.03,success,,200,success
p3-ex-official-vu200,75a88cd7-9f19-49ce-b5a0-11cddd0cce87,2026-08-31T18:22:56.496Z,separate_executor,quote_run_dispatch_probe,200,4407.51,success,,200,success
p3-ex-official-vu200,24706e81-8afa-41f5-97c9-2c3c7c34f0d5,2026-08-31T18:22:56.500Z,separate_executor,quote_run_dispatch_probe,200,4449.89,success,,200,success
p3-ex-official-vu200,36e737f8-0d5c-4de9-9285-d98b47e48bab,2026-08-31T18:22:56.503Z,separate_executor,quote_run_dispatch_probe,200,4449.68,success,,200,success
p3-ex-official-vu200,8f0dc388-8b4e-409f-be89-c0637d69ab81,2026-08-31T18:22:56.504Z,separate_executor,quote_run_dispatch_probe,200,4295.62,success,,200,success
p3-ex-official-vu200,dc1fa140-eecb-48b6-ad6a-6a6cd47a9d24,2026-08-31T18:22:56.518Z,separate_executor,quote_run_dispatch_probe,200,4599.6,success,,200,success
p3-ex-official-vu200,deecd2c6-07e3-48f5-b9d4-6a8c01481817,2026-08-31T18:22:56.520Z,separate_executor,quote_run_dispatch_probe,200,4600.25,success,,200,success
p3-ex-official-vu200,64f7f36c-e40f-4716-be2b-77f61527b747,2026-08-31T18:22:56.606Z,separate_executor,quote_run_dispatch_probe,200,4482.34,success,,200,success
p3-ex-official-vu200,be01f84b-c01b-43d2-94de-0061dceeea3c,2026-08-31T18:22:56.656Z,separate_executor,quote_run_dispatch_probe,200,4617.06,success,,200,success
p3-ex-official-vu200,536fe24a-c1e8-4d1d-a25d-98bf405d1fdf,2026-08-31T18:22:56.734Z,separate_executor,quote_run_dispatch_probe,200,4550.36,success,,200,success
p3-ex-official-vu200,366d7e2b-cc72-4fa2-990d-1d065b2716d0,2026-08-31T18:22:56.736Z,separate_executor,quote_run_dispatch_probe,200,4448.47,success,,200,success
p3-ex-official-vu200,911182f1-9fff-4f18-80a7-7e08886cac03,2026-08-31T18:22:56.738Z,separate_executor,quote_run_dispatch_probe,200,4635.23,success,,200,success
p3-ex-official-vu200,cffdcd41-953b-42f5-84f7-1a8de9c55763,2026-08-31T18:22:56.739Z,separate_executor,quote_run_dispatch_probe,200,4554.38,success,,200,success
p3-ex-official-vu200,22c56301-21a2-49d5-aebf-1fd01749091e,2026-08-31T18:22:56.767Z,separate_executor,quote_run_dispatch_probe,200,4545.62,success,,200,success
p3-ex-official-vu200,810479d6-8fe1-465e-9a49-a213e93cc3d2,2026-08-31T18:22:56.775Z,separate_executor,quote_run_dispatch_probe,200,4655.22,success,,200,success
p3-ex-official-vu200,e1252d9c-2f77-4d08-9983-fd6c4350309d,2026-08-31T18:22:56.777Z,separate_executor,quote_run_dispatch_probe,200,4686.18,success,,200,success
p3-ex-official-vu200,e55ae036-97f0-4d95-8b7e-a19f5fbe624e,2026-08-31T18:22:56.802Z,separate_executor,quote_run_dispatch_probe,200,4525.6,success,,200,success
p3-ex-official-vu200,9bcb78e0-02eb-4b1e-b777-f9833667b1c8,2026-08-31T18:22:56.805Z,separate_executor,quote_run_dispatch_probe,200,4614.84,success,,200,success
p3-ex-official-vu200,1b099106-d44d-4f44-8785-39269ece53e3,2026-08-31T18:22:56.832Z,separate_executor,quote_run_dispatch_probe,200,4690.34,success,,200,success
p3-ex-official-vu200,a89708c7-337b-43b7-b32b-23fef495ac3a,2026-08-31T18:22:56.836Z,separate_executor,quote_run_dispatch_probe,200,4718.04,success,,200,success
p3-ex-official-vu200,3cb483ed-c15c-49a0-83c9-bdebbf54d611,2026-08-31T18:22:56.839Z,separate_executor,quote_run_dispatch_probe,200,4664.07,success,,200,success
p3-ex-official-vu200,341ada1d-4915-4571-aa52-c5c080870bd4,2026-08-31T18:22:56.879Z,separate_executor,quote_run_dispatch_probe,200,4754.68,success,,200,success
p3-ex-official-vu200,7e048b20-a858-4c7e-94f7-8553278c9235,2026-08-31T18:22:56.912Z,separate_executor,quote_run_dispatch_probe,200,4689.74,success,,200,success
p3-ex-official-vu200,37f033d7-55e8-4e94-8e2c-8e2e1d38b0d4,2026-08-31T18:22:56.913Z,separate_executor,quote_run_dispatch_probe,200,4739.53,success,,200,success
p3-ex-official-vu200,bcb62907-129f-4f2c-8c24-151ca8431d1f,2026-08-31T18:22:56.950Z,separate_executor,quote_run_dispatch_probe,200,4892.25,success,,200,success
p3-ex-official-vu200,4817eb78-40fa-4fee-a02a-7502d57a9d2e,2026-08-31T18:22:56.974Z,separate_executor,quote_run_dispatch_probe,200,4705.75,success,,200,success
p3-ex-official-vu200,9c8d152b-3faf-41f2-9e3b-bb9b36a11a96,2026-08-31T18:22:56.983Z,separate_executor,quote_run_dispatch_probe,200,4724.98,success,,200,success
p3-ex-official-vu200,36d13cd4-78df-4640-bf16-f2c6037d2775,2026-08-31T18:22:57.033Z,separate_executor,quote_run_dispatch_probe,200,4992.63,success,,200,success
p3-ex-official-vu200,835744a5-746e-4f77-9339-d5304b9c5867,2026-08-31T18:22:57.038Z,separate_executor,quote_run_dispatch_probe,200,4862.83,success,,200,success
p3-ex-official-vu200,58ee9019-a56b-43ae-8415-9b2bb9eed755,2026-08-31T18:22:57.065Z,separate_executor,quote_run_dispatch_probe,200,4906.79,success,,200,success
p3-ex-official-vu200,06133a57-387f-450f-859a-8dc68722b5e0,2026-08-31T18:22:57.117Z,separate_executor,quote_run_dispatch_probe,200,4909.07,success,,200,success
p3-ex-official-vu200,0437ded0-7cbc-4506-8f1e-29bd76b5067f,2026-08-31T18:22:57.119Z,separate_executor,quote_run_dispatch_probe,200,4912.18,success,,200,success
p3-ex-official-vu200,d753aecb-da01-4452-9c66-b1b8949cc0ef,2026-08-31T18:22:57.120Z,separate_executor,quote_run_dispatch_probe,200,4908.12,success,,200,success
p3-ex-official-vu200,11315e95-2601-426d-8fe2-00d23bf19f07,2026-08-31T18:22:57.132Z,separate_executor,quote_run_dispatch_probe,200,9845.92,success,,200,success
p3-ex-official-vu200,4f4e17ea-d576-4a2e-9b1c-af8abc347f16,2026-08-31T18:22:57.136Z,separate_executor,quote_run_dispatch_probe,200,4850.04,success,,200,success
p3-ex-official-vu200,d5d2915c-5e10-4b9b-9882-95ff66712e20,2026-08-31T18:22:57.140Z,separate_executor,quote_run_dispatch_probe,200,4709.58,success,,200,success
p3-ex-official-vu200,c088132b-5f8f-4664-bce3-6d5d716c82a5,2026-08-31T18:22:57.143Z,separate_executor,quote_run_dispatch_probe,200,4858.7,success,,200,success
p3-ex-official-vu200,4382a83d-45c2-49ef-8fa9-3f1f01cbb2c9,2026-08-31T18:22:57.181Z,separate_executor,quote_run_dispatch_probe,200,4694.31,success,,200,success
p3-ex-official-vu200,0ea47200-c53c-4250-83f3-f19fbd9b022c,2026-08-31T18:22:57.182Z,separate_executor,quote_run_dispatch_probe,200,4908.98,success,,200,success
p3-ex-official-vu200,52efd446-5d42-447d-b2f7-88d64dc423f2,2026-08-31T18:22:57.201Z,separate_executor,quote_run_dispatch_probe,200,4994.93,success,,200,success
p3-ex-official-vu200,11ff70b8-8850-47c7-95b2-f9d2a8e0c635,2026-08-31T18:22:57.216Z,separate_executor,quote_run_dispatch_probe,200,4761.98,success,,200,success
p3-ex-official-vu200,82a422fd-f641-4a5f-8e00-8170ae356be3,2026-08-31T18:22:57.239Z,separate_executor,quote_run_dispatch_probe,200,5000.09,success,,200,success
p3-ex-official-vu200,2425a9e4-ae0b-4512-898b-379cb15d57cd,2026-08-31T18:22:57.267Z,separate_executor,quote_run_dispatch_probe,200,4823.69,success,,200,success
p3-ex-official-vu200,9f252eb1-3ea7-43f3-8b1e-1f9c7b20e6b6,2026-08-31T18:22:57.291Z,separate_executor,quote_run_dispatch_probe,200,5065.85,success,,200,success
p3-ex-official-vu200,e9bfa807-703c-4ac6-a39c-11a34f28a383,2026-08-31T18:22:57.322Z,separate_executor,quote_run_dispatch_probe,200,4830.61,success,,200,success
p3-ex-official-vu200,45908ba9-763a-4ea4-9cbf-d56677962963,2026-08-31T18:22:57.322Z,separate_executor,quote_run_dispatch_probe,200,5288.51,success,,200,success
p3-ex-official-vu200,315241de-2af1-4699-9270-b554a6a2cf4d,2026-08-31T18:22:57.351Z,separate_executor,quote_run_dispatch_probe,200,5150.34,success,,200,success
p3-ex-official-vu200,52b1d386-6f6f-447e-86ca-916455d600ca,2026-08-31T18:22:57.356Z,separate_executor,quote_run_dispatch_probe,200,5405,success,,200,success
p3-ex-official-vu200,62f26b35-d0b5-4871-93e5-574266e5f6ee,2026-08-31T18:22:57.421Z,separate_executor,quote_run_dispatch_probe,200,5163.59,success,,200,success
p3-ex-official-vu200,703ca61e-8525-45e2-be3e-1be1d24e78a1,2026-08-31T18:22:57.422Z,separate_executor,quote_run_dispatch_probe,200,4863.26,success,,200,success
p3-ex-official-vu200,3d1cc795-4b90-4a4d-a27f-de81df3b859d,2026-08-31T18:22:57.425Z,separate_executor,quote_run_dispatch_probe,200,5142.75,success,,200,success
p3-ex-official-vu200,488edfd5-f481-48cb-832a-d94554104888,2026-08-31T18:22:57.443Z,separate_executor,quote_run_dispatch_probe,200,5188.7,success,,200,success
p3-ex-official-vu200,8e7e9caa-a971-478f-af21-58c30ba3754b,2026-08-31T18:22:57.601Z,separate_executor,quote_run_dispatch_probe,200,5329.43,success,,200,success
p3-ex-official-vu200,6ad76264-29c9-43f8-b5d3-3712881cc289,2026-08-31T18:22:57.604Z,separate_executor,quote_run_dispatch_probe,200,5168.4,success,,200,success
p3-ex-official-vu200,56d69a73-b0b3-4988-a5ef-269051fd149b,2026-08-31T18:22:57.683Z,separate_executor,quote_run_dispatch_probe,200,5427.26,success,,200,success
p3-ex-official-vu200,e564ef4e-d61b-4844-a5b3-16ec3be17cec,2026-08-31T18:22:57.684Z,separate_executor,quote_run_dispatch_probe,200,5378.55,success,,200,success
p3-ex-official-vu200,cb26f815-38b7-406f-8f3c-83cb6f297bb4,2026-08-31T18:22:57.688Z,separate_executor,quote_run_dispatch_probe,200,5050.73,success,,200,success
p3-ex-official-vu200,c44da50c-fc3e-410a-a056-351b192f0a63,2026-08-31T18:22:57.689Z,separate_executor,quote_run_dispatch_probe,200,5447.21,success,,200,success
p3-ex-official-vu200,584421e6-fd29-4812-83a4-2030df23b99c,2026-08-31T18:22:57.698Z,separate_executor,quote_run_dispatch_probe,200,5006.01,success,,200,success
p3-ex-official-vu200,3ffce02a-05ed-4ac8-8746-7259684aef4e,2026-08-31T18:22:57.698Z,separate_executor,quote_run_dispatch_probe,200,5446.2,success,,200,success
p3-ex-official-vu200,a3988f28-0363-42ca-a97a-c6c7e39cd5ce,2026-08-31T18:22:57.699Z,separate_executor,quote_run_dispatch_probe,200,5430.09,success,,200,success
p3-ex-official-vu200,7fb909db-9293-468d-88a8-b6c873d0f38e,2026-08-31T18:22:57.700Z,separate_executor,quote_run_dispatch_probe,200,5130.83,success,,200,success
p3-ex-official-vu200,f8504b1e-888e-4a2f-b739-c199cf1e1c1a,2026-08-31T18:22:57.700Z,separate_executor,quote_run_dispatch_probe,200,5462.43,success,,200,success
p3-ex-official-vu200,573592d9-472f-4287-8546-dccdc524a312,2026-08-31T18:22:57.700Z,separate_executor,quote_run_dispatch_probe,200,5499.79,success,,200,success
p3-ex-official-vu200,b8684e72-e628-4bb1-a619-f87102084e39,2026-08-31T18:22:57.701Z,separate_executor,quote_run_dispatch_probe,200,5447.38,success,,200,success
p3-ex-official-vu200,840af7d1-9621-4017-94d1-0235f5e0baf4,2026-08-31T18:22:57.701Z,separate_executor,quote_run_dispatch_probe,200,5244.14,success,,200,success
p3-ex-official-vu200,995df9a2-658b-48d0-bb4f-6991f1a71566,2026-08-31T18:22:57.702Z,separate_executor,quote_run_dispatch_probe,200,5449.14,success,,200,success
p3-ex-official-vu200,1660f51f-5a3f-4c69-9114-6d2e07ddcab3,2026-08-31T18:22:57.702Z,separate_executor,quote_run_dispatch_probe,200,5504.38,success,,200,success
p3-ex-official-vu200,9ee0f664-410f-4d67-b7c5-4cba8ba9e0f8,2026-08-31T18:22:57.702Z,separate_executor,quote_run_dispatch_probe,200,5179.2,success,,200,success
p3-ex-official-vu200,bc8459b4-209e-4caa-82e7-749db666995d,2026-08-31T18:22:57.702Z,separate_executor,quote_run_dispatch_probe,200,5043.27,success,,200,success
p3-ex-official-vu200,9dd43d66-f720-48d1-9ae3-3275843da87b,2026-08-31T18:22:57.703Z,separate_executor,quote_run_dispatch_probe,200,5513.97,success,,200,success
p3-ex-official-vu200,8309b201-7379-423f-bced-9454dd686b0b,2026-08-31T18:22:57.703Z,separate_executor,quote_run_dispatch_probe,200,5195.07,success,,200,success
p3-ex-official-vu200,0f027b70-85f8-4549-ab88-f5013f970fb9,2026-08-31T18:22:57.704Z,separate_executor,quote_run_dispatch_probe,200,5165.01,success,,200,success
p3-ex-official-vu200,4324e92b-71b3-4f1e-96fa-f430b9dd1ca5,2026-08-31T18:22:57.704Z,separate_executor,quote_run_dispatch_probe,200,5199.26,success,,200,success
p3-ex-official-vu200,2533323d-c611-432e-8bbf-096106fb09e8,2026-08-31T18:22:57.705Z,separate_executor,quote_run_dispatch_probe,200,5151.94,success,,200,success
p3-ex-official-vu200,8900a210-61f8-48aa-8bd7-421e591c33ed,2026-08-31T18:22:57.748Z,separate_executor,quote_run_dispatch_probe,200,5245.59,success,,200,success
p3-ex-official-vu200,063c437e-2691-4ea6-bd42-57fb77e77aed,2026-08-31T18:22:57.768Z,separate_executor,quote_run_dispatch_probe,200,5329.21,success,,200,success
p3-ex-official-vu200,cfa4bf06-24d5-42dc-837e-59c0e4a30aae,2026-08-31T18:22:57.794Z,separate_executor,quote_run_dispatch_probe,200,5526.75,success,,200,success
p3-ex-official-vu200,fa231997-3f04-40dc-9429-e23f48f526c1,2026-08-31T18:22:57.810Z,separate_executor,quote_run_dispatch_probe,200,5351.05,success,,200,success
p3-ex-official-vu200,78d7c675-1793-479f-98a6-25d6e53ee360,2026-08-31T18:22:57.851Z,separate_executor,quote_run_dispatch_probe,200,5125.76,success,,200,success
p3-ex-official-vu200,90c7d11f-2172-4878-b569-22b25d17e179,2026-08-31T18:22:57.881Z,separate_executor,quote_run_dispatch_probe,200,5225.39,success,,200,success
p3-ex-official-vu200,d6767aa3-5da7-4c7a-84ff-50c926e51e61,2026-08-31T18:22:57.906Z,separate_executor,quote_run_dispatch_probe,200,5381.24,success,,200,success
p3-ex-official-vu200,0e324407-9f8b-4d24-bd29-3b2bf137c882,2026-08-31T18:22:57.911Z,separate_executor,quote_run_dispatch_probe,200,5340.93,success,,200,success
p3-ex-official-vu200,e011bd94-08e4-4c43-beb4-3e3190f56ac8,2026-08-31T18:22:57.918Z,separate_executor,quote_run_dispatch_probe,200,5263.15,success,,200,success
p3-ex-official-vu200,81eaffd9-54bb-41dd-b89a-e8ad2a70b2ec,2026-08-31T18:22:57.919Z,separate_executor,quote_run_dispatch_probe,200,5279.28,success,,200,success
p3-ex-official-vu200,06d1741b-f590-4977-b583-9e179865e3cb,2026-08-31T18:22:57.924Z,separate_executor,quote_run_dispatch_probe,200,5470.9,success,,200,success
p3-ex-official-vu200,6e0f4cd3-1e06-45c7-a2d7-3ae4538bda51,2026-08-31T18:22:57.953Z,separate_executor,quote_run_dispatch_probe,200,5248.87,success,,200,success
p3-ex-official-vu200,90b2a21a-db3e-49f5-abc9-bbd6fe24b3af,2026-08-31T18:22:58.000Z,separate_executor,quote_run_dispatch_probe,200,5141.82,success,,200,success
p3-ex-official-vu200,bb62c31a-0f4f-419c-abe3-ff993c795a0a,2026-08-31T18:22:58.005Z,separate_executor,quote_run_dispatch_probe,200,5429.88,success,,200,success
p3-ex-official-vu200,092c67a7-29e9-455a-849b-a9124e44e13e,2026-08-31T18:22:58.032Z,separate_executor,quote_run_dispatch_probe,200,5425.2,success,,200,success
p3-ex-official-vu200,b5c026df-6adc-4a30-9991-93828dbbaec7,2026-08-31T18:22:58.034Z,separate_executor,quote_run_dispatch_probe,200,5198.68,success,,200,success
p3-ex-official-vu200,26dbb4a7-6200-4331-91a7-81401aabe0df,2026-08-31T18:22:58.055Z,separate_executor,quote_run_dispatch_probe,200,5365.11,success,,200,success
p3-ex-official-vu200,85cd9055-e27f-4c6f-8f5e-3b5229298d6a,2026-08-31T18:22:58.058Z,separate_executor,quote_run_dispatch_probe,200,5472.02,success,,200,success
p3-ex-official-vu200,9fb4f431-3439-4af6-8757-36c38834a184,2026-08-31T18:22:58.060Z,separate_executor,quote_run_dispatch_probe,200,5208.57,success,,200,success
p3-ex-official-vu200,61700e3c-f83d-4525-a948-22cb7271a428,2026-08-31T18:22:58.061Z,separate_executor,quote_run_dispatch_probe,200,5171.25,success,,200,success
p3-ex-official-vu200,ddd1d1bb-65f6-491b-a67f-51047ca48436,2026-08-31T18:22:58.069Z,separate_executor,quote_run_dispatch_probe,200,5494.64,success,,200,success
p3-ex-official-vu200,dff8ced1-e4df-4a43-9e22-981f5afe5f57,2026-08-31T18:22:58.098Z,separate_executor,quote_run_dispatch_probe,200,5511.52,success,,200,success
p3-ex-official-vu200,3a925b88-9eb7-4a1d-af30-fdd1d0b9eacc,2026-08-31T18:22:58.117Z,separate_executor,quote_run_dispatch_probe,200,5292.3,success,,200,success
p3-ex-official-vu200,b763d87a-1259-4f2b-a69a-d961e4f9c01c,2026-08-31T18:22:58.133Z,separate_executor,quote_run_dispatch_probe,200,5410.12,success,,200,success
p3-ex-official-vu200,de7e1688-349f-4f9c-b891-dc594e379090,2026-08-31T18:22:58.146Z,separate_executor,quote_run_dispatch_probe,200,5288.31,success,,200,success
p3-ex-official-vu200,58d57615-4c03-4539-9ab4-accfeb12447f,2026-08-31T18:22:58.181Z,separate_executor,quote_run_dispatch_probe,200,5578.04,success,,200,success
p3-ex-official-vu200,4f10cc6e-aff7-4bbe-b06c-0724485c1152,2026-08-31T18:22:58.190Z,separate_executor,quote_run_dispatch_probe,200,5349.55,success,,200,success
p3-ex-official-vu200,57ccbeeb-cc05-4e6c-a2a0-899dd5f5e040,2026-08-31T18:22:58.211Z,separate_executor,quote_run_dispatch_probe,200,5253.83,success,,200,success
p3-ex-official-vu200,b8a95081-b129-4ad8-8241-8a5b703525c8,2026-08-31T18:22:58.215Z,separate_executor,quote_run_dispatch_probe,200,5496.36,success,,200,success
p3-ex-official-vu200,e8897fcc-73ba-4746-afac-8c5c7e2d2135,2026-08-31T18:22:58.216Z,separate_executor,quote_run_dispatch_probe,200,5360.12,success,,200,success
p3-ex-official-vu200,c5de626c-1e3c-45a8-a154-86c9ce67a6fc,2026-08-31T18:22:58.282Z,separate_executor,quote_run_dispatch_probe,200,5448.52,success,,200,success
p3-ex-official-vu200,80c5a200-b433-4180-bbfb-016c1d952030,2026-08-31T18:22:58.284Z,separate_executor,quote_run_dispatch_probe,200,5431.56,success,,200,success
p3-ex-official-vu200,a759906d-835b-46b3-a7f7-8b4a1f20e2e3,2026-08-31T18:22:58.285Z,separate_executor,quote_run_dispatch_probe,200,5439.96,success,,200,success
p3-ex-official-vu200,85f44d7e-b9a8-42e0-bd02-8541b5f762d4,2026-08-31T18:22:58.285Z,separate_executor,quote_run_dispatch_probe,200,5592.82,success,,200,success
p3-ex-official-vu200,92eb6e55-7147-4f29-8983-44fefffe36b9,2026-08-31T18:22:58.286Z,separate_executor,quote_run_dispatch_probe,200,5645.41,success,,200,success
p3-ex-official-vu200,f3751596-25fe-46d5-ae47-42d9c4b6990f,2026-08-31T18:22:58.287Z,separate_executor,quote_run_dispatch_probe,200,6251.4,success,,200,success
p3-ex-official-vu200,53400a0c-426a-45b6-83da-f6e7353fb633,2026-08-31T18:22:58.298Z,separate_executor,quote_run_dispatch_probe,200,5422.14,success,,200,success
p3-ex-official-vu200,7f9268d8-d541-4702-977f-cd11a4ab90dd,2026-08-31T18:22:58.317Z,separate_executor,quote_run_dispatch_probe,200,5459.57,success,,200,success
p3-ex-official-vu200,1d863139-f77c-46b0-84ad-0f4790d9da77,2026-08-31T18:22:58.333Z,separate_executor,quote_run_dispatch_probe,200,6095.99,success,,200,success
p3-ex-official-vu200,baf56c81-a2c5-486a-89c5-f2097c4b6f64,2026-08-31T18:22:58.333Z,separate_executor,quote_run_dispatch_probe,200,5366.38,success,,200,success
p3-ex-official-vu200,4cb7ef63-7949-460e-b5ef-844140dc34f4,2026-08-31T18:22:58.334Z,separate_executor,quote_run_dispatch_probe,200,5379.25,success,,200,success
p3-ex-official-vu200,98eaaab3-669b-4a27-b134-3f130128a9d8,2026-08-31T18:22:58.354Z,separate_executor,quote_run_dispatch_probe,200,5398.16,success,,200,success
p3-ex-official-vu200,b8c9f38d-e5fc-4669-9c73-3dd3c75057e8,2026-08-31T18:22:58.357Z,separate_executor,quote_run_dispatch_probe,200,5398.26,success,,200,success
p3-ex-official-vu200,7269c670-0e97-430b-815f-98497bbf2d56,2026-08-31T18:22:58.359Z,separate_executor,quote_run_dispatch_probe,200,6334.8,success,,200,success
p3-ex-official-vu200,20d57ee3-20d3-4c6a-a4c2-7659cdeafc02,2026-08-31T18:22:58.372Z,separate_executor,quote_run_dispatch_probe,200,5846.82,success,,200,success
p3-ex-official-vu200,5c38ad52-740c-44f0-b455-218a8e6e3e09,2026-08-31T18:22:58.402Z,separate_executor,quote_run_dispatch_probe,200,5563.33,success,,200,success
p3-ex-official-vu200,32749d19-5d4c-4350-a6e7-227fc15e3fd8,2026-08-31T18:22:58.404Z,separate_executor,quote_run_dispatch_probe,200,6167.21,success,,200,success
p3-ex-official-vu200,4564020d-a6fc-4ab3-aacb-20fc01fd00f4,2026-08-31T18:22:58.422Z,separate_executor,quote_run_dispatch_probe,200,6382.26,success,,200,success
p3-ex-official-vu200,88e9f8c4-2225-441c-90bf-18d1ca24f876,2026-08-31T18:22:58.455Z,separate_executor,quote_run_dispatch_probe,200,6217.94,success,,200,success
p3-ex-official-vu200,afd7127a-3f60-4b11-9dc0-ddd7f881b995,2026-08-31T18:22:58.458Z,separate_executor,quote_run_dispatch_probe,200,5483.23,success,,200,success
p3-ex-official-vu200,cdb38255-1971-452a-bb15-f49bce9feacb,2026-08-31T18:22:58.465Z,separate_executor,quote_run_dispatch_probe,200,6163.07,success,,200,success
p3-ex-official-vu200,3cc14f29-18eb-4b31-9542-ac9c17bd9faf,2026-08-31T18:22:58.485Z,separate_executor,quote_run_dispatch_probe,200,5616.97,success,,200,success
p3-ex-official-vu200,72e7f521-079f-4636-8948-4911130ce679,2026-08-31T18:22:58.498Z,separate_executor,quote_run_dispatch_probe,200,6261.34,success,,200,success
p3-ex-official-vu200,af480651-be12-4ce8-9953-5015fc281be4,2026-08-31T18:22:58.523Z,separate_executor,quote_run_dispatch_probe,200,6288,success,,200,success
p3-ex-official-vu200,1b5ca4fd-38e9-4df0-bbb8-cddac2e5ff07,2026-08-31T18:22:58.523Z,separate_executor,quote_run_dispatch_probe,200,6232.24,success,,200,success
p3-ex-official-vu200,eb5d578a-ffa0-42bd-b00f-cbe45b47cad5,2026-08-31T18:22:58.533Z,separate_executor,quote_run_dispatch_probe,200,6242.68,success,,200,success
p3-ex-official-vu200,64a51728-4bc1-4cec-8b93-a9cf585b672d,2026-08-31T18:22:58.604Z,separate_executor,quote_run_dispatch_probe,200,6313.11,success,,200,success
p3-ex-official-vu200,14ada7f3-14a7-4678-837e-7c024cad18ee,2026-08-31T18:22:58.608Z,separate_executor,quote_run_dispatch_probe,200,5663.84,success,,200,success
p3-ex-official-vu200,59944736-6235-4e61-a0ce-c2e1c55168fd,2026-08-31T18:22:58.648Z,separate_executor,quote_run_dispatch_probe,200,5659.01,success,,200,success
p3-ex-official-vu200,eee54796-b21c-4c07-9dcd-6ae545721d26,2026-08-31T18:22:58.717Z,separate_executor,quote_run_dispatch_probe,200,5724,success,,200,success
p3-ex-official-vu200,fe52cd83-0815-434b-bc7c-7dd12b72949d,2026-08-31T18:22:58.734Z,separate_executor,quote_run_dispatch_probe,200,6434.49,success,,200,success
p3-ex-official-vu200,46456970-f939-46e4-bf28-675e8113dd2c,2026-08-31T18:22:58.775Z,separate_executor,quote_run_dispatch_probe,200,6618.1,success,,200,success
p3-ex-official-vu200,ad088cf6-3848-42e1-a98d-4ce988b4c6c2,2026-08-31T18:22:58.781Z,separate_executor,quote_run_dispatch_probe,200,6490.83,success,,200,success
p3-ex-official-vu200,d5895834-3d1e-48e4-b6d6-1336cebb9f44,2026-08-31T18:22:58.798Z,separate_executor,quote_run_dispatch_probe,200,6773.86,success,,200,success
p3-ex-official-vu200,c5ca31a9-7e6f-4fe3-9cf7-9b2c45948f1c,2026-08-31T18:22:58.807Z,separate_executor,quote_run_dispatch_probe,200,5506.96,success,,200,success
p3-ex-official-vu200,17f52b3d-8f9b-4d89-bfed-9934f161b77d,2026-08-31T18:22:58.815Z,separate_executor,quote_run_dispatch_probe,200,6575.75,success,,200,success
p3-ex-official-vu200,753a5c8e-0328-488e-b1a8-deb4464075a0,2026-08-31T18:22:58.838Z,separate_executor,quote_run_dispatch_probe,200,5864.7,success,,200,success
p3-ex-official-vu200,7018520a-72e2-4628-8adf-130c8242df70,2026-08-31T18:22:58.839Z,separate_executor,quote_run_dispatch_probe,200,5550.5,success,,200,success
p3-ex-official-vu200,67b1096a-fdec-45c2-bf7d-6199f4d62f13,2026-08-31T18:22:58.851Z,separate_executor,quote_run_dispatch_probe,200,5863.89,success,,200,success
p3-ex-official-vu200,ee2f0ce6-6fd4-4c76-8d8e-9b78b131f461,2026-08-31T18:22:58.853Z,separate_executor,quote_run_dispatch_probe,200,5887.21,success,,200,success
p3-ex-official-vu200,aa53c2d4-9303-4852-bf67-091389e2e956,2026-08-31T18:22:58.879Z,separate_executor,quote_run_dispatch_probe,200,6721.06,success,,200,success
p3-ex-official-vu200,37dd5a24-2cd7-4490-9c3f-cd87a450b6fa,2026-08-31T18:22:58.884Z,separate_executor,quote_run_dispatch_probe,200,5892.32,success,,200,success
p3-ex-official-vu200,f4251cce-83f7-43d4-95ee-4207f6e83db8,2026-08-31T18:22:58.984Z,separate_executor,quote_run_dispatch_probe,200,6695.11,success,,200,success
p3-ex-official-vu200,9fed2f1c-2ca1-415b-aa8a-e8f163a3f95a,2026-08-31T18:22:58.989Z,separate_executor,quote_run_dispatch_probe,200,6147.58,success,,200,success
p3-ex-official-vu200,75964e85-3ba2-4666-be7d-e4fc7be513c4,2026-08-31T18:22:59.067Z,separate_executor,quote_run_dispatch_probe,200,5857.79,success,,200,success
p3-ex-official-vu200,9201c563-e1e3-4f06-a4f8-b4ddf587f684,2026-08-31T18:22:59.151Z,separate_executor,quote_run_dispatch_probe,200,5892.78,success,,200,success
p3-ex-official-vu200,def1df67-dc55-4a2a-956c-1273c7dc4f73,2026-08-31T18:22:59.308Z,separate_executor,quote_run_dispatch_probe,200,6090.46,success,,200,success
p3-ex-official-vu200,f41f3afe-c6e2-4227-93ca-87fde45e24c2,2026-08-31T18:22:59.469Z,separate_executor,quote_run_dispatch_probe,200,5257.12,success,,200,success
p3-ex-official-vu200,346a3619-d749-471e-9b4e-a463321832d9,2026-08-31T18:22:59.570Z,separate_executor,quote_run_dispatch_probe,200,5167.34,success,,200,success
p3-ex-official-vu200,a293b437-b23b-4056-b166-24311d18de5a,2026-08-31T18:22:59.822Z,separate_executor,quote_run_dispatch_probe,200,5123.75,success,,200,success
p3-ex-official-vu200,54113ca4-6076-4d8e-8af6-1c5adec56822,2026-08-31T18:22:59.952Z,separate_executor,quote_run_dispatch_probe,200,5264.98,success,,200,success
p3-ex-official-vu200,4d505247-a9d7-4521-bb68-65d752ed8d36,2026-08-31T18:23:00.200Z,separate_executor,quote_run_dispatch_probe,200,5389.34,success,,200,success
p3-ex-official-vu200,26da1609-6610-45fa-8a2c-4c97f8f01a23,2026-08-31T18:23:00.333Z,separate_executor,quote_run_dispatch_probe,200,5157.23,success,,200,success
p3-ex-official-vu200,1b39026e-6f87-4b15-9fcb-8f89b439bb66,2026-08-31T18:23:00.375Z,separate_executor,quote_run_dispatch_probe,200,5313.09,success,,200,success
p3-ex-official-vu200,f8ccd981-49c8-45f4-8a92-1c8f588abd40,2026-08-31T18:23:00.399Z,separate_executor,quote_run_dispatch_probe,200,5225.97,success,,200,success
p3-ex-official-vu200,2a9c6bd6-7213-435e-b482-a8190ea2c6a6,2026-08-31T18:23:00.421Z,separate_executor,quote_run_dispatch_probe,200,5262.81,success,,200,success
p3-ex-official-vu200,d9bb0fea-ffdc-4556-a498-6183ff96d641,2026-08-31T18:23:00.598Z,separate_executor,quote_run_dispatch_probe,200,5270.53,success,,200,success
p3-ex-official-vu200,d5109e91-7fc6-47a9-86bb-19c25af1c609,2026-08-31T18:23:00.687Z,separate_executor,quote_run_dispatch_probe,200,5137,success,,200,success
p3-ex-official-vu200,a77d3d6f-b03e-4d3f-b955-bbbef9d8c1bd,2026-08-31T18:23:00.764Z,separate_executor,quote_run_dispatch_probe,200,5268.98,success,,200,success
p3-ex-official-vu200,e5bfb188-ad38-4923-9f25-67497a488e2b,2026-08-31T18:23:00.788Z,separate_executor,quote_run_dispatch_probe,200,5588.28,success,,200,success
p3-ex-official-vu200,c60be761-fd11-4b60-ae3c-5f3c2ccc13d2,2026-08-31T18:23:00.789Z,separate_executor,quote_run_dispatch_probe,200,5519.82,success,,200,success
p3-ex-official-vu200,33bf2b84-cf89-461b-b20f-bdf66dbbe719,2026-08-31T18:23:00.795Z,separate_executor,quote_run_dispatch_probe,200,5480.46,success,,200,success
p3-ex-official-vu200,9ce262ab-5908-4d2a-894e-7609aa4b1817,2026-08-31T18:23:00.807Z,separate_executor,quote_run_dispatch_probe,200,5319.98,success,,200,success
p3-ex-official-vu200,66dd16c2-214f-48fd-b29a-44c7fe50109d,2026-08-31T18:23:00.901Z,separate_executor,quote_run_dispatch_probe,200,5385.26,success,,200,success
p3-ex-official-vu200,993ff250-5d78-497a-a672-141a82744046,2026-08-31T18:23:00.906Z,separate_executor,quote_run_dispatch_probe,200,5309.29,success,,200,success
p3-ex-official-vu200,d1a09860-e0e1-4d64-8fc8-fadd4ab5fda4,2026-08-31T18:23:00.907Z,separate_executor,quote_run_dispatch_probe,200,5426.26,success,,200,success
p3-ex-official-vu200,9ce6ed68-7f17-4f3b-badc-6964c1e68fc9,2026-08-31T18:23:00.969Z,separate_executor,quote_run_dispatch_probe,200,5281.28,success,,200,success
p3-ex-official-vu200,f1ee2e35-3e17-478a-84e0-d57d27d16822,2026-08-31T18:23:00.972Z,separate_executor,quote_run_dispatch_probe,200,5356.55,success,,200,success
p3-ex-official-vu200,64b782ad-0a06-4e20-82ab-555fc4b403e4,2026-08-31T18:23:00.978Z,separate_executor,quote_run_dispatch_probe,200,5598.36,success,,200,success
p3-ex-official-vu200,56e797e4-f351-4923-9606-5bacacf2ef93,2026-08-31T18:23:00.981Z,separate_executor,quote_run_dispatch_probe,200,5647.78,success,,200,success
p3-ex-official-vu200,e6c7050f-c598-4546-b9d8-ff69f75e5417,2026-08-31T18:23:01.056Z,separate_executor,quote_run_dispatch_probe,200,5436.48,success,,200,success
p3-ex-official-vu200,9f3b9805-5c95-45a4-a9a8-c5d7531f37a1,2026-08-31T18:23:01.061Z,separate_executor,quote_run_dispatch_probe,200,5343.66,success,,200,success
p3-ex-official-vu200,2bfee6a4-4e84-4e02-8a79-da19e433ac55,2026-08-31T18:23:01.072Z,separate_executor,quote_run_dispatch_probe,200,5473.29,success,,200,success
p3-ex-official-vu200,0aa9e2c5-cd9b-48dd-b5f7-dd1465af6c84,2026-08-31T18:23:01.079Z,separate_executor,quote_run_dispatch_probe,200,5378.45,success,,200,success
p3-ex-official-vu200,b82e9b5f-2e9d-437d-8831-9a1f791f8a7c,2026-08-31T18:23:01.148Z,separate_executor,quote_run_dispatch_probe,200,5354.3,success,,200,success
p3-ex-official-vu200,e475f4d4-5855-4630-8ade-9c14bcb79300,2026-08-31T18:23:01.160Z,separate_executor,quote_run_dispatch_probe,200,5674.5,success,,200,success
p3-ex-official-vu200,b4d7e37d-3d4d-491c-95ac-206c5519ef59,2026-08-31T18:23:01.197Z,separate_executor,quote_run_dispatch_probe,200,5435.95,success,,200,success
p3-ex-official-vu200,ffdadaef-1158-4cc0-b1aa-0bd1089b6e10,2026-08-31T18:23:01.199Z,separate_executor,quote_run_dispatch_probe,200,5438.76,success,,200,success
p3-ex-official-vu200,ca269ed3-e036-4d69-8d9a-27c47a8be153,2026-08-31T18:23:01.247Z,separate_executor,quote_run_dispatch_probe,200,5393.61,success,,200,success
p3-ex-official-vu200,3f9aa7f7-ccb0-4a7e-8c57-6a06efc813b6,2026-08-31T18:23:01.306Z,separate_executor,quote_run_dispatch_probe,200,5601.44,success,,200,success
p3-ex-official-vu200,82a85fd5-db35-4e90-8ba0-afa73e25a28c,2026-08-31T18:23:01.310Z,separate_executor,quote_run_dispatch_probe,200,5612.78,success,,200,success
p3-ex-official-vu200,5d958df1-4dea-4d29-bd21-790de96f68d3,2026-08-31T18:23:01.421Z,separate_executor,quote_run_dispatch_probe,200,5723.95,success,,200,success
p3-ex-official-vu200,0d5a00d4-0e37-4188-a26c-d1160e7c6963,2026-08-31T18:23:01.436Z,separate_executor,quote_run_dispatch_probe,200,5823.1,success,,200,success
p3-ex-official-vu200,0887c4bb-b324-4bde-8dd0-443af4f214aa,2026-08-31T18:23:01.462Z,separate_executor,quote_run_dispatch_probe,200,5773.04,success,,200,success
p3-ex-official-vu200,74651d36-1be5-4039-aa19-e7115ca103fd,2026-08-31T18:23:01.503Z,separate_executor,quote_run_dispatch_probe,200,5804.03,success,,200,success
p3-ex-official-vu200,8421d6be-e4a9-44a4-8890-d55e2fad1114,2026-08-31T18:23:01.509Z,separate_executor,quote_run_dispatch_probe,200,5673.56,success,,200,success
p3-ex-official-vu200,53fd1e1c-add3-4b2b-9e4b-21bdb31212c4,2026-08-31T18:23:01.628Z,separate_executor,quote_run_dispatch_probe,200,5521.03,success,,200,success
p3-ex-official-vu200,d0268724-877f-4360-9ff1-3789ea79c226,2026-08-31T18:23:01.663Z,separate_executor,quote_run_dispatch_probe,200,5463.6,success,,200,success
p3-ex-official-vu200,f619e01e-732a-4ddf-8d4b-7fb5eae5f4f8,2026-08-31T18:23:01.737Z,separate_executor,quote_run_dispatch_probe,200,5896.22,success,,200,success
p3-ex-official-vu200,ef7c6c4e-02a4-4bb5-b9a1-a68904113be2,2026-08-31T18:23:01.845Z,separate_executor,quote_run_dispatch_probe,200,5610.18,success,,200,success
p3-ex-official-vu200,78aa5c82-8752-461a-8868-d99a92c2e061,2026-08-31T18:23:01.849Z,separate_executor,quote_run_dispatch_probe,200,5344.23,success,,200,success
p3-ex-official-vu200,6aa4f5c4-6f6b-45b5-bc1d-0929a868c5a8,2026-08-31T18:23:01.912Z,separate_executor,quote_run_dispatch_probe,200,5561.16,success,,200,success
p3-ex-official-vu200,0ee62197-0a45-439f-9183-c50660de6dda,2026-08-31T18:23:01.952Z,separate_executor,quote_run_dispatch_probe,200,5592.69,success,,200,success
p3-ex-official-vu200,4034651a-124b-4404-915d-d4d06c4b9f6a,2026-08-31T18:23:01.960Z,separate_executor,quote_run_dispatch_probe,200,5464.24,success,,200,success
p3-ex-official-vu200,be41d8f0-5996-4574-9034-4a30c78e12da,2026-08-31T18:23:02.053Z,separate_executor,quote_run_dispatch_probe,200,5553.11,success,,200,success
p3-ex-official-vu200,f1361699-8bcb-4e94-8bce-8716cded138e,2026-08-31T18:23:02.110Z,separate_executor,quote_run_dispatch_probe,200,5740.25,success,,200,success
p3-ex-official-vu200,5f33848f-8e27-4c31-ad00-1fbb5d2c3ab2,2026-08-31T18:23:02.122Z,separate_executor,quote_run_dispatch_probe,200,5757.34,success,,200,success
p3-ex-official-vu200,c8f83bae-5c6e-4e8c-b073-a9e502c6529b,2026-08-31T18:23:02.222Z,separate_executor,quote_run_dispatch_probe,200,5922.95,success,,200,success
p3-ex-official-vu200,a9f594e6-be02-42c9-a692-f92d5830d8d1,2026-08-31T18:23:02.346Z,separate_executor,quote_run_dispatch_probe,200,5543.36,success,,200,success
p3-ex-official-vu200,26ff8a99-56bf-4135-b185-b6b0bc027be3,2026-08-31T18:23:02.348Z,separate_executor,quote_run_dispatch_probe,200,5609.15,success,,200,success
p3-ex-official-vu200,9c88910c-35a4-4f6c-8907-e25f40438d4c,2026-08-31T18:23:02.401Z,separate_executor,quote_run_dispatch_probe,200,5664.67,success,,200,success
p3-ex-official-vu200,01d285a8-1084-456d-958f-f163e18bd150,2026-08-31T18:23:02.401Z,separate_executor,quote_run_dispatch_probe,200,5881.44,success,,200,success
p3-ex-official-vu200,97154d1e-8b8d-4a18-8c18-c7637e5f9e5f,2026-08-31T18:23:02.703Z,separate_executor,quote_run_dispatch_probe,200,5871.04,success,,200,success
p3-ex-official-vu200,94a588d1-c6c9-4376-a290-e64cf6e23fbc,2026-08-31T18:23:02.703Z,separate_executor,quote_run_dispatch_probe,200,6185.05,success,,200,success
p3-ex-official-vu200,ebb22892-2aea-4670-b549-7a23c7a029a4,2026-08-31T18:23:02.704Z,separate_executor,quote_run_dispatch_probe,200,6200.52,success,,200,success
p3-ex-official-vu200,bf4120c2-1533-4e52-b0dd-f7527338c72f,2026-08-31T18:23:02.704Z,separate_executor,quote_run_dispatch_probe,200,6098.04,success,,200,success
p3-ex-official-vu200,2f4a8666-3719-4a6b-8250-c42a76eb7f96,2026-08-31T18:23:02.705Z,separate_executor,quote_run_dispatch_probe,200,5792.63,success,,200,success
p3-ex-official-vu200,d203dc72-23ad-4ea0-b465-2c17d7534b05,2026-08-31T18:23:02.706Z,separate_executor,quote_run_dispatch_probe,200,5928.37,success,,200,success
p3-ex-official-vu200,d463cc7a-5ac6-4c38-81d2-b56be9467aad,2026-08-31T18:23:02.706Z,separate_executor,quote_run_dispatch_probe,200,5967.53,success,,200,success
p3-ex-official-vu200,282b3820-7473-409f-a67d-2cf6ebf7e383,2026-08-31T18:23:02.706Z,separate_executor,quote_run_dispatch_probe,200,5931.57,success,,200,success
p3-ex-official-vu200,add1309b-d789-4b8e-af30-b9096e703e43,2026-08-31T18:23:02.707Z,separate_executor,quote_run_dispatch_probe,200,6051.13,success,,200,success
p3-ex-official-vu200,3d11eb3b-ebd1-472d-9dfb-d41c4d968549,2026-08-31T18:23:02.708Z,separate_executor,quote_run_dispatch_probe,200,5973.77,success,,200,success
p3-ex-official-vu200,b42e5778-2253-42af-95ba-a35a0a9c5303,2026-08-31T18:23:02.708Z,separate_executor,quote_run_dispatch_probe,200,5526.83,success,,200,success
p3-ex-official-vu200,b094fb52-f6df-487c-8f7a-363b4ead96f4,2026-08-31T18:23:02.708Z,separate_executor,quote_run_dispatch_probe,200,5565.37,success,,200,success
p3-ex-official-vu200,ea74c769-fc55-4f98-914e-9ee8e60d172e,2026-08-31T18:23:02.712Z,separate_executor,quote_run_dispatch_probe,200,5832.95,success,,200,success
p3-ex-official-vu200,60aba37c-22a0-4528-b7be-c6b491bfaeff,2026-08-31T18:23:02.714Z,separate_executor,quote_run_dispatch_probe,200,6252.13,success,,200,success
p3-ex-official-vu200,c06b2a40-a1b4-4d73-a491-0875fd74d1b6,2026-08-31T18:23:02.715Z,separate_executor,quote_run_dispatch_probe,200,5910.55,success,,200,success
p3-ex-official-vu200,0de064e5-aab1-426c-8e48-3940a1b5836d,2026-08-31T18:23:02.718Z,separate_executor,quote_run_dispatch_probe,200,5804.92,success,,200,success
p3-ex-official-vu200,e2aeb22c-9cb3-4c42-9dfc-03596e818b50,2026-08-31T18:23:02.720Z,separate_executor,quote_run_dispatch_probe,200,5737.06,success,,200,success
p3-ex-official-vu200,376c0924-54b5-4afb-98a2-5e847f5bd1dd,2026-08-31T18:23:02.721Z,separate_executor,quote_run_dispatch_probe,200,5746.48,success,,200,success
p3-ex-official-vu200,01164d6e-23f2-4f87-bb04-2521ab81edce,2026-08-31T18:23:02.721Z,separate_executor,quote_run_dispatch_probe,200,5882.11,success,,200,success
p3-ex-official-vu200,18e3a415-7170-4f8d-93cd-a468c7c6ca26,2026-08-31T18:23:02.722Z,separate_executor,quote_run_dispatch_probe,200,5771.27,success,,200,success
p3-ex-official-vu200,0009fed5-b735-40b8-a860-9310162b9015,2026-08-31T18:23:02.736Z,separate_executor,quote_run_dispatch_probe,200,5468.71,success,,200,success
p3-ex-official-vu200,bea75fd4-5f02-498d-b8f3-679c27ac65cb,2026-08-31T18:23:02.738Z,separate_executor,quote_run_dispatch_probe,200,5970.96,success,,200,success
p3-ex-official-vu200,b96fb4ff-7bbf-4d84-837b-905872b7bc26,2026-08-31T18:23:02.763Z,separate_executor,quote_run_dispatch_probe,200,5627.44,success,,200,success
p3-ex-official-vu200,f4b28f64-0cae-40c2-9502-83a7957a8d95,2026-08-31T18:23:02.782Z,separate_executor,quote_run_dispatch_probe,200,5641.27,success,,200,success
p3-ex-official-vu200,bb490561-5e44-4315-b020-47cf99e87b5a,2026-08-31T18:23:02.801Z,separate_executor,quote_run_dispatch_probe,200,5736.11,success,,200,success
p3-ex-official-vu200,90a5c788-897e-4834-bf56-a7037e2af534,2026-08-31T18:23:02.823Z,separate_executor,quote_run_dispatch_probe,200,5704.08,success,,200,success
p3-ex-official-vu200,01ee8067-964f-4ff6-a56f-0bace624a678,2026-08-31T18:23:02.872Z,separate_executor,quote_run_dispatch_probe,200,6035.09,success,,200,success
p3-ex-official-vu200,90010935-ef93-4f06-9b81-23803a65167e,2026-08-31T18:23:02.889Z,separate_executor,quote_run_dispatch_probe,200,5756.91,success,,200,success
p3-ex-official-vu200,ad54b223-bbfd-4d95-8c21-ff22fbdd051d,2026-08-31T18:23:02.898Z,separate_executor,quote_run_dispatch_probe,200,5682.1,success,,200,success
p3-ex-official-vu200,ba31981f-4c08-4c5c-85e6-b75a9cd5ff05,2026-08-31T18:23:02.899Z,separate_executor,quote_run_dispatch_probe,200,5716.8,success,,200,success
p3-ex-official-vu200,fd2d5191-13db-4024-8f53-0774a78562de,2026-08-31T18:23:02.907Z,separate_executor,quote_run_dispatch_probe,200,5868.55,success,,200,success
p3-ex-official-vu200,1b1eef23-a4d0-41a1-8548-b49361d7936d,2026-08-31T18:23:02.910Z,separate_executor,quote_run_dispatch_probe,200,5793.26,success,,200,success
p3-ex-official-vu200,0385851f-052b-43aa-a787-4e56211412d7,2026-08-31T18:23:02.926Z,separate_executor,quote_run_dispatch_probe,200,5805.96,success,,200,success
p3-ex-official-vu200,c8d1897f-5e6f-4658-8209-d95849e9d56f,2026-08-31T18:23:02.941Z,separate_executor,quote_run_dispatch_probe,200,5618.62,success,,200,success
p3-ex-official-vu200,939e6eb4-b0b2-43d6-afc1-6e958a463267,2026-08-31T18:23:02.966Z,separate_executor,quote_run_dispatch_probe,200,5765.69,success,,200,success
p3-ex-official-vu200,8a402a36-c36c-42af-9a9b-063cb6a92b01,2026-08-31T18:23:02.972Z,separate_executor,quote_run_dispatch_probe,200,5732.41,success,,200,success
p3-ex-official-vu200,83a8cb43-23a2-4b48-bcea-fd1cbe33426b,2026-08-31T18:23:03.103Z,separate_executor,quote_run_dispatch_probe,200,5781.61,success,,200,success
p3-ex-official-vu200,82da369a-a0ae-4a53-9c3a-d19400e229b7,2026-08-31T18:23:03.106Z,separate_executor,quote_run_dispatch_probe,200,5680.2,success,,200,success
p3-ex-official-vu200,0a02684d-7e03-4ea8-99f5-349618c9ffae,2026-08-31T18:23:03.127Z,separate_executor,quote_run_dispatch_probe,200,5429.3,success,,200,success
p3-ex-official-vu200,37858535-6bd1-4894-bce8-e3a48a2cd8c9,2026-08-31T18:23:03.147Z,separate_executor,quote_run_dispatch_probe,200,5443.15,success,,200,success
p3-ex-official-vu200,f73eed88-e22a-4d02-9b46-82c8c2e7767d,2026-08-31T18:23:03.171Z,separate_executor,quote_run_dispatch_probe,200,6137.89,success,,200,success
p3-ex-official-vu200,c163693e-c255-4e4a-a681-98b0a298d9d7,2026-08-31T18:23:03.274Z,separate_executor,quote_run_dispatch_probe,200,5831.06,success,,200,success
p3-ex-official-vu200,47fc6273-8c7d-4457-8d2b-ed5120749715,2026-08-31T18:23:03.284Z,separate_executor,quote_run_dispatch_probe,200,5680.56,success,,200,success
p3-ex-official-vu200,16ce283e-296c-4148-9632-bc6acc966fbc,2026-08-31T18:23:03.300Z,separate_executor,quote_run_dispatch_probe,200,5597.9,success,,200,success
p3-ex-official-vu200,da8569d4-d6c5-480f-b7c1-914f3d010276,2026-08-31T18:23:03.301Z,separate_executor,quote_run_dispatch_probe,200,6009.8,success,,200,success
p3-ex-official-vu200,0e00a42e-bbc5-45a2-a247-724ff9fadae4,2026-08-31T18:23:03.537Z,separate_executor,quote_run_dispatch_probe,200,5834.3,success,,200,success
p3-ex-official-vu200,0a3eaa33-e52d-4ff3-b8ec-93d58360fdb6,2026-08-31T18:23:03.542Z,separate_executor,quote_run_dispatch_probe,200,5853.86,success,,200,success
p3-ex-official-vu200,cda8c13e-9bd2-481b-978c-d314fedbf7ed,2026-08-31T18:23:03.558Z,separate_executor,quote_run_dispatch_probe,200,5810.04,success,,200,success
p3-ex-official-vu200,ce149569-f639-41f6-a5b0-49568aff8252,2026-08-31T18:23:03.572Z,separate_executor,quote_run_dispatch_probe,200,5883.78,success,,200,success
p3-ex-official-vu200,524d1188-1ae1-4513-a286-a1d99952efa0,2026-08-31T18:23:03.573Z,separate_executor,quote_run_dispatch_probe,200,6151.86,success,,200,success
p3-ex-official-vu200,a3bad42b-ce4b-4f78-a960-fa05be1d3d2a,2026-08-31T18:23:03.574Z,separate_executor,quote_run_dispatch_probe,200,5870.02,success,,200,success
p3-ex-official-vu200,a1892a1c-f159-4227-bb5d-fc2728f30dae,2026-08-31T18:23:03.574Z,separate_executor,quote_run_dispatch_probe,200,5872.31,success,,200,success
p3-ex-official-vu200,97d3b5aa-3852-4c6c-9b37-62b6bdd20f22,2026-08-31T18:23:03.580Z,separate_executor,quote_run_dispatch_probe,200,5979.58,success,,200,success
p3-ex-official-vu200,55347fdb-94f0-4199-8d1d-7f1504e61ea9,2026-08-31T18:23:03.584Z,separate_executor,quote_run_dispatch_probe,200,5882.57,success,,200,success
p3-ex-official-vu200,529878cd-62de-4767-9cdd-ba7b54c8a941,2026-08-31T18:23:03.587Z,separate_executor,quote_run_dispatch_probe,200,5735.81,success,,200,success
p3-ex-official-vu200,2d507941-cbae-4daf-aa1a-41c5ad3730cb,2026-08-31T18:23:03.590Z,separate_executor,quote_run_dispatch_probe,200,5821.66,success,,200,success
p3-ex-official-vu200,4a232444-a1e7-4d8c-94e1-c1d3b67df864,2026-08-31T18:23:03.590Z,separate_executor,quote_run_dispatch_probe,200,5906.91,success,,200,success
p3-ex-official-vu200,1410173e-2b38-44fa-b0a9-38871e1aa777,2026-08-31T18:23:03.591Z,separate_executor,quote_run_dispatch_probe,200,5781.21,success,,200,success
p3-ex-official-vu200,1a62383d-0761-41a8-b1e9-d15a6d30127b,2026-08-31T18:23:03.599Z,separate_executor,quote_run_dispatch_probe,200,6177.41,success,,200,success
p3-ex-official-vu200,2a8e7586-d9d6-4b04-8075-32f7d9de32d6,2026-08-31T18:23:03.601Z,separate_executor,quote_run_dispatch_probe,200,5901.61,success,,200,success
p3-ex-official-vu200,34e497a1-2d5d-4f39-ba05-50e1fa39278f,2026-08-31T18:23:03.602Z,separate_executor,quote_run_dispatch_probe,200,5902.43,success,,200,success
p3-ex-official-vu200,4944a55e-bbff-48a0-b12f-b0695098bee7,2026-08-31T18:23:03.603Z,separate_executor,quote_run_dispatch_probe,200,5902.73,success,,200,success
p3-ex-official-vu200,11e3ad68-dd9b-4ce8-bea7-4cd6a09c415d,2026-08-31T18:23:03.603Z,separate_executor,quote_run_dispatch_probe,200,5919.02,success,,200,success
p3-ex-official-vu200,01895834-4954-4381-a213-75336842a0b1,2026-08-31T18:23:03.604Z,separate_executor,quote_run_dispatch_probe,200,5650.92,success,,200,success
p3-ex-official-vu200,d17aea3e-9c61-4ea1-9af5-6c526e5ec676,2026-08-31T18:23:03.606Z,separate_executor,quote_run_dispatch_probe,200,6249.44,success,,200,success
p3-ex-official-vu200,07f2f965-cfa2-45af-8450-7c74ed4cc159,2026-08-31T18:23:03.606Z,separate_executor,quote_run_dispatch_probe,200,5906.21,success,,200,success
p3-ex-official-vu200,87e44de7-8347-450b-bb76-0261551f7cda,2026-08-31T18:23:03.636Z,separate_executor,quote_run_dispatch_probe,200,5935.8,success,,200,success
p3-ex-official-vu200,ae0dc3fe-2f3c-47aa-9279-ab4ad7dbc0ac,2026-08-31T18:23:03.637Z,separate_executor,quote_run_dispatch_probe,200,5755.89,success,,200,success
p3-ex-official-vu200,ac17b1d1-ec36-4806-8fdf-1e8804dcee7a,2026-08-31T18:23:03.652Z,separate_executor,quote_run_dispatch_probe,200,5948.08,success,,200,success
p3-ex-official-vu200,9c9fd85f-8689-467a-bb36-e7f2a541d19a,2026-08-31T18:23:03.734Z,separate_executor,quote_run_dispatch_probe,200,6382.85,success,,200,success
p3-ex-official-vu200,5fd13c9b-4b01-4a85-999c-e0eed68ad610,2026-08-31T18:23:03.889Z,separate_executor,quote_run_dispatch_probe,200,6183.96,success,,200,success
p3-ex-official-vu200,753b89bf-1b1f-40e4-b80e-1ff136431a54,2026-08-31T18:23:03.891Z,separate_executor,quote_run_dispatch_probe,200,5979.73,success,,200,success
p3-ex-official-vu200,cd27c0d6-e490-4cf5-8e83-6aae2ff203dd,2026-08-31T18:23:03.900Z,separate_executor,quote_run_dispatch_probe,200,6105.71,success,,200,success
p3-ex-official-vu200,e1efe727-cc7b-4018-87b7-130ae992ce9b,2026-08-31T18:23:03.901Z,separate_executor,quote_run_dispatch_probe,200,6198.57,success,,200,success
p3-ex-official-vu200,2fde85fa-b3b7-4653-a76f-bc02ecda8052,2026-08-31T18:23:03.903Z,separate_executor,quote_run_dispatch_probe,200,5985.12,success,,200,success
p3-ex-official-vu200,6847d585-4657-4dad-8c71-b957824b43a3,2026-08-31T18:23:03.905Z,separate_executor,quote_run_dispatch_probe,200,5843.83,success,,200,success
p3-ex-official-vu200,9aa29cde-fee5-4aee-be77-020904a0cfad,2026-08-31T18:23:03.907Z,separate_executor,quote_run_dispatch_probe,200,6001.85,success,,200,success
p3-ex-official-vu200,55307358-7ca6-4670-b8a9-1836c0b76ae5,2026-08-31T18:23:03.930Z,separate_executor,quote_run_dispatch_probe,200,6006.35,success,,200,success
p3-ex-official-vu200,5a4862d8-2c2c-409d-a1e8-468e70f91ede,2026-08-31T18:23:03.936Z,separate_executor,quote_run_dispatch_probe,200,5602.92,success,,200,success
p3-ex-official-vu200,6d3ce218-427e-4920-a012-bec10a24a9f8,2026-08-31T18:23:03.937Z,separate_executor,quote_run_dispatch_probe,200,5936.54,success,,200,success
p3-ex-official-vu200,e872de81-c443-429e-92bc-2bac0e594a46,2026-08-31T18:23:03.937Z,separate_executor,quote_run_dispatch_probe,200,6018.7,success,,200,success
p3-ex-official-vu200,e2a708fc-9b22-42a9-a445-20297297188a,2026-08-31T18:23:03.937Z,separate_executor,quote_run_dispatch_probe,200,5882.3,success,,200,success
p3-ex-official-vu200,4a03772a-6d56-4499-9aac-6fa95fa74f19,2026-08-31T18:23:03.938Z,separate_executor,quote_run_dispatch_probe,200,6235.36,success,,200,success
p3-ex-official-vu200,c9f82132-117e-49e9-b30a-cde7be4fad50,2026-08-31T18:23:03.956Z,separate_executor,quote_run_dispatch_probe,200,5922.2,success,,200,success
p3-ex-official-vu200,edb8a81c-cf17-46d9-ae15-08bb5ffb8ed7,2026-08-31T18:23:04.154Z,separate_executor,quote_run_dispatch_probe,200,6014.45,success,,200,success
p3-ex-official-vu200,d2d51caf-18db-49b9-be60-ad0e5121a8dd,2026-08-31T18:23:04.188Z,separate_executor,quote_run_dispatch_probe,200,6128.4,success,,200,success
p3-ex-official-vu200,185fc373-26b5-4ad8-bbb8-ce752a3a863f,2026-08-31T18:23:04.616Z,separate_executor,quote_run_dispatch_probe,200,6583.9,success,,200,success
p3-ex-official-vu200,cf3f9509-77b9-401f-8cbe-5502d3f3bb2f,2026-08-31T18:23:04.634Z,separate_executor,quote_run_dispatch_probe,200,6487.51,success,,200,success
p3-ex-official-vu200,9e9eee74-9549-4355-9521-6a3bb973f49b,2026-08-31T18:23:04.635Z,separate_executor,quote_run_dispatch_probe,200,6353.2,success,,200,success
p3-ex-official-vu200,14dae316-5c5b-44e2-9178-01a21b0809bb,2026-08-31T18:23:05.303Z,separate_executor,quote_run_dispatch_probe,200,7605.25,success,,200,success
p3-ex-official-vu200,67916573-a5ec-4d9c-b1b9-9c63c3148827,2026-08-31T18:23:05.304Z,separate_executor,quote_run_dispatch_probe,200,7187.45,success,,200,success
p3-ex-official-vu200,d7204312-d8b2-4c52-84d0-de805196894d,2026-08-31T18:23:05.305Z,separate_executor,quote_run_dispatch_probe,200,6849.46,success,,200,success
p3-ex-official-vu200,e458ae16-1eff-493c-b627-21b0e0c8f1fb,2026-08-31T18:23:05.325Z,separate_executor,quote_run_dispatch_probe,200,7267.02,success,,200,success
p3-ex-official-vu200,de76981a-5b75-4771-9de1-54e32a5eeded,2026-08-31T18:23:05.326Z,separate_executor,quote_run_dispatch_probe,200,6992.7,success,,200,success
p3-ex-official-vu200,6905b381-875d-4013-994f-cfec473dc806,2026-08-31T18:23:05.334Z,separate_executor,quote_run_dispatch_probe,200,6836.06,success,,200,success
p3-ex-official-vu200,52f672e5-f0c4-4bd0-8ab6-48abc95feb72,2026-08-31T18:23:05.451Z,separate_executor,quote_run_dispatch_probe,200,7166.04,success,,200,success
p3-ex-official-vu200,6de27ce4-af9e-446c-a381-d6a34faa82ba,2026-08-31T18:23:05.452Z,separate_executor,quote_run_dispatch_probe,200,7166.65,success,,200,success
p3-ex-official-vu200,4984c1cf-a17d-4d89-b9dc-a5efc7b8eeab,2026-08-31T18:23:05.453Z,separate_executor,quote_run_dispatch_probe,200,7030.62,success,,200,success
p3-ex-official-vu200,8512227c-6507-491a-abfe-587af9b1bbf3,2026-08-31T18:23:05.453Z,separate_executor,quote_run_dispatch_probe,200,7448.4,success,,200,success
p3-ex-official-vu200,a9582c50-a6af-44ef-9d2a-46b80760fede,2026-08-31T18:23:05.461Z,separate_executor,quote_run_dispatch_probe,200,7104.4,success,,200,success
p3-ex-official-vu200,1f777d66-ad77-4fd3-a1e0-372ea5392b9d,2026-08-31T18:23:05.468Z,separate_executor,quote_run_dispatch_probe,200,7184.52,success,,200,success
p3-ex-official-vu200,d8e92dcd-241e-4cf3-bf22-6e6309f20d9b,2026-08-31T18:23:05.469Z,separate_executor,quote_run_dispatch_probe,200,7065.24,success,,200,success
p3-ex-official-vu200,c547aa5c-fd70-4a03-9468-61d3db5ac172,2026-08-31T18:23:05.473Z,separate_executor,quote_run_dispatch_probe,200,7257.93,success,,200,success
p3-ex-official-vu200,b482fb73-120a-41fd-a54b-49c9e3971e2c,2026-08-31T18:23:05.474Z,separate_executor,quote_run_dispatch_probe,200,7257.43,success,,200,success
p3-ex-official-vu200,d92f92e8-2984-452d-9fc6-37ec239272e2,2026-08-31T18:23:05.474Z,separate_executor,quote_run_dispatch_probe,200,7176.31,success,,200,success
p3-ex-official-vu200,e01e224e-bc5a-4392-ad2e-fea43ca829ab,2026-08-31T18:23:05.484Z,separate_executor,quote_run_dispatch_probe,200,7111.4,success,,200,success
p3-ex-official-vu200,866eed1b-8fc8-44a8-be87-76577d57065d,2026-08-31T18:23:05.484Z,separate_executor,quote_run_dispatch_probe,200,7167.73,success,,200,success
p3-ex-official-vu200,905e1567-32e7-4928-a218-17e290bf9b35,2026-08-31T18:23:05.485Z,separate_executor,quote_run_dispatch_probe,200,7199.98,success,,200,success
p3-ex-official-vu200,dedc57e4-91fb-4f7d-8688-18a240c3febb,2026-08-31T18:23:05.516Z,separate_executor,quote_run_dispatch_probe,200,7305.07,success,,200,success
p3-ex-official-vu200,5d95eaf4-f1ce-452c-8e77-ec59c333777f,2026-08-31T18:23:05.522Z,separate_executor,quote_run_dispatch_probe,200,7332.08,success,,200,success
p3-ex-official-vu200,a698667c-a960-424e-8679-60debd6e7486,2026-08-31T18:23:05.523Z,separate_executor,quote_run_dispatch_probe,200,6990,success,,200,success
p3-ex-official-vu200,9322ea2d-39a2-4b71-a17f-d90bfc301a38,2026-08-31T18:23:05.551Z,separate_executor,quote_run_dispatch_probe,200,7482.55,success,,200,success
p3-ex-official-vu200,ba4ddd21-8221-4ffc-b3d2-a86ad952d93d,2026-08-31T18:23:05.563Z,separate_executor,quote_run_dispatch_probe,200,7382.04,success,,200,success
p3-ex-official-vu200,587cfa02-ea01-41b5-90ab-9df2907cd2b4,2026-08-31T18:23:05.565Z,separate_executor,quote_run_dispatch_probe,200,7042.25,success,,200,success
p3-ex-official-vu200,67b030ba-fbd2-4b9b-a1c0-ba9cb3fc7652,2026-08-31T18:23:05.571Z,separate_executor,quote_run_dispatch_probe,200,7283.93,success,,200,success
p3-ex-official-vu200,f716d469-7fc2-4fe1-ac84-69e58c9479a8,2026-08-31T18:23:05.572Z,separate_executor,quote_run_dispatch_probe,200,7473.61,success,,200,success
p3-ex-official-vu200,70b57af1-5092-4ce7-8000-6a17dd47b38a,2026-08-31T18:23:05.576Z,separate_executor,quote_run_dispatch_probe,200,7053.02,success,,200,success
p3-ex-official-vu200,c01d9006-f972-4fc7-a060-8e72453ff2a8,2026-08-31T18:23:05.584Z,separate_executor,quote_run_dispatch_probe,200,7229.38,success,,200,success
p3-ex-official-vu200,8c4c0780-334d-4254-b2fd-66dc887ddc38,2026-08-31T18:23:05.585Z,separate_executor,quote_run_dispatch_probe,200,7251.72,success,,200,success
p3-ex-official-vu200,0527b3a6-bb22-4023-9759-90a8d532cad6,2026-08-31T18:23:05.585Z,separate_executor,quote_run_dispatch_probe,200,7120.76,success,,200,success
p3-ex-official-vu200,72f9b673-c5b7-47cd-9e7a-308db02e3eef,2026-08-31T18:23:05.590Z,separate_executor,quote_run_dispatch_probe,200,7231.04,success,,200,success
p3-ex-official-vu200,7ef5cb71-64c3-4c6b-9331-486bd2657226,2026-08-31T18:23:05.591Z,separate_executor,quote_run_dispatch_probe,200,7132.74,success,,200,success
p3-ex-official-vu200,60375d16-436c-4cca-9ddd-5e2bc2a860d0,2026-08-31T18:23:05.591Z,separate_executor,quote_run_dispatch_probe,200,7188.96,success,,200,success
p3-ex-official-vu200,89798945-4e37-4c52-826f-4a703f569cc5,2026-08-31T18:23:05.600Z,separate_executor,quote_run_dispatch_probe,200,6995.53,success,,200,success
p3-ex-official-vu200,4ebafc07-1f6a-4b42-8004-9a6075ca2852,2026-08-31T18:23:05.602Z,separate_executor,quote_run_dispatch_probe,200,6954.84,success,,200,success
p3-ex-official-vu200,3fe4eb43-47f6-42d4-9ab0-4e590b1e54a5,2026-08-31T18:23:05.603Z,separate_executor,quote_run_dispatch_probe,200,7117.97,success,,200,success
p3-ex-official-vu200,0404db09-9aa4-4284-8d28-d92d2c460b6c,2026-08-31T18:23:05.604Z,separate_executor,quote_run_dispatch_probe,200,6887.31,success,,200,success
p3-ex-official-vu200,1920d92b-3626-4c6f-afc3-1ded10da9239,2026-08-31T18:23:05.608Z,separate_executor,quote_run_dispatch_probe,200,6793.21,success,,200,success
p3-ex-official-vu200,ceea200e-1af4-4e9d-a35c-3ab8d8053612,2026-08-31T18:23:05.609Z,separate_executor,quote_run_dispatch_probe,200,7000.91,success,,200,success
p3-ex-official-vu200,7ffc8e0c-d08a-4a4f-8cdf-c58c2ee90a92,2026-08-31T18:23:05.619Z,separate_executor,quote_run_dispatch_probe,200,6767.33,success,,200,success
p3-ex-official-vu200,0b298e24-3974-4b0f-93d1-9968401a5545,2026-08-31T18:23:05.630Z,separate_executor,quote_run_dispatch_probe,200,6751.19,success,,200,success
p3-ex-official-vu200,4e1a8709-a56d-4652-827e-cc97ce1c4e84,2026-08-31T18:23:05.632Z,separate_executor,quote_run_dispatch_probe,200,6793.23,success,,200,success
p3-ex-official-vu200,faec9144-19c2-4243-92f3-bf0374a9171a,2026-08-31T18:23:05.637Z,separate_executor,quote_run_dispatch_probe,200,6857.63,success,,200,success
p3-ex-official-vu200,d7f1496b-f2d6-4265-b4f7-631dca380a1a,2026-08-31T18:23:05.638Z,separate_executor,quote_run_dispatch_probe,200,6785.01,success,,200,success
p3-ex-official-vu200,f82257bd-3154-4860-9fa0-c3eb672d24df,2026-08-31T18:23:05.644Z,separate_executor,quote_run_dispatch_probe,200,6909.61,success,,200,success
p3-ex-official-vu200,54d7e604-a928-406a-aa7d-8cfceba3b13f,2026-08-31T18:23:05.645Z,separate_executor,quote_run_dispatch_probe,200,6807.3,success,,200,success
p3-ex-official-vu200,50a198a6-108b-422d-9036-319b9aa4d63e,2026-08-31T18:23:05.654Z,separate_executor,quote_run_dispatch_probe,200,6670.24,success,,200,success
p3-ex-official-vu200,1564f976-bf41-4d0b-9a1a-e8295bf1c613,2026-08-31T18:23:05.657Z,separate_executor,quote_run_dispatch_probe,200,6668.64,success,,200,success
p3-ex-official-vu200,ecb92a57-56dd-4256-a953-09a59a8c6521,2026-08-31T18:23:05.668Z,separate_executor,quote_run_dispatch_probe,200,6198.52,success,,200,success
p3-ex-official-vu200,b1d05b2f-2f5e-4c92-b71b-55909b3c2812,2026-08-31T18:23:05.669Z,separate_executor,quote_run_dispatch_probe,200,6099.28,success,,200,success
p3-ex-official-vu200,552149a0-6298-400e-9fa2-567900056761,2026-08-31T18:23:05.674Z,separate_executor,quote_run_dispatch_probe,200,6892.99,success,,200,success
p3-ex-official-vu200,1bb677b3-5b85-4e9a-9edb-0d60c8a40480,2026-08-31T18:23:05.675Z,separate_executor,quote_run_dispatch_probe,200,6873.53,success,,200,success
p3-ex-official-vu200,dd55f7e6-e511-43a7-82c5-fa50a49316ba,2026-08-31T18:23:05.680Z,separate_executor,quote_run_dispatch_probe,200,6873.16,success,,200,success
p3-ex-official-vu200,8e49c138-b7b4-42ba-9954-f369617e786b,2026-08-31T18:23:05.682Z,separate_executor,quote_run_dispatch_probe,200,6614.59,success,,200,success
p3-ex-official-vu200,35ee2c6b-fc25-4430-bf02-6fc22fde9170,2026-08-31T18:23:05.688Z,separate_executor,quote_run_dispatch_probe,200,6804.12,success,,200,success
p3-ex-official-vu200,9aadd620-f2bf-4d82-8cab-ee50ea81a840,2026-08-31T18:23:05.689Z,separate_executor,quote_run_dispatch_probe,200,6537.45,success,,200,success
p3-ex-official-vu200,dbc04dc7-0776-4d09-b110-c50f20f2531d,2026-08-31T18:23:05.692Z,separate_executor,quote_run_dispatch_probe,200,6383.9,success,,200,success
p3-ex-official-vu200,59265884-51ad-4da7-86da-ee66a3af9877,2026-08-31T18:23:05.700Z,separate_executor,quote_run_dispatch_probe,200,5877.67,success,,200,success
p3-ex-official-vu200,ca5182d2-c2b5-4258-a07c-3466e3dc9191,2026-08-31T18:23:05.701Z,separate_executor,quote_run_dispatch_probe,200,5749.03,success,,200,success
p3-ex-official-vu200,19e293aa-05a9-4bf4-853e-d6e911a99252,2026-08-31T18:23:05.704Z,separate_executor,quote_run_dispatch_probe,200,5371.58,success,,200,success
p3-ex-official-vu200,179d5530-37a0-4950-b2bc-5b9880e83a9c,2026-08-31T18:23:05.797Z,separate_executor,quote_run_dispatch_probe,200,5597.45,success,,200,success
p3-ex-official-vu200,6079b6c0-84b6-4a85-9016-5eabdba35313,2026-08-31T18:23:05.798Z,separate_executor,quote_run_dispatch_probe,200,5377.55,success,,200,success
p3-ex-official-vu200,e7a12e94-436a-465b-b570-efde7dc5b3d0,2026-08-31T18:23:05.815Z,separate_executor,quote_run_dispatch_probe,200,5440.57,success,,200,success
p3-ex-official-vu200,5c651928-218c-4866-8781-f67b0ab58b16,2026-08-31T18:23:05.866Z,separate_executor,quote_run_dispatch_probe,200,5466.75,success,,200,success
p3-ex-official-vu200,936f7f64-4392-4c87-aeed-4341b0e835b9,2026-08-31T18:23:05.867Z,separate_executor,quote_run_dispatch_probe,200,5268.91,success,,200,success
p3-ex-official-vu200,9592d08c-97c6-4bd9-871b-4627b2f5246c,2026-08-31T18:23:06.047Z,separate_executor,quote_run_dispatch_probe,200,5360.1,success,,200,success
p3-ex-official-vu200,5a2a8b90-8ca0-4cb5-991f-f2413ecfdafa,2026-08-31T18:23:06.138Z,separate_executor,quote_run_dispatch_probe,200,5230.79,success,,200,success
p3-ex-official-vu200,e761c3bc-1ec1-4c47-95a6-ec47d7b58af4,2026-08-31T18:23:06.233Z,separate_executor,quote_run_dispatch_probe,200,5326.62,success,,200,success
p3-ex-official-vu200,eeb8a5ce-658e-49b4-b286-768d2f38984d,2026-08-31T18:23:06.233Z,separate_executor,quote_run_dispatch_probe,200,5426.34,success,,200,success
p3-ex-official-vu200,cbc4c958-28a8-4359-aa63-fb4175b26b9c,2026-08-31T18:23:06.242Z,separate_executor,quote_run_dispatch_probe,200,5453.91,success,,200,success
p3-ex-official-vu200,ce74e3d1-8296-4446-ac64-97c37949ddeb,2026-08-31T18:23:06.245Z,separate_executor,quote_run_dispatch_probe,200,5272.8,success,,200,success
p3-ex-official-vu200,4f596c6c-6069-4d43-9fe7-38e7c7d43ea5,2026-08-31T18:23:06.254Z,separate_executor,quote_run_dispatch_probe,200,5490.72,success,,200,success
p3-ex-official-vu200,826b46b7-4312-4ff7-a0de-aeeff41e6e11,2026-08-31T18:23:06.271Z,separate_executor,quote_run_dispatch_probe,200,5023.25,success,,200,success
p3-ex-official-vu200,c8a3fde6-63cd-437a-a9fd-3cbc27687598,2026-08-31T18:23:06.287Z,separate_executor,quote_run_dispatch_probe,200,5305.58,success,,200,success
p3-ex-official-vu200,b26d274f-634e-4fd7-883b-5f38bd29eaf2,2026-08-31T18:23:06.297Z,separate_executor,quote_run_dispatch_probe,200,5241.14,success,,200,success
p3-ex-official-vu200,375b229d-bc82-4fb0-b7cc-ca0b77c8894d,2026-08-31T18:23:06.321Z,separate_executor,quote_run_dispatch_probe,200,5352.28,success,,200,success
p3-ex-official-vu200,3c86f4b6-a532-4e66-bc13-3e9ad7be0652,2026-08-31T18:23:06.322Z,separate_executor,quote_run_dispatch_probe,200,5532.59,success,,200,success
p3-ex-official-vu200,72956593-6a54-4d41-9f97-32868e557e8b,2026-08-31T18:23:06.362Z,separate_executor,quote_run_dispatch_probe,200,5289.75,success,,200,success
p3-ex-official-vu200,6a4eef38-f79a-4b08-93f7-52157c9b9d4c,2026-08-31T18:23:06.363Z,separate_executor,quote_run_dispatch_probe,200,5283.59,success,,200,success
p3-ex-official-vu200,66f5212e-ff93-47ec-ace3-c715f3feb101,2026-08-31T18:23:06.370Z,separate_executor,quote_run_dispatch_probe,200,5574.27,success,,200,success
p3-ex-official-vu200,8bb62451-085b-432a-9849-01eab2d23bbf,2026-08-31T18:23:06.385Z,separate_executor,quote_run_dispatch_probe,200,5236.14,success,,200,success
p3-ex-official-vu200,b9a05b53-29bb-41f2-b03b-26f645e0a304,2026-08-31T18:23:06.442Z,separate_executor,quote_run_dispatch_probe,200,5380.91,success,,200,success
p3-ex-official-vu200,a1862e12-0864-4acd-9b48-b94ab5b43e59,2026-08-31T18:23:06.453Z,separate_executor,quote_run_dispatch_probe,200,5475.13,success,,200,success
p3-ex-official-vu200,d6b87bea-33b7-4e42-839e-265defda5dc0,2026-08-31T18:23:06.458Z,separate_executor,quote_run_dispatch_probe,200,5557.09,success,,200,success
p3-ex-official-vu200,7eec2ee8-21b1-4551-a969-694040654682,2026-08-31T18:23:06.470Z,separate_executor,quote_run_dispatch_probe,200,5309.4,success,,200,success
p3-ex-official-vu200,41020b92-b4a2-483d-b74a-8bb4f70aa165,2026-08-31T18:23:06.616Z,separate_executor,quote_run_dispatch_probe,200,5309.92,success,,200,success
p3-ex-official-vu200,d69940a2-9560-4176-a795-b61c1de04665,2026-08-31T18:23:06.648Z,separate_executor,quote_run_dispatch_probe,200,5337.69,success,,200,success
p3-ex-official-vu200,735c6415-741f-4d01-8c97-d13134533d34,2026-08-31T18:23:06.720Z,separate_executor,quote_run_dispatch_probe,200,5257.91,success,,200,success
p3-ex-official-vu200,183bcc8e-d4a1-4582-b4f0-3ec7f87b94f2,2026-08-31T18:23:06.749Z,separate_executor,quote_run_dispatch_probe,200,5120.68,success,,200,success
p3-ex-official-vu200,79ec95b5-a9ee-4b3c-90bd-68e6aeab0fdb,2026-08-31T18:23:06.759Z,separate_executor,quote_run_dispatch_probe,200,5249.66,success,,200,success
p3-ex-official-vu200,0a2a4c53-882b-4036-918a-44812e5b4248,2026-08-31T18:23:06.762Z,separate_executor,quote_run_dispatch_probe,200,5325.85,success,,200,success
p3-ex-official-vu200,b93b4b3b-15f1-4a18-a5a6-9392067c11f0,2026-08-31T18:23:06.767Z,separate_executor,quote_run_dispatch_probe,200,4807.15,success,,200,success
p3-ex-official-vu200,e05fbf8f-c42d-4e99-ba12-b6513be03efb,2026-08-31T18:23:06.801Z,separate_executor,quote_run_dispatch_probe,200,5137.98,success,,200,success
p3-ex-official-vu200,aa3e3885-dce6-4cd8-8735-28bbb7ba87ea,2026-08-31T18:23:06.901Z,separate_executor,quote_run_dispatch_probe,200,5703.62,success,,200,success
p3-ex-official-vu200,170f4e55-5de8-4684-8a6b-ce455a676cf7,2026-08-31T18:23:06.907Z,separate_executor,quote_run_dispatch_probe,200,5708.06,success,,200,success
p3-ex-official-vu200,9ebe7492-8ac3-49e3-928c-76d2791804ac,2026-08-31T18:23:06.916Z,separate_executor,quote_run_dispatch_probe,200,5412.92,success,,200,success
p3-ex-official-vu200,f7709aa9-9aa7-4112-abf7-e46a25d552e4,2026-08-31T18:23:06.934Z,separate_executor,quote_run_dispatch_probe,200,5513.54,success,,200,success
p3-ex-official-vu200,5eddc48a-01fc-4c36-b44a-5623e6738516,2026-08-31T18:23:06.976Z,separate_executor,quote_run_dispatch_probe,200,5127.64,success,,200,success
p3-ex-official-vu200,6572f4b6-31b2-46f2-90ec-6f105b0fdc43,2026-08-31T18:23:07.032Z,separate_executor,quote_run_dispatch_probe,200,4910.66,success,,200,success
p3-ex-official-vu200,c5eb36fb-2c51-406b-9943-ca4c7a7ec80f,2026-08-31T18:23:07.040Z,separate_executor,quote_run_dispatch_probe,200,5127.82,success,,200,success
p3-ex-official-vu200,c4c17415-ca97-4a4f-bcff-4cb7931d1cc8,2026-08-31T18:23:07.049Z,separate_executor,quote_run_dispatch_probe,200,5312.72,success,,200,success
p3-ex-official-vu200,aca0d7c1-635f-433b-a508-81e80070ce59,2026-08-31T18:23:07.050Z,separate_executor,quote_run_dispatch_probe,200,4701.98,success,,200,success
p3-ex-official-vu200,45e622fe-755a-4974-a7d0-fad8a92d2e47,2026-08-31T18:23:07.114Z,separate_executor,quote_run_dispatch_probe,200,5162.41,success,,200,success
p3-ex-official-vu200,d62d4117-534d-4c2e-8a60-4924658fdf6d,2026-08-31T18:23:07.134Z,separate_executor,quote_run_dispatch_probe,200,5081.21,success,,200,success
p3-ex-official-vu200,5a485db5-cfb7-4753-875a-e34d13b95bcd,2026-08-31T18:23:07.191Z,separate_executor,quote_run_dispatch_probe,200,5345.78,success,,200,success
p3-ex-official-vu200,2d5df6b9-b29e-450c-9c90-6eac4d7c064d,2026-08-31T18:23:07.238Z,separate_executor,quote_run_dispatch_probe,200,4837,success,,200,success
p3-ex-official-vu200,a8ed5723-69f5-4ed2-9a41-df49bf608a60,2026-08-31T18:23:07.490Z,separate_executor,quote_run_dispatch_probe,200,4784.24,success,,200,success
p3-ex-official-vu200,c8f910e2-260a-4120-909a-cda8e7a607a6,2026-08-31T18:23:07.537Z,separate_executor,quote_run_dispatch_probe,200,5136.67,success,,200,success
p3-ex-official-vu200,4482c8a7-2e55-45ad-af20-4cd7eeec5711,2026-08-31T18:23:07.545Z,separate_executor,quote_run_dispatch_probe,200,4841.91,success,,200,success
p3-ex-official-vu200,f0ea613e-1a92-44f2-9702-168bda24bc33,2026-08-31T18:23:07.589Z,separate_executor,quote_run_dispatch_probe,200,4787.88,success,,200,success
p3-ex-official-vu200,a62a7394-7c87-48cb-8782-9d091781a12b,2026-08-31T18:23:07.754Z,separate_executor,quote_run_dispatch_probe,200,4813.16,success,,200,success
p3-ex-official-vu200,83542295-3ef9-4344-bc29-c4170a0964a5,2026-08-31T18:23:07.755Z,separate_executor,quote_run_dispatch_probe,200,5037.42,success,,200,success
p3-ex-official-vu200,8ff0ac7f-d5af-46aa-9b12-06ba79b32e04,2026-08-31T18:23:07.879Z,separate_executor,quote_run_dispatch_probe,200,5166.3,success,,200,success
p3-ex-official-vu200,c96ba739-af22-4f64-9859-2f627002e3c4,2026-08-31T18:23:07.886Z,separate_executor,quote_run_dispatch_probe,200,5149.81,success,,200,success
p3-ex-official-vu200,f0ce7b48-280a-40c8-9899-4e3df653164c,2026-08-31T18:23:07.891Z,separate_executor,quote_run_dispatch_probe,200,5781.05,success,,200,success
p3-ex-official-vu200,8dc102c8-ef96-45e3-b7bc-3af0f6ef5e3e,2026-08-31T18:23:07.920Z,separate_executor,quote_run_dispatch_probe,200,5048.58,success,,200,success
p3-ex-official-vu200,3a190300-eec7-46c5-b988-cf24946e4589,2026-08-31T18:23:07.974Z,separate_executor,quote_run_dispatch_probe,200,5265.62,success,,200,success
p3-ex-official-vu200,fd542cd3-f980-4230-a729-ca519fd4e40a,2026-08-31T18:23:08.008Z,separate_executor,quote_run_dispatch_probe,200,5301.34,success,,200,success
p3-ex-official-vu200,1a63d465-cb70-4ee6-ae18-d54f5d6e5756,2026-08-31T18:23:08.071Z,separate_executor,quote_run_dispatch_probe,200,5849.05,success,,200,success
p3-ex-official-vu200,17c19bbe-9984-43e9-8059-2f63c78bd1f7,2026-08-31T18:23:08.255Z,separate_executor,quote_run_dispatch_probe,200,5547.39,success,,200,success
p3-ex-official-vu200,fedfe240-5a25-4783-ab70-3bc3c150509d,2026-08-31T18:23:08.266Z,separate_executor,quote_run_dispatch_probe,200,5544.93,success,,200,success
p3-ex-official-vu200,c5269929-8344-4390-96a7-ad24bdfbcadf,2026-08-31T18:23:08.273Z,separate_executor,quote_run_dispatch_probe,200,5491.32,success,,200,success
p3-ex-official-vu200,c63fd1c6-e341-4654-a56f-0f70475d993d,2026-08-31T18:23:08.287Z,separate_executor,quote_run_dispatch_probe,200,5573.04,success,,200,success
p3-ex-official-vu200,f8ee80ee-088f-41dd-812f-8a955a32b44d,2026-08-31T18:23:08.332Z,separate_executor,quote_run_dispatch_probe,200,5031.79,success,,200,success
p3-ex-official-vu200,e0ddb668-cf7f-4312-bf0c-eac5a61addf0,2026-08-31T18:23:08.341Z,separate_executor,quote_run_dispatch_probe,200,5995.38,success,,200,success
p3-ex-official-vu200,1a893c12-35c1-4e90-8d70-455f13ee527e,2026-08-31T18:23:08.354Z,separate_executor,quote_run_dispatch_probe,200,5646.05,success,,200,success
p3-ex-official-vu200,66ce233b-551a-4528-be67-ca47480108c3,2026-08-31T18:23:08.356Z,separate_executor,quote_run_dispatch_probe,200,5635.35,success,,200,success
p3-ex-official-vu200,6e039874-7604-4d7f-a69d-5c6cc66db640,2026-08-31T18:23:08.374Z,separate_executor,quote_run_dispatch_probe,200,5670.46,success,,200,success
p3-ex-official-vu200,82e0894c-882f-47ba-989d-ac1c365c88f8,2026-08-31T18:23:08.389Z,separate_executor,quote_run_dispatch_probe,200,5684.52,success,,200,success
p3-ex-official-vu200,057a3563-29d4-4863-a333-2a41220a1779,2026-08-31T18:23:08.402Z,separate_executor,quote_run_dispatch_probe,200,5693.95,success,,200,success
p3-ex-official-vu200,071d5cc0-535c-4969-802c-14dda3164c11,2026-08-31T18:23:08.405Z,separate_executor,quote_run_dispatch_probe,200,5515.59,success,,200,success
p3-ex-official-vu200,d61a2ee4-87d1-41c0-aa03-81b742b567fc,2026-08-31T18:23:08.422Z,separate_executor,quote_run_dispatch_probe,200,5511.93,success,,200,success
p3-ex-official-vu200,40e3938e-1854-44f6-a82f-c1bd30321acb,2026-08-31T18:23:08.423Z,separate_executor,quote_run_dispatch_probe,200,5708.06,success,,200,success
p3-ex-official-vu200,c9dffd05-5548-4c4d-b184-6d14442f00cb,2026-08-31T18:23:08.430Z,separate_executor,quote_run_dispatch_probe,200,5531.53,success,,200,success
p3-ex-official-vu200,199edeb0-0d23-4794-b373-56e0dd6a3cea,2026-08-31T18:23:08.432Z,separate_executor,quote_run_dispatch_probe,200,5727.72,success,,200,success
p3-ex-official-vu200,a293c9ff-1b32-498b-ba98-5d1a81c946e3,2026-08-31T18:23:08.433Z,separate_executor,quote_run_dispatch_probe,200,5609.5,success,,200,success
p3-ex-official-vu200,ea51396a-e179-4751-90ad-a2f3bf8a448a,2026-08-31T18:23:08.436Z,separate_executor,quote_run_dispatch_probe,200,5732.47,success,,200,success
p3-ex-official-vu200,b7a9dca7-58ca-43f2-9f8a-521d25801bcb,2026-08-31T18:23:08.437Z,separate_executor,quote_run_dispatch_probe,200,5465.29,success,,200,success
p3-ex-official-vu200,772b10a5-2467-4bb6-aa46-d72e3f07cf6a,2026-08-31T18:23:08.439Z,separate_executor,quote_run_dispatch_probe,200,5700.94,success,,200,success
p3-ex-official-vu200,60c73a2a-70b5-4ba5-b488-014588a01341,2026-08-31T18:23:08.441Z,separate_executor,quote_run_dispatch_probe,200,5156.63,success,,200,success
p3-ex-official-vu200,7fcf259b-d2df-467b-9c22-462a95ad4762,2026-08-31T18:23:08.447Z,separate_executor,quote_run_dispatch_probe,200,5683.96,success,,200,success
p3-ex-official-vu200,bb1c5bbc-1637-4813-addd-c50ecaac265d,2026-08-31T18:23:08.449Z,separate_executor,quote_run_dispatch_probe,200,5301.31,success,,200,success
p3-ex-official-vu200,b43f31ce-bee5-40bb-b823-53620f3b4395,2026-08-31T18:23:08.451Z,separate_executor,quote_run_dispatch_probe,200,5553.09,success,,200,success
p3-ex-official-vu200,23950ebc-f2bd-42d5-8c52-2eceb94ed005,2026-08-31T18:23:08.453Z,separate_executor,quote_run_dispatch_probe,200,5178.24,success,,200,success
p3-ex-official-vu200,f9e433b2-dddc-482a-9459-65b9aac1e6e9,2026-08-31T18:23:08.455Z,separate_executor,quote_run_dispatch_probe,200,5284.1,success,,200,success
p3-ex-official-vu200,4529888f-1e8b-430e-ac06-f1c2c0017b4c,2026-08-31T18:23:08.457Z,separate_executor,quote_run_dispatch_probe,200,5530.44,success,,200,success
p3-ex-official-vu200,5602b29d-0d19-4d07-a4d6-6a1ace7ae0fc,2026-08-31T18:23:08.469Z,separate_executor,quote_run_dispatch_probe,200,5167.85,success,,200,success
p3-ex-official-vu200,e8989ab0-07af-4560-904b-f303a291af02,2026-08-31T18:23:08.473Z,separate_executor,quote_run_dispatch_probe,200,5751.1,success,,200,success
p3-ex-official-vu200,a64a240e-2346-493a-b3c9-6dd198126f22,2026-08-31T18:23:08.474Z,separate_executor,quote_run_dispatch_probe,200,5767.95,success,,200,success
p3-ex-official-vu200,43b56710-4e04-489b-bb06-cc8a251fbb2c,2026-08-31T18:23:08.481Z,separate_executor,quote_run_dispatch_probe,200,5514.12,success,,200,success
p3-ex-official-vu200,f0cdae52-4c5f-461b-8464-e52b57ee96ce,2026-08-31T18:23:08.487Z,separate_executor,quote_run_dispatch_probe,200,5359.66,success,,200,success
p3-ex-official-vu200,cf0b2679-4431-4ba9-ae44-017b9569b50b,2026-08-31T18:23:08.488Z,separate_executor,quote_run_dispatch_probe,200,5767.26,success,,200,success
p3-ex-official-vu200,232ec23f-2a96-42d1-b823-e5bd7f102261,2026-08-31T18:23:08.491Z,separate_executor,quote_run_dispatch_probe,200,5385.09,success,,200,success
p3-ex-official-vu200,c581878a-39bd-41e5-92fc-22249783ee52,2026-08-31T18:23:08.492Z,separate_executor,quote_run_dispatch_probe,200,5584.67,success,,200,success
p3-ex-official-vu200,8276767d-b4ff-4b25-85ae-79cf40b181cf,2026-08-31T18:23:08.498Z,separate_executor,quote_run_dispatch_probe,200,4925.55,success,,200,success
p3-ex-official-vu200,1002f9f4-42a0-4845-a53a-54683f180fa3,2026-08-31T18:23:08.504Z,separate_executor,quote_run_dispatch_probe,200,4897.86,success,,200,success
p3-ex-official-vu200,16702e5e-53eb-4fc5-b1ee-db676a7250ea,2026-08-31T18:23:08.505Z,separate_executor,quote_run_dispatch_probe,200,4963.7,success,,200,success
p3-ex-official-vu200,24ebf82d-dc91-4e59-b124-75775bcff17e,2026-08-31T18:23:08.510Z,separate_executor,quote_run_dispatch_probe,200,5406.58,success,,200,success
p3-ex-official-vu200,9230b232-22e1-4446-96a9-35a5f1d1644e,2026-08-31T18:23:08.511Z,separate_executor,quote_run_dispatch_probe,200,4905.82,success,,200,success
p3-ex-official-vu200,d7c6a6ca-4cac-48d7-b1ea-b911d2439170,2026-08-31T18:23:08.516Z,separate_executor,quote_run_dispatch_probe,200,4913.57,success,,200,success
p3-ex-official-vu200,e8a82987-419e-46d8-831b-4cb0f621bb37,2026-08-31T18:23:08.577Z,separate_executor,quote_run_dispatch_probe,200,5018.23,success,,200,success
p3-ex-official-vu200,be7ef5ae-a294-429f-bb86-5a673fc75903,2026-08-31T18:23:08.579Z,separate_executor,quote_run_dispatch_probe,200,4942.79,success,,200,success
p3-ex-official-vu200,46e83e1f-23f0-4122-9864-09951c8fbbaf,2026-08-31T18:23:08.601Z,separate_executor,quote_run_dispatch_probe,200,5027.25,success,,200,success
p3-ex-official-vu200,5e06a147-a015-494f-9a36-64687e9e0652,2026-08-31T18:23:08.652Z,separate_executor,quote_run_dispatch_probe,200,4746.89,success,,200,success
p3-ex-official-vu200,53098e35-c7f8-4cf3-888e-56406c08782a,2026-08-31T18:23:08.687Z,separate_executor,quote_run_dispatch_probe,200,5113.07,success,,200,success
p3-ex-official-vu200,e12fb456-3d1f-47c2-b68e-262f4a3cef89,2026-08-31T18:23:08.702Z,separate_executor,quote_run_dispatch_probe,200,5099.18,success,,200,success
p3-ex-official-vu200,e28d84a0-974b-4c32-b089-3e5c466cf7af,2026-08-31T18:23:08.707Z,separate_executor,quote_run_dispatch_probe,200,5117.3,success,,200,success
p3-ex-official-vu200,9b438c51-13c0-4974-ac5a-930c8b5c21ed,2026-08-31T18:23:08.716Z,separate_executor,quote_run_dispatch_probe,200,5117.28,success,,200,success
p3-ex-official-vu200,cb2b5dd2-cb9a-4044-8ccd-8f1c4e999732,2026-08-31T18:23:08.757Z,separate_executor,quote_run_dispatch_probe,200,5170.25,success,,200,success
p3-ex-official-vu200,d2d45979-7f2f-483b-8d15-7f755e7fc251,2026-08-31T18:23:08.771Z,separate_executor,quote_run_dispatch_probe,200,5166.77,success,,200,success
p3-ex-official-vu200,608a3117-a636-4c14-9a92-7b31562b713e,2026-08-31T18:23:08.830Z,separate_executor,quote_run_dispatch_probe,200,5250.02,success,,200,success
p3-ex-official-vu200,b9bc4636-59c9-43f9-b705-0972a9285b6d,2026-08-31T18:23:08.866Z,separate_executor,quote_run_dispatch_probe,200,5228.91,success,,200,success
p3-ex-official-vu200,72511770-2701-40eb-a787-88d9a2f6edcb,2026-08-31T18:23:08.873Z,separate_executor,quote_run_dispatch_probe,200,5300.77,success,,200,success
p3-ex-official-vu200,5b30e1dd-c7ed-4a86-bb49-42da6ca99fd2,2026-08-31T18:23:08.935Z,separate_executor,quote_run_dispatch_probe,200,5344.89,success,,200,success
p3-ex-official-vu200,145c22ef-8947-4b73-8e13-4038731fd327,2026-08-31T18:23:09.013Z,separate_executor,quote_run_dispatch_probe,200,5410.16,success,,200,success
p3-ex-official-vu200,e3648b1b-be74-4940-9881-3e7ee5113c1b,2026-08-31T18:23:09.038Z,separate_executor,quote_run_dispatch_probe,200,5082.62,success,,200,success
p3-ex-official-vu200,66d953aa-2bf1-4a82-8f1a-378af4f31bb5,2026-08-31T18:23:09.058Z,separate_executor,quote_run_dispatch_probe,200,5466.19,success,,200,success
p3-ex-official-vu200,c322a93a-701b-4d4f-82ff-7250c43b0154,2026-08-31T18:23:09.078Z,separate_executor,quote_run_dispatch_probe,200,5174.75,success,,200,success
p3-ex-official-vu200,d405f366-71ff-4625-b6b5-8e27fb23a753,2026-08-31T18:23:09.122Z,separate_executor,quote_run_dispatch_probe,200,5520.73,success,,200,success
p3-ex-official-vu200,9e4ff83b-99cc-431c-ae4b-a207e33ecb6d,2026-08-31T18:23:09.202Z,separate_executor,quote_run_dispatch_probe,200,5301.77,success,,200,success
p3-ex-official-vu200,43c62b50-dcc2-40b0-ae9a-bb582ab79cb6,2026-08-31T18:23:09.238Z,separate_executor,quote_run_dispatch_probe,200,5700.59,success,,200,success
p3-ex-official-vu200,289000ca-ca67-466d-9ac2-12e2a028db86,2026-08-31T18:23:09.250Z,separate_executor,quote_run_dispatch_probe,200,5095.77,success,,200,success
p3-ex-official-vu200,860de1ef-bc83-423b-aae9-912b9d07c34a,2026-08-31T18:23:09.257Z,separate_executor,quote_run_dispatch_probe,200,5319.52,success,,200,success
p3-ex-official-vu200,d5fc018c-8c45-4dde-8270-74a2044e22f9,2026-08-31T18:23:09.258Z,separate_executor,quote_run_dispatch_probe,200,5320.69,success,,200,success
p3-ex-official-vu200,20f11372-4ed7-4f0f-88ac-c167e1715641,2026-08-31T18:23:09.260Z,separate_executor,quote_run_dispatch_probe,200,5370.53,success,,200,success
p3-ex-official-vu200,0fad99ee-a05c-4b95-91d0-c0b894eea299,2026-08-31T18:23:09.288Z,separate_executor,quote_run_dispatch_probe,200,5380.95,success,,200,success
p3-ex-official-vu200,bfda7f70-0816-4b5a-bfdd-28e845d21c44,2026-08-31T18:23:09.291Z,separate_executor,quote_run_dispatch_probe,200,5400.25,success,,200,success
p3-ex-official-vu200,13745d88-2d94-4220-a4a1-4d31f8fe749a,2026-08-31T18:23:09.297Z,separate_executor,quote_run_dispatch_probe,200,5366.3,success,,200,success
p3-ex-official-vu200,bd0736d6-1b28-479a-8869-b6fcbd979d11,2026-08-31T18:23:09.300Z,separate_executor,quote_run_dispatch_probe,200,5716.09,success,,200,success
p3-ex-official-vu200,46d9be98-42d2-48a3-983b-625ce12d8cc9,2026-08-31T18:23:09.301Z,separate_executor,quote_run_dispatch_probe,200,5400.48,success,,200,success
p3-ex-official-vu200,a1aa11e4-ff9e-4cbb-9925-9aa13241747d,2026-08-31T18:23:09.304Z,separate_executor,quote_run_dispatch_probe,200,5569.64,success,,200,success
p3-ex-official-vu200,87ea74c4-d7a0-49f6-85e6-8a53108197c7,2026-08-31T18:23:09.307Z,separate_executor,quote_run_dispatch_probe,200,5368.88,success,,200,success
p3-ex-official-vu200,39a794db-862f-4f04-b25f-3abe5a5be22f,2026-08-31T18:23:09.314Z,separate_executor,quote_run_dispatch_probe,200,5377.69,success,,200,success
p3-ex-official-vu200,c6d20376-2293-4623-afb6-c87dbde650fb,2026-08-31T18:23:09.350Z,separate_executor,quote_run_dispatch_probe,200,5413.46,success,,200,success
p3-ex-official-vu200,74930c7a-4fcc-447e-aea4-799c1996089a,2026-08-31T18:23:09.387Z,separate_executor,quote_run_dispatch_probe,200,5735.4,success,,200,success
p3-ex-official-vu200,1898ffb1-5589-4370-aa65-99f0be4b7a70,2026-08-31T18:23:09.534Z,separate_executor,quote_run_dispatch_probe,200,5345.5,success,,200,success
p3-ex-official-vu200,d42ce0a7-3dbc-4af1-ab6f-5c8731ef3e52,2026-08-31T18:23:09.754Z,separate_executor,quote_run_dispatch_probe,200,5120.15,success,,200,success
p3-ex-official-vu200,79d9eb7e-cf8e-4e48-9b04-b4c70f0bbac8,2026-08-31T18:23:10.006Z,separate_executor,quote_run_dispatch_probe,200,5370.39,success,,200,success
p3-ex-official-vu200,58f42f15-c684-4f73-a3d0-d29cdf1d28c6,2026-08-31T18:23:10.198Z,separate_executor,quote_run_dispatch_probe,200,5582.21,success,,200,success
p3-ex-official-vu200,e0adeff3-d55a-46e6-b0ef-85ba0e639977,2026-08-31T18:23:10.310Z,separate_executor,quote_run_dispatch_probe,200,4856.68,success,,200,success
p3-ex-official-vu200,ce891be7-c5cf-4405-a6cd-fa074d44bb24,2026-08-31T18:23:10.384Z,separate_executor,quote_run_dispatch_probe,200,4922.37,success,,200,success
p3-ex-official-vu200,012f5c20-1ff0-468d-a8b1-622e231afb34,2026-08-31T18:23:10.420Z,separate_executor,quote_run_dispatch_probe,200,4856.67,success,,200,success
p3-ex-official-vu200,3ad320c0-db48-41e4-8154-22a5570aedeb,2026-08-31T18:23:10.421Z,separate_executor,quote_run_dispatch_probe,200,4753.31,success,,200,success
p3-ex-official-vu200,d38d2426-3ca3-4479-b9e8-485bff33747a,2026-08-31T18:23:10.423Z,separate_executor,quote_run_dispatch_probe,200,4838.79,success,,200,success
p3-ex-official-vu200,03059fd3-0f4e-49f6-9e9d-7fbf984e6095,2026-08-31T18:23:10.424Z,separate_executor,quote_run_dispatch_probe,200,4723.5,success,,200,success
p3-ex-official-vu200,bc7ae928-f8e4-4d12-a4aa-1627de8e578f,2026-08-31T18:23:10.456Z,separate_executor,quote_run_dispatch_probe,200,5130.83,success,,200,success
p3-ex-official-vu200,f1ec2fb9-a21e-4480-9994-4b84998c4d7d,2026-08-31T18:23:10.492Z,separate_executor,quote_run_dispatch_probe,200,5007.28,success,,200,success
p3-ex-official-vu200,2154064f-14d6-4486-aeaa-e64501b0e5f2,2026-08-31T18:23:10.546Z,separate_executor,quote_run_dispatch_probe,200,4942.56,success,,200,success
p3-ex-official-vu200,55f70d70-e40f-438f-9f5f-dc7dfb5021da,2026-08-31T18:23:10.549Z,separate_executor,quote_run_dispatch_probe,200,4868.73,success,,200,success
p3-ex-official-vu200,bb88be19-e3f4-482b-8919-18c423d3d420,2026-08-31T18:23:10.559Z,separate_executor,quote_run_dispatch_probe,200,5254.85,success,,200,success
p3-ex-official-vu200,db6d7402-8a4f-42c2-b327-dabf6eead436,2026-08-31T18:23:10.602Z,separate_executor,quote_run_dispatch_probe,200,5150.72,success,,200,success
p3-ex-official-vu200,ef090f42-380d-4427-b6df-da70d584d1f0,2026-08-31T18:23:10.661Z,separate_executor,quote_run_dispatch_probe,200,5186.71,success,,200,success
p3-ex-official-vu200,fa4ff0ed-d6b1-4818-b97b-e16ce26e5e8e,2026-08-31T18:23:10.672Z,separate_executor,quote_run_dispatch_probe,200,5015.24,success,,200,success
p3-ex-official-vu200,2c6b9dba-6d5b-4f4d-b06f-2749eaa5f63e,2026-08-31T18:23:10.675Z,separate_executor,quote_run_dispatch_probe,200,5201.12,success,,200,success
p3-ex-official-vu200,e111313d-e66b-4a3c-9afb-9eca44fd8794,2026-08-31T18:23:10.681Z,separate_executor,quote_run_dispatch_probe,200,5095.77,success,,200,success
p3-ex-official-vu200,29c47950-b2c8-4546-9118-1b2c711ef75c,2026-08-31T18:23:10.685Z,separate_executor,quote_run_dispatch_probe,200,5351.66,success,,200,success
p3-ex-official-vu200,1cf1409a-54ef-4779-8214-a9e9a1f714c0,2026-08-31T18:23:10.707Z,separate_executor,quote_run_dispatch_probe,200,4909.73,success,,200,success
p3-ex-official-vu200,edb30fa5-42e6-46d0-a49d-94b71ac3ad17,2026-08-31T18:23:10.717Z,separate_executor,quote_run_dispatch_probe,200,5109.29,success,,200,success
p3-ex-official-vu200,e20a54c5-872c-47e4-9bf4-d2f345e6edb9,2026-08-31T18:23:10.736Z,separate_executor,quote_run_dispatch_probe,200,4920.53,success,,200,success
p3-ex-official-vu200,19a08432-650d-4901-a6ab-d249301c4057,2026-08-31T18:23:10.738Z,separate_executor,quote_run_dispatch_probe,200,5172.71,success,,200,success
p3-ex-official-vu200,3a7df22a-2ab2-4cba-b024-39f5404f7c4d,2026-08-31T18:23:10.757Z,separate_executor,quote_run_dispatch_probe,200,4958.31,success,,200,success
p3-ex-official-vu200,723466c5-db81-4c45-b08f-d3420a488a1e,2026-08-31T18:23:10.766Z,separate_executor,quote_run_dispatch_probe,200,5175.16,success,,200,success
p3-ex-official-vu200,5b571ba9-c725-4623-a2d9-1d2507e70355,2026-08-31T18:23:10.770Z,separate_executor,quote_run_dispatch_probe,200,5179.46,success,,200,success
p3-ex-official-vu200,9d79f4de-70b2-4ce7-8a99-c5aa6cc48896,2026-08-31T18:23:10.774Z,separate_executor,quote_run_dispatch_probe,200,5165.4,success,,200,success
p3-ex-official-vu200,8e807ae9-8a7a-42d9-be5c-161be3fb1f5d,2026-08-31T18:23:10.780Z,separate_executor,quote_run_dispatch_probe,200,5177.55,success,,200,success
p3-ex-official-vu200,28488068-abbb-4731-aaf9-4d6615bdcdab,2026-08-31T18:23:10.782Z,separate_executor,quote_run_dispatch_probe,200,5082.21,success,,200,success
p3-ex-official-vu200,96513c3a-6e90-4b29-b619-0f20bb7698db,2026-08-31T18:23:10.789Z,separate_executor,quote_run_dispatch_probe,200,5097.41,success,,200,success
p3-ex-official-vu200,34884b1e-c460-4a9d-9ed4-015cc22106da,2026-08-31T18:23:10.800Z,separate_executor,quote_run_dispatch_probe,200,5331.75,success,,200,success
p3-ex-official-vu200,805defd0-c7c2-4ff2-8df5-fe32fc418d7c,2026-08-31T18:23:10.807Z,separate_executor,quote_run_dispatch_probe,200,5215.35,success,,200,success
p3-ex-official-vu200,02120a43-91f8-4659-9a41-cb543cfd6db9,2026-08-31T18:23:10.914Z,separate_executor,quote_run_dispatch_probe,200,5048.24,success,,200,success
p3-ex-official-vu200,7e1654fb-9784-4c23-912d-d29dc580aecb,2026-08-31T18:23:10.915Z,separate_executor,quote_run_dispatch_probe,200,5270.57,success,,200,success
p3-ex-official-vu200,4648045b-1592-45b2-acf8-0e4b49fa9677,2026-08-31T18:23:10.936Z,separate_executor,quote_run_dispatch_probe,200,5414.26,success,,200,success
p3-ex-official-vu200,03685269-6dd8-4ac6-b922-944fd7fbada6,2026-08-31T18:23:10.950Z,separate_executor,quote_run_dispatch_probe,200,5480.77,success,,200,success
p3-ex-official-vu200,8314376b-5bc3-4eda-bc2c-505d751028e8,2026-08-31T18:23:10.953Z,separate_executor,quote_run_dispatch_probe,200,5381.1,success,,200,success
p3-ex-official-vu200,3d24bc20-33bf-4a7b-95a6-9d02efcc5074,2026-08-31T18:23:10.956Z,separate_executor,quote_run_dispatch_probe,200,5439.28,success,,200,success
p3-ex-official-vu200,45d5098e-0789-4ebf-8da6-e64a32177c56,2026-08-31T18:23:10.965Z,separate_executor,quote_run_dispatch_probe,200,5480.44,success,,200,success
p3-ex-official-vu200,0016be33-d8cd-49f6-b48c-3cd4c1a61377,2026-08-31T18:23:10.967Z,separate_executor,quote_run_dispatch_probe,200,5662.19,success,,200,success
p3-ex-official-vu200,8c6057e5-03f3-48a0-ac4e-60f0fdec232b,2026-08-31T18:23:10.994Z,separate_executor,quote_run_dispatch_probe,200,5417.55,success,,200,success
p3-ex-official-vu200,56a69649-5fe8-4105-9cc3-1687f5795471,2026-08-31T18:23:11.027Z,separate_executor,quote_run_dispatch_probe,200,5574.05,success,,200,success
p3-ex-official-vu200,fc075894-4c89-4441-9936-7a5cfefe4b13,2026-08-31T18:23:11.030Z,separate_executor,quote_run_dispatch_probe,200,5326.08,success,,200,success
p3-ex-official-vu200,2996a275-2b05-42b0-8b67-4d6003427f05,2026-08-31T18:23:11.057Z,separate_executor,quote_run_dispatch_probe,200,5387.17,success,,200,success
p3-ex-official-vu200,6d4484ef-9465-48c7-8e6f-dfffc36e360b,2026-08-31T18:23:11.064Z,separate_executor,quote_run_dispatch_probe,200,5590.98,success,,200,success
p3-ex-official-vu200,26e0e141-7f77-41c3-8af0-66a5f8fd4341,2026-08-31T18:23:11.067Z,separate_executor,quote_run_dispatch_probe,200,5481.76,success,,200,success
p3-ex-official-vu200,55907865-6d00-434c-890c-4e23873f7e7e,2026-08-31T18:23:11.074Z,separate_executor,quote_run_dispatch_probe,200,5400,success,,200,success
p3-ex-official-vu200,d33a3bb8-1f80-4b96-82f6-78b9bad16ce5,2026-08-31T18:23:11.083Z,separate_executor,quote_run_dispatch_probe,200,5599.88,success,,200,success
p3-ex-official-vu200,817fbaba-9958-457a-8b5d-2fa1247a3afd,2026-08-31T18:23:11.086Z,separate_executor,quote_run_dispatch_probe,200,5633.65,success,,200,success
p3-ex-official-vu200,f5bddf2c-51ce-40c1-acd4-44f8aa712cf5,2026-08-31T18:23:11.088Z,separate_executor,quote_run_dispatch_probe,200,5761.61,success,,200,success
p3-ex-official-vu200,af4b0c27-ea6c-4e6c-b2a0-109439e64ca0,2026-08-31T18:23:11.096Z,separate_executor,quote_run_dispatch_probe,200,5459.21,success,,200,success
p3-ex-official-vu200,1b35306f-ac52-424f-b036-d77f809c72b8,2026-08-31T18:23:11.107Z,separate_executor,quote_run_dispatch_probe,200,5555.78,success,,200,success
p3-ex-official-vu200,1607903c-44cf-4d2e-9c84-65fd889e5da9,2026-08-31T18:23:11.114Z,separate_executor,quote_run_dispatch_probe,200,5425.1,success,,200,success
p3-ex-official-vu200,1b9b1835-ac70-400c-ab23-2380f5018f7b,2026-08-31T18:23:11.115Z,separate_executor,quote_run_dispatch_probe,200,5461.02,success,,200,success
p3-ex-official-vu200,cda05927-687e-4c44-a64d-a3ed9bc826a5,2026-08-31T18:23:11.119Z,separate_executor,quote_run_dispatch_probe,200,5514.87,success,,200,success
p3-ex-official-vu200,a5a2c269-eee3-44e8-ae88-7f11a440f490,2026-08-31T18:23:11.124Z,separate_executor,quote_run_dispatch_probe,200,5076.41,success,,200,success
p3-ex-official-vu200,d3fe77b7-6f9a-4229-8ac6-46c551385907,2026-08-31T18:23:11.125Z,separate_executor,quote_run_dispatch_probe,200,5524.7,success,,200,success
p3-ex-official-vu200,649eafb0-597a-4279-b511-9838f5fed951,2026-08-31T18:23:11.153Z,separate_executor,quote_run_dispatch_probe,200,5850.29,success,,200,success
p3-ex-official-vu200,69f72e8e-264d-442c-b063-215ddba8eb24,2026-08-31T18:23:11.170Z,separate_executor,quote_run_dispatch_probe,200,5495.17,success,,200,success
p3-ex-official-vu200,6fc8dcb3-a535-4642-b813-8d60aa88255e,2026-08-31T18:23:11.217Z,separate_executor,quote_run_dispatch_probe,200,5584.91,success,,200,success
p3-ex-official-vu200,212478fb-c2d3-4845-b606-67a703aec7e7,2026-08-31T18:23:11.218Z,separate_executor,quote_run_dispatch_probe,200,5350.78,success,,200,success
p3-ex-official-vu200,9c87e48f-a5ae-4141-84cc-fc842e56a114,2026-08-31T18:23:11.225Z,separate_executor,quote_run_dispatch_probe,200,4991.89,success,,200,success
p3-ex-official-vu200,03f11dfc-dd1e-4b98-ab39-1003182939f8,2026-08-31T18:23:11.247Z,separate_executor,quote_run_dispatch_probe,200,5723.72,success,,200,success
p3-ex-official-vu200,77e063d7-80bc-4a27-94c3-34ad544229cc,2026-08-31T18:23:11.248Z,separate_executor,quote_run_dispatch_probe,200,5677.06,success,,200,success
p3-ex-official-vu200,e26ab94a-d210-4437-90d0-d72450bf07ae,2026-08-31T18:23:11.271Z,separate_executor,quote_run_dispatch_probe,200,5640.57,success,,200,success
p3-ex-official-vu200,a886894a-5358-4657-95a2-b7d760501bf2,2026-08-31T18:23:11.273Z,separate_executor,quote_run_dispatch_probe,200,5584.92,success,,200,success
p3-ex-official-vu200,a5f89212-7f95-4e2f-8bbf-2dcd1b0f143f,2026-08-31T18:23:11.283Z,separate_executor,quote_run_dispatch_probe,200,5664.18,success,,200,success
p3-ex-official-vu200,17f892b3-c446-42c7-92a7-127999ae47e2,2026-08-31T18:23:11.316Z,separate_executor,quote_run_dispatch_probe,200,5670.37,success,,200,success
p3-ex-official-vu200,34930173-6e15-4557-882e-91f9ad3daea0,2026-08-31T18:23:11.405Z,separate_executor,quote_run_dispatch_probe,200,5083.59,success,,200,success
p3-ex-official-vu200,7a883e1e-ba40-4ac9-a87a-51f0cf70ad1d,2026-08-31T18:23:11.421Z,separate_executor,quote_run_dispatch_probe,200,5176.04,success,,200,success
p3-ex-official-vu200,6f1e865f-3aba-4fd9-84d5-192a383bed51,2026-08-31T18:23:11.424Z,separate_executor,quote_run_dispatch_probe,200,5785.39,success,,200,success
p3-ex-official-vu200,ec0a49fc-a5e7-4889-b8ca-4fa86cdda134,2026-08-31T18:23:11.433Z,separate_executor,quote_run_dispatch_probe,200,5750.91,success,,200,success
p3-ex-official-vu200,697ff1b8-3702-4a41-8382-b01e4cf8a4b3,2026-08-31T18:23:11.498Z,separate_executor,quote_run_dispatch_probe,200,5227.27,success,,200,success
p3-ex-official-vu200,c6e424d7-775f-4617-a568-88ba78a6cf35,2026-08-31T18:23:11.513Z,separate_executor,quote_run_dispatch_probe,200,5215.96,success,,200,success
p3-ex-official-vu200,998393b3-442d-4ee9-a2a0-3b64fffab68a,2026-08-31T18:23:11.556Z,separate_executor,quote_run_dispatch_probe,200,5269.09,success,,200,success
p3-ex-official-vu200,34c0ffbe-10df-4752-bb44-5ef62ea217d9,2026-08-31T18:23:11.557Z,separate_executor,quote_run_dispatch_probe,200,5235.15,success,,200,success
p3-ex-official-vu200,1ac050b8-19ee-450f-b6e3-cf5488bccaec,2026-08-31T18:23:11.573Z,separate_executor,quote_run_dispatch_probe,200,5340.84,success,,200,success
p3-ex-official-vu200,4329a6f6-ab4b-4552-ad48-ab481e5f2ece,2026-08-31T18:23:11.634Z,separate_executor,quote_run_dispatch_probe,200,5391.46,success,,200,success
p3-ex-official-vu200,8d03f846-d5bd-44c3-b01e-2f6933d1bed2,2026-08-31T18:23:11.660Z,separate_executor,quote_run_dispatch_probe,200,5521.39,success,,200,success
p3-ex-official-vu200,fb0a35a9-202f-47bf-a0c6-41f46ae7918a,2026-08-31T18:23:11.664Z,separate_executor,quote_run_dispatch_probe,200,5301.85,success,,200,success
p3-ex-official-vu200,ab1f5b09-eea8-44e4-8862-eea8bc8f9ae0,2026-08-31T18:23:11.723Z,separate_executor,quote_run_dispatch_probe,200,5353.15,success,,200,success
p3-ex-official-vu200,1b44a428-761a-43d3-ab75-3f29b98ed6d9,2026-08-31T18:23:11.906Z,separate_executor,quote_run_dispatch_probe,200,5543.04,success,,200,success
p3-ex-official-vu200,7bc52459-1ae7-4a0d-8d5d-9c0eefbe68f9,2026-08-31T18:23:11.910Z,separate_executor,quote_run_dispatch_probe,200,5440.22,success,,200,success
p3-ex-official-vu200,1e870432-565d-4538-9632-53c44ad135d7,2026-08-31T18:23:12.007Z,separate_executor,quote_run_dispatch_probe,200,5390.65,success,,200,success
p3-ex-official-vu200,41abb968-de51-48ec-af70-98f90ba134de,2026-08-31T18:23:12.022Z,separate_executor,quote_run_dispatch_probe,200,5569.08,success,,200,success
p3-ex-official-vu200,95befaf0-d9f0-472e-9fc9-b659eca39cde,2026-08-31T18:23:12.023Z,separate_executor,quote_run_dispatch_probe,200,5581.27,success,,200,success
p3-ex-official-vu200,bacc158b-c97c-44eb-adbc-d2770b1d1d63,2026-08-31T18:23:12.089Z,separate_executor,quote_run_dispatch_probe,200,5287.72,success,,200,success
p3-ex-official-vu200,4d6c9350-8cec-458d-9049-a3c689806956,2026-08-31T18:23:12.101Z,separate_executor,quote_run_dispatch_probe,200,5643.65,success,,200,success
p3-ex-official-vu200,8d0bcd18-f62b-4730-8fad-ebe0b4d20dc3,2026-08-31T18:23:12.103Z,separate_executor,quote_run_dispatch_probe,200,5335.87,success,,200,success
p3-ex-official-vu200,46cf92a8-8d44-4124-bbd7-59909f9261e9,2026-08-31T18:23:12.120Z,separate_executor,quote_run_dispatch_probe,200,5144.07,success,,200,success
p3-ex-official-vu200,75192512-d8ca-4b8c-bb6f-34d287ee3e32,2026-08-31T18:23:12.132Z,separate_executor,quote_run_dispatch_probe,200,5877.27,success,,200,success
p3-ex-official-vu200,1d189d6f-0efc-437f-9cae-020551e05904,2026-08-31T18:23:12.165Z,separate_executor,quote_run_dispatch_probe,200,5416.38,success,,200,success
p3-ex-official-vu200,82c4cf27-d311-4b63-a946-1ff4ffd62d11,2026-08-31T18:23:12.178Z,separate_executor,quote_run_dispatch_probe,200,5529.4,success,,200,success
p3-ex-official-vu200,989a2559-2c69-45ed-a77d-2e42ee2a73d6,2026-08-31T18:23:12.235Z,separate_executor,quote_run_dispatch_probe,200,5475.48,success,,200,success
p3-ex-official-vu200,05034075-db9a-4cba-a53d-f91c7bd787c2,2026-08-31T18:23:12.318Z,separate_executor,quote_run_dispatch_probe,200,5267.41,success,,200,success
p3-ex-official-vu200,d13335db-8a7b-4768-afe6-419f2d4ba88d,2026-08-31T18:23:12.339Z,separate_executor,quote_run_dispatch_probe,200,5405.07,success,,200,success
p3-ex-official-vu200,800154f8-29cb-4653-9a46-ad594239c64f,2026-08-31T18:23:12.382Z,separate_executor,quote_run_dispatch_probe,200,5465.83,success,,200,success
p3-ex-official-vu200,a801aecf-0340-4577-9f17-8cb679a7d9c2,2026-08-31T18:23:12.387Z,separate_executor,quote_run_dispatch_probe,200,5667.42,success,,200,success
p3-ex-official-vu200,b939c761-2895-487c-867a-2aff590647a1,2026-08-31T18:23:12.412Z,separate_executor,quote_run_dispatch_probe,200,6027.68,success,,200,success
p3-ex-official-vu200,44a84249-4c71-45ab-81f6-590e93835c05,2026-08-31T18:23:13.136Z,separate_executor,quote_run_dispatch_probe,200,6234.87,success,,200,success
p3-ex-official-vu200,eca983ef-1e85-4d6d-bea4-12a13a8ed703,2026-08-31T18:23:13.505Z,separate_executor,quote_run_dispatch_probe,200,6597.66,success,,200,success
p3-ex-official-vu200,6d1ef670-e52a-49a3-bf35-660bfa202aee,2026-08-31T18:23:13.916Z,separate_executor,quote_run_dispatch_probe,200,6782.18,success,,200,success
p3-ex-official-vu200,71cd0ebf-5ea8-47e1-a97b-4aeaec010bb8,2026-08-31T18:23:14.134Z,separate_executor,quote_run_dispatch_probe,200,7101.54,success,,200,success
p3-ex-official-vu200,102a2590-199f-4786-808e-622b99dc3cff,2026-08-31T18:23:14.135Z,separate_executor,quote_run_dispatch_probe,200,6896.55,success,,200,success
p3-ex-official-vu200,1430f6b1-ae5e-40bf-97e0-9b90d16b718d,2026-08-31T18:23:14.135Z,separate_executor,quote_run_dispatch_probe,200,7373.7,success,,200,success
p3-ex-official-vu200,fb85c3de-d342-467f-9ff4-4b6376d8eb8d,2026-08-31T18:23:14.136Z,separate_executor,quote_run_dispatch_probe,200,6944.6,success,,200,success
p3-ex-official-vu200,a9e1c5fc-111f-4267-90c3-00a2d0bdba08,2026-08-31T18:23:14.268Z,separate_executor,quote_run_dispatch_probe,200,6513.22,success,,200,success
p3-ex-official-vu200,285749a9-05d3-4267-84d6-e68413623d6d,2026-08-31T18:23:14.541Z,separate_executor,quote_run_dispatch_probe,200,7427.05,success,,200,success
p3-ex-official-vu200,345e57e6-bc7f-44ac-8461-5e436d2a0a7d,2026-08-31T18:23:14.559Z,separate_executor,quote_run_dispatch_probe,200,7518.86,success,,200,success
p3-ex-official-vu200,9ca87ab0-899c-4b22-8c3e-92611bfc94f2,2026-08-31T18:23:14.581Z,separate_executor,quote_run_dispatch_probe,200,7531.53,success,,200,success
p3-ex-official-vu200,0d140945-7b97-49cf-8e6b-01c77e11206f,2026-08-31T18:23:14.582Z,separate_executor,quote_run_dispatch_probe,200,7037.37,success,,200,success
p3-ex-official-vu200,fbcb9dff-ebe8-4b20-a662-9dcf9667f5fa,2026-08-31T18:23:14.603Z,separate_executor,quote_run_dispatch_probe,200,7065.87,success,,200,success
p3-ex-official-vu200,3c9c17b5-e0c2-47c5-b232-52cb6738e664,2026-08-31T18:23:14.604Z,separate_executor,quote_run_dispatch_probe,200,6713.17,success,,200,success
p3-ex-official-vu200,fa15c92d-ee5a-47e8-a47d-f942cf87b995,2026-08-31T18:23:14.605Z,separate_executor,quote_run_dispatch_probe,200,7114.99,success,,200,success
p3-ex-official-vu200,e574ef76-d0a2-4e04-9bce-8913d7055670,2026-08-31T18:23:14.774Z,separate_executor,quote_run_dispatch_probe,200,6500.63,success,,200,success
p3-ex-official-vu200,2095b34b-356d-4217-84a1-b961bdad122e,2026-08-31T18:23:14.789Z,separate_executor,quote_run_dispatch_probe,200,7199.47,success,,200,success
p3-ex-official-vu200,00611de4-686a-48f8-b90e-5cacd2c125ee,2026-08-31T18:23:14.789Z,separate_executor,quote_run_dispatch_probe,200,7034.25,success,,200,success
p3-ex-official-vu200,a2cc647c-4b87-403a-8eb4-598074ebef60,2026-08-31T18:23:14.822Z,separate_executor,quote_run_dispatch_probe,200,6936,success,,200,success
p3-ex-official-vu200,99622a13-f433-450a-a0fe-6b6c29abf882,2026-08-31T18:23:14.824Z,separate_executor,quote_run_dispatch_probe,200,6945.04,success,,200,success
p3-ex-official-vu200,d980c9b6-5d39-4570-8965-26d6e3290593,2026-08-31T18:23:14.840Z,separate_executor,quote_run_dispatch_probe,200,6866.27,success,,200,success
p3-ex-official-vu200,cb13b5a7-1534-4b91-b358-6f2f7ea240a6,2026-08-31T18:23:14.858Z,separate_executor,quote_run_dispatch_probe,200,6418.25,success,,200,success
p3-ex-official-vu200,919fbe3e-c109-4473-94c1-06d8d532732b,2026-08-31T18:23:14.859Z,separate_executor,quote_run_dispatch_probe,200,6348.89,success,,200,success
p3-ex-official-vu200,f36e5680-0d2f-47e0-abdb-ad933de25921,2026-08-31T18:23:14.866Z,separate_executor,quote_run_dispatch_probe,200,6350.14,success,,200,success
p3-ex-official-vu200,61a372b4-b124-48b2-b40b-4fb8621b02c2,2026-08-31T18:23:14.867Z,separate_executor,quote_run_dispatch_probe,200,6425.61,success,,200,success
p3-ex-official-vu200,629d8197-7570-465b-996d-071d9a17c282,2026-08-31T18:23:14.873Z,separate_executor,quote_run_dispatch_probe,200,6586.48,success,,200,success
p3-ex-official-vu200,094dab47-0cdd-4eaa-aa63-e88dffbceabe,2026-08-31T18:23:14.874Z,separate_executor,quote_run_dispatch_probe,200,6542.32,success,,200,success
p3-ex-official-vu200,641ef2e0-b5d9-44e5-95ad-f4221ada6868,2026-08-31T18:23:14.881Z,separate_executor,quote_run_dispatch_probe,200,6527.59,success,,200,success
p3-ex-official-vu200,1277d983-3042-4531-9b21-24b1744b4bc9,2026-08-31T18:23:14.889Z,separate_executor,quote_run_dispatch_probe,200,6378.03,success,,200,success
p3-ex-official-vu200,677c83ef-1c04-45ec-8798-172e1498a807,2026-08-31T18:23:14.891Z,separate_executor,quote_run_dispatch_probe,200,6417.72,success,,200,success
p3-ex-official-vu200,0ae3f6e7-5d27-4a12-be02-ce1190ab5e4c,2026-08-31T18:23:14.951Z,separate_executor,quote_run_dispatch_probe,200,6459.69,success,,200,success
p3-ex-official-vu200,8b2e4c6d-33a4-43c2-85b7-444adfdef150,2026-08-31T18:23:15.100Z,separate_executor,quote_run_dispatch_probe,200,6594.33,success,,200,success
p3-ex-official-vu200,04a19b80-8b7b-47a7-89f5-a7fcd0c39d65,2026-08-31T18:23:15.101Z,separate_executor,quote_run_dispatch_probe,200,6523.91,success,,200,success
p3-ex-official-vu200,c58b9a3a-2646-4660-8607-5d271d2ceb7b,2026-08-31T18:23:15.233Z,separate_executor,quote_run_dispatch_probe,200,6811.05,success,,200,success
p3-ex-official-vu200,62bb4172-fb7d-4e41-8b07-fd5437b23df2,2026-08-31T18:23:15.234Z,separate_executor,quote_run_dispatch_probe,200,6810.84,success,,200,success
p3-ex-official-vu200,284de51e-4f87-4aa5-a841-8b4b8256549c,2026-08-31T18:23:15.235Z,separate_executor,quote_run_dispatch_probe,200,6404.26,success,,200,success
p3-ex-official-vu200,a8e23b17-8acd-4ca7-80ac-0628049b6afa,2026-08-31T18:23:15.370Z,separate_executor,quote_run_dispatch_probe,200,7362.53,success,,200,success
p3-ex-official-vu200,a9b9d1fc-5fd2-4a47-8105-efee4b3be543,2026-08-31T18:23:15.482Z,separate_executor,quote_run_dispatch_probe,200,7226.79,success,,200,success
p3-ex-official-vu200,4f129295-2cd4-448f-9dec-56145852e4ad,2026-08-31T18:23:15.482Z,separate_executor,quote_run_dispatch_probe,200,7561.92,success,,200,success
p3-ex-official-vu200,1cad2816-3270-4915-86be-43e2acda422a,2026-08-31T18:23:15.483Z,separate_executor,quote_run_dispatch_probe,200,6984.14,success,,200,success
p3-ex-official-vu200,e7f011ae-c82a-46aa-ad7f-4860fe1f159f,2026-08-31T18:23:15.483Z,separate_executor,quote_run_dispatch_probe,200,7411.86,success,,200,success
p3-ex-official-vu200,6de391c1-1f82-4f4a-a354-f0396e540dee,2026-08-31T18:23:15.483Z,separate_executor,quote_run_dispatch_probe,200,6995.25,success,,200,success
p3-ex-official-vu200,960da677-73b1-4363-83d0-49d79e371cbd,2026-08-31T18:23:15.483Z,separate_executor,quote_run_dispatch_probe,200,7026.78,success,,200,success
p3-ex-official-vu200,d6f05f1c-7076-4550-aed7-eaa4b136e020,2026-08-31T18:23:15.484Z,separate_executor,quote_run_dispatch_probe,200,6979.49,success,,200,success
p3-ex-official-vu200,ebcb86db-3ae2-43b7-9c30-399f84d83f97,2026-08-31T18:23:15.484Z,separate_executor,quote_run_dispatch_probe,200,7217.98,success,,200,success
p3-ex-official-vu200,38561e97-a55d-4943-9420-83d0bdb3d2ac,2026-08-31T18:23:15.484Z,separate_executor,quote_run_dispatch_probe,200,6997.61,success,,200,success
p3-ex-official-vu200,ee0f6403-380a-41b5-8656-bb81a5e67664,2026-08-31T18:23:15.484Z,separate_executor,quote_run_dispatch_probe,200,7015.63,success,,200,success
p3-ex-official-vu200,b7e55113-1163-440a-91d5-4f42b0de73cf,2026-08-31T18:23:15.700Z,separate_executor,quote_run_dispatch_probe,200,7248.79,success,,200,success
p3-ex-official-vu200,850fafc9-e174-46d7-80ae-f205d8b00d59,2026-08-31T18:23:15.715Z,separate_executor,quote_run_dispatch_probe,200,7373.62,success,,200,success
p3-ex-official-vu200,01543543-3614-4963-a9c0-38511d1dda31,2026-08-31T18:23:15.716Z,separate_executor,quote_run_dispatch_probe,200,7262.72,success,,200,success
p3-ex-official-vu200,76305a9d-2322-423e-bfe8-bcb1be115687,2026-08-31T18:23:15.716Z,separate_executor,quote_run_dispatch_probe,200,7241.92,success,,200,success
p3-ex-official-vu200,b6280c79-c81c-458d-9f50-15ed4eb783f9,2026-08-31T18:23:15.716Z,separate_executor,quote_run_dispatch_probe,200,7283.52,success,,200,success
p3-ex-official-vu200,aef935e4-6785-42af-82c9-bf55a95a30e6,2026-08-31T18:23:15.733Z,separate_executor,quote_run_dispatch_probe,200,7277.27,success,,200,success
p3-ex-official-vu200,da2ccb15-7022-4f39-8934-038fed205252,2026-08-31T18:23:15.733Z,separate_executor,quote_run_dispatch_probe,200,7301.53,success,,200,success
p3-ex-official-vu200,0b17bbe6-4e4d-40c1-b8e7-bdc63aec4055,2026-08-31T18:23:15.734Z,separate_executor,quote_run_dispatch_probe,200,7081.81,success,,200,success
p3-ex-official-vu200,35267444-1120-4d16-aca5-87e15fdcafa4,2026-08-31T18:23:15.734Z,separate_executor,quote_run_dispatch_probe,200,7359.95,success,,200,success
p3-ex-official-vu200,9bb82735-5a39-4a62-b1ad-f9bf34fcf25f,2026-08-31T18:23:15.734Z,separate_executor,quote_run_dispatch_probe,200,7285.67,success,,200,success
p3-ex-official-vu200,5933c4e7-3863-42e1-a358-3e05a79766e1,2026-08-31T18:23:15.735Z,separate_executor,quote_run_dispatch_probe,200,7133.21,success,,200,success
p3-ex-official-vu200,87b6854b-b595-4121-9909-1c9b5a6fca0c,2026-08-31T18:23:15.735Z,separate_executor,quote_run_dispatch_probe,200,7298.61,success,,200,success
p3-ex-official-vu200,c20fdd6a-67d1-4bee-9874-9a33f7840bc4,2026-08-31T18:23:15.741Z,separate_executor,quote_run_dispatch_probe,200,7351.05,success,,200,success
p3-ex-official-vu200,9bf2f492-726e-4f06-9dd0-4f3c182c057a,2026-08-31T18:23:15.741Z,separate_executor,quote_run_dispatch_probe,200,7260.1,success,,200,success
p3-ex-official-vu200,8c932894-642d-4308-9663-60c98e159826,2026-08-31T18:23:15.755Z,separate_executor,quote_run_dispatch_probe,200,7352.23,success,,200,success
p3-ex-official-vu200,a4a40427-d4f1-465b-849d-8c4d7f2b2b04,2026-08-31T18:23:15.995Z,separate_executor,quote_run_dispatch_probe,200,7548.01,success,,200,success
p3-ex-official-vu200,0156a516-ef02-48bf-a5b4-a6cb21e6ee85,2026-08-31T18:23:15.996Z,separate_executor,quote_run_dispatch_probe,200,7559.12,success,,200,success
p3-ex-official-vu200,1bbd8a59-78c4-4002-b668-eb23e18d31db,2026-08-31T18:23:15.997Z,separate_executor,quote_run_dispatch_probe,200,7309.93,success,,200,success
p3-ex-official-vu200,ca867352-200d-42d9-aae5-e9f379d9fc89,2026-08-31T18:23:15.999Z,separate_executor,quote_run_dispatch_probe,200,7568,success,,200,success
p3-ex-official-vu200,0f945b15-bdea-4d77-a68b-a70fe9aede8b,2026-08-31T18:23:15.999Z,separate_executor,quote_run_dispatch_probe,200,7508.2,success,,200,success
p3-ex-official-vu200,f2f64722-0cfe-4001-bc20-663256afb9d6,2026-08-31T18:23:15.999Z,separate_executor,quote_run_dispatch_probe,200,7643.73,success,,200,success
p3-ex-official-vu200,4c43df68-a32e-4a83-8dd4-8fd33a5a8c46,2026-08-31T18:23:16.000Z,separate_executor,quote_run_dispatch_probe,200,7133.79,success,,200,success
p3-ex-official-vu200,d0131b10-6f34-42f8-bac4-355196a48c54,2026-08-31T18:23:16.000Z,separate_executor,quote_run_dispatch_probe,200,7293.03,success,,200,success
p3-ex-official-vu200,390e8da3-55df-47bc-abda-ab15b57e849e,2026-08-31T18:23:16.001Z,separate_executor,quote_run_dispatch_probe,200,7421.21,success,,200,success
p3-ex-official-vu200,34f98620-2f43-4e84-86de-8c1644220f27,2026-08-31T18:23:16.169Z,separate_executor,quote_run_dispatch_probe,200,7397.73,success,,200,success
p3-ex-official-vu200,7d4b0eb4-82df-4848-bfe0-78f4d4173c1d,2026-08-31T18:23:16.169Z,separate_executor,quote_run_dispatch_probe,200,7453.01,success,,200,success
p3-ex-official-vu200,477fcd90-ec66-45ca-b4b6-d2a3de7a7af6,2026-08-31T18:23:16.170Z,separate_executor,quote_run_dispatch_probe,200,7156.88,success,,200,success
p3-ex-official-vu200,03eeb8cf-8632-49bc-adb7-a89de106c79f,2026-08-31T18:23:16.170Z,separate_executor,quote_run_dispatch_probe,200,7412.96,success,,200,success
p3-ex-official-vu200,72a4181a-f987-482b-8413-88d1aa310b2a,2026-08-31T18:23:16.188Z,separate_executor,quote_run_dispatch_probe,200,7149.11,success,,200,success
p3-ex-official-vu200,0441b7a9-216a-45d2-a4fb-10ccf8c1bccd,2026-08-31T18:23:16.202Z,separate_executor,quote_run_dispatch_probe,200,6964.32,success,,200,success
p3-ex-official-vu200,d938e77e-2a8f-4de2-b837-5f09fa6c1822,2026-08-31T18:23:16.223Z,separate_executor,quote_run_dispatch_probe,200,6972.78,success,,200,success
p3-ex-official-vu200,0f7a0ecd-def1-44a1-afc0-34c83e4bec89,2026-08-31T18:23:16.223Z,separate_executor,quote_run_dispatch_probe,200,7021.26,success,,200,success
p3-ex-official-vu200,a0b28dad-76b8-422d-957f-df77f7d5f098,2026-08-31T18:23:16.432Z,separate_executor,quote_run_dispatch_probe,200,7353.64,success,,200,success
p3-ex-official-vu200,15080a11-7131-4b1e-99e7-e95d1fa03dc4,2026-08-31T18:23:16.437Z,separate_executor,quote_run_dispatch_probe,200,7563.53,success,,200,success
p3-ex-official-vu200,3c9b6b17-7123-4327-8ce2-c87424a57dfa,2026-08-31T18:23:16.437Z,separate_executor,quote_run_dispatch_probe,200,8032.14,success,,200,success
p3-ex-official-vu200,67f1cb61-456f-4969-90e3-5d4c7e9e7e58,2026-08-31T18:23:16.437Z,separate_executor,quote_run_dispatch_probe,200,7501.82,success,,200,success
p3-ex-official-vu200,8763236d-5aa5-46a8-9300-ef6201df6f7f,2026-08-31T18:23:16.437Z,separate_executor,quote_run_dispatch_probe,200,7735.08,success,,200,success
p3-ex-official-vu200,4ec1563e-7f90-4ec3-b7b9-c6df1a830149,2026-08-31T18:23:16.438Z,separate_executor,quote_run_dispatch_probe,200,7179.33,success,,200,success
p3-ex-official-vu200,5c82cc57-8e49-49f3-b2dc-2f7c6b80dc30,2026-08-31T18:23:16.438Z,separate_executor,quote_run_dispatch_probe,200,7380.14,success,,200,success
p3-ex-official-vu200,62536883-4b8b-49ba-8c23-a2e8e9cc5931,2026-08-31T18:23:16.438Z,separate_executor,quote_run_dispatch_probe,200,7316.34,success,,200,success
p3-ex-official-vu200,a5da301e-df85-4bb5-993c-8cdb7bba5088,2026-08-31T18:23:16.449Z,separate_executor,quote_run_dispatch_probe,200,7192.47,success,,200,success
p3-ex-official-vu200,3cdad5e9-6273-4d46-acf8-4c0c3205dfe0,2026-08-31T18:23:16.455Z,separate_executor,quote_run_dispatch_probe,200,6701.05,success,,200,success
p3-ex-official-vu200,9a01fe0e-942a-4954-b65d-c503b62867df,2026-08-31T18:23:17.566Z,separate_executor,quote_run_dispatch_probe,200,8259.06,success,,200,success
p3-ex-official-vu200,429d4ec6-aa9e-4997-a433-8732e9c9fec3,2026-08-31T18:23:17.566Z,separate_executor,quote_run_dispatch_probe,200,8306.48,success,,200,success
p3-ex-official-vu200,8234e4c3-e2c1-4a1b-9b99-8e71ff2ac9b9,2026-08-31T18:23:17.567Z,separate_executor,quote_run_dispatch_probe,200,8266.91,success,,200,success
p3-ex-official-vu200,ac3f86a4-2d98-4be8-86dd-c1acd7f6bba2,2026-08-31T18:23:17.567Z,separate_executor,quote_run_dispatch_probe,200,8275.84,success,,200,success
p3-ex-official-vu200,980d4df3-1efe-46b2-b875-e640f9a4ff64,2026-08-31T18:23:17.567Z,separate_executor,quote_run_dispatch_probe,200,8270.68,success,,200,success
p3-ex-official-vu200,6741f8d2-ae8e-421e-abb5-8ce40b28954e,2026-08-31T18:23:17.585Z,separate_executor,quote_run_dispatch_probe,200,8284.24,success,,200,success
p3-ex-official-vu200,5202bddc-daf4-4fd0-8cb8-603b26743b0b,2026-08-31T18:23:17.586Z,separate_executor,quote_run_dispatch_probe,200,8297.41,success,,200,success
p3-ex-official-vu200,dd4b847c-6e0d-4c6c-9d6f-4c5a8b54c6df,2026-08-31T18:23:17.586Z,separate_executor,quote_run_dispatch_probe,200,7276.66,success,,200,success
p3-ex-official-vu200,771882e0-460f-4e2d-8a18-44e075cc89bd,2026-08-31T18:23:17.587Z,separate_executor,quote_run_dispatch_probe,200,7130.69,success,,200,success
p3-ex-official-vu200,4d5e56ec-59c6-42ab-a0d6-0c433638352b,2026-08-31T18:23:17.587Z,separate_executor,quote_run_dispatch_probe,200,6984.76,success,,200,success
p3-ex-official-vu200,e9be1d5a-a0d4-4d0b-a428-81128a98b1ed,2026-08-31T18:23:17.587Z,separate_executor,quote_run_dispatch_probe,200,6830.49,success,,200,success
p3-ex-official-vu200,d92e3f34-819d-41fd-bbea-8946af9bd88b,2026-08-31T18:23:17.918Z,separate_executor,quote_run_dispatch_probe,200,7369.23,success,,200,success
p3-ex-official-vu200,cff4d59b-b1ae-4a10-b0a9-4ccd4241ac15,2026-08-31T18:23:17.919Z,separate_executor,quote_run_dispatch_probe,200,7498.81,success,,200,success
p3-ex-official-vu200,9e09af3c-a876-4b89-a2ae-1282d0dcaece,2026-08-31T18:23:17.920Z,separate_executor,quote_run_dispatch_probe,200,7721.38,success,,200,success
p3-ex-official-vu200,79771848-e006-4ebf-8c1c-b4eaf8b2daf0,2026-08-31T18:23:17.920Z,separate_executor,quote_run_dispatch_probe,200,6702.93,success,,200,success
p3-ex-official-vu200,3c78d9b8-3be3-44e2-b589-112c950cf3aa,2026-08-31T18:23:17.920Z,separate_executor,quote_run_dispatch_probe,200,7361.35,success,,200,success
p3-ex-official-vu200,88613285-7715-4a62-9983-109030e15a47,2026-08-31T18:23:18.871Z,separate_executor,quote_run_dispatch_probe,200,9556.86,success,,200,success
p3-ex-official-vu200,341db6e0-8da2-42da-857f-1ef07aebeed5,2026-08-31T18:23:18.872Z,separate_executor,quote_run_dispatch_probe,200,9337.94,success,,200,success
p3-ex-official-vu200,79621ae5-4233-4994-b500-b8507322ff4c,2026-08-31T18:23:18.872Z,separate_executor,quote_run_dispatch_probe,200,9485.36,success,,200,success
p3-ex-official-vu200,1631c52b-5cf4-46c1-928a-334ff86b428e,2026-08-31T18:23:18.885Z,separate_executor,quote_run_dispatch_probe,200,9522.3,success,,200,success
p3-ex-official-vu200,6f8a06c3-a554-45a5-bbe5-d3390c879629,2026-08-31T18:23:18.885Z,separate_executor,quote_run_dispatch_probe,200,9581.1,success,,200,success
p3-ex-official-vu200,d1e52237-2288-4283-8318-037a22caef0f,2026-08-31T18:23:18.885Z,separate_executor,quote_run_dispatch_probe,200,8204.2,success,,200,success
p3-ex-official-vu200,89c1859d-1680-4da8-b6f9-73250706bc9c,2026-08-31T18:23:19.049Z,separate_executor,quote_run_dispatch_probe,200,8665.07,success,,200,success
p3-ex-official-vu200,bccb39b6-31f6-48c1-95a9-e03d6dd0d797,2026-08-31T18:23:19.049Z,separate_executor,quote_run_dispatch_probe,200,8374.18,success,,200,success
p3-ex-official-vu200,26ae7f21-696a-471e-b9ad-f7d2f24dfbc5,2026-08-31T18:23:19.050Z,separate_executor,quote_run_dispatch_probe,200,8625.46,success,,200,success
p3-ex-official-vu200,586bb6d4-303f-4d1a-b359-eee3ec46ca0f,2026-08-31T18:23:19.050Z,separate_executor,quote_run_dispatch_probe,200,8557.9,success,,200,success
p3-ex-official-vu200,6dc726b7-b55d-4cdd-9729-6788e4bdcb0f,2026-08-31T18:23:19.056Z,separate_executor,quote_run_dispatch_probe,200,9050.35,success,,200,success
p3-ex-official-vu200,036e2b8c-7752-4198-a5f3-da3a246c1a64,2026-08-31T18:23:19.056Z,separate_executor,quote_run_dispatch_probe,200,8633.74,success,,200,success
p3-ex-official-vu200,60a3d8fa-d9a3-453d-a62b-eaeb11e2a555,2026-08-31T18:23:19.057Z,separate_executor,quote_run_dispatch_probe,200,7932.89,success,,200,success
p3-ex-official-vu200,cfaae6a1-a776-4242-89a1-157d5855e44a,2026-08-31T18:23:19.057Z,separate_executor,quote_run_dispatch_probe,200,8635.73,success,,200,success
p3-ex-official-vu200,277be790-c113-4976-b82c-52fda9e1a6a9,2026-08-31T18:23:19.057Z,separate_executor,quote_run_dispatch_probe,200,8511.2,success,,200,success
p3-ex-official-vu200,028c521d-6e2a-49e9-8bd6-83935f2630a5,2026-08-31T18:23:19.074Z,separate_executor,quote_run_dispatch_probe,200,8079.52,success,,200,success
p3-ex-official-vu200,51a2399b-e813-46d3-aa8a-fb22ac251b1d,2026-08-31T18:23:19.079Z,separate_executor,quote_run_dispatch_probe,200,8341.15,success,,200,success
p3-ex-official-vu200,5fb4957d-333c-474e-b006-ba514c3eda5e,2026-08-31T18:23:19.090Z,separate_executor,quote_run_dispatch_probe,200,8006.88,success,,200,success
p3-ex-official-vu200,2345688c-7637-4f9b-84f3-6b1fdf3711e6,2026-08-31T18:23:19.091Z,separate_executor,quote_run_dispatch_probe,200,8002.72,success,,200,success
p3-ex-official-vu200,6699324c-70c7-4bad-978d-d953d047f5fd,2026-08-31T18:23:19.118Z,separate_executor,quote_run_dispatch_probe,200,8010.45,success,,200,success
p3-ex-official-vu200,60a78c1e-2dfd-4d97-9ce6-4b8710c99897,2026-08-31T18:23:19.354Z,separate_executor,quote_run_dispatch_probe,200,8646.5,success,,200,success
p3-ex-official-vu200,511a6bd9-7bc0-4416-bb32-b39f9f43b850,2026-08-31T18:23:19.354Z,separate_executor,quote_run_dispatch_probe,200,8239.54,success,,200,success
p3-ex-official-vu200,2234f13d-f612-47ba-90fe-e42a603c54e6,2026-08-31T18:23:19.355Z,separate_executor,quote_run_dispatch_probe,200,8399.37,success,,200,success
p3-ex-official-vu200,1fba14bb-17c4-49e8-8091-7a7a3892080d,2026-08-31T18:23:19.356Z,separate_executor,quote_run_dispatch_probe,200,8291.74,success,,200,success
p3-ex-official-vu200,12482c01-085a-425b-aa04-5e14ddc1d4c1,2026-08-31T18:23:19.356Z,separate_executor,quote_run_dispatch_probe,200,8586.55,success,,200,success
p3-ex-official-vu200,9f6c2aab-9422-4099-8a2b-58500cdf9665,2026-08-31T18:23:19.357Z,separate_executor,quote_run_dispatch_probe,200,7951.96,success,,200,success
p3-ex-official-vu200,a7979d9c-7ead-49ac-a179-b8842561e149,2026-08-31T18:23:19.357Z,separate_executor,quote_run_dispatch_probe,200,8271.07,success,,200,success
p3-ex-official-vu200,c4de0d55-b25b-4147-86e7-200b416ec2a4,2026-08-31T18:23:19.464Z,separate_executor,quote_run_dispatch_probe,200,8499.18,success,,200,success
p3-ex-official-vu200,754c7f46-fd84-4211-8300-70e879bf7fde,2026-08-31T18:23:19.465Z,separate_executor,quote_run_dispatch_probe,200,8675.71,success,,200,success
p3-ex-official-vu200,32825e7c-8b17-4aa7-9557-1d9b1d1657e8,2026-08-31T18:23:19.465Z,separate_executor,quote_run_dispatch_probe,200,8437.95,success,,200,success
p3-ex-official-vu200,f5083305-2b4f-4458-92f2-3f7dfa9477c0,2026-08-31T18:23:19.669Z,separate_executor,quote_run_dispatch_probe,200,8543.8,success,,200,success
p3-ex-official-vu200,9c27bc91-bc2d-47df-b99d-fed753064a09,2026-08-31T18:23:19.674Z,separate_executor,quote_run_dispatch_probe,200,8720.91,success,,200,success
p3-ex-official-vu200,1a7a05f9-72a2-48e7-af7e-d130f16ccf0f,2026-08-31T18:23:20.023Z,separate_executor,quote_run_dispatch_probe,200,8926.73,success,,200,success
p3-ex-official-vu200,b391c567-2150-44f2-a90a-bbeb55d744da,2026-08-31T18:23:20.731Z,separate_executor,quote_run_dispatch_probe,200,9217.72,success,,200,success
p3-ex-official-vu200,4dfaadc0-ab5b-4fc0-ac25-7e7ffa40d098,2026-08-31T18:23:20.731Z,separate_executor,quote_run_dispatch_probe,200,9174.23,success,,200,success
p3-ex-official-vu200,7c8c6efc-398b-4fa8-b705-db50862755e0,2026-08-31T18:23:20.746Z,separate_executor,quote_run_dispatch_probe,200,9190.18,success,,200,success
p3-ex-official-vu200,30ad7e01-7ef8-4b2d-9e3b-c3daf0e43c5e,2026-08-31T18:23:20.774Z,separate_executor,quote_run_dispatch_probe,200,9200.7,success,,200,success
p3-ex-official-vu200,5c82aef9-0cca-41f5-af07-4b64cb2a6bb5,2026-08-31T18:23:20.788Z,separate_executor,quote_run_dispatch_probe,200,9634.21,success,,200,success
p3-ex-official-vu200,0e78208f-16ef-4268-a07c-d595e253aeb4,2026-08-31T18:23:20.788Z,separate_executor,quote_run_dispatch_probe,200,9154.5,success,,200,success
p3-ex-official-vu200,f5e45286-94d1-4c60-95e4-ec04a12c01aa,2026-08-31T18:23:20.789Z,separate_executor,quote_run_dispatch_probe,200,9125.02,success,,200,success
p3-ex-official-vu200,5ea1ffff-98c5-46f1-a87a-7e9ce4072639,2026-08-31T18:23:20.789Z,separate_executor,quote_run_dispatch_probe,200,8766.74,success,,200,success
p3-ex-official-vu200,bce82f36-d51c-46ae-89ea-952e23525915,2026-08-31T18:23:20.789Z,separate_executor,quote_run_dispatch_probe,200,8668.89,success,,200,success
p3-ex-official-vu200,769a7188-4d3c-426d-9b98-c9fa725a4dc8,2026-08-31T18:23:20.790Z,separate_executor,quote_run_dispatch_probe,200,8879.84,success,,200,success
p3-ex-official-vu200,347bb1c1-5359-4488-8842-5eb35f822873,2026-08-31T18:23:20.860Z,separate_executor,quote_run_dispatch_probe,200,8853.01,success,,200,success
p3-ex-official-vu200,536a29cc-5ac7-4245-a476-ea57cbf4674e,2026-08-31T18:23:21.717Z,separate_executor,quote_run_dispatch_probe,200,9482.79,success,,200,success
p3-ex-official-vu200,eb9a3325-707c-4f48-ba39-e6ab3c27ee8c,2026-08-31T18:23:24.083Z,separate_executor,quote_run_dispatch_probe,200,12864.78,success,,200,success
p3-ex-official-vu200,b5e80e83-c30a-450c-9a47-0b401336de29,2026-08-31T18:23:24.083Z,separate_executor,quote_run_dispatch_probe,200,13169.65,success,,200,success
p3-ex-official-vu200,ce48043a-d14b-4fa7-bceb-9896d14a830f,2026-08-31T18:23:24.118Z,separate_executor,quote_run_dispatch_probe,200,13181.95,success,,200,success
p3-ex-official-vu200,efcf8679-bb6f-4974-8437-592560c68bb3,2026-08-31T18:23:24.118Z,separate_executor,quote_run_dispatch_probe,200,12892.87,success,,200,success
p3-ex-official-vu200,396ca5ad-e522-4e66-aa43-36709542af92,2026-08-31T18:23:24.121Z,separate_executor,quote_run_dispatch_probe,200,13054.2,success,,200,success
p3-ex-official-vu200,4e9a5778-3edb-4997-8643-c38dd50b2aa5,2026-08-31T18:23:24.129Z,separate_executor,quote_run_dispatch_probe,200,13347.2,success,,200,success
p3-ex-official-vu200,124ab290-439d-450c-b988-1e0fac5b3ab1,2026-08-31T18:23:24.131Z,separate_executor,quote_run_dispatch_probe,200,12710.47,success,,200,success
p3-ex-official-vu200,2b257d9b-da7b-4760-b8be-6ac6a136a4c8,2026-08-31T18:23:24.137Z,separate_executor,quote_run_dispatch_probe,200,12966.73,success,,200,success
p3-ex-official-vu200,92ab4a11-1a32-4102-a145-3876b5b81685,2026-08-31T18:23:24.137Z,separate_executor,quote_run_dispatch_probe,200,13080.42,success,,200,success
p3-ex-official-vu200,f6a5da94-85c4-4dcf-9eb2-b64a8eb3e351,2026-08-31T18:23:24.137Z,separate_executor,quote_run_dispatch_probe,200,13107.18,success,,200,success
p3-ex-official-vu200,c17855a4-53bf-4764-85e1-65fca958a83e,2026-08-31T18:23:24.138Z,separate_executor,quote_run_dispatch_probe,200,13330.89,success,,200,success
p3-ex-official-vu200,9eede3a9-6815-42ec-b0f8-98bb2fcbf195,2026-08-31T18:23:24.141Z,separate_executor,quote_run_dispatch_probe,200,13455.31,success,,200,success
p3-ex-official-vu200,dc325a19-c743-4f7f-aa38-a13f98bf3782,2026-08-31T18:23:24.147Z,separate_executor,quote_run_dispatch_probe,200,13346.93,success,,200,success
p3-ex-official-vu200,eec29ad9-850f-4c6c-bd82-9b5d543ab7e8,2026-08-31T18:23:24.148Z,separate_executor,quote_run_dispatch_probe,200,13430.51,success,,200,success
p3-ex-official-vu200,d81994eb-0e0c-4b60-a8a5-f0a0a227f8d3,2026-08-31T18:23:24.148Z,separate_executor,quote_run_dispatch_probe,200,13486.86,success,,200,success
p3-ex-official-vu200,bd84c837-b41a-48e0-9281-0179726849ce,2026-08-31T18:23:24.148Z,separate_executor,quote_run_dispatch_probe,200,13412.14,success,,200,success
p3-ex-official-vu200,9e05d47b-1e1a-42a3-a453-b737715b118d,2026-08-31T18:23:24.152Z,separate_executor,quote_run_dispatch_probe,200,13479.61,success,,200,success
p3-ex-official-vu200,de6d5992-3df8-46fd-b2b1-f11ccf62b8ed,2026-08-31T18:23:24.153Z,separate_executor,quote_run_dispatch_probe,200,13386.53,success,,200,success
p3-ex-official-vu200,8d26bdce-3953-4db0-b8e4-28604aef9f4b,2026-08-31T18:23:24.155Z,separate_executor,quote_run_dispatch_probe,200,13240.16,success,,200,success
p3-ex-official-vu200,fe11ab84-660b-4770-a4a6-b054593f5d14,2026-08-31T18:23:24.157Z,separate_executor,quote_run_dispatch_probe,200,13038.3,success,,200,success
p3-ex-official-vu200,f5fb76bb-4f79-40a5-a79b-65a4fcd0974f,2026-08-31T18:23:24.158Z,separate_executor,quote_run_dispatch_probe,200,13377.87,success,,200,success
p3-ex-official-vu200,ba33e8b4-fc2a-4c9c-b261-15c1326e51dd,2026-08-31T18:23:24.159Z,separate_executor,quote_run_dispatch_probe,200,13191.88,success,,200,success
p3-ex-official-vu200,86228c14-291f-4cdc-aed9-222d258dd05e,2026-08-31T18:23:24.159Z,separate_executor,quote_run_dispatch_probe,200,12661.18,success,,200,success
p3-ex-official-vu200,d12b1012-d0b5-4d66-b04c-bd9e75c2f961,2026-08-31T18:23:24.160Z,separate_executor,quote_run_dispatch_probe,200,13210.21,success,,200,success
p3-ex-official-vu200,dbfe7c0a-738f-4e31-b1b6-cde4907ccab0,2026-08-31T18:23:24.166Z,separate_executor,quote_run_dispatch_probe,200,13391.62,success,,200,success
p3-ex-official-vu200,88ea518c-381b-4bd8-a97c-5d554ae03146,2026-08-31T18:23:24.172Z,separate_executor,quote_run_dispatch_probe,200,12856.04,success,,200,success
p3-ex-official-vu200,34072d69-e203-4df9-a2c6-22927f32b76d,2026-08-31T18:23:24.173Z,separate_executor,quote_run_dispatch_probe,200,13098.72,success,,200,success
p3-ex-official-vu200,915635fe-e3c2-4eb7-b0dd-58e7e2001375,2026-08-31T18:23:24.202Z,separate_executor,quote_run_dispatch_probe,200,12955.44,success,,200,success
p3-ex-official-vu200,743aaf90-76b1-498b-a8f3-81ff606b8b02,2026-08-31T18:23:24.205Z,separate_executor,quote_run_dispatch_probe,200,13091.16,success,,200,success
p3-ex-official-vu200,eeabac9b-df6f-42da-a52e-424fdcc821eb,2026-08-31T18:23:24.266Z,separate_executor,quote_run_dispatch_probe,200,12982.59,success,,200,success
p3-ex-official-vu200,ffccb49f-35af-4aeb-8e66-e47098aef60d,2026-08-31T18:23:24.266Z,separate_executor,quote_run_dispatch_probe,200,13017.95,success,,200,success
p3-ex-official-vu200,76fb5218-d3aa-45b6-8aa1-40ac7d4354de,2026-08-31T18:23:24.266Z,separate_executor,quote_run_dispatch_probe,200,12833.62,success,,200,success
p3-ex-official-vu200,d17aa366-79ad-4265-8da9-b51a8a6a4930,2026-08-31T18:23:24.267Z,separate_executor,quote_run_dispatch_probe,200,12994.28,success,,200,success
p3-ex-official-vu200,5a76fa4b-748f-45f0-a2d9-ebc381eaeb99,2026-08-31T18:23:24.267Z,separate_executor,quote_run_dispatch_probe,200,12996.46,success,,200,success
p3-ex-official-vu200,cf9c4e02-dd23-436c-b5b7-83c7af067d3a,2026-08-31T18:23:24.268Z,separate_executor,quote_run_dispatch_probe,200,12102.46,success,,200,success
p3-ex-official-vu200,b5092d88-7a75-4d60-8e29-ff463daab919,2026-08-31T18:23:24.268Z,separate_executor,quote_run_dispatch_probe,200,12361.51,success,,200,success
p3-ex-official-vu200,3cf7dc73-b19c-45e3-a042-ef89f4fd2ecc,2026-08-31T18:23:24.268Z,separate_executor,quote_run_dispatch_probe,200,12164.27,success,,200,success
p3-ex-official-vu200,0ddc6399-3a08-440d-86a0-22778795be2a,2026-08-31T18:23:24.268Z,separate_executor,quote_run_dispatch_probe,200,12244.33,success,,200,success
p3-ex-official-vu200,010984e0-6f9e-4d6a-9ad5-18cf3f54be39,2026-08-31T18:23:24.268Z,separate_executor,quote_run_dispatch_probe,200,12166.69,success,,200,success
p3-ex-official-vu200,e53d163d-d8ab-4bf0-917c-133c3d7c420b,2026-08-31T18:23:24.268Z,separate_executor,quote_run_dispatch_probe,200,12545.23,success,,200,success
p3-ex-official-vu200,365a8654-97f6-4c27-b1f6-ef4afe71d302,2026-08-31T18:23:24.268Z,separate_executor,quote_run_dispatch_probe,200,11950.45,success,,200,success
p3-ex-official-vu200,a647387a-602a-43f9-8ab0-97c81a7e41a2,2026-08-31T18:23:24.268Z,separate_executor,quote_run_dispatch_probe,200,12844.62,success,,200,success
p3-ex-official-vu200,06566432-bab9-4b3a-a739-c111ca9bfd53,2026-08-31T18:23:24.268Z,separate_executor,quote_run_dispatch_probe,200,12608.73,success,,200,success
p3-ex-official-vu200,58a18333-529c-44ae-b450-95897b1515ad,2026-08-31T18:23:24.269Z,separate_executor,quote_run_dispatch_probe,200,12179.83,success,,200,success
p3-ex-official-vu200,412b6255-9645-413c-9dae-56eb6e8f1d67,2026-08-31T18:23:24.269Z,separate_executor,quote_run_dispatch_probe,200,12136.96,success,,200,success
p3-ex-official-vu200,e58e4c36-ee04-421d-b157-7a83b0a03e47,2026-08-31T18:23:24.269Z,separate_executor,quote_run_dispatch_probe,200,11886.52,success,,200,success
p3-ex-official-vu200,5269c588-ebd0-4f19-b436-ccd63054038a,2026-08-31T18:23:24.269Z,separate_executor,quote_run_dispatch_probe,200,11881.31,success,,200,success
p3-ex-official-vu200,062ed7ea-b7fe-46b8-b394-84624ec4009e,2026-08-31T18:23:24.269Z,separate_executor,quote_run_dispatch_probe,200,12091.26,success,,200,success
p3-ex-official-vu200,5bc963f5-78cf-4861-8398-334e065144fd,2026-08-31T18:23:24.269Z,separate_executor,quote_run_dispatch_probe,200,11929.71,success,,200,success
p3-ex-official-vu200,f016d041-ab01-45e6-97e3-78dcb732ea9c,2026-08-31T18:23:24.269Z,separate_executor,quote_run_dispatch_probe,200,11832.51,success,,200,success
p3-ex-official-vu200,484d6c0e-2968-4817-8984-654ef841db55,2026-08-31T18:23:24.269Z,separate_executor,quote_run_dispatch_probe,200,11133.54,success,,200,success
p3-ex-official-vu200,4d62cd21-e5d0-4f40-8b91-32e515767d3b,2026-08-31T18:23:24.269Z,separate_executor,quote_run_dispatch_probe,200,10133.47,success,,200,success
p3-ex-official-vu200,629f98ec-0a26-4170-a962-7ae02062c1c5,2026-08-31T18:23:24.269Z,separate_executor,quote_run_dispatch_probe,200,10764.37,success,,200,success
p3-ex-official-vu200,be81918f-2326-4f35-af48-d00f3ba20973,2026-08-31T18:23:24.271Z,separate_executor,quote_run_dispatch_probe,200,10354.7,success,,200,success
p3-ex-official-vu200,08f25927-6116-4b33-b9aa-5fa8f00e9201,2026-08-31T18:23:24.274Z,separate_executor,quote_run_dispatch_probe,200,10139.14,success,,200,success
p3-ex-official-vu200,0a11bf45-b719-46ad-915b-e1ea06fb5214,2026-08-31T18:23:24.274Z,separate_executor,quote_run_dispatch_probe,200,9416.58,success,,200,success
p3-ex-official-vu200,de073c52-f189-4da4-9f4c-22506bdc15fb,2026-08-31T18:23:24.275Z,separate_executor,quote_run_dispatch_probe,200,9500.69,success,,200,success
p3-ex-official-vu200,d429bc22-7b4f-459d-b502-42f5390507a0,2026-08-31T18:23:24.283Z,separate_executor,quote_run_dispatch_probe,200,9742.11,success,,200,success
p3-ex-official-vu200,c4a4c006-09f9-4893-b604-ccb02a09c889,2026-08-31T18:23:24.284Z,separate_executor,quote_run_dispatch_probe,200,9702.77,success,,200,success
p3-ex-official-vu200,0837928f-662e-4de8-be90-421cb85eee87,2026-08-31T18:23:24.284Z,separate_executor,quote_run_dispatch_probe,200,9495.32,success,,200,success
p3-ex-official-vu200,29c99290-deb3-4ea8-80a6-936fcdbb2e18,2026-08-31T18:23:24.284Z,separate_executor,quote_run_dispatch_probe,200,9410.1,success,,200,success
p3-ex-official-vu200,96f2a1ff-30a9-42c6-9182-1efbabb820f6,2026-08-31T18:23:24.298Z,separate_executor,quote_run_dispatch_probe,200,9739.59,success,,200,success
p3-ex-official-vu200,eeaebe1e-a7f0-4c2d-84a3-74070613cf58,2026-08-31T18:23:24.301Z,separate_executor,quote_run_dispatch_probe,200,10167.04,success,,200,success
p3-ex-official-vu200,fdadc466-9d15-4345-983b-959036a481b8,2026-08-31T18:23:24.303Z,separate_executor,quote_run_dispatch_probe,200,9478.91,success,,200,success
p3-ex-official-vu200,2db3a6f4-df68-467c-8188-95360573e2cb,2026-08-31T18:23:24.304Z,separate_executor,quote_run_dispatch_probe,200,9482.13,success,,200,success
p3-ex-official-vu200,321d3c39-addc-4430-b153-c6b04470df94,2026-08-31T18:23:24.304Z,separate_executor,quote_run_dispatch_probe,200,9514.9,success,,200,success
p3-ex-official-vu200,bebecc3b-d50d-4996-8c22-02073476e53b,2026-08-31T18:23:24.306Z,separate_executor,quote_run_dispatch_probe,200,9416.28,success,,200,success
p3-ex-official-vu200,c710dd29-023d-40e4-9687-042bd0c7d35b,2026-08-31T18:23:24.306Z,separate_executor,quote_run_dispatch_probe,200,9440.28,success,,200,success
p3-ex-official-vu200,8289dc67-810c-446f-8107-1a4df0b444f3,2026-08-31T18:23:24.307Z,separate_executor,quote_run_dispatch_probe,200,9355.11,success,,200,success
p3-ex-official-vu200,69aae9e6-4636-4075-90a5-78ec619f96cd,2026-08-31T18:23:24.871Z,separate_executor,quote_run_dispatch_probe,200,10603.49,success,,200,success
p3-ex-official-vu200,c0978dc5-9cc2-4a59-a424-b4fbf466c7f8,2026-08-31T18:23:24.897Z,separate_executor,quote_run_dispatch_probe,200,10761.29,success,,200,success
p3-ex-official-vu200,dcba227e-bedb-4bca-a926-36942b73da6d,2026-08-31T18:23:24.898Z,separate_executor,quote_run_dispatch_probe,200,10292.78,success,,200,success
p3-ex-official-vu200,111c0939-8622-4863-ba63-e9f1efb66bcf,2026-08-31T18:23:24.898Z,separate_executor,quote_run_dispatch_probe,200,10294.19,success,,200,success
p3-ex-official-vu200,813c5553-2322-4f4b-b5b9-a4c6437a8415,2026-08-31T18:23:24.919Z,separate_executor,quote_run_dispatch_probe,200,10316.13,success,,200,success
p3-ex-official-vu200,4e0a65e8-4e16-4563-aaa8-45711979acd3,2026-08-31T18:23:24.921Z,separate_executor,quote_run_dispatch_probe,200,10080.88,success,,200,success
p3-ex-official-vu200,5de3fe7b-c0e4-4c96-92d5-74cfb625f225,2026-08-31T18:23:24.921Z,separate_executor,quote_run_dispatch_probe,200,10339.24,success,,200,success
p3-ex-official-vu200,b3ec8d02-287b-4733-8ca9-64b86061cd38,2026-08-31T18:23:24.924Z,separate_executor,quote_run_dispatch_probe,200,10064.89,success,,200,success
p3-ex-official-vu200,00004311-67e1-4912-99af-d4c15c40fa80,2026-08-31T18:23:24.924Z,separate_executor,quote_run_dispatch_probe,200,9824.42,success,,200,success
p3-ex-official-vu200,7c4b1d39-3fc4-4782-b5b4-cdfa6e467c64,2026-08-31T18:23:24.931Z,separate_executor,quote_run_dispatch_probe,200,10049.87,success,,200,success
p3-ex-official-vu200,3f2220b3-f781-4224-8492-4cc41cb9b0aa,2026-08-31T18:23:24.933Z,separate_executor,quote_run_dispatch_probe,200,10059.75,success,,200,success
p3-ex-official-vu200,2f775ef3-7a46-4293-ac88-afc05caa794a,2026-08-31T18:23:24.933Z,separate_executor,quote_run_dispatch_probe,200,10066.62,success,,200,success
p3-ex-official-vu200,677acc78-ec5d-47f8-8d20-b5b71c3f2a89,2026-08-31T18:23:24.934Z,separate_executor,quote_run_dispatch_probe,200,10043.16,success,,200,success
p3-ex-official-vu200,da868b91-4595-4414-a91d-a41c8842f42b,2026-08-31T18:23:24.934Z,separate_executor,quote_run_dispatch_probe,200,9449.48,success,,200,success
p3-ex-official-vu200,6a655af5-def7-4af7-8a41-acd716a7100b,2026-08-31T18:23:24.934Z,separate_executor,quote_run_dispatch_probe,200,9699.52,success,,200,success
p3-ex-official-vu200,f561d0ad-ac0a-457a-ade1-1837f52686be,2026-08-31T18:23:24.938Z,separate_executor,quote_run_dispatch_probe,200,9704.55,success,,200,success
p3-ex-official-vu200,7e604236-f7a7-4973-b3e9-ac3731f29906,2026-08-31T18:23:24.939Z,separate_executor,quote_run_dispatch_probe,200,9838.42,success,,200,success
p3-ex-official-vu200,ae818681-46ed-4c22-aedf-97aef894f6fe,2026-08-31T18:23:24.941Z,separate_executor,quote_run_dispatch_probe,200,9570.38,success,,200,success
p3-ex-official-vu200,9728c17c-372d-453a-81dc-3851c043a5f3,2026-08-31T18:23:24.946Z,separate_executor,quote_run_dispatch_probe,200,9711.89,success,,200,success
p3-ex-official-vu200,470cfc07-914a-42ee-98f4-f58298474cc4,2026-08-31T18:23:24.947Z,separate_executor,quote_run_dispatch_probe,200,9464.62,success,,200,success
p3-ex-official-vu200,3b51a1d1-e490-4743-af53-8f8f3353c095,2026-08-31T18:23:24.947Z,separate_executor,quote_run_dispatch_probe,200,9464.32,success,,200,success
p3-ex-official-vu200,a9e53a0b-8c28-4e7e-aa7a-908679a46a3b,2026-08-31T18:23:24.948Z,separate_executor,quote_run_dispatch_probe,200,9231.76,success,,200,success
p3-ex-official-vu200,76f7d7f7-27f0-46ec-b081-fef5a9ec8f6b,2026-08-31T18:23:24.950Z,separate_executor,quote_run_dispatch_probe,200,9216.2,success,,200,success
p3-ex-official-vu200,2bffc703-c22d-487f-8d6c-7831d2aa7dec,2026-08-31T18:23:24.952Z,separate_executor,quote_run_dispatch_probe,200,9251.72,success,,200,success
p3-ex-official-vu200,a1904066-f870-4998-97df-47a4178771a2,2026-08-31T18:23:24.956Z,separate_executor,quote_run_dispatch_probe,200,8519.26,success,,200,success
p3-ex-official-vu200,11b33731-02b0-43b9-831b-2f9c3941b7ef,2026-08-31T18:23:24.958Z,separate_executor,quote_run_dispatch_probe,200,8521.02,success,,200,success
p3-ex-official-vu200,4e3fa2b6-02b6-4501-94c0-150e50fbcaee,2026-08-31T18:23:24.964Z,separate_executor,quote_run_dispatch_probe,200,8527.01,success,,200,success
p3-ex-official-vu200,256ee4f2-f09c-44a8-94e6-86aa36022a2f,2026-08-31T18:23:24.965Z,separate_executor,quote_run_dispatch_probe,200,8527.93,success,,200,success
p3-ex-official-vu200,e919fdd5-5800-4c36-9def-64d3452f71b4,2026-08-31T18:23:24.966Z,separate_executor,quote_run_dispatch_probe,200,8533.98,success,,200,success
p3-ex-official-vu200,6905bf8c-3fd1-4d37-9284-7b36117416d0,2026-08-31T18:23:24.968Z,separate_executor,quote_run_dispatch_probe,200,7402.54,success,,200,success
p3-ex-official-vu200,7e7c8013-6500-4331-a464-ccc7d84a9792,2026-08-31T18:23:24.969Z,separate_executor,quote_run_dispatch_probe,200,7382.23,success,,200,success
p3-ex-official-vu200,e70e0173-7266-4bf6-a8d6-65bd690e322a,2026-08-31T18:23:24.969Z,separate_executor,quote_run_dispatch_probe,200,7383.12,success,,200,success
p3-ex-official-vu200,ee223852-0348-434b-98cd-26305da2ebc6,2026-08-31T18:23:24.969Z,separate_executor,quote_run_dispatch_probe,200,7401.97,success,,200,success
p3-ex-official-vu200,addd773d-724a-4b14-b16c-9117f5f276fc,2026-08-31T18:23:24.970Z,separate_executor,quote_run_dispatch_probe,200,7384.13,success,,200,success
p3-ex-official-vu200,bdb59a9e-bf79-4b73-87cc-040bf36c1515,2026-08-31T18:23:24.970Z,separate_executor,quote_run_dispatch_probe,200,8520.46,success,,200,success
p3-ex-official-vu200,f2707a17-2771-4c48-bd5e-7807ae8f7f6d,2026-08-31T18:23:24.970Z,separate_executor,quote_run_dispatch_probe,200,8801.08,success,,200,success
p3-ex-official-vu200,4003541a-82eb-4546-b396-cdd17aa211d7,2026-08-31T18:23:24.971Z,separate_executor,quote_run_dispatch_probe,200,7384.5,success,,200,success
p3-ex-official-vu200,0395af46-27c0-48c8-b069-a65890f75901,2026-08-31T18:23:24.971Z,separate_executor,quote_run_dispatch_probe,200,7404.83,success,,200,success
p3-ex-official-vu200,3a0775d2-9baf-4243-a3c0-3ac78c7bbdd2,2026-08-31T18:23:24.971Z,separate_executor,quote_run_dispatch_probe,200,7384.57,success,,200,success
p3-ex-official-vu200,1909df0a-c655-4b63-bce8-db26a5b9c3be,2026-08-31T18:23:24.972Z,separate_executor,quote_run_dispatch_probe,200,7052.32,success,,200,success
p3-ex-official-vu200,7c4b5cd4-8823-43d2-b68d-10c8e16b4352,2026-08-31T18:23:24.972Z,separate_executor,quote_run_dispatch_probe,200,7405.1,success,,200,success
p3-ex-official-vu200,28f01f85-f4dd-4ee3-a546-95af35499d9e,2026-08-31T18:23:24.973Z,separate_executor,quote_run_dispatch_probe,200,7405.71,success,,200,success
p3-ex-official-vu200,df310b24-8417-4240-8823-f0f0e4415339,2026-08-31T18:23:24.973Z,separate_executor,quote_run_dispatch_probe,200,7386.27,success,,200,success
p3-ex-official-vu200,b3146413-17aa-47bf-a3e0-a6218dd0309c,2026-08-31T18:23:24.974Z,separate_executor,quote_run_dispatch_probe,200,7054.78,success,,200,success
p3-ex-official-vu200,3b55a28e-fcd8-4138-8ed2-72ab442b1dac,2026-08-31T18:23:24.974Z,separate_executor,quote_run_dispatch_probe,200,7054.03,success,,200,success
p3-ex-official-vu200,8b516da2-d644-435e-a0d7-f4dc2355523b,2026-08-31T18:23:24.974Z,separate_executor,quote_run_dispatch_probe,200,7056,success,,200,success
p3-ex-official-vu200,4fe58d9c-dc57-40a7-bf67-f530a170c661,2026-08-31T18:23:25.005Z,separate_executor,quote_run_dispatch_probe,200,9264.35,success,,200,success
p3-ex-official-vu200,b93c1875-cc21-4c80-91d0-439143aefd7d,2026-08-31T18:23:25.006Z,separate_executor,quote_run_dispatch_probe,200,9524.29,success,,200,success
p3-ex-official-vu200,a037cd6a-6393-421f-8568-dfd6f17de9d9,2026-08-31T18:23:25.006Z,separate_executor,quote_run_dispatch_probe,200,9522.98,success,,200,success
p3-ex-official-vu200,84994f9d-69af-4315-90bb-19323d7e22da,2026-08-31T18:23:25.021Z,separate_executor,quote_run_dispatch_probe,200,9536.47,success,,200,success
p3-ex-official-vu200,f87d8b1a-ed3d-4f99-8477-90c6180a7ecb,2026-08-31T18:23:25.037Z,separate_executor,quote_run_dispatch_probe,200,9303.69,success,,200,success
p3-ex-official-vu200,37485aba-6898-4eaf-8b48-caba0c604011,2026-08-31T18:23:25.037Z,separate_executor,quote_run_dispatch_probe,200,9553.5,success,,200,success
p3-ex-official-vu200,e71e439a-bc78-4f05-a0b4-629184ff73a9,2026-08-31T18:23:25.038Z,separate_executor,quote_run_dispatch_probe,200,9553.8,success,,200,success
p3-ex-official-vu200,ecf06dd0-3127-450b-8e0c-0fb1e7f31361,2026-08-31T18:23:25.055Z,separate_executor,quote_run_dispatch_probe,200,9572.47,success,,200,success
p3-ex-official-vu200,b6b8b67e-7a57-4ebb-956f-8c33c9fbefce,2026-08-31T18:23:25.056Z,separate_executor,quote_run_dispatch_probe,200,9059.67,success,,200,success
p3-ex-official-vu200,78df8bdc-d5fc-4cc5-830a-e53e7a9ba79d,2026-08-31T18:23:25.056Z,separate_executor,quote_run_dispatch_probe,200,9301.63,success,,200,success
p3-ex-official-vu200,0df7e7f0-59f5-46d5-a8ec-d4d2186bc621,2026-08-31T18:23:25.474Z,separate_executor,quote_run_dispatch_probe,200,9740.21,success,,200,success
p3-ex-official-vu200,ea7e9567-a406-47ee-aadf-227596c41dc6,2026-08-31T18:23:25.479Z,separate_executor,quote_run_dispatch_probe,200,9764.58,success,,200,success
p3-ex-official-vu200,cf1d53bc-715f-408f-8edb-3f8276c437ba,2026-08-31T18:23:25.480Z,separate_executor,quote_run_dispatch_probe,200,9744.96,success,,200,success
p3-ex-official-vu200,dd26258c-a06b-4d82-9add-3ebd34c935d5,2026-08-31T18:23:25.485Z,separate_executor,quote_run_dispatch_probe,200,9744.31,success,,200,success
p3-ex-official-vu200,036e3b8f-f153-4349-ba27-37626f18fb21,2026-08-31T18:23:25.489Z,separate_executor,quote_run_dispatch_probe,200,9773.75,success,,200,success
p3-ex-official-vu200,f2cfec34-b210-463d-b054-3ee358fbd960,2026-08-31T18:23:25.490Z,separate_executor,quote_run_dispatch_probe,200,9755.21,success,,200,success
p3-ex-official-vu200,a6c72e61-7389-406e-b38f-31652c91784f,2026-08-31T18:23:25.490Z,separate_executor,quote_run_dispatch_probe,200,9491.88,success,,200,success
p3-ex-official-vu200,6ccb4181-9afe-4226-9275-365cee08e876,2026-08-31T18:23:25.497Z,separate_executor,quote_run_dispatch_probe,200,10014.1,success,,200,success
p3-ex-official-vu200,b65116fb-fb7c-4e2a-8d62-6be5403ba265,2026-08-31T18:23:25.500Z,separate_executor,quote_run_dispatch_probe,200,9766.39,success,,200,success
p3-ex-official-vu200,21e6b731-e0cd-471c-8872-24e2c57c8103,2026-08-31T18:23:25.501Z,separate_executor,quote_run_dispatch_probe,200,9784.65,success,,200,success
p3-ex-official-vu200,bd4c6976-f336-42b5-be06-57863b2ddd69,2026-08-31T18:23:25.501Z,separate_executor,quote_run_dispatch_probe,200,9501.91,success,,200,success
p3-ex-official-vu200,b99fdf28-36dd-4dd2-9d64-95a6e3ce9113,2026-08-31T18:23:25.505Z,separate_executor,quote_run_dispatch_probe,200,9771,success,,200,success
p3-ex-official-vu200,b15a8dc3-5e9f-4562-bee7-a481dda060b4,2026-08-31T18:23:25.506Z,separate_executor,quote_run_dispatch_probe,200,9318.24,success,,200,success
p3-ex-official-vu200,d28de904-ac0a-4f23-acd4-e9c65d875973,2026-08-31T18:23:25.507Z,separate_executor,quote_run_dispatch_probe,200,9051.91,success,,200,success
p3-ex-official-vu200,8388ac48-61f0-4f50-83f1-41d15f4a88cb,2026-08-31T18:23:25.515Z,separate_executor,quote_run_dispatch_probe,200,9519.56,success,,200,success
p3-ex-official-vu200,8753b411-7276-4529-acaa-74fde9316fbe,2026-08-31T18:23:25.516Z,separate_executor,quote_run_dispatch_probe,200,9515.74,success,,200,success
p3-ex-official-vu200,feb60b61-5011-451f-a08f-d0bb2cea8d5f,2026-08-31T18:23:25.516Z,separate_executor,quote_run_dispatch_probe,200,9519.39,success,,200,success
p3-ex-official-vu200,643acef3-3283-429a-9f41-352879945cad,2026-08-31T18:23:25.517Z,separate_executor,quote_run_dispatch_probe,200,9293.98,success,,200,success
p3-ex-official-vu200,aa496440-2faa-46df-83b7-5c9225914fc2,2026-08-31T18:23:25.518Z,separate_executor,quote_run_dispatch_probe,200,9518.18,success,,200,success
p3-ex-official-vu200,a7178698-d243-4fda-9ac9-9752f72bb102,2026-08-31T18:23:25.518Z,separate_executor,quote_run_dispatch_probe,200,9080.08,success,,200,success
p3-ex-official-vu200,98f1bb6d-68fd-46c0-bf9b-5fea94200b18,2026-08-31T18:23:25.520Z,separate_executor,quote_run_dispatch_probe,200,9519.47,success,,200,success
p3-ex-official-vu200,8560c37f-d1a4-406e-a1d5-fa8ce40d464a,2026-08-31T18:23:25.520Z,separate_executor,quote_run_dispatch_probe,200,9350.54,success,,200,success
p3-ex-official-vu200,d591348c-be91-4612-b468-b6173a490c06,2026-08-31T18:23:25.522Z,separate_executor,quote_run_dispatch_probe,200,9522.05,success,,200,success
p3-ex-official-vu200,edf9d4f9-7318-42f5-ae97-20c1420a8d2f,2026-08-31T18:23:25.523Z,separate_executor,quote_run_dispatch_probe,200,9353.33,success,,200,success
p3-ex-official-vu200,e23d098d-8faa-4613-9cc9-01c1f6818664,2026-08-31T18:23:25.524Z,separate_executor,quote_run_dispatch_probe,200,9354.46,success,,200,success
p3-ex-official-vu200,f41a2234-dd18-45cd-bb2c-e6f271c62ec9,2026-08-31T18:23:25.532Z,separate_executor,quote_run_dispatch_probe,200,9329.31,success,,200,success
p3-ex-official-vu200,13763001-7bbd-4be8-9ef3-f2828c7c832e,2026-08-31T18:23:25.534Z,separate_executor,quote_run_dispatch_probe,200,9096.82,success,,200,success
p3-ex-official-vu200,68cff402-a4f4-4490-bc12-1500044ceccb,2026-08-31T18:23:25.536Z,separate_executor,quote_run_dispatch_probe,200,9097.85,success,,200,success
p3-ex-official-vu200,81dc6197-d8c7-44ce-ba7b-2f6db09c5a69,2026-08-31T18:23:25.536Z,separate_executor,quote_run_dispatch_probe,200,9313.18,success,,200,success
p3-ex-official-vu200,7c901377-6f77-42cb-8d2d-85ad47feb544,2026-08-31T18:23:25.538Z,separate_executor,quote_run_dispatch_probe,200,7618.07,success,,200,success
p3-ex-official-vu200,81338124-7fb9-4c9c-90e4-b783890d7fa7,2026-08-31T18:23:25.540Z,separate_executor,quote_run_dispatch_probe,200,6654.6,success,,200,success
p3-ex-official-vu200,aa06ed0a-2a9b-4cb2-bde3-812247e12dbc,2026-08-31T18:23:25.541Z,separate_executor,quote_run_dispatch_probe,200,6668.41,success,,200,success
p3-ex-official-vu200,c3708fa6-b62a-4469-bc82-07bef2e2a673,2026-08-31T18:23:25.545Z,separate_executor,quote_run_dispatch_probe,200,6659.96,success,,200,success
p3-ex-official-vu200,af7f3f74-3294-4370-bb0a-a0882dde28a5,2026-08-31T18:23:25.571Z,separate_executor,quote_run_dispatch_probe,200,6700.41,success,,200,success
p3-ex-official-vu200,9d6e7fa5-064d-4924-b471-f917a5749fe9,2026-08-31T18:23:25.632Z,separate_executor,quote_run_dispatch_probe,200,6574.95,success,,200,success
p3-ex-official-vu200,c7d90181-0504-4762-a441-976b8adbb8ae,2026-08-31T18:23:25.669Z,separate_executor,quote_run_dispatch_probe,200,6797.56,success,,200,success
p3-ex-official-vu200,b68aba35-5718-4059-88ae-dc58db395007,2026-08-31T18:23:25.749Z,separate_executor,quote_run_dispatch_probe,200,6658.28,success,,200,success
p3-ex-official-vu200,6e6aface-b634-4996-87ee-c491b8f29a3e,2026-08-31T18:23:25.750Z,separate_executor,quote_run_dispatch_probe,200,6676.21,success,,200,success
p3-ex-official-vu200,32bc166e-9d3e-4966-9624-12327ae2d589,2026-08-31T18:23:25.751Z,separate_executor,quote_run_dispatch_probe,200,6865.55,success,,200,success
p3-ex-official-vu200,6aa17bd8-8ee5-4b87-8110-d4064af0a5c6,2026-08-31T18:23:25.751Z,separate_executor,quote_run_dispatch_probe,200,6702.75,success,,200,success
p3-ex-official-vu200,fedb72f3-5c98-4515-8d47-d28d3b816833,2026-08-31T18:23:25.752Z,separate_executor,quote_run_dispatch_probe,200,6702.15,success,,200,success
p3-ex-official-vu200,30a0831a-0e50-4f8f-8e0b-e503bc056b36,2026-08-31T18:23:25.785Z,separate_executor,quote_run_dispatch_probe,200,6728.8,success,,200,success
p3-ex-official-vu200,1df325d1-01f2-4fe5-80d6-846189c671fa,2026-08-31T18:23:25.790Z,separate_executor,quote_run_dispatch_probe,200,6699.78,success,,200,success
p3-ex-official-vu200,d57adc78-2f97-4d68-aa60-8d0feb240a5e,2026-08-31T18:23:25.798Z,separate_executor,quote_run_dispatch_probe,200,6440.9,success,,200,success
p3-ex-official-vu200,d854cb4f-c23d-4d89-b541-24c2fb016326,2026-08-31T18:23:25.803Z,separate_executor,quote_run_dispatch_probe,200,6337.83,success,,200,success
p3-ex-official-vu200,0668e3df-4e19-4d3e-8c8b-f9061b6b3a3f,2026-08-31T18:23:25.803Z,separate_executor,quote_run_dispatch_probe,200,6753.07,success,,200,success
p3-ex-official-vu200,dc99be40-4e53-4376-8e65-30ecbcf48c2b,2026-08-31T18:23:25.806Z,separate_executor,quote_run_dispatch_probe,200,6756.63,success,,200,success
p3-ex-official-vu200,9da3dc7b-11cd-4d33-85c1-59b7ad5ccf02,2026-08-31T18:23:25.806Z,separate_executor,quote_run_dispatch_probe,200,6450.73,success,,200,success
p3-ex-official-vu200,cb60828a-b200-4aa5-9956-db169a706924,2026-08-31T18:23:25.815Z,separate_executor,quote_run_dispatch_probe,200,6759.18,success,,200,success
p3-ex-official-vu200,40ba2f58-5295-4a41-97bd-be42cc8a2349,2026-08-31T18:23:25.905Z,separate_executor,quote_run_dispatch_probe,200,6548.58,success,,200,success
p3-ex-official-vu200,58d34de3-14ee-4497-89ce-7c59b43b88f2,2026-08-31T18:23:25.936Z,separate_executor,quote_run_dispatch_probe,200,6261.42,success,,200,success
p3-ex-official-vu200,1c3439bc-d7a7-441f-8448-b5d58e5004b7,2026-08-31T18:23:26.093Z,separate_executor,quote_run_dispatch_probe,200,5304.41,success,,200,success
p3-ex-official-vu200,90966113-ed3a-4a46-9b09-a80bd738fb73,2026-08-31T18:23:26.150Z,separate_executor,quote_run_dispatch_probe,200,7070.93,success,,200,success
p3-ex-official-vu200,a9434ab2-6caa-47c1-bfe7-2becefa79a39,2026-08-31T18:23:26.154Z,separate_executor,quote_run_dispatch_probe,200,7096.92,success,,200,success
p3-ex-official-vu200,fb4360f3-1dae-4749-adcc-de9b4245b1f1,2026-08-31T18:23:26.157Z,separate_executor,quote_run_dispatch_probe,200,6802.29,success,,200,success
p3-ex-official-vu200,4c300d3e-a755-497d-bc2b-efc339c87d72,2026-08-31T18:23:26.163Z,separate_executor,quote_run_dispatch_probe,200,7045.34,success,,200,success
p3-ex-official-vu200,07133ebe-7821-4b3a-a595-0610c2fab251,2026-08-31T18:23:26.166Z,separate_executor,quote_run_dispatch_probe,200,7109.15,success,,200,success
p3-ex-official-vu200,ae5c874e-6bd8-4b35-92b7-27d3f7c91551,2026-08-31T18:23:26.167Z,separate_executor,quote_run_dispatch_probe,200,6810.09,success,,200,success
p3-ex-official-vu200,98e03484-8cd9-4115-a492-be5d75d162a1,2026-08-31T18:23:26.168Z,separate_executor,quote_run_dispatch_probe,200,6814.68,success,,200,success
p3-ex-official-vu200,da74db06-9f0e-48f6-9865-960464955073,2026-08-31T18:23:26.170Z,separate_executor,quote_run_dispatch_probe,200,6815.02,success,,200,success
p3-ex-official-vu200,543e88a9-9a37-40d6-aaf2-7552c75caf6c,2026-08-31T18:23:26.171Z,separate_executor,quote_run_dispatch_probe,200,6705.84,success,,200,success
p3-ex-official-vu200,1395aa4b-e30f-4466-8d1f-7580a39b0d87,2026-08-31T18:23:26.172Z,separate_executor,quote_run_dispatch_probe,200,6708.32,success,,200,success
p3-ex-official-vu200,8b5cddf2-77fd-4e85-845f-fcdece513ce7,2026-08-31T18:23:26.174Z,separate_executor,quote_run_dispatch_probe,200,6504.91,success,,200,success
p3-ex-official-vu200,32ff2188-a688-4c4d-b29c-ad1f0cb82d55,2026-08-31T18:23:26.177Z,separate_executor,quote_run_dispatch_probe,200,6153.64,success,,200,success
p3-ex-official-vu200,ff17c929-af06-4d2b-ba96-711e286c3c79,2026-08-31T18:23:26.180Z,separate_executor,quote_run_dispatch_probe,200,5449.48,success,,200,success
p3-ex-official-vu200,8630ec0b-e6a3-4d10-a990-960030045534,2026-08-31T18:23:26.182Z,separate_executor,quote_run_dispatch_probe,200,5451.09,success,,200,success
p3-ex-official-vu200,f0fd24b1-7f93-410d-a06d-dd05c9cc6f41,2026-08-31T18:23:26.183Z,separate_executor,quote_run_dispatch_probe,200,5395.07,success,,200,success
p3-ex-official-vu200,12fbfe2e-0f19-4417-b1ad-47e00cd73cf2,2026-08-31T18:23:26.184Z,separate_executor,quote_run_dispatch_probe,200,5410.15,success,,200,success
p3-ex-official-vu200,aa1fe315-0179-4335-bffc-6439c0fa043f,2026-08-31T18:23:26.185Z,separate_executor,quote_run_dispatch_probe,200,5395.63,success,,200,success
p3-ex-official-vu200,0f5d964f-32e2-4982-9e24-8e4e393b4c33,2026-08-31T18:23:26.186Z,separate_executor,quote_run_dispatch_probe,200,5439.98,success,,200,success
p3-ex-official-vu200,1ed6fbf4-6602-41d3-af08-39b4c46979e4,2026-08-31T18:23:26.187Z,separate_executor,quote_run_dispatch_probe,200,5398.9,success,,200,success
p3-ex-official-vu200,5263fe3c-4ad3-4e81-add5-00b1ac3404da,2026-08-31T18:23:26.188Z,separate_executor,quote_run_dispatch_probe,200,5329.32,success,,200,success
p3-ex-official-vu200,b044a720-54dc-4ddb-9129-5c90d1bc1c89,2026-08-31T18:23:26.189Z,separate_executor,quote_run_dispatch_probe,200,5399.87,success,,200,success
p3-ex-official-vu200,975b1924-1a71-451f-8dec-92ca192395bc,2026-08-31T18:23:26.190Z,separate_executor,quote_run_dispatch_probe,200,5329.96,success,,200,success
p3-ex-official-vu200,a7c8bc82-310a-4ef1-8baa-b88f4cc9d949,2026-08-31T18:23:26.191Z,separate_executor,quote_run_dispatch_probe,200,4473.2,success,,200,success
p3-ex-official-vu200,1543d0fd-d41e-4c75-af62-b2ac12ca350c,2026-08-31T18:23:26.421Z,separate_executor,quote_run_dispatch_probe,200,2268.18,success,,200,success
p3-ex-official-vu200,f375b9d4-d991-4f6f-bcaf-8d2505dbd8b3,2026-08-31T18:23:26.421Z,separate_executor,quote_run_dispatch_probe,200,2292.03,success,,200,success
p3-ex-official-vu200,6e868384-d8e0-4f6f-843f-1dd705e8d307,2026-08-31T18:23:26.422Z,separate_executor,quote_run_dispatch_probe,200,2255.68,success,,200,success
p3-ex-official-vu200,f3bc1191-9f95-46a6-84a9-2ee4e80ef5b3,2026-08-31T18:23:26.422Z,separate_executor,quote_run_dispatch_probe,200,2284.42,success,,200,success
p3-ex-official-vu200,05cc94f1-4257-4d50-9712-4e27aee931b4,2026-08-31T18:23:26.423Z,separate_executor,quote_run_dispatch_probe,200,2264.55,success,,200,success
p3-ex-official-vu200,9538e04e-e302-4c8b-a232-c1480a7751bc,2026-08-31T18:23:26.423Z,separate_executor,quote_run_dispatch_probe,200,2339.95,success,,200,success
p3-ex-official-vu200,707ae876-1545-413b-92ff-01c1c338447e,2026-08-31T18:23:26.424Z,separate_executor,quote_run_dispatch_probe,200,2266.94,success,,200,success
p3-ex-official-vu200,f9825c71-e731-42b2-a1ad-a118f7f4a330,2026-08-31T18:23:26.427Z,separate_executor,quote_run_dispatch_probe,200,2279.85,success,,200,success
p3-ex-official-vu200,92dad7ec-234f-411b-b103-672f0d7dd762,2026-08-31T18:23:26.431Z,separate_executor,quote_run_dispatch_probe,200,2310.05,success,,200,success
p3-ex-official-vu200,fc9092a0-cefa-48d0-ae5d-e57c6416301c,2026-08-31T18:23:26.431Z,separate_executor,quote_run_dispatch_probe,200,2293.8,success,,200,success
p3-ex-official-vu200,8b91d987-21bb-4ca7-83e5-eaa0d015d40a,2026-08-31T18:23:26.432Z,separate_executor,quote_run_dispatch_probe,200,2348.92,success,,200,success
p3-ex-official-vu200,8662a884-f8fe-4dfe-a018-a4ae295355a0,2026-08-31T18:23:26.432Z,separate_executor,quote_run_dispatch_probe,200,2313.8,success,,200,success
p3-ex-official-vu200,fa1ae9c3-128b-4482-9b83-f3efe3a8bd30,2026-08-31T18:23:26.433Z,separate_executor,quote_run_dispatch_probe,200,2295.92,success,,200,success
p3-ex-official-vu200,7482815c-f267-4372-ad56-95ac160e52da,2026-08-31T18:23:26.436Z,separate_executor,quote_run_dispatch_probe,200,2277.09,success,,200,success
p3-ex-official-vu200,ed20fedf-528e-404a-b4f1-2e8260c09def,2026-08-31T18:23:26.437Z,separate_executor,quote_run_dispatch_probe,200,2299.69,success,,200,success
p3-ex-official-vu200,54c7048b-046d-47ef-826e-dafb51d056ec,2026-08-31T18:23:26.437Z,separate_executor,quote_run_dispatch_probe,200,2276.93,success,,200,success
p3-ex-official-vu200,bdcea8c7-5f29-4bca-888c-761d2fb1a654,2026-08-31T18:23:26.438Z,separate_executor,quote_run_dispatch_probe,200,2290.24,success,,200,success
p3-ex-official-vu200,6100d63e-3ba2-4ba2-a6c3-fa411244e4c1,2026-08-31T18:23:26.438Z,separate_executor,quote_run_dispatch_probe,200,2233.07,success,,200,success
p3-ex-official-vu200,9fbfa6ae-f659-41f0-8ccc-ae358f45122b,2026-08-31T18:23:26.439Z,separate_executor,quote_run_dispatch_probe,200,2279.34,success,,200,success
p3-ex-official-vu200,9d87ceed-dbb1-4bed-8fe2-386d0892674a,2026-08-31T18:23:26.439Z,separate_executor,quote_run_dispatch_probe,200,2291.08,success,,200,success
p3-ex-official-vu200,aa61f28f-f4b0-4cad-adb4-ffe33adbfc6b,2026-08-31T18:23:26.439Z,separate_executor,quote_run_dispatch_probe,200,2284.39,success,,200,success
p3-ex-official-vu200,4392e02c-24c5-47ef-b22e-07cf23c879dc,2026-08-31T18:23:26.440Z,separate_executor,quote_run_dispatch_probe,200,2156.47,success,,200,success
p3-ex-official-vu200,ce2965b7-2c66-46af-95a7-99e2332f5151,2026-08-31T18:23:26.440Z,separate_executor,quote_run_dispatch_probe,200,2288.13,success,,200,success
p3-ex-official-vu200,676ef76e-9bad-4ed4-a9ec-edfa57974785,2026-08-31T18:23:26.442Z,separate_executor,quote_run_dispatch_probe,200,2324.26,success,,200,success
p3-ex-official-vu200,e0644bb9-351b-4130-843a-d3c7c0205191,2026-08-31T18:23:26.446Z,separate_executor,quote_run_dispatch_probe,200,2314.88,success,,200,success
p3-ex-official-vu200,980c17af-4304-4911-aa21-007afd887761,2026-08-31T18:23:26.472Z,separate_executor,quote_run_dispatch_probe,200,2324.09,success,,200,success
p3-ex-official-vu200,b6c32bf7-f246-43e4-a2dc-7c1611bbdb9f,2026-08-31T18:23:27.273Z,separate_executor,quote_run_dispatch_probe,200,3100.42,success,,200,success
p3-ex-official-vu200,9c7d3a27-0e1e-4b2c-b2bb-21c627d29ed0,2026-08-31T18:23:27.287Z,separate_executor,quote_run_dispatch_probe,200,3084.96,success,,200,success
p3-ex-official-vu200,712b693b-6dc2-42b5-a707-170e795368ee,2026-08-31T18:23:27.290Z,separate_executor,quote_run_dispatch_probe,200,3005.92,success,,200,success
p3-ex-official-vu200,b37f02e6-03c2-4c9a-ba1b-6bfe2719251f,2026-08-31T18:23:27.290Z,separate_executor,quote_run_dispatch_probe,200,3118.3,success,,200,success
p3-ex-official-vu200,f405b421-0043-406a-9901-30000b631911,2026-08-31T18:23:27.302Z,separate_executor,quote_run_dispatch_probe,200,3033.82,success,,200,success
p3-ex-official-vu200,2040e7e0-ed02-405e-8429-ad7f41f161e7,2026-08-31T18:23:27.307Z,separate_executor,quote_run_dispatch_probe,200,3002.89,success,,200,success
p3-ex-official-vu200,f7de29f9-d453-4b4e-8fc7-ea0981ae758a,2026-08-31T18:23:27.308Z,separate_executor,quote_run_dispatch_probe,200,3024.23,success,,200,success
p3-ex-official-vu200,3b835c37-2671-4cad-944f-b9ea87554eea,2026-08-31T18:23:27.319Z,separate_executor,quote_run_dispatch_probe,200,3034.21,success,,200,success
p3-ex-official-vu200,b9c89f3a-d96d-43a4-b339-780fc090b9e3,2026-08-31T18:23:27.331Z,separate_executor,quote_run_dispatch_probe,200,3024.32,success,,200,success
p3-ex-official-vu200,7ea1bbfa-3d47-4d23-9fcd-ea73d0a6c12b,2026-08-31T18:23:27.339Z,separate_executor,quote_run_dispatch_probe,200,3040.41,success,,200,success
p3-ex-official-vu200,b95efa83-486b-497c-876e-d534e600494b,2026-08-31T18:23:27.398Z,separate_executor,quote_run_dispatch_probe,200,3091.38,success,,200,success
p3-ex-official-vu200,e28acec7-7c03-43d3-983f-9e7760f21276,2026-08-31T18:23:27.499Z,separate_executor,quote_run_dispatch_probe,200,3229.96,success,,200,success
p3-ex-official-vu200,60431a45-ded9-4c75-865b-e4d736234b46,2026-08-31T18:23:29.167Z,separate_executor,quote_run_dispatch_probe,200,4861.09,success,,200,success
p3-ex-official-vu200,5cf8d1b4-5bb8-4c08-a19a-591d183482ed,2026-08-31T18:23:29.168Z,separate_executor,quote_run_dispatch_probe,200,4221.72,success,,200,success
p3-ex-official-vu200,2f4e34da-415e-4229-a0b1-26163c8902e6,2026-08-31T18:23:29.168Z,separate_executor,quote_run_dispatch_probe,200,5027.4,success,,200,success
p3-ex-official-vu200,9c3dc7cf-d875-4c73-9864-0bf2f013dc28,2026-08-31T18:23:29.169Z,separate_executor,quote_run_dispatch_probe,200,4270.77,success,,200,success
p3-ex-official-vu200,75ae9e7d-7ef5-42c0-9d70-451147532dd4,2026-08-31T18:23:29.169Z,separate_executor,quote_run_dispatch_probe,200,4197.45,success,,200,success
p3-ex-official-vu200,a1e91807-d6f4-4829-9b31-b7939a88f54d,2026-08-31T18:23:29.169Z,separate_executor,quote_run_dispatch_probe,200,4235.44,success,,200,success
p3-ex-official-vu200,5943ffc2-6833-4204-ada9-491d4b5e294f,2026-08-31T18:23:29.170Z,separate_executor,quote_run_dispatch_probe,200,4248.44,success,,200,success
p3-ex-official-vu200,59543bd8-66f3-406c-b4a5-fc7a59062389,2026-08-31T18:23:29.170Z,separate_executor,quote_run_dispatch_probe,200,4250.87,success,,200,success
p3-ex-official-vu200,515d89cd-7c96-4548-8c8d-740a5b30a9cc,2026-08-31T18:23:29.171Z,separate_executor,quote_run_dispatch_probe,200,4274.09,success,,200,success
p3-ex-official-vu200,9721ece4-d40d-41fd-8bbd-69fc4d419932,2026-08-31T18:23:29.171Z,separate_executor,quote_run_dispatch_probe,200,4232.06,success,,200,success
p3-ex-official-vu200,29689a7c-a35d-4878-a635-f35acb2495e3,2026-08-31T18:23:29.171Z,separate_executor,quote_run_dispatch_probe,200,4240.08,success,,200,success
p3-ex-official-vu200,145664b7-f40c-4de8-8111-fd4d88b79eb4,2026-08-31T18:23:29.172Z,separate_executor,quote_run_dispatch_probe,200,4205.58,success,,200,success
p3-ex-official-vu200,3b494850-79ca-4bab-b0fb-ef4ca49de598,2026-08-31T18:23:29.173Z,separate_executor,quote_run_dispatch_probe,200,4204.12,success,,200,success
p3-ex-official-vu200,b4dc8b12-7ead-486f-890b-6525c332e28f,2026-08-31T18:23:29.173Z,separate_executor,quote_run_dispatch_probe,200,4302.08,success,,200,success
p3-ex-official-vu200,e82bbd09-de95-461d-82b4-b7c9b308db26,2026-08-31T18:23:29.173Z,separate_executor,quote_run_dispatch_probe,200,4249.29,success,,200,success
p3-ex-official-vu200,3d3cd152-a738-4a7c-a9d1-51e0a2216bc0,2026-08-31T18:23:29.174Z,separate_executor,quote_run_dispatch_probe,200,4252.84,success,,200,success
p3-ex-official-vu200,e48d977f-72e4-4790-aef8-2109798b4779,2026-08-31T18:23:29.180Z,separate_executor,quote_run_dispatch_probe,200,4208.99,success,,200,success
p3-ex-official-vu200,2ee9eff0-e437-49fd-bc86-baa503cbbd8e,2026-08-31T18:23:29.181Z,separate_executor,quote_run_dispatch_probe,200,4212.29,success,,200,success
p3-ex-official-vu200,24bb1c7b-fa8a-4da9-ae36-8e6d9fc3e092,2026-08-31T18:23:29.182Z,separate_executor,quote_run_dispatch_probe,200,4258.04,success,,200,success
p3-ex-official-vu200,bd7b0621-9bfc-4d92-9120-f057086947bf,2026-08-31T18:23:29.183Z,separate_executor,quote_run_dispatch_probe,200,4244.76,success,,200,success
p3-ex-official-vu200,aa3c89e8-a7d7-4195-b499-3bc145d0eb96,2026-08-31T18:23:29.183Z,separate_executor,quote_run_dispatch_probe,200,4248.93,success,,200,success
p3-ex-official-vu200,89d9f71e-aa86-4c95-9b22-3162a530b6d6,2026-08-31T18:23:29.184Z,separate_executor,quote_run_dispatch_probe,200,4236.32,success,,200,success
p3-ex-official-vu200,7dedea0c-4a73-413a-9c4c-5e3d830b5379,2026-08-31T18:23:29.184Z,separate_executor,quote_run_dispatch_probe,200,4250.59,success,,200,success
p3-ex-official-vu200,16ac6796-d51b-4667-9fee-d616df0d659b,2026-08-31T18:23:29.185Z,separate_executor,quote_run_dispatch_probe,200,4244.08,success,,200,success
p3-ex-official-vu200,94b4d3c1-83e4-4674-bcfd-4b3d1891e873,2026-08-31T18:23:29.186Z,separate_executor,quote_run_dispatch_probe,200,4149.28,success,,200,success
p3-ex-official-vu200,b8b5815d-9e3a-4159-9944-3d571d5f6133,2026-08-31T18:23:29.186Z,separate_executor,quote_run_dispatch_probe,200,4911.73,success,,200,success
p3-ex-official-vu200,11787d10-6ba2-4bb4-bb56-9ebc699422bc,2026-08-31T18:23:29.187Z,separate_executor,quote_run_dispatch_probe,200,4288.41,success,,200,success
p3-ex-official-vu200,72fdb167-24aa-4a3d-a769-558e73a466b0,2026-08-31T18:23:29.187Z,separate_executor,quote_run_dispatch_probe,200,4253.94,success,,200,success
p3-ex-official-vu200,02560db8-eed8-4c06-8700-b5c3e3c4c0e0,2026-08-31T18:23:29.188Z,separate_executor,quote_run_dispatch_probe,200,4167.39,success,,200,success
p3-ex-official-vu200,777312f5-9929-4728-b316-c1b65595e01e,2026-08-31T18:23:29.189Z,separate_executor,quote_run_dispatch_probe,200,3709.02,success,,200,success
p3-ex-official-vu200,e2db2d4a-5474-417d-a4d5-15569d61a829,2026-08-31T18:23:29.190Z,separate_executor,quote_run_dispatch_probe,200,4231.53,success,,200,success
p3-ex-official-vu200,60a7c7a5-8e79-4a65-8eec-c55b53785906,2026-08-31T18:23:29.190Z,separate_executor,quote_run_dispatch_probe,200,4242.57,success,,200,success
p3-ex-official-vu200,7e3c96fa-38d0-40b6-843a-38b47be13aa2,2026-08-31T18:23:29.195Z,separate_executor,quote_run_dispatch_probe,200,4231.31,success,,200,success
p3-ex-official-vu200,823ee0ca-8f58-47c9-adcb-1ae7f8eead23,2026-08-31T18:23:29.196Z,separate_executor,quote_run_dispatch_probe,200,4225.03,success,,200,success
p3-ex-official-vu200,298f1a43-f3a2-40d9-ade1-647286020eea,2026-08-31T18:23:29.198Z,separate_executor,quote_run_dispatch_probe,200,4228.17,success,,200,success
p3-ex-official-vu200,589f1afa-a7bb-42d3-85ce-01e8b0461fa0,2026-08-31T18:23:29.199Z,separate_executor,quote_run_dispatch_probe,200,4229.28,success,,200,success
p3-ex-official-vu200,68dbf4c9-7acd-485e-b4fa-dd12943d5a60,2026-08-31T18:23:29.199Z,separate_executor,quote_run_dispatch_probe,200,4161.38,success,,200,success
p3-ex-official-vu200,7e397b8f-726d-4395-86c7-e41aec6fb24a,2026-08-31T18:23:29.199Z,separate_executor,quote_run_dispatch_probe,200,4234.73,success,,200,success
p3-ex-official-vu200,ede38519-2373-4e4e-a50b-ac9950722474,2026-08-31T18:23:29.200Z,separate_executor,quote_run_dispatch_probe,200,4243.29,success,,200,success
p3-ex-official-vu200,6d549d43-cb11-4ecc-b758-0530b6dcfcc4,2026-08-31T18:23:29.200Z,separate_executor,quote_run_dispatch_probe,200,4227.96,success,,200,success
p3-ex-official-vu200,a0022041-0c34-494e-9e9c-1524b26f69d5,2026-08-31T18:23:29.200Z,separate_executor,quote_run_dispatch_probe,200,4145.11,success,,200,success
p3-ex-official-vu200,a9eeeb2b-fb73-45d6-b7a3-c955d1b76ef4,2026-08-31T18:23:29.201Z,separate_executor,quote_run_dispatch_probe,200,4230.77,success,,200,success
p3-ex-official-vu200,2391d3f5-92ba-4790-8c97-ca5061d837d6,2026-08-31T18:23:29.201Z,separate_executor,quote_run_dispatch_probe,200,4145.11,success,,200,success
p3-ex-official-vu200,51ec5c7d-8452-49d6-989e-3e43b011cf7a,2026-08-31T18:23:29.202Z,separate_executor,quote_run_dispatch_probe,200,4254.71,success,,200,success
p3-ex-official-vu200,b6569417-246f-48b4-81ff-2420f39027b7,2026-08-31T18:23:29.202Z,separate_executor,quote_run_dispatch_probe,200,4249.98,success,,200,success
p3-ex-official-vu200,4658422c-b0a7-4063-932f-56861f1b5463,2026-08-31T18:23:29.202Z,separate_executor,quote_run_dispatch_probe,200,4251.76,success,,200,success
p3-ex-official-vu200,9c9bc6b5-d4eb-4737-985b-c09a9ed17ce3,2026-08-31T18:23:29.203Z,separate_executor,quote_run_dispatch_probe,200,4230.61,success,,200,success
p3-ex-official-vu200,3d482af1-661b-4eb7-a65a-c210fb37d424,2026-08-31T18:23:29.203Z,separate_executor,quote_run_dispatch_probe,200,4230.44,success,,200,success
p3-ex-official-vu200,4e1c7b6f-506f-4f8e-ada3-8ee52ad6fda0,2026-08-31T18:23:29.203Z,separate_executor,quote_run_dispatch_probe,200,4198.16,success,,200,success
p3-ex-official-vu200,88a93b22-f83c-423b-9fcd-9ec169be34ed,2026-08-31T18:23:29.204Z,separate_executor,quote_run_dispatch_probe,200,4166.37,success,,200,success
p3-ex-official-vu200,7f195c76-d72b-4e1a-9fc6-48d86c1e8205,2026-08-31T18:23:29.204Z,separate_executor,quote_run_dispatch_probe,200,4230.45,success,,200,success
p3-ex-official-vu200,61959c34-000c-445c-a247-ef87236e6dcd,2026-08-31T18:23:29.204Z,separate_executor,quote_run_dispatch_probe,200,4230.46,success,,200,success
p3-ex-official-vu200,ef8ab30f-710d-41c3-a42a-c092aeb22d44,2026-08-31T18:23:29.204Z,separate_executor,quote_run_dispatch_probe,200,4235.15,success,,200,success
p3-ex-official-vu200,211cb952-ab6c-43f8-8394-be12904f76ea,2026-08-31T18:23:29.205Z,separate_executor,quote_run_dispatch_probe,200,4198.25,success,,200,success
p3-ex-official-vu200,843177ac-8849-408e-9c58-09c3e4cf887d,2026-08-31T18:23:29.205Z,separate_executor,quote_run_dispatch_probe,200,4235.95,success,,200,success
p3-ex-official-vu200,20db532e-b97d-4a2b-a5d8-6b1dc1b4717b,2026-08-31T18:23:29.205Z,separate_executor,quote_run_dispatch_probe,200,3684.9,success,,200,success
p3-ex-official-vu200,90a3823d-a4ff-4767-a22c-193f53a8bc5b,2026-08-31T18:23:29.206Z,separate_executor,quote_run_dispatch_probe,200,3726.52,success,,200,success
p3-ex-official-vu200,508191dc-64e5-4421-92e4-8c8aa318159f,2026-08-31T18:23:29.207Z,separate_executor,quote_run_dispatch_probe,200,3709.86,success,,200,success
p3-ex-official-vu200,a3c68e8f-acb1-444c-9b81-84da6c191c51,2026-08-31T18:23:29.207Z,separate_executor,quote_run_dispatch_probe,200,3701.05,success,,200,success
p3-ex-official-vu200,ce61c733-5c43-4935-b4df-b6e4b8c695d1,2026-08-31T18:23:29.207Z,separate_executor,quote_run_dispatch_probe,200,3683.05,success,,200,success
p3-ex-official-vu200,b9991c5a-198d-4d3a-8aa6-f7fdad9698bc,2026-08-31T18:23:29.208Z,separate_executor,quote_run_dispatch_probe,200,3733.84,success,,200,success
p3-ex-official-vu200,57284aa4-b350-4004-b723-edbdfd7bade2,2026-08-31T18:23:29.210Z,separate_executor,quote_run_dispatch_probe,200,3692.99,success,,200,success
p3-ex-official-vu200,1a80448a-17b3-4055-92e0-61768a273f84,2026-08-31T18:23:29.210Z,separate_executor,quote_run_dispatch_probe,200,3725.33,success,,200,success
p3-ex-official-vu200,58e48544-db34-4d4d-a5f0-e6beb276d50b,2026-08-31T18:23:29.214Z,separate_executor,quote_run_dispatch_probe,200,3698.72,success,,200,success
p3-ex-official-vu200,25a31442-1dfc-49f9-98b0-78b20a5e77cb,2026-08-31T18:23:29.214Z,separate_executor,quote_run_dispatch_probe,200,3707.21,success,,200,success
p3-ex-official-vu200,6015856d-f490-4f0d-a81f-ad924880e43e,2026-08-31T18:23:29.215Z,separate_executor,quote_run_dispatch_probe,200,4281.6,success,,200,success
p3-ex-official-vu200,28eeb70a-e054-469d-9632-78190f8c06ea,2026-08-31T18:23:29.215Z,separate_executor,quote_run_dispatch_probe,200,3697.43,success,,200,success
p3-ex-official-vu200,584f54fc-63b9-4aa1-a1ae-bfff55f6f434,2026-08-31T18:23:29.216Z,separate_executor,quote_run_dispatch_probe,200,3695.77,success,,200,success
p3-ex-official-vu200,07622e4f-62cf-4c02-a5ff-675c7fe3e0c4,2026-08-31T18:23:29.216Z,separate_executor,quote_run_dispatch_probe,200,3700.48,success,,200,success
p3-ex-official-vu200,d337fa7c-2101-4c9f-bac4-759a8d78282c,2026-08-31T18:23:29.216Z,separate_executor,quote_run_dispatch_probe,200,3694.14,success,,200,success
p3-ex-official-vu200,7242df74-b40a-42fd-83c1-7044707def58,2026-08-31T18:23:29.217Z,separate_executor,quote_run_dispatch_probe,200,3712.12,success,,200,success
p3-ex-official-vu200,d4276515-db00-4408-802e-baf1cb4c7ef1,2026-08-31T18:23:29.217Z,separate_executor,quote_run_dispatch_probe,200,3699.48,success,,200,success
p3-ex-official-vu200,90ffaed4-907a-4b1a-9742-6880cda495c2,2026-08-31T18:23:29.217Z,separate_executor,quote_run_dispatch_probe,200,4243.29,success,,200,success
p3-ex-official-vu200,6ebe1a53-3664-4d6e-9253-fe095afd7c0c,2026-08-31T18:23:29.217Z,separate_executor,quote_run_dispatch_probe,200,3694.75,success,,200,success
p3-ex-official-vu200,ad5b04fe-bafa-4133-82cb-67d86cf02622,2026-08-31T18:23:29.218Z,separate_executor,quote_run_dispatch_probe,200,3717.15,success,,200,success
p3-ex-official-vu200,4d06451f-0a5f-4548-a56b-6f4f7e53b7aa,2026-08-31T18:23:29.218Z,separate_executor,quote_run_dispatch_probe,200,3701.75,success,,200,success
p3-ex-official-vu200,bafd2159-49ec-479d-a73e-ba5132a71ce5,2026-08-31T18:23:29.315Z,separate_executor,quote_run_dispatch_probe,200,2891.52,success,,200,success
p3-ex-official-vu200,9a6c989f-9284-4c07-a861-38f99f9176a8,2026-08-31T18:23:29.439Z,separate_executor,quote_run_dispatch_probe,200,3006.43,success,,200,success
p3-ex-official-vu200,0eacffc7-a710-46d1-b866-3883c3d4fd8d,2026-08-31T18:23:29.440Z,separate_executor,quote_run_dispatch_probe,200,3001.83,success,,200,success
p3-ex-official-vu200,c682e46d-f813-4bc4-914b-6252dc8a8d3d,2026-08-31T18:23:29.464Z,separate_executor,quote_run_dispatch_probe,200,3042.75,success,,200,success
p3-ex-official-vu200,d06c7926-3676-494e-b2a5-02deab8e2921,2026-08-31T18:23:29.537Z,separate_executor,quote_run_dispatch_probe,200,3064.28,success,,200,success
p3-ex-official-vu200,8e45480c-09c1-420a-a429-1e74dc3c0def,2026-08-31T18:23:29.597Z,separate_executor,quote_run_dispatch_probe,200,3170.31,success,,200,success
p3-ex-official-vu200,855b50d4-0757-4a16-80c9-6bafe5098ec5,2026-08-31T18:23:29.645Z,separate_executor,quote_run_dispatch_probe,200,5377.23,success,,200,success
p3-ex-official-vu200,0276e4c5-52d0-4909-b574-3a44ea6ff331,2026-08-31T18:23:29.647Z,separate_executor,quote_run_dispatch_probe,200,3204.36,success,,200,success
p3-ex-official-vu200,23fc20b9-4f1c-405a-a8ef-26b889b76566,2026-08-31T18:23:29.647Z,separate_executor,quote_run_dispatch_probe,200,3226.42,success,,200,success
p3-ex-official-vu200,8194a634-29f8-4494-8d46-ebc4dae9bfe1,2026-08-31T18:23:29.653Z,separate_executor,quote_run_dispatch_probe,200,3217.61,success,,200,success
p3-ex-official-vu200,9a5f4987-5dcb-4e2f-8a8c-fd884c409286,2026-08-31T18:23:29.654Z,separate_executor,quote_run_dispatch_probe,200,3221.52,success,,200,success
p3-ex-official-vu200,b43ef8c4-7e4d-4943-a84d-9ff4b1f021e9,2026-08-31T18:23:29.654Z,separate_executor,quote_run_dispatch_probe,200,3231.91,success,,200,success
p3-ex-official-vu200,888c2781-996f-427e-9f86-b89e24134a35,2026-08-31T18:23:29.677Z,separate_executor,quote_run_dispatch_probe,200,3238.02,success,,200,success
p3-ex-official-vu200,7cd4ff2f-f7c7-466c-9e20-cee9e4aa8757,2026-08-31T18:23:29.689Z,separate_executor,quote_run_dispatch_probe,200,5388.24,success,,200,success
p3-ex-official-vu200,a80bc5bc-8058-4e13-8098-0bc2204e6cd2,2026-08-31T18:23:29.784Z,separate_executor,quote_run_dispatch_probe,200,3352.9,success,,200,success
p3-ex-official-vu200,e265db65-b11d-4fe8-b6bf-374e6dc05ce4,2026-08-31T18:23:29.884Z,separate_executor,quote_run_dispatch_probe,200,3446.98,success,,200,success
p3-ex-official-vu200,c740804a-cf6c-406b-9c96-a76e12555a17,2026-08-31T18:23:29.897Z,separate_executor,quote_run_dispatch_probe,200,5627.74,success,,200,success
p3-ex-official-vu200,fef55e12-a9ec-47ff-acac-4ebe3dabfab5,2026-08-31T18:23:29.909Z,separate_executor,quote_run_dispatch_probe,200,4377.07,success,,200,success
p3-ex-official-vu200,58cff71f-3e62-4a0d-9722-d85db05fd443,2026-08-31T18:23:29.911Z,separate_executor,quote_run_dispatch_probe,200,3471.9,success,,200,success
p3-ex-official-vu200,4dba59fa-f5e7-4905-b254-e51c5a92aaa8,2026-08-31T18:23:29.925Z,separate_executor,quote_run_dispatch_probe,200,3503.73,success,,200,success
p3-ex-official-vu200,937f6dd3-7858-421f-8af4-11c0d5f488df,2026-08-31T18:23:29.983Z,separate_executor,quote_run_dispatch_probe,200,3551.78,success,,200,success
p3-ex-official-vu200,9fd242e5-bf0e-4bd0-9249-488276d12c99,2026-08-31T18:23:29.986Z,separate_executor,quote_run_dispatch_probe,200,4980.05,success,,200,success
p3-ex-official-vu200,c40bb66e-742a-4c57-9768-f37ec69310d2,2026-08-31T18:23:30.010Z,separate_executor,quote_run_dispatch_probe,200,3571.55,success,,200,success
p3-ex-official-vu200,9aee1d99-32da-47be-ac3a-45346a44f00e,2026-08-31T18:23:30.073Z,separate_executor,quote_run_dispatch_probe,200,3636.22,success,,200,success
p3-ex-official-vu200,82370f94-06db-46ff-8124-782690b65994,2026-08-31T18:23:30.127Z,separate_executor,quote_run_dispatch_probe,200,3686.91,success,,200,success
p3-ex-official-vu200,665ca938-ab13-4f36-80a6-95f7366f4368,2026-08-31T18:23:30.129Z,separate_executor,quote_run_dispatch_probe,200,3706.65,success,,200,success
p3-ex-official-vu200,f27ce4e5-3ebd-4cd4-8f08-6958d815922d,2026-08-31T18:23:30.189Z,separate_executor,quote_run_dispatch_probe,200,3750.55,success,,200,success
p3-ex-official-vu200,231575eb-a793-45bf-924c-0792b45d5cbc,2026-08-31T18:23:30.237Z,separate_executor,quote_run_dispatch_probe,200,3805.84,success,,200,success
p3-ex-official-vu200,58ab3456-4cd9-4125-a685-734ba2743a5f,2026-08-31T18:23:30.385Z,separate_executor,quote_run_dispatch_probe,200,3960.54,success,,200,success
p3-ex-official-vu200,bcb64280-326c-4f1f-9d10-8475356ee6a1,2026-08-31T18:23:30.385Z,separate_executor,quote_run_dispatch_probe,200,6117.91,success,,200,success
p3-ex-official-vu200,ca37dcbe-b0a1-4995-b918-fb18ae9ea28c,2026-08-31T18:23:30.387Z,separate_executor,quote_run_dispatch_probe,200,6119.53,success,,200,success
p3-ex-official-vu200,d3395e05-bd79-44aa-a0f8-b6a1a279d07a,2026-08-31T18:23:30.388Z,separate_executor,quote_run_dispatch_probe,200,6118.55,success,,200,success
p3-ex-official-vu200,475a5726-23c9-454f-997b-ef17acc8acf2,2026-08-31T18:23:30.388Z,separate_executor,quote_run_dispatch_probe,200,4898.8,success,,200,success
p3-ex-official-vu200,bfc614f4-99c8-4af1-963a-3210e450352e,2026-08-31T18:23:30.407Z,separate_executor,quote_run_dispatch_probe,200,6141.21,success,,200,success
p3-ex-official-vu200,a5a6930a-a6db-4469-8774-958f51e23fb4,2026-08-31T18:23:30.414Z,separate_executor,quote_run_dispatch_probe,200,6148.16,success,,200,success
p3-ex-official-vu200,9ac9df97-a2c7-4553-a7d9-e475c97a0260,2026-08-31T18:23:30.417Z,separate_executor,quote_run_dispatch_probe,200,6147.78,success,,200,success
p3-ex-official-vu200,d556fc56-310e-498c-905a-90723af6f7b2,2026-08-31T18:23:30.417Z,separate_executor,quote_run_dispatch_probe,200,3977.62,success,,200,success
p3-ex-official-vu200,77aceca3-ceba-40c2-bdae-b96b5310eab9,2026-08-31T18:23:30.443Z,separate_executor,quote_run_dispatch_probe,200,4908.91,success,,200,success
p3-ex-official-vu200,a3876ef3-a353-440c-b07b-0686294fea19,2026-08-31T18:23:30.472Z,separate_executor,quote_run_dispatch_probe,200,6197.35,success,,200,success
p3-ex-official-vu200,cb8e8597-ea71-45d1-a89d-afcdfa2dc097,2026-08-31T18:23:30.533Z,separate_executor,quote_run_dispatch_probe,200,6263.93,success,,200,success
p3-ex-official-vu200,b50bb7ce-f5fc-440a-92a7-71d6b57e9962,2026-08-31T18:23:30.584Z,separate_executor,quote_run_dispatch_probe,200,6316.68,success,,200,success
p3-ex-official-vu200,99c4da44-6906-46a4-80b5-1213cd12ba63,2026-08-31T18:23:30.585Z,separate_executor,quote_run_dispatch_probe,200,6316.94,success,,200,success
p3-ex-official-vu200,68c46a16-394c-486d-ad5b-88cd7a7df5d5,2026-08-31T18:23:30.586Z,separate_executor,quote_run_dispatch_probe,200,4139.91,success,,200,success
p3-ex-official-vu200,d460c26a-522c-4e47-bd29-58a02215d6b7,2026-08-31T18:23:30.602Z,separate_executor,quote_run_dispatch_probe,200,5545.44,success,,200,success
p3-ex-official-vu200,2dba4265-1a16-4781-beaf-ea468c829756,2026-08-31T18:23:30.615Z,separate_executor,quote_run_dispatch_probe,200,5079.65,success,,200,success
p3-ex-official-vu200,504fd78e-a6f2-497c-bc92-6962affc8457,2026-08-31T18:23:30.635Z,separate_executor,quote_run_dispatch_probe,200,5144.89,success,,200,success
p3-ex-official-vu200,fb4cede8-eebb-444c-a922-19dee587e016,2026-08-31T18:23:30.636Z,separate_executor,quote_run_dispatch_probe,200,6332.15,success,,200,success
p3-ex-official-vu200,972b7feb-70d8-4747-b8a2-57662d3793c9,2026-08-31T18:23:30.727Z,separate_executor,quote_run_dispatch_probe,200,5752.42,success,,200,success
p3-ex-official-vu200,2ab42a10-eed4-4f68-9079-ae5202caa955,2026-08-31T18:23:30.820Z,separate_executor,quote_run_dispatch_probe,200,6552.64,success,,200,success
p3-ex-official-vu200,818ddde1-663d-44f4-9f46-7ccbff031ea5,2026-08-31T18:23:30.826Z,separate_executor,quote_run_dispatch_probe,200,6557.59,success,,200,success
p3-ex-official-vu200,6e7ea3a7-2145-41d2-aa9b-0017a4151c92,2026-08-31T18:23:30.830Z,separate_executor,quote_run_dispatch_probe,200,6562.29,success,,200,success
p3-ex-official-vu200,3827bcc9-cd2a-47a9-93ea-153310103213,2026-08-31T18:23:30.832Z,separate_executor,quote_run_dispatch_probe,200,5293.16,success,,200,success
p3-ex-official-vu200,e6b95639-e80e-4dd1-b4dc-c13410d18258,2026-08-31T18:23:30.839Z,separate_executor,quote_run_dispatch_probe,200,5349.27,success,,200,success
p3-ex-official-vu200,aad4fd48-7231-4231-b183-a5dd69d23d12,2026-08-31T18:23:30.939Z,separate_executor,quote_run_dispatch_probe,200,5367.07,success,,200,success
p3-ex-official-vu200,2bf52f19-92fe-4ea1-aad4-a01899e8574c,2026-08-31T18:23:31.025Z,separate_executor,quote_run_dispatch_probe,200,6758.81,success,,200,success
p3-ex-official-vu200,4ef07df6-b818-4bff-994c-5469d69de273,2026-08-31T18:23:31.026Z,separate_executor,quote_run_dispatch_probe,200,6757.98,success,,200,success
p3-ex-official-vu200,82e29b42-ac1c-477c-96fe-5737c0f9c4b9,2026-08-31T18:23:31.160Z,separate_executor,quote_run_dispatch_probe,200,5618.85,success,,200,success
p3-ex-official-vu200,674968e9-d136-4335-90e4-c70105ab15c4,2026-08-31T18:23:31.196Z,separate_executor,quote_run_dispatch_probe,200,6927.28,success,,200,success
p3-ex-official-vu200,cd3d2fd6-ee54-4e10-9f98-658149ab1cda,2026-08-31T18:23:31.231Z,separate_executor,quote_run_dispatch_probe,200,6956.73,success,,200,success
p3-ex-official-vu200,913a48d5-4dfb-4ea8-b83b-dd95d0dbfd0e,2026-08-31T18:23:31.341Z,separate_executor,quote_run_dispatch_probe,200,4053.07,success,,200,success
p3-ex-official-vu200,b7f5e9c2-0a7a-4d8e-8481-de8759c9de90,2026-08-31T18:23:31.342Z,separate_executor,quote_run_dispatch_probe,200,4023.72,success,,200,success
p3-ex-official-vu200,bdf3891a-75e9-435e-a7af-7f8fb6ceb864,2026-08-31T18:23:31.357Z,separate_executor,quote_run_dispatch_probe,200,4083.93,success,,200,success
p3-ex-official-vu200,cdd5b9a1-fa1a-4280-bfa4-48d759ff7fd3,2026-08-31T18:23:31.413Z,separate_executor,quote_run_dispatch_probe,200,4106.16,success,,200,success
p3-ex-official-vu200,9d6f30ae-95aa-438a-8030-9501c18e5220,2026-08-31T18:23:31.445Z,separate_executor,quote_run_dispatch_probe,200,4143.82,success,,200,success
p3-ex-official-vu200,068342b8-39c3-4c81-be0b-2f1cdeb2ccbb,2026-08-31T18:23:31.467Z,separate_executor,quote_run_dispatch_probe,200,4158.46,success,,200,success
p3-ex-official-vu200,67ff1694-14b8-4e1c-9d79-16dc1647d953,2026-08-31T18:23:31.589Z,separate_executor,quote_run_dispatch_probe,200,4191.8,success,,200,success
p3-ex-official-vu200,ede9f5d3-0c85-498d-b7a6-a54c5565555d,2026-08-31T18:23:31.669Z,separate_executor,quote_run_dispatch_probe,200,5917.28,success,,200,success
p3-ex-official-vu200,3670828e-c6df-452b-94e6-a99424686ce1,2026-08-31T18:23:31.672Z,separate_executor,quote_run_dispatch_probe,200,4340.98,success,,200,success
p3-ex-official-vu200,fffdc27a-37a0-430c-a027-85271877ef1a,2026-08-31T18:23:31.713Z,separate_executor,quote_run_dispatch_probe,200,5964.13,success,,200,success
p3-ex-official-vu200,8ae165e2-fd8c-4dca-8791-70c7f5e6fa96,2026-08-31T18:23:31.740Z,separate_executor,quote_run_dispatch_probe,200,4450.35,success,,200,success
p3-ex-official-vu200,8116f62f-c46c-4268-b597-aee850dc302f,2026-08-31T18:23:31.825Z,separate_executor,quote_run_dispatch_probe,200,4325.32,success,,200,success
p3-ex-official-vu200,beb4592a-28f7-4a12-bdbe-753d9134619b,2026-08-31T18:23:31.868Z,separate_executor,quote_run_dispatch_probe,200,7598.6,success,,200,success
p3-ex-official-vu200,a7110df5-dfb2-4a19-8698-89648da4ca38,2026-08-31T18:23:32.002Z,separate_executor,quote_run_dispatch_probe,200,4711.94,success,,200,success
p3-ex-official-vu200,5d56a0f6-31e8-4938-b42d-c91eade1a84f,2026-08-31T18:23:32.007Z,separate_executor,quote_run_dispatch_probe,200,4668.02,success,,200,success
p3-ex-official-vu200,279db476-9297-41cb-bf12-eb1e7413c63c,2026-08-31T18:23:32.109Z,separate_executor,quote_run_dispatch_probe,200,6305.25,success,,200,success
p3-ex-official-vu200,54203ff9-f327-43f2-87be-01c0bf15cae0,2026-08-31T18:23:32.236Z,separate_executor,quote_run_dispatch_probe,200,6438.14,success,,200,success
p3-ex-official-vu200,6e37db3d-813f-4865-bf38-9d3e3ce3d78e,2026-08-31T18:23:32.780Z,separate_executor,quote_run_dispatch_probe,200,8511.22,success,,200,success
p3-ex-official-vu200,7cbd63c1-c0e0-4f80-b16f-b1a9760a3504,2026-08-31T18:23:32.902Z,separate_executor,quote_run_dispatch_probe,200,8633.11,success,,200,success
p3-ex-official-vu200,fb11966f-7b05-4b5e-b99d-50f089b2d472,2026-08-31T18:23:32.986Z,separate_executor,quote_run_dispatch_probe,200,7195.29,success,,200,success
p3-ex-official-vu200,4bdfa70d-1eed-49ed-95db-e81b222ab43b,2026-08-31T18:23:32.988Z,separate_executor,quote_run_dispatch_probe,200,7236.93,success,,200,success
p3-ex-official-vu200,580faaba-d0e1-4901-90a7-8c7d9d754208,2026-08-31T18:23:32.990Z,separate_executor,quote_run_dispatch_probe,200,8721.56,success,,200,success
p3-ex-official-vu200,d8e3d9dd-d897-4701-88cd-660ff04664e0,2026-08-31T18:23:33.056Z,separate_executor,quote_run_dispatch_probe,200,7555.94,success,,200,success
p3-ex-official-vu200,b8b7a649-92d9-4e46-b580-ae79ca0d3d73,2026-08-31T18:23:33.172Z,separate_executor,quote_run_dispatch_probe,200,7422.37,success,,200,success
p3-ex-official-vu200,b1c47df5-906f-41cf-b3fd-344512c152f2,2026-08-31T18:23:33.173Z,separate_executor,quote_run_dispatch_probe,200,8904.3,success,,200,success
p3-ex-official-vu200,388df032-5deb-403b-82b7-8893bd12c396,2026-08-31T18:23:33.192Z,separate_executor,quote_run_dispatch_probe,200,7406.79,success,,200,success
p3-ex-official-vu200,dc13a378-cd27-4b49-be9c-b54a868b05e2,2026-08-31T18:23:33.266Z,separate_executor,quote_run_dispatch_probe,200,7463.09,success,,200,success
p3-ex-official-vu200,4b97f7b9-58f7-4e97-973e-b55cdd330d6b,2026-08-31T18:23:33.306Z,separate_executor,quote_run_dispatch_probe,200,7370.87,success,,200,success
p3-ex-official-vu200,f188ea8e-0651-49fa-8580-3770b3925426,2026-08-31T18:23:33.313Z,separate_executor,quote_run_dispatch_probe,200,7776.54,success,,200,success
p3-ex-official-vu200,d67b4618-ed3b-48b0-8e71-5d92c77fb559,2026-08-31T18:23:33.336Z,separate_executor,quote_run_dispatch_probe,200,7835.51,success,,200,success
p3-ex-official-vu200,919e2a78-26b1-4220-ba17-0b89110faea3,2026-08-31T18:23:33.401Z,separate_executor,quote_run_dispatch_probe,200,7595.27,success,,200,success
p3-ex-official-vu200,84f4ca13-1d48-4e14-b374-491e66ed68be,2026-08-31T18:23:33.453Z,separate_executor,quote_run_dispatch_probe,200,7907.96,success,,200,success
p3-ex-official-vu200,2cb184e6-c90d-46c4-a65b-dae16a3985bc,2026-08-31T18:23:33.460Z,separate_executor,quote_run_dispatch_probe,200,9189.21,success,,200,success
p3-ex-official-vu200,14db3da4-1873-4e40-882b-da5f371f1b6e,2026-08-31T18:23:33.463Z,separate_executor,quote_run_dispatch_probe,200,7923.59,success,,200,success
p3-ex-official-vu200,c6e4cc29-9cf8-4c3b-bb29-65f36e9d48c9,2026-08-31T18:23:33.565Z,separate_executor,quote_run_dispatch_probe,200,7385.1,success,,200,success
p3-ex-official-vu200,30889777-62d4-4803-a519-f4937a72cdfa,2026-08-31T18:23:33.571Z,separate_executor,quote_run_dispatch_probe,200,7421.11,success,,200,success
p3-ex-official-vu200,f5ae678c-bd6c-4c39-b6b7-e95f07674fd4,2026-08-31T18:23:33.575Z,separate_executor,quote_run_dispatch_probe,200,7401.59,success,,200,success
p3-ex-official-vu200,60fb2352-35c7-4f67-b703-81014de0357b,2026-08-31T18:23:33.651Z,separate_executor,quote_run_dispatch_probe,200,7479.33,success,,200,success
p3-ex-official-vu200,33b0d81b-4ed0-49ab-803e-a3303240264d,2026-08-31T18:23:33.665Z,separate_executor,quote_run_dispatch_probe,200,7571.81,success,,200,success
p3-ex-official-vu200,1a139f72-5cd6-4b9f-b5e5-f9b46ffb96b8,2026-08-31T18:23:33.731Z,separate_executor,quote_run_dispatch_probe,200,7915.16,success,,200,success
p3-ex-official-vu200,8697bc40-1596-496f-b55f-b8c758bee644,2026-08-31T18:23:33.736Z,separate_executor,quote_run_dispatch_probe,200,7831.2,success,,200,success
p3-ex-official-vu200,f924bb33-e288-4cdd-871e-c607f6273943,2026-08-31T18:23:33.889Z,separate_executor,quote_run_dispatch_probe,200,8137.42,success,,200,success
p3-ex-official-vu200,430407e5-f088-4414-a0c8-914c1860ad75,2026-08-31T18:23:33.946Z,separate_executor,quote_run_dispatch_probe,200,7756.83,success,,200,success
p3-ex-official-vu200,31228237-c171-4097-b7ca-698912449859,2026-08-31T18:23:33.953Z,separate_executor,quote_run_dispatch_probe,200,7764.8,success,,200,success
p3-ex-official-vu200,dd68fd28-d856-4a81-9e29-a0903d9cc1d4,2026-08-31T18:23:33.954Z,separate_executor,quote_run_dispatch_probe,200,8147.56,success,,200,success
p3-ex-official-vu200,bcd81e5b-f174-4909-9418-d0806a00fd2e,2026-08-31T18:23:33.997Z,separate_executor,quote_run_dispatch_probe,200,7829.84,success,,200,success
p3-ex-official-vu200,99a6ac49-b6f6-4789-8360-4e5248ca7013,2026-08-31T18:23:33.998Z,separate_executor,quote_run_dispatch_probe,200,7841.64,success,,200,success
p3-ex-official-vu200,543078f1-27bd-471a-b87b-f3d74c0e175e,2026-08-31T18:23:34.003Z,separate_executor,quote_run_dispatch_probe,200,8371.46,success,,200,success
p3-ex-official-vu200,565872ee-ddca-45fe-9596-74f6f3def8d9,2026-08-31T18:23:34.006Z,separate_executor,quote_run_dispatch_probe,200,7819.15,success,,200,success
p3-ex-official-vu200,8c8689cf-4540-419d-ba5b-1a8ce449a40e,2026-08-31T18:23:34.009Z,separate_executor,quote_run_dispatch_probe,200,7846.15,success,,200,success
p3-ex-official-vu200,d7114106-ca89-41d4-a59b-1add778e0b80,2026-08-31T18:23:34.016Z,separate_executor,quote_run_dispatch_probe,200,8347.09,success,,200,success
p3-ex-official-vu200,f7356fb5-8c58-4ab3-935c-3b39c282df7a,2026-08-31T18:23:34.018Z,separate_executor,quote_run_dispatch_probe,200,7832.74,success,,200,success
p3-ex-official-vu200,2d80b314-7b63-4083-a8cf-1c64cea88d40,2026-08-31T18:23:34.020Z,separate_executor,quote_run_dispatch_probe,200,7847.17,success,,200,success
p3-ex-official-vu200,edae9409-d515-44f2-88a0-abba9a4caf1e,2026-08-31T18:23:34.065Z,separate_executor,quote_run_dispatch_probe,200,4884.55,success,,200,success
p3-ex-official-vu200,a75dbadd-ea6d-4032-befa-9d44ab3240e5,2026-08-31T18:23:34.071Z,separate_executor,quote_run_dispatch_probe,200,9767.92,success,,200,success
p3-ex-official-vu200,fcb94c13-b2f1-4932-9d41-971d19daf4dc,2026-08-31T18:23:34.081Z,separate_executor,quote_run_dispatch_probe,200,7904.5,success,,200,success
p3-ex-official-vu200,5930ad12-e621-4522-8f66-041de315602d,2026-08-31T18:23:34.145Z,separate_executor,quote_run_dispatch_probe,200,7962.44,success,,200,success
p3-ex-official-vu200,463e14ca-a40d-461c-acdd-215567954f61,2026-08-31T18:23:34.149Z,separate_executor,quote_run_dispatch_probe,200,7994.88,success,,200,success
p3-ex-official-vu200,db1f94a7-5100-4a46-9aa4-648a50b0e2c8,2026-08-31T18:23:34.167Z,separate_executor,quote_run_dispatch_probe,200,4968.65,success,,200,success
p3-ex-official-vu200,5d976c8f-3d44-4488-be10-28193abd0627,2026-08-31T18:23:34.168Z,separate_executor,quote_run_dispatch_probe,200,4998.82,success,,200,success
p3-ex-official-vu200,f7c72d44-e7c6-48c4-89c8-40cd644973ef,2026-08-31T18:23:34.197Z,separate_executor,quote_run_dispatch_probe,200,8028.76,success,,200,success
p3-ex-official-vu200,07780f97-079b-4e25-94a1-c41cc5e655ad,2026-08-31T18:23:34.206Z,separate_executor,quote_run_dispatch_probe,200,8040.51,success,,200,success
p3-ex-official-vu200,97901f18-ba3f-4ab5-98ae-226f13272f78,2026-08-31T18:23:34.220Z,separate_executor,quote_run_dispatch_probe,200,8030.72,success,,200,success
p3-ex-official-vu200,77ca2cb4-1952-493c-9556-25de2f5278c5,2026-08-31T18:23:34.223Z,separate_executor,quote_run_dispatch_probe,200,8052.69,success,,200,success
p3-ex-official-vu200,370840f7-2ad4-46ad-abb6-401b684ac008,2026-08-31T18:23:34.237Z,separate_executor,quote_run_dispatch_probe,200,8050.46,success,,200,success
p3-ex-official-vu200,414cff4d-675b-40e9-a9d4-0ed481208d7e,2026-08-31T18:23:34.287Z,separate_executor,quote_run_dispatch_probe,200,5115.84,success,,200,success
p3-ex-official-vu200,6757828e-d4e5-47f6-881b-ac52c72a61d9,2026-08-31T18:23:34.293Z,separate_executor,quote_run_dispatch_probe,200,5087.26,success,,200,success
p3-ex-official-vu200,bd5cd3b8-6806-43df-97e9-0ce927f24f21,2026-08-31T18:23:34.348Z,separate_executor,quote_run_dispatch_probe,200,8157.88,success,,200,success
p3-ex-official-vu200,d35bda8a-9a3b-4aad-8a56-227f940f84a7,2026-08-31T18:23:34.355Z,separate_executor,quote_run_dispatch_probe,200,5169.9,success,,200,success
p3-ex-official-vu200,f5ebc67c-f307-446a-8eef-e65735fa8866,2026-08-31T18:23:34.356Z,separate_executor,quote_run_dispatch_probe,200,8171.28,success,,200,success
p3-ex-official-vu200,bf16b754-d4b9-4224-b472-5e5c723778a7,2026-08-31T18:23:34.439Z,separate_executor,quote_run_dispatch_probe,200,5220.84,success,,200,success
p3-ex-official-vu200,700cb9b9-c231-408d-938b-3ce19dc4b1dd,2026-08-31T18:23:34.445Z,separate_executor,quote_run_dispatch_probe,200,8261.56,success,,200,success
p3-ex-official-vu200,84e77619-f1d2-4549-b71d-e11ee63e96a4,2026-08-31T18:23:34.454Z,separate_executor,quote_run_dispatch_probe,200,5270.48,success,,200,success
p3-ex-official-vu200,3ce33b0b-c47f-47f0-9bd5-ae6c30721a56,2026-08-31T18:23:34.455Z,separate_executor,quote_run_dispatch_probe,200,5268.97,success,,200,success
p3-ex-official-vu200,ad3588ea-0fd3-48aa-a519-ab3919259ef9,2026-08-31T18:23:34.456Z,separate_executor,quote_run_dispatch_probe,200,5274.46,success,,200,success
p3-ex-official-vu200,3cb85d89-2684-438f-a6ea-eaf063199657,2026-08-31T18:23:34.462Z,separate_executor,quote_run_dispatch_probe,200,5263.02,success,,200,success
p3-ex-official-vu200,191b1548-1cdc-488e-a484-23e08dead182,2026-08-31T18:23:34.465Z,separate_executor,quote_run_dispatch_probe,200,5276.57,success,,200,success
p3-ex-official-vu200,6424c0e0-f7ec-4d97-8132-70dcdd94e4c1,2026-08-31T18:23:34.466Z,separate_executor,quote_run_dispatch_probe,200,5150.78,success,,200,success
p3-ex-official-vu200,18cafaa4-16ba-46c4-b4ed-4b3a3c379c43,2026-08-31T18:23:34.467Z,separate_executor,quote_run_dispatch_probe,200,5253.82,success,,200,success
p3-ex-official-vu200,8cdc809e-1e05-41a0-af49-3ee09f4f88b8,2026-08-31T18:23:34.474Z,separate_executor,quote_run_dispatch_probe,200,5305.22,success,,200,success
p3-ex-official-vu200,e48858f3-8bd0-47b0-9d2c-a9a27eec9e9b,2026-08-31T18:23:34.533Z,separate_executor,quote_run_dispatch_probe,200,5316.46,success,,200,success
p3-ex-official-vu200,e0e3dc37-b930-4e82-b0fc-bcc67cedb513,2026-08-31T18:23:34.537Z,separate_executor,quote_run_dispatch_probe,200,5363.4,success,,200,success
p3-ex-official-vu200,79668a7a-a4a1-40cb-af36-a25770eea491,2026-08-31T18:23:34.551Z,separate_executor,quote_run_dispatch_probe,200,5383.83,success,,200,success
p3-ex-official-vu200,9cd13264-3d6c-43e5-9599-6f885706dc5c,2026-08-31T18:23:34.552Z,separate_executor,quote_run_dispatch_probe,200,5343.91,success,,200,success
p3-ex-official-vu200,f97fa088-bfba-425f-83e7-b305e1d42f09,2026-08-31T18:23:34.562Z,separate_executor,quote_run_dispatch_probe,200,5356.89,success,,200,success
p3-ex-official-vu200,ae56d216-71ea-4157-a9bb-529cf51b7589,2026-08-31T18:23:34.591Z,separate_executor,quote_run_dispatch_probe,200,5381.22,success,,200,success
p3-ex-official-vu200,78c149b3-d627-4c24-8634-cf787ce7da48,2026-08-31T18:23:34.610Z,separate_executor,quote_run_dispatch_probe,200,5403.11,success,,200,success
p3-ex-official-vu200,e3d4e1b6-efd4-4096-9735-1a50f849a891,2026-08-31T18:23:34.633Z,separate_executor,quote_run_dispatch_probe,200,5460.62,success,,200,success
p3-ex-official-vu200,9df0b543-bd26-4ad1-830e-85327e737dd9,2026-08-31T18:23:34.634Z,separate_executor,quote_run_dispatch_probe,200,5435.03,success,,200,success
p3-ex-official-vu200,b3d67a3f-728d-4d42-8bc3-88a9a6df5d46,2026-08-31T18:23:34.644Z,separate_executor,quote_run_dispatch_probe,200,5439.66,success,,200,success
p3-ex-official-vu200,bc21854d-264b-45dd-88c0-1292f4ef2608,2026-08-31T18:23:34.654Z,separate_executor,quote_run_dispatch_probe,200,5451.36,success,,200,success
p3-ex-official-vu200,a5c4e4cf-ab5e-481a-813b-399a2ecae2f2,2026-08-31T18:23:34.658Z,separate_executor,quote_run_dispatch_probe,200,5454.77,success,,200,success
p3-ex-official-vu200,f94c0a64-e062-46d4-93c0-0bb3e4bb7629,2026-08-31T18:23:34.662Z,separate_executor,quote_run_dispatch_probe,200,5488.81,success,,200,success
p3-ex-official-vu200,c5e3c8af-52f4-4096-8adc-28abf6cfde6b,2026-08-31T18:23:34.665Z,separate_executor,quote_run_dispatch_probe,200,5455.61,success,,200,success
p3-ex-official-vu200,86abdd18-6ab4-4411-913a-cd746de34c71,2026-08-31T18:23:34.668Z,separate_executor,quote_run_dispatch_probe,200,5493.83,success,,200,success
p3-ex-official-vu200,8836c1c3-6bc8-4e08-a189-6d18a822a50a,2026-08-31T18:23:34.670Z,separate_executor,quote_run_dispatch_probe,200,5483.64,success,,200,success
p3-ex-official-vu200,4e0171cb-a29d-454c-9afe-ffc4bfaca017,2026-08-31T18:23:34.673Z,separate_executor,quote_run_dispatch_probe,200,5490.52,success,,200,success
p3-ex-official-vu200,70d5a901-7776-4e2e-8d61-84a0481b164e,2026-08-31T18:23:34.692Z,separate_executor,quote_run_dispatch_probe,200,5474.58,success,,200,success
p3-ex-official-vu200,e1e9f2af-0b9b-47cf-a3c4-1a3e2b4ab73d,2026-08-31T18:23:34.693Z,separate_executor,quote_run_dispatch_probe,200,5476.96,success,,200,success
p3-ex-official-vu200,e450289a-0955-4176-9afe-2f0b5e571520,2026-08-31T18:23:34.701Z,separate_executor,quote_run_dispatch_probe,200,5532.91,success,,200,success
p3-ex-official-vu200,0b539a0a-e2d9-473e-a5ea-0f983974da80,2026-08-31T18:23:34.702Z,separate_executor,quote_run_dispatch_probe,200,5503.35,success,,200,success
p3-ex-official-vu200,7deec61a-85b4-4981-bb12-054fe1312a4e,2026-08-31T18:23:34.722Z,separate_executor,quote_run_dispatch_probe,200,5522.33,success,,200,success
p3-ex-official-vu200,3bc01720-3eeb-4a55-a579-dded6f82da92,2026-08-31T18:23:34.754Z,separate_executor,quote_run_dispatch_probe,200,5586.17,success,,200,success
p3-ex-official-vu200,fb3151dc-5be5-4e9b-9c2a-266c4b61ac73,2026-08-31T18:23:34.755Z,separate_executor,quote_run_dispatch_probe,200,5553.39,success,,200,success
p3-ex-official-vu200,6d846900-47be-449b-9a33-c2db6d620d63,2026-08-31T18:23:34.765Z,separate_executor,quote_run_dispatch_probe,200,5547.65,success,,200,success
p3-ex-official-vu200,c37fc5b3-8495-470e-9b51-71d712c47655,2026-08-31T18:23:34.767Z,separate_executor,quote_run_dispatch_probe,200,5577.97,success,,200,success
p3-ex-official-vu200,d91b8b4f-e344-464e-b3d5-aa24226b431d,2026-08-31T18:23:34.782Z,separate_executor,quote_run_dispatch_probe,200,5610.25,success,,200,success
p3-ex-official-vu200,c6817e30-3ea9-4ba4-9084-130f0275affc,2026-08-31T18:23:34.799Z,separate_executor,quote_run_dispatch_probe,200,5628.83,success,,200,success
p3-ex-official-vu200,e6f3bcaf-b635-41e1-9521-5c8a8ef363b1,2026-08-31T18:23:34.821Z,separate_executor,quote_run_dispatch_probe,200,5617.46,success,,200,success
p3-ex-official-vu200,820f82e8-f187-43fc-9dd1-ba0e2b0a1471,2026-08-31T18:23:34.834Z,separate_executor,quote_run_dispatch_probe,200,5617.16,success,,200,success
p3-ex-official-vu200,e2a3c48e-56ec-41dc-aaf6-a620211dd876,2026-08-31T18:23:34.836Z,separate_executor,quote_run_dispatch_probe,200,5621.88,success,,200,success
p3-ex-official-vu200,abc6ed3c-2dca-41d8-8808-fe1b6eb7f95f,2026-08-31T18:23:34.837Z,separate_executor,quote_run_dispatch_probe,200,5622.57,success,,200,success
p3-ex-official-vu200,d34d5297-27d2-4b01-badf-ec3315ef47a2,2026-08-31T18:23:34.852Z,separate_executor,quote_run_dispatch_probe,200,5682.25,success,,200,success
p3-ex-official-vu200,2db79623-7a80-45ea-9c09-77fa40494275,2026-08-31T18:23:34.865Z,separate_executor,quote_run_dispatch_probe,200,5659.36,success,,200,success
p3-ex-official-vu200,be8f49ae-29a4-4060-908d-62a640f565f3,2026-08-31T18:23:34.866Z,separate_executor,quote_run_dispatch_probe,200,5695.7,success,,200,success
p3-ex-official-vu200,e181a51a-5955-42cb-b916-6b8aadd8e387,2026-08-31T18:23:34.871Z,separate_executor,quote_run_dispatch_probe,200,5681.13,success,,200,success
p3-ex-official-vu200,49eef4e4-8ddb-47e1-9887-14a0f51c19f4,2026-08-31T18:23:34.873Z,separate_executor,quote_run_dispatch_probe,200,5433.03,success,,200,success
p3-ex-official-vu200,851e0cfb-6276-45a5-8454-704ab12555ce,2026-08-31T18:23:34.888Z,separate_executor,quote_run_dispatch_probe,200,5670.52,success,,200,success
p3-ex-official-vu200,ff59283e-8fc6-4aff-aec8-651ba02c23ac,2026-08-31T18:23:34.894Z,separate_executor,quote_run_dispatch_probe,200,5708.27,success,,200,success
p3-ex-official-vu200,4ead1395-f0fe-4cf9-a550-2418c62a6dfb,2026-08-31T18:23:34.915Z,separate_executor,quote_run_dispatch_probe,200,5708.77,success,,200,success
p3-ex-official-vu200,ee4aae7e-5f5f-415a-912a-01a5ad092ce8,2026-08-31T18:23:34.917Z,separate_executor,quote_run_dispatch_probe,200,5729.92,success,,200,success
p3-ex-official-vu200,c9f5620c-3da1-4416-aac9-bf1932a912b1,2026-08-31T18:23:34.920Z,separate_executor,quote_run_dispatch_probe,200,5703.31,success,,200,success
p3-ex-official-vu200,942b7016-701a-4e49-a99a-5ffc253f812d,2026-08-31T18:23:34.931Z,separate_executor,quote_run_dispatch_probe,200,5727.02,success,,200,success
p3-ex-official-vu200,cf0ced44-8052-4085-a9c6-373588e89ca1,2026-08-31T18:23:34.951Z,separate_executor,quote_run_dispatch_probe,200,5749.82,success,,200,success
p3-ex-official-vu200,c631df29-5eaa-40a9-8870-f856d9fbf324,2026-08-31T18:23:34.952Z,separate_executor,quote_run_dispatch_probe,200,5735.64,success,,200,success
p3-ex-official-vu200,a238238a-3589-4817-989e-41c9c2c3c529,2026-08-31T18:23:34.955Z,separate_executor,quote_run_dispatch_probe,200,5751.44,success,,200,success
p3-ex-official-vu200,2651122e-12b9-4bf4-a3a0-96c9a5125e73,2026-08-31T18:23:34.964Z,separate_executor,quote_run_dispatch_probe,200,5764.07,success,,200,success
p3-ex-official-vu200,49f0cfab-7692-40fc-92ab-a6dd3f3b5959,2026-08-31T18:23:34.967Z,separate_executor,quote_run_dispatch_probe,200,5766.13,success,,200,success
p3-ex-official-vu200,2deeae6e-288a-4d08-9c7f-ac29447e00f2,2026-08-31T18:23:34.973Z,separate_executor,quote_run_dispatch_probe,200,5791.63,success,,200,success
p3-ex-official-vu200,d47fe121-ea57-4723-b071-77e260bc97c1,2026-08-31T18:23:35.000Z,separate_executor,quote_run_dispatch_probe,200,5804.44,success,,200,success
p3-ex-official-vu200,c63012a4-e306-442e-9b83-64ce18276eac,2026-08-31T18:23:35.002Z,separate_executor,quote_run_dispatch_probe,200,5465.5,success,,200,success
p3-ex-official-vu200,f983cf95-a4ec-48ec-ac04-faf6231b1b01,2026-08-31T18:23:35.005Z,separate_executor,quote_run_dispatch_probe,200,5833.71,success,,200,success
p3-ex-official-vu200,0b2382ff-6a54-470b-87e8-6f03a97c3fb5,2026-08-31T18:23:35.013Z,separate_executor,quote_run_dispatch_probe,200,5817.3,success,,200,success
p3-ex-official-vu200,29fcca9d-19c7-4874-a28d-145e7a71e5d8,2026-08-31T18:23:35.025Z,separate_executor,quote_run_dispatch_probe,200,5842.17,success,,200,success
p3-ex-official-vu200,7dd7f53a-0c72-455c-afb1-b1008264c1f2,2026-08-31T18:23:35.063Z,separate_executor,quote_run_dispatch_probe,200,5859.84,success,,200,success
p3-ex-official-vu200,1b95991a-9c06-4da9-9b2e-a6f6673b55ea,2026-08-31T18:23:35.070Z,separate_executor,quote_run_dispatch_probe,200,5869.68,success,,200,success
p3-ex-official-vu200,6f41fb58-7331-41dd-ad5c-6a589809f5f4,2026-08-31T18:23:35.083Z,separate_executor,quote_run_dispatch_probe,200,5881.07,success,,200,success
p3-ex-official-vu200,e9fa12cd-c968-410f-a2a7-6b7cd899433b,2026-08-31T18:23:35.099Z,separate_executor,quote_run_dispatch_probe,200,5914.95,success,,200,success
p3-ex-official-vu200,e55572d9-9825-4e36-a4cf-1e983d3cb17f,2026-08-31T18:23:35.100Z,separate_executor,quote_run_dispatch_probe,200,5930.5,success,,200,success
p3-ex-official-vu200,5bbdcd6f-1ab3-4d88-909c-cd30d9b3014b,2026-08-31T18:23:35.116Z,separate_executor,quote_run_dispatch_probe,200,5469.89,success,,200,success
p3-ex-official-vu200,76391b25-8f0c-4173-91d5-23667d475da9,2026-08-31T18:23:35.117Z,separate_executor,quote_run_dispatch_probe,200,5913.06,success,,200,success
p3-ex-official-vu200,a4ed4f99-bcc8-4228-977c-43d4d08ed4ee,2026-08-31T18:23:35.131Z,separate_executor,quote_run_dispatch_probe,200,5915.58,success,,200,success
p3-ex-official-vu200,d42c62c1-adb2-4682-bc9a-24b68e3015e8,2026-08-31T18:23:35.190Z,separate_executor,quote_run_dispatch_probe,200,5405.65,success,,200,success
p3-ex-official-vu200,727f6257-ca40-49cc-97cf-2e83858310a6,2026-08-31T18:23:35.196Z,separate_executor,quote_run_dispatch_probe,200,5731.89,success,,200,success
p3-ex-official-vu200,d18dc38e-caef-4920-b53a-6e09130bd240,2026-08-31T18:23:35.199Z,separate_executor,quote_run_dispatch_probe,200,5991.86,success,,200,success
p3-ex-official-vu200,c5f01142-a41d-4c46-88db-7c616deb88d3,2026-08-31T18:23:35.205Z,separate_executor,quote_run_dispatch_probe,200,5766.42,success,,200,success
p3-ex-official-vu200,86a54110-7680-43fe-9432-2dd50a25ffb0,2026-08-31T18:23:35.225Z,separate_executor,quote_run_dispatch_probe,200,5579.86,success,,200,success
p3-ex-official-vu200,2f6b059b-7944-4c6a-925a-6deea52e9a8b,2026-08-31T18:23:35.279Z,separate_executor,quote_run_dispatch_probe,200,5625.14,success,,200,success
p3-ex-official-vu200,d550f949-9021-4228-b628-16ca57d44bc5,2026-08-31T18:23:35.290Z,separate_executor,quote_run_dispatch_probe,200,5612.45,success,,200,success
p3-ex-official-vu200,6648ab3d-cbea-4b31-9e57-81155b618928,2026-08-31T18:23:35.308Z,separate_executor,quote_run_dispatch_probe,200,6117.33,success,,200,success
p3-ex-official-vu200,821b8259-991c-4da1-a750-011629c23b5d,2026-08-31T18:23:35.332Z,separate_executor,quote_run_dispatch_probe,200,6129.11,success,,200,success
p3-ex-official-vu200,0f39c263-22de-4a02-945f-e435232328ab,2026-08-31T18:23:35.380Z,separate_executor,quote_run_dispatch_probe,200,5782.58,success,,200,success
p3-ex-official-vu200,4561d57a-cfe8-4437-8f0f-48d835d4e4e7,2026-08-31T18:23:35.381Z,separate_executor,quote_run_dispatch_probe,200,5692,success,,200,success
p3-ex-official-vu200,427e64a7-33d8-4dba-bd5f-f5828c909545,2026-08-31T18:23:35.394Z,separate_executor,quote_run_dispatch_probe,200,5740.21,success,,200,success
p3-ex-official-vu200,eb25eb4e-f601-49e2-80ff-b4e7d0713a2e,2026-08-31T18:23:35.454Z,separate_executor,quote_run_dispatch_probe,200,5543.22,success,,200,success
p3-ex-official-vu200,d1235270-b993-4aef-96c2-a1d99fe2e9ac,2026-08-31T18:23:35.464Z,separate_executor,quote_run_dispatch_probe,200,5809.59,success,,200,success
p3-ex-official-vu200,87cabbd5-2a6d-43bd-9e7d-bac4f7744b75,2026-08-31T18:23:35.465Z,separate_executor,quote_run_dispatch_probe,200,5818.04,success,,200,success
p3-ex-official-vu200,74904a1c-a6af-418b-93b2-3c5f24ba95ec,2026-08-31T18:23:35.480Z,separate_executor,quote_run_dispatch_probe,200,5554.25,success,,200,success
p3-ex-official-vu200,b7eca388-dbed-4ef6-94de-92f49817ccb0,2026-08-31T18:23:35.502Z,separate_executor,quote_run_dispatch_probe,200,5429.2,success,,200,success
p3-ex-official-vu200,b248645a-6c19-4c76-a9be-a9095c492f1d,2026-08-31T18:23:35.516Z,separate_executor,quote_run_dispatch_probe,200,5532.99,success,,200,success
p3-ex-official-vu200,0fb1c1c4-f224-4a18-9490-a126b1d919e9,2026-08-31T18:23:35.517Z,separate_executor,quote_run_dispatch_probe,200,5607.84,success,,200,success
p3-ex-official-vu200,5c2ddbbb-cfd5-4ff4-a9e8-a018378af304,2026-08-31T18:23:35.692Z,separate_executor,quote_run_dispatch_probe,200,5681.63,success,,200,success
p3-ex-official-vu200,a2bf88bb-452c-4209-bdba-d87f73d6af8f,2026-08-31T18:23:35.698Z,separate_executor,quote_run_dispatch_probe,200,5712.57,success,,200,success
p3-ex-official-vu200,202fd9c6-4013-4417-932c-a8c8878eb8de,2026-08-31T18:23:35.700Z,separate_executor,quote_run_dispatch_probe,200,5573.11,success,,200,success
p3-ex-official-vu200,169b9a48-a6cf-46bb-8424-29f38de52b84,2026-08-31T18:23:35.717Z,separate_executor,quote_run_dispatch_probe,200,5820.04,success,,200,success
p3-ex-official-vu200,ef1e1324-25da-49c8-964d-72a2dc777980,2026-08-31T18:23:35.734Z,separate_executor,quote_run_dispatch_probe,200,5605.34,success,,200,success
p3-ex-official-vu200,ce77f744-49f8-439c-bd78-7656fcca552d,2026-08-31T18:23:35.754Z,separate_executor,quote_run_dispatch_probe,200,5517.33,success,,200,success
p3-ex-official-vu200,c4d842e4-616b-437f-b3d2-c1200576e34f,2026-08-31T18:23:35.766Z,separate_executor,quote_run_dispatch_probe,200,5882.07,success,,200,success
p3-ex-official-vu200,87806142-8938-4c8d-8725-c307c8802b48,2026-08-31T18:23:35.917Z,separate_executor,quote_run_dispatch_probe,200,5529.32,success,,200,success
p3-ex-official-vu200,d69a3f96-4515-4ba9-b109-debac6913786,2026-08-31T18:23:35.968Z,separate_executor,quote_run_dispatch_probe,200,5779.38,success,,200,success
p3-ex-official-vu200,75e06d14-9434-4748-8d5b-fb0014d4ce8c,2026-08-31T18:23:36.065Z,separate_executor,quote_run_dispatch_probe,200,5593.34,success,,200,success
p3-ex-official-vu200,8f8e278e-d880-475a-b953-a45df8dd76c6,2026-08-31T18:23:36.066Z,separate_executor,quote_run_dispatch_probe,200,5659.27,success,,200,success
p3-ex-official-vu200,8234a97c-700e-48c3-9de6-e155ae2bb2e0,2026-08-31T18:23:36.067Z,separate_executor,quote_run_dispatch_probe,200,5679.35,success,,200,success
p3-ex-official-vu200,ee418e19-200f-4db9-9584-954beaae12dc,2026-08-31T18:23:36.095Z,separate_executor,quote_run_dispatch_probe,200,5680.37,success,,200,success
p3-ex-official-vu200,978c96fe-fcbf-49a5-a441-a62e1675cb45,2026-08-31T18:23:36.096Z,separate_executor,quote_run_dispatch_probe,200,5678.38,success,,200,success
p3-ex-official-vu200,5905a2e1-6b9e-4c97-90e8-797bf6201a76,2026-08-31T18:23:36.103Z,separate_executor,quote_run_dispatch_probe,200,5276.51,success,,200,success
p3-ex-official-vu200,3e07e58e-c93c-439c-939f-f93ba73197c2,2026-08-31T18:23:36.107Z,separate_executor,quote_run_dispatch_probe,200,5721.61,success,,200,success
p3-ex-official-vu200,f829d8d2-d011-4070-af00-8d894b63d437,2026-08-31T18:23:36.127Z,separate_executor,quote_run_dispatch_probe,200,5742.68,success,,200,success
p3-ex-official-vu200,a09cb279-ad2a-40e7-ba05-0095f2c1ca2f,2026-08-31T18:23:36.180Z,separate_executor,quote_run_dispatch_probe,200,5736.35,success,,200,success
p3-ex-official-vu200,a7cf29f0-3be3-480e-a81c-8317f4549a93,2026-08-31T18:23:36.185Z,separate_executor,quote_run_dispatch_probe,200,5768.1,success,,200,success
p3-ex-official-vu200,efe189ce-f098-4a32-9c52-d241c570df2f,2026-08-31T18:23:36.238Z,separate_executor,quote_run_dispatch_probe,200,5601.38,success,,200,success
p3-ex-official-vu200,4df794f4-8aeb-4187-92ff-0740fc700508,2026-08-31T18:23:36.248Z,separate_executor,quote_run_dispatch_probe,200,5646.09,success,,200,success
p3-ex-official-vu200,f88d895b-6674-449e-8368-99fc979afbdd,2026-08-31T18:23:36.282Z,separate_executor,quote_run_dispatch_probe,200,5749.68,success,,200,success
p3-ex-official-vu200,791eddff-0568-4fd0-8ed4-dd60c5c450f1,2026-08-31T18:23:36.345Z,separate_executor,quote_run_dispatch_probe,200,5956.45,success,,200,success
p3-ex-official-vu200,94d22f41-f74a-4f1c-8319-6652f7eef962,2026-08-31T18:23:36.350Z,separate_executor,quote_run_dispatch_probe,200,5734.83,success,,200,success
p3-ex-official-vu200,2740c79a-2746-450d-b3af-db65eacaf0a5,2026-08-31T18:23:36.365Z,separate_executor,quote_run_dispatch_probe,200,5638.22,success,,200,success
p3-ex-official-vu200,7d2ac71b-2483-4e31-ac9b-3219406e8a51,2026-08-31T18:23:36.369Z,separate_executor,quote_run_dispatch_probe,200,5733.58,success,,200,success
p3-ex-official-vu200,c756d900-8fdb-4e3c-a80e-8355383ab78b,2026-08-31T18:23:36.395Z,separate_executor,quote_run_dispatch_probe,200,5809.28,success,,200,success
p3-ex-official-vu200,04265235-23b5-45a7-beb5-37fb1e871243,2026-08-31T18:23:36.476Z,separate_executor,quote_run_dispatch_probe,200,5891.42,success,,200,success
p3-ex-official-vu200,e328de02-e9f6-4223-a187-2371be30b234,2026-08-31T18:23:36.477Z,separate_executor,quote_run_dispatch_probe,200,5890.35,success,,200,success
p3-ex-official-vu200,32fe2763-2830-4ce7-8dc0-810409e2a1d6,2026-08-31T18:23:36.478Z,separate_executor,quote_run_dispatch_probe,200,5646.86,success,,200,success
p3-ex-official-vu200,83f76f6d-0701-4ffb-88e8-ebe85c5a7e13,2026-08-31T18:23:36.654Z,separate_executor,quote_run_dispatch_probe,200,5313.45,success,,200,success
p3-ex-official-vu200,8a2c2533-7367-42f1-a4d5-79ff6ea9c2ce,2026-08-31T18:23:36.657Z,separate_executor,quote_run_dispatch_probe,200,5718.05,success,,200,success
p3-ex-official-vu200,18408b60-a631-4f7b-a35e-f6ec2b29b69e,2026-08-31T18:23:36.665Z,separate_executor,quote_run_dispatch_probe,200,5826.1,success,,200,success
p3-ex-official-vu200,f4ca9ef0-95e5-4f7f-ae60-c7402257c6c0,2026-08-31T18:23:36.683Z,separate_executor,quote_run_dispatch_probe,200,5852.78,success,,200,success
p3-ex-official-vu200,bbabb964-fd26-4dd1-80a6-015d62b5dcdc,2026-08-31T18:23:36.719Z,separate_executor,quote_run_dispatch_probe,200,5899.22,success,,200,success
p3-ex-official-vu200,8ed21d00-2503-40d7-964a-11807ecce54b,2026-08-31T18:23:36.724Z,separate_executor,quote_run_dispatch_probe,200,5698.02,success,,200,success
p3-ex-official-vu200,4439e77c-1927-43c3-83a7-5d1b899cf863,2026-08-31T18:23:36.887Z,separate_executor,quote_run_dispatch_probe,200,5690.32,success,,200,success
p3-ex-official-vu200,dbe52bed-b519-4a08-9147-5802bfe6f924,2026-08-31T18:23:36.907Z,separate_executor,quote_run_dispatch_probe,200,5564.51,success,,200,success
p3-ex-official-vu200,f16d808f-7bde-48f7-b85d-d291dc9abfbf,2026-08-31T18:23:36.911Z,separate_executor,quote_run_dispatch_probe,200,5680.15,success,,200,success
p3-ex-official-vu200,bff35a36-c38d-441a-a36e-581af13d4961,2026-08-31T18:23:37.013Z,separate_executor,quote_run_dispatch_probe,200,5567.31,success,,200,success
p3-ex-official-vu200,d55b6add-7d10-474f-bcbc-f712f753c71a,2026-08-31T18:23:37.035Z,separate_executor,quote_run_dispatch_probe,200,5875.6,success,,200,success
p3-ex-official-vu200,c40f94c8-897e-4098-bd48-ab94f967e076,2026-08-31T18:23:37.139Z,separate_executor,quote_run_dispatch_probe,200,6114.16,success,,200,success
p3-ex-official-vu200,9c114103-fd70-495a-bddf-4ff7a0181d70,2026-08-31T18:23:37.448Z,separate_executor,quote_run_dispatch_probe,200,5858.27,success,,200,success
p3-ex-official-vu200,2c76c07c-1f0d-43b6-821a-b03aa149121b,2026-08-31T18:23:37.465Z,separate_executor,quote_run_dispatch_probe,200,5795.9,success,,200,success
p3-ex-official-vu200,6cde0306-7e08-40b8-bb0d-9efb64168a46,2026-08-31T18:23:37.480Z,separate_executor,quote_run_dispatch_probe,200,6066.82,success,,200,success
p3-ex-official-vu200,6fc13bc7-70c0-432b-843a-d039d31a621c,2026-08-31T18:23:37.534Z,separate_executor,quote_run_dispatch_probe,200,6177.21,success,,200,success
p3-ex-official-vu200,87c357cb-dd89-4c66-93e9-f565110e7c26,2026-08-31T18:23:37.549Z,separate_executor,quote_run_dispatch_probe,200,5877.58,success,,200,success
p3-ex-official-vu200,f657753b-9bff-4e3b-b328-0b162967a6c3,2026-08-31T18:23:37.729Z,separate_executor,quote_run_dispatch_probe,200,5861.07,success,,200,success
p3-ex-official-vu200,bbd7e232-0262-40a5-9ec5-2466cb480019,2026-08-31T18:23:37.738Z,separate_executor,quote_run_dispatch_probe,200,6024.57,success,,200,success
p3-ex-official-vu200,a90b8e76-3ad3-4963-a16c-4ee4173e3897,2026-08-31T18:23:37.745Z,separate_executor,quote_run_dispatch_probe,200,6278.15,success,,200,success
p3-ex-official-vu200,39846a10-d9dd-4140-a707-e70ce9f1d6c6,2026-08-31T18:23:37.753Z,separate_executor,quote_run_dispatch_probe,200,5750.52,success,,200,success
p3-ex-official-vu200,c5365d81-611f-4801-9e8b-81e67bbc477b,2026-08-31T18:23:37.754Z,separate_executor,quote_run_dispatch_probe,200,5929.44,success,,200,success
p3-ex-official-vu200,4d739620-1abd-4d1d-852e-3f60dbcb0f12,2026-08-31T18:23:37.760Z,separate_executor,quote_run_dispatch_probe,200,5753.25,success,,200,success
p3-ex-official-vu200,ce050dac-7e92-4916-8976-7d366bef6309,2026-08-31T18:23:37.952Z,separate_executor,quote_run_dispatch_probe,200,6212.3,success,,200,success
p3-ex-official-vu200,2346c56c-1e83-4ea1-ad34-88b1fae17d29,2026-08-31T18:23:37.999Z,separate_executor,quote_run_dispatch_probe,200,5890.22,success,,200,success
p3-ex-official-vu200,9fd97540-61a1-4512-9845-88ef7eabcce3,2026-08-31T18:23:38.179Z,separate_executor,quote_run_dispatch_probe,200,5942.66,success,,200,success
p3-ex-official-vu200,f2e33436-da40-44fc-b6fb-772ee4ccb24b,2026-08-31T18:23:38.554Z,separate_executor,quote_run_dispatch_probe,200,5773.84,success,,200,success
p3-ex-official-vu200,a2a045f8-a600-47b0-86f1-8ea61885b930,2026-08-31T18:23:38.611Z,separate_executor,quote_run_dispatch_probe,200,5555.42,success,,200,success
p3-ex-official-vu200,e1ba0e9e-8887-4a26-96b4-9e5477391fd7,2026-08-31T18:23:38.701Z,separate_executor,quote_run_dispatch_probe,200,5711.2,success,,200,success
p3-ex-official-vu200,895b2f17-7831-46cf-a92d-260438985088,2026-08-31T18:23:38.703Z,separate_executor,quote_run_dispatch_probe,200,5714.67,success,,200,success
p3-ex-official-vu200,37a8d87e-7a75-4e08-9cc5-a5cf21dd4748,2026-08-31T18:23:38.733Z,separate_executor,quote_run_dispatch_probe,200,5560.85,success,,200,success
p3-ex-official-vu200,fa705671-326b-4e71-9d41-6f645eed5a2f,2026-08-31T18:23:38.806Z,separate_executor,quote_run_dispatch_probe,200,5904.17,success,,200,success
p3-ex-official-vu200,56b0f057-a71d-4f77-a6ca-9de0387da059,2026-08-31T18:23:38.818Z,separate_executor,quote_run_dispatch_probe,200,5644.92,success,,200,success
p3-ex-official-vu200,12b6e55b-8386-4ded-9f71-ca68b8d6fed8,2026-08-31T18:23:38.822Z,separate_executor,quote_run_dispatch_probe,200,5836.11,success,,200,success
p3-ex-official-vu200,1af8a529-208e-45bd-8d77-766a42a63444,2026-08-31T18:23:38.933Z,separate_executor,quote_run_dispatch_probe,200,5741.16,success,,200,success
p3-ex-official-vu200,fdbc23fe-8cb5-4a96-b420-3d10dfedf8dc,2026-08-31T18:23:38.937Z,separate_executor,quote_run_dispatch_probe,200,5473.99,success,,200,success
p3-ex-official-vu200,08ca803a-76e7-4832-9492-c48a304bdb94,2026-08-31T18:23:39.032Z,separate_executor,quote_run_dispatch_probe,200,5630.97,success,,200,success
p3-ex-official-vu200,6401fa37-e97e-4195-befc-ee356188d4f8,2026-08-31T18:23:39.137Z,separate_executor,quote_run_dispatch_probe,200,5800.78,success,,200,success
p3-ex-official-vu200,8893671c-3bfc-4964-bb8d-1872050265d4,2026-08-31T18:23:39.188Z,separate_executor,quote_run_dispatch_probe,200,5922.78,success,,200,success
p3-ex-official-vu200,5716f172-d80c-452e-b1dc-42f62a54c259,2026-08-31T18:23:39.233Z,separate_executor,quote_run_dispatch_probe,200,5926.06,success,,200,success
p3-ex-official-vu200,16b2265a-469f-4b92-bb8c-7cca70c4ca33,2026-08-31T18:23:39.284Z,separate_executor,quote_run_dispatch_probe,200,5633.5,success,,200,success
p3-ex-official-vu200,9fcd53e5-2d2a-4e47-ab5a-1eaa4a6262e2,2026-08-31T18:23:39.352Z,separate_executor,quote_run_dispatch_probe,200,5891.26,success,,200,success
p3-ex-official-vu200,011dc73c-909a-4e75-95c9-76d78e8933ac,2026-08-31T18:23:39.353Z,separate_executor,quote_run_dispatch_probe,200,6040.15,success,,200,success
p3-ex-official-vu200,0fbb4226-642b-4584-a65a-1c671730cb87,2026-08-31T18:23:39.474Z,separate_executor,quote_run_dispatch_probe,200,6021.61,success,,200,success
p3-ex-official-vu200,4430b0c6-acc6-4773-b4aa-820f7347f691,2026-08-31T18:23:39.538Z,separate_executor,quote_run_dispatch_probe,200,5972.53,success,,200,success
p3-ex-official-vu200,fe723ca9-ab7f-4178-97fa-5654e889bbbe,2026-08-31T18:23:39.653Z,separate_executor,quote_run_dispatch_probe,200,5916.82,success,,200,success
p3-ex-official-vu200,11825151-5f2c-4c1d-8785-9c29db871595,2026-08-31T18:23:39.668Z,separate_executor,quote_run_dispatch_probe,200,5721.88,success,,200,success
p3-ex-official-vu200,bfec2197-8459-44ae-a5a9-000473ee5c3b,2026-08-31T18:23:39.699Z,separate_executor,quote_run_dispatch_probe,200,5746.16,success,,200,success
p3-ex-official-vu200,63405eca-30ea-475f-8e51-6030784b69a0,2026-08-31T18:23:39.734Z,separate_executor,quote_run_dispatch_probe,200,5780.03,success,,200,success
p3-ex-official-vu200,e9f2ba5e-07f2-4f7f-88c3-82e9a60a78d0,2026-08-31T18:23:39.822Z,separate_executor,quote_run_dispatch_probe,200,5654.28,success,,200,success
p3-ex-official-vu200,2a188052-8666-4692-a9c7-73c99cf1aa00,2026-08-31T18:23:39.834Z,separate_executor,quote_run_dispatch_probe,200,5814.25,success,,200,success
p3-ex-official-vu200,da8b6dba-48a7-450c-8403-4e12a989dcf6,2026-08-31T18:23:39.866Z,separate_executor,quote_run_dispatch_probe,200,6291.22,success,,200,success
p3-ex-official-vu200,1eaa33a9-e685-4e35-9cb3-c542a24e320c,2026-08-31T18:23:39.920Z,separate_executor,quote_run_dispatch_probe,200,5916.39,success,,200,success
p3-ex-official-vu200,31d8a53d-3b2e-4f16-9535-2c66aa922afb,2026-08-31T18:23:39.973Z,separate_executor,quote_run_dispatch_probe,200,5907.71,success,,200,success
p3-ex-official-vu200,3514a97d-255c-4a78-82d9-8906f301f9a1,2026-08-31T18:23:40.216Z,separate_executor,quote_run_dispatch_probe,200,6327.28,success,,200,success
p3-ex-official-vu200,ffbc3586-eff1-40eb-8c0d-1cda1d1bc8fe,2026-08-31T18:23:40.262Z,separate_executor,quote_run_dispatch_probe,200,6094.86,success,,200,success
p3-ex-official-vu200,9e65df13-f3e8-4b8b-b365-395e1830e4a6,2026-08-31T18:23:40.264Z,separate_executor,quote_run_dispatch_probe,200,6533.16,success,,200,success
p3-ex-official-vu200,024242b3-4008-48b7-8973-b976a8d10c46,2026-08-31T18:23:40.271Z,separate_executor,quote_run_dispatch_probe,200,6254.5,success,,200,success
p3-ex-official-vu200,6892ca55-0ff5-4456-bbee-957610cd236f,2026-08-31T18:23:40.273Z,separate_executor,quote_run_dispatch_probe,200,6191.58,success,,200,success
p3-ex-official-vu200,9d2a9059-4601-4a9f-8b84-698ef64769c9,2026-08-31T18:23:40.280Z,separate_executor,quote_run_dispatch_probe,200,5925.85,success,,200,success
p3-ex-official-vu200,1e80f99b-f8a2-4a91-9d47-166e6bbb64d8,2026-08-31T18:23:40.301Z,separate_executor,quote_run_dispatch_probe,200,6730.07,success,,200,success
p3-ex-official-vu200,8dd13b8d-9abc-4a03-a035-8bd54155c6a5,2026-08-31T18:23:40.307Z,separate_executor,quote_run_dispatch_probe,200,6300.61,success,,200,success
p3-ex-official-vu200,512fdc56-d694-445b-bfe1-6c82f8344ed5,2026-08-31T18:23:40.317Z,separate_executor,quote_run_dispatch_probe,200,6307.29,success,,200,success
p3-ex-official-vu200,a6f2da9b-06ec-483f-8c66-8e135c2736a7,2026-08-31T18:23:40.320Z,separate_executor,quote_run_dispatch_probe,200,6122.49,success,,200,success
p3-ex-official-vu200,d716cf33-b391-466a-8b98-22dcd2bc6da6,2026-08-31T18:23:40.321Z,separate_executor,quote_run_dispatch_probe,200,5866.13,success,,200,success
p3-ex-official-vu200,cdce751a-ee09-42ff-a3cc-099f3cdbcab1,2026-08-31T18:23:40.326Z,separate_executor,quote_run_dispatch_probe,200,6032.52,success,,200,success
p3-ex-official-vu200,9b4ed4cf-6045-42f7-9b2e-4c91cd3f0a5c,2026-08-31T18:23:40.343Z,separate_executor,quote_run_dispatch_probe,200,6346.75,success,,200,success
p3-ex-official-vu200,03fb3719-2801-4d52-97db-ae9ca9265733,2026-08-31T18:23:40.355Z,separate_executor,quote_run_dispatch_probe,200,6135.36,success,,200,success
p3-ex-official-vu200,c2b57aeb-00b5-4aea-ad39-29c5c652b0bc,2026-08-31T18:23:40.358Z,separate_executor,quote_run_dispatch_probe,200,6339.74,success,,200,success
p3-ex-official-vu200,c2aea7fc-8b0f-4b3a-9e92-b0d5e49a4f53,2026-08-31T18:23:40.372Z,separate_executor,quote_run_dispatch_probe,200,6222.68,success,,200,success
p3-ex-official-vu200,35b91d95-24f8-41cb-982a-e40181101c53,2026-08-31T18:23:40.385Z,separate_executor,quote_run_dispatch_probe,200,6239.97,success,,200,success
p3-ex-official-vu200,67a5f374-3b1a-4a82-ae04-a7a49717a96d,2026-08-31T18:23:40.388Z,separate_executor,quote_run_dispatch_probe,200,6317.06,success,,200,success
p3-ex-official-vu200,d4e6ce08-e578-44f1-9236-8e9395a461d1,2026-08-31T18:23:40.404Z,separate_executor,quote_run_dispatch_probe,200,5949.62,success,,200,success
p3-ex-official-vu200,8ff55053-829e-45e2-9d7c-ec63ebfe7611,2026-08-31T18:23:40.437Z,separate_executor,quote_run_dispatch_probe,200,6438.59,success,,200,success
p3-ex-official-vu200,fdc6f822-5407-4803-8456-68797cc807a4,2026-08-31T18:23:40.449Z,separate_executor,quote_run_dispatch_probe,200,5984.71,success,,200,success
p3-ex-official-vu200,72501cde-a44d-4b49-9534-7df981f039a7,2026-08-31T18:23:40.464Z,separate_executor,quote_run_dispatch_probe,200,6007.95,success,,200,success
p3-ex-official-vu200,726ec965-eb97-4c4d-92fe-a8edc7b19561,2026-08-31T18:23:40.500Z,separate_executor,quote_run_dispatch_probe,200,5948.14,success,,200,success
p3-ex-official-vu200,38c44d4f-e45c-4c38-8f03-427327244fbd,2026-08-31T18:23:40.509Z,separate_executor,quote_run_dispatch_probe,200,6222.06,success,,200,success
p3-ex-official-vu200,9226597a-048b-4152-879a-17d870ac488b,2026-08-31T18:23:40.523Z,separate_executor,quote_run_dispatch_probe,200,6174.01,success,,200,success
p3-ex-official-vu200,b9ed402d-9ee6-4d6e-83b0-6e40fb9c019e,2026-08-31T18:23:40.537Z,separate_executor,quote_run_dispatch_probe,200,5866.58,success,,200,success
p3-ex-official-vu200,1ba6b982-e03e-45c8-9015-87e6e7dc3580,2026-08-31T18:23:40.539Z,separate_executor,quote_run_dispatch_probe,200,6874.36,success,,200,success
p3-ex-official-vu200,b2064d09-fa3a-4463-b3d1-a74116b1559d,2026-08-31T18:23:40.550Z,separate_executor,quote_run_dispatch_probe,200,6344.01,success,,200,success
p3-ex-official-vu200,c7ce29c6-8f7f-4adc-b634-cf2bf9621c72,2026-08-31T18:23:40.553Z,separate_executor,quote_run_dispatch_probe,200,6316.3,success,,200,success
p3-ex-official-vu200,6cdf5344-f5c9-41fd-add2-6fbdb435ae86,2026-08-31T18:23:40.555Z,separate_executor,quote_run_dispatch_probe,200,6199.21,success,,200,success
p3-ex-official-vu200,b2f972e1-3d0c-47d0-aa75-538ed2791745,2026-08-31T18:23:40.566Z,separate_executor,quote_run_dispatch_probe,200,6103.73,success,,200,success
p3-ex-official-vu200,c00077c3-407a-4db4-b59e-46d6efc93ea9,2026-08-31T18:23:40.570Z,separate_executor,quote_run_dispatch_probe,200,6096.04,success,,200,success
p3-ex-official-vu200,0b695224-40d7-4a7a-a4b7-a817c800dd67,2026-08-31T18:23:40.573Z,separate_executor,quote_run_dispatch_probe,200,6010.75,success,,200,success
p3-ex-official-vu200,7d7aaa0d-09a8-4be1-8100-7074f55dea7b,2026-08-31T18:23:40.580Z,separate_executor,quote_run_dispatch_probe,200,5886.71,success,,200,success
p3-ex-official-vu200,a4b052c8-7a02-4b34-b29c-78509a7009ba,2026-08-31T18:23:40.581Z,separate_executor,quote_run_dispatch_probe,200,6030.63,success,,200,success
p3-ex-official-vu200,20784600-c18f-4c12-92e9-be1ebd9ec714,2026-08-31T18:23:40.591Z,separate_executor,quote_run_dispatch_probe,200,5946.85,success,,200,success
p3-ex-official-vu200,90d833ba-ec1e-4887-a12b-3ceb097e72b0,2026-08-31T18:23:40.619Z,separate_executor,quote_run_dispatch_probe,200,6179.83,success,,200,success
p3-ex-official-vu200,10b75809-55c2-4578-912c-67325692f56a,2026-08-31T18:23:40.620Z,separate_executor,quote_run_dispatch_probe,200,5897.33,success,,200,success
p3-ex-official-vu200,fa77d1b6-a28e-4ebe-a46b-685678d64b47,2026-08-31T18:23:40.628Z,separate_executor,quote_run_dispatch_probe,200,5862.65,success,,200,success
p3-ex-official-vu200,f37344c4-3c70-42bd-baa3-d4fe30ef9848,2026-08-31T18:23:40.630Z,separate_executor,quote_run_dispatch_probe,200,6020.14,success,,200,success
p3-ex-official-vu200,dc1aadda-572a-4b64-a30e-bda2e7eb9457,2026-08-31T18:23:40.634Z,separate_executor,quote_run_dispatch_probe,200,6166.83,success,,200,success
p3-ex-official-vu200,74c1e37c-aa55-4e87-821a-c611267d7792,2026-08-31T18:23:40.674Z,separate_executor,quote_run_dispatch_probe,200,6011.8,success,,200,success
p3-ex-official-vu200,2ddbb5c3-1c31-47b3-90ec-2a77049e4570,2026-08-31T18:23:40.677Z,separate_executor,quote_run_dispatch_probe,200,6232.16,success,,200,success
p3-ex-official-vu200,144a4abb-774d-41ed-8a3b-621a15b57fc7,2026-08-31T18:23:40.702Z,separate_executor,quote_run_dispatch_probe,200,6236.2,success,,200,success
p3-ex-official-vu200,f7e871e9-b47f-4fb6-8850-ea16c9e10f71,2026-08-31T18:23:40.703Z,separate_executor,quote_run_dispatch_probe,200,5830.18,success,,200,success
p3-ex-official-vu200,94e80ae6-43b5-4b42-8a9a-1f59b93b7dae,2026-08-31T18:23:40.704Z,separate_executor,quote_run_dispatch_probe,200,6001.71,success,,200,success
p3-ex-official-vu200,23ca7555-4cb4-4dc5-8b0d-3ab152701164,2026-08-31T18:23:40.719Z,separate_executor,quote_run_dispatch_probe,200,6127.73,success,,200,success
p3-ex-official-vu200,2198024a-1c2f-472d-a31a-553dcab4cd46,2026-08-31T18:23:40.730Z,separate_executor,quote_run_dispatch_probe,200,5814.63,success,,200,success
p3-ex-official-vu200,903bb8e4-00bb-4379-a1f1-4cc750cb6113,2026-08-31T18:23:40.753Z,separate_executor,quote_run_dispatch_probe,200,6079.59,success,,200,success
p3-ex-official-vu200,70efba34-eb37-4a67-8f50-c3b85d464eea,2026-08-31T18:23:40.759Z,separate_executor,quote_run_dispatch_probe,200,6057.57,success,,200,success
p3-ex-official-vu200,cf07e340-b2d9-481d-b20d-cac8ff096b83,2026-08-31T18:23:40.769Z,separate_executor,quote_run_dispatch_probe,200,5987.13,success,,200,success
p3-ex-official-vu200,3c7e61cd-091c-4068-9add-108e0f95dab5,2026-08-31T18:23:40.797Z,separate_executor,quote_run_dispatch_probe,200,6129.06,success,,200,success
p3-ex-official-vu200,c5c59e7f-6766-4943-9fac-f43172b01a4b,2026-08-31T18:23:40.798Z,separate_executor,quote_run_dispatch_probe,200,6140.33,success,,200,success
p3-ex-official-vu200,911c03d0-ef8e-4e93-b495-0cf1a95b0d9e,2026-08-31T18:23:40.804Z,separate_executor,quote_run_dispatch_probe,200,6049.21,success,,200,success
p3-ex-official-vu200,c5692206-bde3-4a28-b1a4-f51cb33253b0,2026-08-31T18:23:40.806Z,separate_executor,quote_run_dispatch_probe,200,6152.55,success,,200,success
p3-ex-official-vu200,66ece6cc-6889-46ea-8cc1-77dd6c5045bb,2026-08-31T18:23:40.815Z,separate_executor,quote_run_dispatch_probe,200,6278.23,success,,200,success
p3-ex-official-vu200,d4e3b054-8ef1-4068-9113-974f388c9128,2026-08-31T18:23:40.853Z,separate_executor,quote_run_dispatch_probe,200,6187.37,success,,200,success
p3-ex-official-vu200,49295d53-024b-446e-9e9d-dfdb5986462b,2026-08-31T18:23:40.854Z,separate_executor,quote_run_dispatch_probe,200,6320.7,success,,200,success
p3-ex-official-vu200,ce77ea75-7571-45ad-8098-da052a0255c7,2026-08-31T18:23:40.868Z,separate_executor,quote_run_dispatch_probe,200,6068.52,success,,200,success
p3-ex-official-vu200,1a6732ce-bea6-4b79-a6be-e6dc77e09646,2026-08-31T18:23:40.870Z,separate_executor,quote_run_dispatch_probe,200,6177.77,success,,200,success
p3-ex-official-vu200,d1a0a03e-d082-4bbd-a053-71482f6ba5dd,2026-08-31T18:23:40.886Z,separate_executor,quote_run_dispatch_probe,200,6119.78,success,,200,success
p3-ex-official-vu200,1904edeb-a4e9-4175-a537-c8e7eb99a041,2026-08-31T18:23:40.893Z,separate_executor,quote_run_dispatch_probe,200,6670.27,success,,200,success
p3-ex-official-vu200,0865082c-ff45-407c-8f09-89f5996b53e0,2026-08-31T18:23:40.947Z,separate_executor,quote_run_dispatch_probe,200,6312.57,success,,200,success
p3-ex-official-vu200,7719087b-faff-4fb8-a22c-293d089f63f3,2026-08-31T18:23:40.949Z,separate_executor,quote_run_dispatch_probe,200,6077.59,success,,200,success
p3-ex-official-vu200,e61148a7-6198-4de8-b86e-cb504434f087,2026-08-31T18:23:40.953Z,separate_executor,quote_run_dispatch_probe,200,6319.77,success,,200,success
p3-ex-official-vu200,dd7ea87b-85fc-41ba-abd9-dadd7fa1fb1c,2026-08-31T18:23:40.954Z,separate_executor,quote_run_dispatch_probe,200,6116.82,success,,200,success
p3-ex-official-vu200,02952eb7-bbd2-4249-ad54-369a12c97242,2026-08-31T18:23:40.956Z,separate_executor,quote_run_dispatch_probe,200,6135.14,success,,200,success
p3-ex-official-vu200,9ab78438-c68a-4e67-a39f-e24bff420af2,2026-08-31T18:23:40.971Z,separate_executor,quote_run_dispatch_probe,200,6019.55,success,,200,success
p3-ex-official-vu200,37c1d6d2-aa03-48d1-aaa2-d8ef43ebe5ef,2026-08-31T18:23:41.000Z,separate_executor,quote_run_dispatch_probe,200,6245.55,success,,200,success
p3-ex-official-vu200,296e282e-4097-40f8-99a0-1b381b36e494,2026-08-31T18:23:41.023Z,separate_executor,quote_run_dispatch_probe,200,6023.66,success,,200,success
p3-ex-official-vu200,609f968e-d9f6-4de0-bf4c-1e190e6f97de,2026-08-31T18:23:41.057Z,separate_executor,quote_run_dispatch_probe,200,6136.28,success,,200,success
p3-ex-official-vu200,a140085e-8564-4e2e-ab9e-e3a953e37a57,2026-08-31T18:23:41.063Z,separate_executor,quote_run_dispatch_probe,200,6145.27,success,,200,success
p3-ex-official-vu200,2d096edc-7b51-476f-868c-fc7ff4230459,2026-08-31T18:23:41.070Z,separate_executor,quote_run_dispatch_probe,200,6102.94,success,,200,success
p3-ex-official-vu200,b8083d86-2614-4808-b4a5-5acb0fbf21e7,2026-08-31T18:23:41.075Z,separate_executor,quote_run_dispatch_probe,200,6187.04,success,,200,success
p3-ex-official-vu200,172bceda-b21d-48bf-b463-a1f9fde31c45,2026-08-31T18:23:41.081Z,separate_executor,quote_run_dispatch_probe,200,6229.29,success,,200,success
p3-ex-official-vu200,f677f02c-53ba-4c6d-afc1-d1a8d7f5ba14,2026-08-31T18:23:41.094Z,separate_executor,quote_run_dispatch_probe,200,5977.69,success,,200,success
p3-ex-official-vu200,7da54134-bb7e-4a40-837d-705ff88fce6a,2026-08-31T18:23:41.159Z,separate_executor,quote_run_dispatch_probe,200,6207.71,success,,200,success
p3-ex-official-vu200,a9fc4090-df71-4e1f-ab8c-69f085514f64,2026-08-31T18:23:41.194Z,separate_executor,quote_run_dispatch_probe,200,6229.67,success,,200,success
p3-ex-official-vu200,e2857698-16cb-4720-b8fb-efe91b4e8a5b,2026-08-31T18:23:41.196Z,separate_executor,quote_run_dispatch_probe,200,6329.73,success,,200,success
p3-ex-official-vu200,5b5cd069-a958-4a28-9e80-584fc4137221,2026-08-31T18:23:41.198Z,separate_executor,quote_run_dispatch_probe,200,6172.54,success,,200,success
p3-ex-official-vu200,48e99892-f5be-4040-8c95-6dc68f59eb70,2026-08-31T18:23:41.200Z,separate_executor,quote_run_dispatch_probe,200,6009.53,success,,200,success
p3-ex-official-vu200,73d6eb92-9156-45e8-b9e8-3512c55200c1,2026-08-31T18:23:41.203Z,separate_executor,quote_run_dispatch_probe,200,6189.34,success,,200,success
p3-ex-official-vu200,a1383e0a-0427-4ea6-beaf-021fab3c1cdc,2026-08-31T18:23:41.214Z,separate_executor,quote_run_dispatch_probe,200,6014.96,success,,200,success
p3-ex-official-vu200,4910e1cb-4054-49ca-a3ca-42a5ef77d082,2026-08-31T18:23:41.229Z,separate_executor,quote_run_dispatch_probe,200,6226.85,success,,200,success
p3-ex-official-vu200,a165ef7e-2d34-4adb-8785-7001422b339a,2026-08-31T18:23:41.236Z,separate_executor,quote_run_dispatch_probe,200,6371.25,success,,200,success
p3-ex-official-vu200,753974f1-b60e-40bf-bee4-c5fac4b813f0,2026-08-31T18:23:41.252Z,separate_executor,quote_run_dispatch_probe,200,6415.66,success,,200,success
p3-ex-official-vu200,1d1681fe-2bb8-4de7-8818-d97c8d868c86,2026-08-31T18:23:41.267Z,separate_executor,quote_run_dispatch_probe,200,6149.27,success,,200,success
p3-ex-official-vu200,b46d4600-2ec1-40dc-9a0c-b3042e2bccf3,2026-08-31T18:23:41.275Z,separate_executor,quote_run_dispatch_probe,200,6302.09,success,,200,success
p3-ex-official-vu200,305d462d-7b98-4fe8-9a19-447b0aa3b97c,2026-08-31T18:23:41.314Z,separate_executor,quote_run_dispatch_probe,200,6358.42,success,,200,success
p3-ex-official-vu200,c8f95b27-33f3-4b72-880f-355bc2bcd5d0,2026-08-31T18:23:41.315Z,separate_executor,quote_run_dispatch_probe,200,6244.69,success,,200,success
p3-ex-official-vu200,00d52acb-3379-47c7-be3c-ace737be6a1f,2026-08-31T18:23:41.316Z,separate_executor,quote_run_dispatch_probe,200,6215.85,success,,200,success
p3-ex-official-vu200,44b5adb8-4901-48b3-b51b-1570a6608693,2026-08-31T18:23:41.317Z,separate_executor,quote_run_dispatch_probe,200,6483.11,success,,200,success
p3-ex-official-vu200,58a9ab50-7603-427b-9e00-cf4d2b3a37e1,2026-08-31T18:23:41.361Z,separate_executor,quote_run_dispatch_probe,200,6156.25,success,,200,success
p3-ex-official-vu200,782c3b16-b978-4e29-b9dd-dcd8d2b33ec9,2026-08-31T18:23:41.373Z,separate_executor,quote_run_dispatch_probe,200,6093.94,success,,200,success
p3-ex-official-vu200,e0e0fc38-68ab-487e-829a-d2316911cba0,2026-08-31T18:23:41.381Z,separate_executor,quote_run_dispatch_probe,200,6297.79,success,,200,success
p3-ex-official-vu200,3a25be47-f64c-4055-9db9-d5cefd60a172,2026-08-31T18:23:41.388Z,separate_executor,quote_run_dispatch_probe,200,6257.33,success,,200,success
p3-ex-official-vu200,ec4af26f-8dcd-422c-9f5a-b3bce1b304d1,2026-08-31T18:23:41.402Z,separate_executor,quote_run_dispatch_probe,200,6206.51,success,,200,success
p3-ex-official-vu200,3b18e50f-38b6-4621-b748-fb53464c9b0d,2026-08-31T18:23:41.405Z,separate_executor,quote_run_dispatch_probe,200,6510.38,success,,200,success
p3-ex-official-vu200,b30c85a0-4bb8-488d-8cfa-84369eeb1282,2026-08-31T18:23:41.405Z,separate_executor,quote_run_dispatch_probe,200,6306.01,success,,200,success
p3-ex-official-vu200,b55dba47-d702-4ff5-b276-1853b79ae20b,2026-08-31T18:23:41.408Z,separate_executor,quote_run_dispatch_probe,200,6402.53,success,,200,success
p3-ex-official-vu200,bc8364cb-6311-44e6-838d-01c24301685f,2026-08-31T18:23:41.456Z,separate_executor,quote_run_dispatch_probe,200,6393.04,success,,200,success
p3-ex-official-vu200,924b4325-ce79-4e4a-b52d-254db798467b,2026-08-31T18:23:41.527Z,separate_executor,quote_run_dispatch_probe,200,6301.8,success,,200,success
p3-ex-official-vu200,c68f19c2-cba4-4409-b53f-f2274ab77a9f,2026-08-31T18:23:41.531Z,separate_executor,quote_run_dispatch_probe,200,6241.21,success,,200,success
p3-ex-official-vu200,b853584e-318e-4fc9-8a8b-d8df1eed0df6,2026-08-31T18:23:41.548Z,separate_executor,quote_run_dispatch_probe,200,6616.81,success,,200,success
p3-ex-official-vu200,edaaa8d4-a265-4e51-b7fa-72a4315f55d3,2026-08-31T18:23:41.550Z,separate_executor,quote_run_dispatch_probe,200,6168.79,success,,200,success
p3-ex-official-vu200,4186908f-bdc4-497a-9fe2-f04339690eb9,2026-08-31T18:23:41.606Z,separate_executor,quote_run_dispatch_probe,200,6090.53,success,,200,success
p3-ex-official-vu200,3ec46a9a-10ea-4a9d-ae00-44e7135b4c65,2026-08-31T18:23:41.626Z,separate_executor,quote_run_dispatch_probe,200,6145.94,success,,200,success
p3-ex-official-vu200,5ebacaa5-36a8-4d06-add1-d5bc45970264,2026-08-31T18:23:41.636Z,separate_executor,quote_run_dispatch_probe,200,6241.98,success,,200,success
p3-ex-official-vu200,2080d16f-4ffc-46e7-b588-d43ff038f0da,2026-08-31T18:23:41.651Z,separate_executor,quote_run_dispatch_probe,200,6271.09,success,,200,success
p3-ex-official-vu200,0bf6c64a-cd92-4b6e-b63d-cadc013283f6,2026-08-31T18:23:41.667Z,separate_executor,quote_run_dispatch_probe,200,6150.57,success,,200,success
p3-ex-official-vu200,3701257f-a40b-41a8-b3a5-4799c8e157cd,2026-08-31T18:23:41.729Z,separate_executor,quote_run_dispatch_probe,200,6275.05,success,,200,success
p3-ex-official-vu200,25606dae-512c-4ce1-b36c-1b3db4adabbb,2026-08-31T18:23:41.809Z,separate_executor,quote_run_dispatch_probe,200,6306.76,success,,200,success
p3-ex-official-vu200,3d9413b3-ac8a-400e-b07d-1f87a155e3ba,2026-08-31T18:23:41.813Z,separate_executor,quote_run_dispatch_probe,200,6347.81,success,,200,success
p3-ex-official-vu200,161ff105-8071-4345-887e-4edea6efc1a8,2026-08-31T18:23:41.814Z,separate_executor,quote_run_dispatch_probe,200,6115.67,success,,200,success
p3-ex-official-vu200,3383bf33-b5ad-45ec-b064-e1f45fc4d2aa,2026-08-31T18:23:41.816Z,separate_executor,quote_run_dispatch_probe,200,6507.72,success,,200,success
p3-ex-official-vu200,c2e826aa-665f-40de-9002-81d01af1cabc,2026-08-31T18:23:41.847Z,separate_executor,quote_run_dispatch_probe,200,6382.81,success,,200,success
p3-ex-official-vu200,54b83347-0e26-4a62-b99c-62d17ab2f236,2026-08-31T18:23:41.856Z,separate_executor,quote_run_dispatch_probe,200,6524.64,success,,200,success
p3-ex-official-vu200,7c931d3a-beb4-470a-8a5b-9b39258614fb,2026-08-31T18:23:41.950Z,separate_executor,quote_run_dispatch_probe,200,6195.97,success,,200,success
p3-ex-official-vu200,458175c2-9ae4-49d1-a2de-8cd1caaadf32,2026-08-31T18:23:41.957Z,separate_executor,quote_run_dispatch_probe,200,6223.1,success,,200,success
p3-ex-official-vu200,9873037d-37e4-4791-a342-6c4fbc459cae,2026-08-31T18:23:42.010Z,separate_executor,quote_run_dispatch_probe,200,6093.26,success,,200,success
p3-ex-official-vu200,4ad43b59-6684-4599-8c79-67f428cc7142,2026-08-31T18:23:42.034Z,separate_executor,quote_run_dispatch_probe,200,6342.14,success,,200,success
p3-ex-official-vu200,d9eddf22-b700-4aa3-a9e7-68b68be07270,2026-08-31T18:23:42.155Z,separate_executor,quote_run_dispatch_probe,200,6437.86,success,,200,success
p3-ex-official-vu200,a8d67449-1c8e-45e8-a71a-e9a7959bda56,2026-08-31T18:23:42.178Z,separate_executor,quote_run_dispatch_probe,200,6411.28,success,,200,success
p3-ex-official-vu200,fa756b23-9921-4649-a8dc-a09e756deafb,2026-08-31T18:23:42.219Z,separate_executor,quote_run_dispatch_probe,200,6115.92,success,,200,success
p3-ex-official-vu200,9cb90ba1-b589-4967-9f3f-59a60158b1b8,2026-08-31T18:23:42.326Z,separate_executor,quote_run_dispatch_probe,200,6625.3,success,,200,success
p3-ex-official-vu200,e4c1c76e-f601-4e24-86d4-7d20d3a1bc79,2026-08-31T18:23:42.363Z,separate_executor,quote_run_dispatch_probe,200,6297.29,success,,200,success
p3-ex-official-vu200,9fd4b341-bfb1-4a7a-ac9f-d005fd138561,2026-08-31T18:23:42.392Z,separate_executor,quote_run_dispatch_probe,200,6296.04,success,,200,success
p3-ex-official-vu200,1ede83cc-deb1-4342-aea0-47e18f0e771b,2026-08-31T18:23:42.453Z,separate_executor,quote_run_dispatch_probe,200,6386.29,success,,200,success
p3-ex-official-vu200,52e6d092-971d-447b-9db7-3366b6442386,2026-08-31T18:23:42.466Z,separate_executor,quote_run_dispatch_probe,200,6497.67,success,,200,success
p3-ex-official-vu200,b6e2afdf-d2d5-4d53-b5b2-7a58804dd321,2026-08-31T18:23:42.513Z,separate_executor,quote_run_dispatch_probe,200,6417.78,success,,200,success
p3-ex-official-vu200,dea13414-b1a9-4ae2-9cd4-7ff639ca12b1,2026-08-31T18:23:42.525Z,separate_executor,quote_run_dispatch_probe,200,6417.92,success,,200,success
p3-ex-official-vu200,7c4d9f57-12ba-4340-9fe1-dd8c52d795d4,2026-08-31T18:23:42.665Z,separate_executor,quote_run_dispatch_probe,200,6485.15,success,,200,success
p3-ex-official-vu200,e2dd8974-7193-4210-9cd3-bc71366f1c25,2026-08-31T18:23:42.721Z,separate_executor,quote_run_dispatch_probe,200,6656.25,success,,200,success
p3-ex-official-vu200,cedee628-7625-4648-9919-e67fc2c54ae8,2026-08-31T18:23:42.733Z,separate_executor,quote_run_dispatch_probe,200,6367.89,success,,200,success
p3-ex-official-vu200,c1861460-be2c-4f1e-b3be-146215cd874f,2026-08-31T18:23:42.734Z,separate_executor,quote_run_dispatch_probe,200,6339.01,success,,200,success
p3-ex-official-vu200,9c5e6a1a-3665-4894-92e8-a54ff9e03882,2026-08-31T18:23:42.754Z,separate_executor,quote_run_dispatch_probe,200,6384.94,success,,200,success
p3-ex-official-vu200,a58231d1-905c-401c-83e7-7a7734ba0eb1,2026-08-31T18:23:42.766Z,separate_executor,quote_run_dispatch_probe,200,6483.96,success,,200,success
p3-ex-official-vu200,797eeb40-b918-40ca-9c48-2b9682832a85,2026-08-31T18:23:42.768Z,separate_executor,quote_run_dispatch_probe,200,6417.81,success,,200,success
p3-ex-official-vu200,3cca20db-1f7f-4490-94bf-1ec5176b2d35,2026-08-31T18:23:42.790Z,separate_executor,quote_run_dispatch_probe,200,6542.35,success,,200,success
p3-ex-official-vu200,6e441a0f-ee80-448d-be47-ca8e30d0b263,2026-08-31T18:23:42.795Z,separate_executor,quote_run_dispatch_probe,200,6141.23,success,,200,success
p3-ex-official-vu200,581791b6-635c-4fe3-af43-90fcf6f161fe,2026-08-31T18:23:42.804Z,separate_executor,quote_run_dispatch_probe,200,6565.97,success,,200,success
p3-ex-official-vu200,53c47d2e-59eb-4fef-9c76-4073f1dad42c,2026-08-31T18:23:42.816Z,separate_executor,quote_run_dispatch_probe,200,6689.08,success,,200,success
p3-ex-official-vu200,dd161a49-5f53-4c5b-938e-2ba23a07c12e,2026-08-31T18:23:42.847Z,separate_executor,quote_run_dispatch_probe,200,5959.77,success,,200,success
p3-ex-official-vu200,ba5c9f1a-5e73-4f97-9d36-5d2f0e7fa50f,2026-08-31T18:23:43.004Z,separate_executor,quote_run_dispatch_probe,200,6525.12,success,,200,success
p3-ex-official-vu200,0d0faee2-c865-447a-993c-cce3182bb44a,2026-08-31T18:23:43.032Z,separate_executor,quote_run_dispatch_probe,200,6687.15,success,,200,success
p3-ex-official-vu200,d46d6a87-a0ec-40f6-bc30-b3f5c8b7d51f,2026-08-31T18:23:43.034Z,separate_executor,quote_run_dispatch_probe,200,6556.82,success,,200,success
p3-ex-official-vu200,9fc8e93d-5836-4ffa-9696-89f134865419,2026-08-31T18:23:43.036Z,separate_executor,quote_run_dispatch_probe,200,6560.12,success,,200,success
p3-ex-official-vu200,3439504d-7d07-4a2b-ba3a-0a18db0fa7c7,2026-08-31T18:23:43.036Z,separate_executor,quote_run_dispatch_probe,200,6851.68,success,,200,success
p3-ex-official-vu200,b43631dc-ad65-4b5a-b1a7-27c341e1667e,2026-08-31T18:23:43.051Z,separate_executor,quote_run_dispatch_probe,200,6326.37,success,,200,success
p3-ex-official-vu200,8dc9a781-6e29-41e6-94b2-d9d34f6921f6,2026-08-31T18:23:43.053Z,separate_executor,quote_run_dispatch_probe,200,6387.49,success,,200,success
p3-ex-official-vu200,d922c6c8-85df-4fb4-a0a3-7024b531963e,2026-08-31T18:23:43.077Z,separate_executor,quote_run_dispatch_probe,200,6420.05,success,,200,success
p3-ex-official-vu200,9c81a90e-7d60-42eb-b268-1faa05657380,2026-08-31T18:23:43.085Z,separate_executor,quote_run_dispatch_probe,200,6402.42,success,,200,success
p3-ex-official-vu200,9ff38206-1446-4c84-8b2a-3ae898be52c5,2026-08-31T18:23:43.099Z,separate_executor,quote_run_dispatch_probe,200,6379.87,success,,200,success
p3-ex-official-vu200,4a6064c9-33f4-429c-8401-1991ed80c45e,2026-08-31T18:23:43.302Z,separate_executor,quote_run_dispatch_probe,200,6390.99,success,,200,success
p3-ex-official-vu200,60e1a3bf-4bd0-426a-81ec-62365a0e5f3e,2026-08-31T18:23:43.387Z,separate_executor,quote_run_dispatch_probe,200,6480.28,success,,200,success
p3-ex-official-vu200,fe4e9cca-b6ae-4dc7-aa8c-624d52ba1ebd,2026-08-31T18:23:43.547Z,separate_executor,quote_run_dispatch_probe,200,6534.13,success,,200,success
p3-ex-official-vu200,3a3cb9b2-aed0-4793-b899-1f535ed51344,2026-08-31T18:23:43.770Z,separate_executor,quote_run_dispatch_probe,200,6630.09,success,,200,success
p3-ex-official-vu200,a846f131-1e8c-402d-a4ea-2a2984ccea01,2026-08-31T18:23:43.869Z,separate_executor,quote_run_dispatch_probe,200,6834.01,success,,200,success
p3-ex-official-vu200,6b35fa6e-0ae0-4e0b-bf5a-b07565178add,2026-08-31T18:23:43.963Z,separate_executor,quote_run_dispatch_probe,200,6413.74,success,,200,success
p3-ex-official-vu200,2e2f95bf-f0ad-47cd-9767-1beaa17ae62f,2026-08-31T18:23:44.035Z,separate_executor,quote_run_dispatch_probe,200,6555.06,success,,200,success
p3-ex-official-vu200,f86c5e6b-7ac2-4ad4-9f53-490f6fa4b127,2026-08-31T18:23:44.043Z,separate_executor,quote_run_dispatch_probe,200,6595.69,success,,200,success
p3-ex-official-vu200,9f5eea16-d0f1-48fc-b274-73084573dd36,2026-08-31T18:23:44.055Z,separate_executor,quote_run_dispatch_probe,200,6295.25,success,,200,success
p3-ex-official-vu200,4d495098-a128-4f2a-9639-f982b51960e7,2026-08-31T18:23:44.079Z,separate_executor,quote_run_dispatch_probe,200,6544.59,success,,200,success
p3-ex-official-vu200,f4b40767-e843-4edc-b7c7-ca9768bc7007,2026-08-31T18:23:44.083Z,separate_executor,quote_run_dispatch_probe,200,6617.72,success,,200,success
p3-ex-official-vu200,fc249cf0-0912-43eb-8cd0-804cdbd0170b,2026-08-31T18:23:44.135Z,separate_executor,quote_run_dispatch_probe,200,6382.06,success,,200,success
p3-ex-official-vu200,42a6b7de-4761-4b61-acd3-fcb0af290d5f,2026-08-31T18:23:44.147Z,separate_executor,quote_run_dispatch_probe,200,6401.89,success,,200,success
p3-ex-official-vu200,558b1aa3-271b-4086-98ab-5a7c5a2a288e,2026-08-31T18:23:44.262Z,separate_executor,quote_run_dispatch_probe,200,6507.68,success,,200,success
p3-ex-official-vu200,c9cbdb78-1bea-4da1-b42b-a2e3b67ef908,2026-08-31T18:23:44.428Z,separate_executor,quote_run_dispatch_probe,200,6429.34,success,,200,success
p3-ex-official-vu200,72d85ce1-ea2c-411a-af12-675e0f248d2e,2026-08-31T18:23:44.548Z,separate_executor,quote_run_dispatch_probe,200,6818.9,success,,200,success
p3-ex-official-vu200,b110f339-c6f7-4236-ae61-539fb0b14e64,2026-08-31T18:23:44.574Z,separate_executor,quote_run_dispatch_probe,200,6836.24,success,,200,success
p3-ex-official-vu200,ed1a7799-baab-4176-874d-bbe31c7fcedc,2026-08-31T18:23:44.593Z,separate_executor,quote_run_dispatch_probe,200,6640.24,success,,200,success
p3-ex-official-vu200,95a2c2c6-1da7-408b-8c81-77f5aed54372,2026-08-31T18:23:44.794Z,separate_executor,quote_run_dispatch_probe,200,6240.39,success,,200,success
p3-ex-official-vu200,c495778b-156a-4fcf-aca8-f1aff9a1522b,2026-08-31T18:23:44.912Z,separate_executor,quote_run_dispatch_probe,200,6301.29,success,,200,success
p3-ex-official-vu200,9e0e2f4c-d1be-4b4a-be86-8caaa44c8552,2026-08-31T18:23:44.946Z,separate_executor,quote_run_dispatch_probe,200,6127.25,success,,200,success
p3-ex-official-vu200,b2bb34aa-ed12-4d7d-ae5f-f01b9ce80dbf,2026-08-31T18:23:44.999Z,separate_executor,quote_run_dispatch_probe,200,6819.97,success,,200,success
p3-ex-official-vu200,cb820dee-6aea-4a71-a779-2becab15f78c,2026-08-31T18:23:45.122Z,separate_executor,quote_run_dispatch_probe,200,6419.22,success,,200,success
p3-ex-official-vu200,e648b7aa-e2bf-4f84-837b-6f4d819dda58,2026-08-31T18:23:45.241Z,separate_executor,quote_run_dispatch_probe,200,6208.88,success,,200,success
p3-ex-official-vu200,9d85e8c8-4b86-492f-ae5e-94cb55317d95,2026-08-31T18:23:45.291Z,separate_executor,quote_run_dispatch_probe,200,6485.47,success,,200,success
p3-ex-official-vu200,79e7dad4-7d75-435b-9cf2-262e82d9c046,2026-08-31T18:23:45.340Z,separate_executor,quote_run_dispatch_probe,200,6638.29,success,,200,success
p3-ex-official-vu200,7848926b-4396-4ac2-b7c5-02711fedd0ae,2026-08-31T18:23:45.349Z,separate_executor,quote_run_dispatch_probe,200,6527.42,success,,200,success
p3-ex-official-vu200,845eed80-84bf-4df1-b9d2-eeaaa7e3a7de,2026-08-31T18:23:45.369Z,separate_executor,quote_run_dispatch_probe,200,6635.87,success,,200,success
p3-ex-official-vu200,0148ecab-2158-45b1-9022-bce84a8c3549,2026-08-31T18:23:45.389Z,separate_executor,quote_run_dispatch_probe,200,6451.32,success,,200,success
p3-ex-official-vu200,ba218d29-7b0e-4352-a961-1e52a5eacb86,2026-08-31T18:23:45.530Z,separate_executor,quote_run_dispatch_probe,200,6341.19,success,,200,success
p3-ex-official-vu200,de3c88ca-6310-4d33-87c3-9036ff8c1570,2026-08-31T18:23:45.530Z,separate_executor,quote_run_dispatch_probe,200,6596.88,success,,200,success
p3-ex-official-vu200,b25f37ab-8b15-4123-8bd1-0cf8d3284b7d,2026-08-31T18:23:45.621Z,separate_executor,quote_run_dispatch_probe,200,6388.43,success,,200,success
p3-ex-official-vu200,2f2b3048-4736-440d-9313-a30a71d5ac8a,2026-08-31T18:23:45.761Z,separate_executor,quote_run_dispatch_probe,200,6476.51,success,,200,success
p3-ex-official-vu200,1be7965f-202b-4e16-b847-d69ec693e4da,2026-08-31T18:23:45.763Z,separate_executor,quote_run_dispatch_probe,200,6625.74,success,,200,success
p3-ex-official-vu200,d423f15e-84a6-44fe-82de-f63d66d08dfc,2026-08-31T18:23:45.946Z,separate_executor,quote_run_dispatch_probe,200,6246.9,success,,200,success
p3-ex-official-vu200,4f343e9c-f5a7-4eee-a1b4-f8b001939360,2026-08-31T18:23:45.951Z,separate_executor,quote_run_dispatch_probe,200,6297.95,success,,200,success
p3-ex-official-vu200,3dcbd171-9f15-432f-b8db-98a85823ff3d,2026-08-31T18:23:45.953Z,separate_executor,quote_run_dispatch_probe,200,6601.58,success,,200,success
p3-ex-official-vu200,93c8c268-4396-49b2-8cce-31339dbc67c8,2026-08-31T18:23:46.207Z,separate_executor,quote_run_dispatch_probe,200,6472.85,success,,200,success
p3-ex-official-vu200,03c1a3fb-68de-41a2-bc46-78827e3a567c,2026-08-31T18:23:46.208Z,separate_executor,quote_run_dispatch_probe,200,6539.94,success,,200,success
p3-ex-official-vu200,90bd9514-e62e-4179-81f5-80f6a2dd4b21,2026-08-31T18:23:46.346Z,separate_executor,quote_run_dispatch_probe,200,6512.17,success,,200,success
p3-ex-official-vu200,5f4675ef-b33e-425f-a072-b9f637e85021,2026-08-31T18:23:46.414Z,separate_executor,quote_run_dispatch_probe,200,7060.64,success,,200,success
p3-ex-official-vu200,a4bfbf43-36f3-44ea-a139-3c121d01a4d7,2026-08-31T18:23:46.418Z,separate_executor,quote_run_dispatch_probe,200,6880.49,success,,200,success
p3-ex-official-vu200,ba7ab4be-6c01-40db-8005-5595d3e97d64,2026-08-31T18:23:46.423Z,separate_executor,quote_run_dispatch_probe,200,6600.93,success,,200,success
p3-ex-official-vu200,a3c4fffe-7f7b-4375-9b36-06209242af44,2026-08-31T18:23:46.437Z,separate_executor,quote_run_dispatch_probe,200,6963,success,,200,success
p3-ex-official-vu200,464fdb5b-80ac-4589-a452-da16956a199d,2026-08-31T18:23:46.592Z,separate_executor,quote_run_dispatch_probe,200,6725.74,success,,200,success
p3-ex-official-vu200,e47a543f-c739-4124-a1fa-5b41bb4db254,2026-08-31T18:23:46.614Z,separate_executor,quote_run_dispatch_probe,200,6312.11,success,,200,success
p3-ex-official-vu200,7f281b65-d5e3-47eb-b0b5-2381bc4a2b72,2026-08-31T18:23:46.621Z,separate_executor,quote_run_dispatch_probe,200,6266.08,success,,200,success
p3-ex-official-vu200,02ab2361-4621-4d44-82f8-1260215d1cef,2026-08-31T18:23:46.637Z,separate_executor,quote_run_dispatch_probe,200,6668.03,success,,200,success
p3-ex-official-vu200,56b55906-ed7a-4873-bce0-e426340f2057,2026-08-31T18:23:46.748Z,separate_executor,quote_run_dispatch_probe,200,6428.09,success,,200,success
p3-ex-official-vu200,7c8e6c69-03ac-42a9-9150-47b3c8caccef,2026-08-31T18:23:46.748Z,separate_executor,quote_run_dispatch_probe,200,6486.68,success,,200,success
p3-ex-official-vu200,7d9525d1-62c6-41d8-9920-511b062d7e79,2026-08-31T18:23:46.820Z,separate_executor,quote_run_dispatch_probe,200,6476.69,success,,200,success
p3-ex-official-vu200,625380c6-9752-4a81-8bc0-90f0f14c2f5d,2026-08-31T18:23:46.831Z,separate_executor,quote_run_dispatch_probe,200,6381.64,success,,200,success
p3-ex-official-vu200,874aa391-c65e-495b-968f-11aadb85fa91,2026-08-31T18:23:46.853Z,separate_executor,quote_run_dispatch_probe,200,6589.03,success,,200,success
p3-ex-official-vu200,467b5160-abbe-4e2c-b062-a4ffeaf3fa39,2026-08-31T18:23:46.863Z,separate_executor,quote_run_dispatch_probe,200,6362.99,success,,200,success
p3-ex-official-vu200,3abdabb0-39a8-4172-8870-b56e93ef10c3,2026-08-31T18:23:46.924Z,separate_executor,quote_run_dispatch_probe,200,6371.46,success,,200,success
p3-ex-official-vu200,21157000-6e9e-42ca-8229-3146f6a7da00,2026-08-31T18:23:46.925Z,separate_executor,quote_run_dispatch_probe,200,6617.85,success,,200,success
p3-ex-official-vu200,796d5f4f-5549-4ee4-ac6f-8b3e70ff9c9c,2026-08-31T18:23:46.928Z,separate_executor,quote_run_dispatch_probe,200,6463.99,success,,200,success
p3-ex-official-vu200,064fa2dc-3287-42c0-bb63-dd34a03aab74,2026-08-31T18:23:46.948Z,separate_executor,quote_run_dispatch_probe,200,6589.94,success,,200,success
p3-ex-official-vu200,fc007ef2-8478-4354-abab-5baad904fbbe,2026-08-31T18:23:47.012Z,separate_executor,quote_run_dispatch_probe,200,6796.29,success,,200,success
p3-ex-official-vu200,b9295602-6660-421e-92ee-bb06791e4a64,2026-08-31T18:23:47.035Z,separate_executor,quote_run_dispatch_probe,200,6663.68,success,,200,success
p3-ex-official-vu200,fe1a9331-27df-48cd-9154-2bbaabf0d3c5,2026-08-31T18:23:47.189Z,separate_executor,quote_run_dispatch_probe,200,6615.99,success,,200,success
p3-ex-official-vu200,22af6965-8bd7-41b9-95f2-8d6667e42211,2026-08-31T18:23:47.238Z,separate_executor,quote_run_dispatch_probe,200,6715.32,success,,200,success
p3-ex-official-vu200,894727ce-80b9-4bac-8246-2b83edc22e1b,2026-08-31T18:23:47.306Z,separate_executor,quote_run_dispatch_probe,200,6714.33,success,,200,success
p3-ex-official-vu200,ecd7bfbb-517e-434b-9f52-5d6faf38ae46,2026-08-31T18:23:47.312Z,separate_executor,quote_run_dispatch_probe,200,7339.43,success,,200,success
p3-ex-official-vu200,1ada717d-701f-4482-b701-7d2a061fbccd,2026-08-31T18:23:47.316Z,separate_executor,quote_run_dispatch_probe,200,6930.74,success,,200,success
p3-ex-official-vu200,1e90f927-aef1-4616-9dbf-699e38284c9b,2026-08-31T18:23:47.317Z,separate_executor,quote_run_dispatch_probe,200,6879.64,success,,200,success
p3-ex-official-vu200,784bb829-1156-4c3c-8470-13feb402d6f1,2026-08-31T18:23:47.320Z,separate_executor,quote_run_dispatch_probe,200,6615.82,success,,200,success
p3-ex-official-vu200,790c172f-6d82-4023-b9b2-3c7fcf2a8606,2026-08-31T18:23:47.350Z,separate_executor,quote_run_dispatch_probe,200,7077.36,success,,200,success
p3-ex-official-vu200,45ef81d2-26be-4509-a8e4-162381e26914,2026-08-31T18:23:47.351Z,separate_executor,quote_run_dispatch_probe,200,7025.71,success,,200,success
p3-ex-official-vu200,e789cf0f-a327-44df-9d5c-9439ada77b00,2026-08-31T18:23:47.352Z,separate_executor,quote_run_dispatch_probe,200,7071.57,success,,200,success
p3-ex-official-vu200,a5b47894-516c-4eaf-ae0b-a8219949e920,2026-08-31T18:23:47.354Z,separate_executor,quote_run_dispatch_probe,200,6634.74,success,,200,success
p3-ex-official-vu200,fe810d46-1a80-4d0a-8292-9cee571f81ec,2026-08-31T18:23:47.357Z,separate_executor,quote_run_dispatch_probe,200,6553.15,success,,200,success
p3-ex-official-vu200,9e6c4705-1fb5-4539-b026-39b26127496c,2026-08-31T18:23:47.367Z,separate_executor,quote_run_dispatch_probe,200,6812.36,success,,200,success
p3-ex-official-vu200,07fc9d89-12f7-4f09-ae42-a889f154570d,2026-08-31T18:23:47.368Z,separate_executor,quote_run_dispatch_probe,200,6748.17,success,,200,success
p3-ex-official-vu200,031cbded-c431-4e1d-9c37-754d5060157e,2026-08-31T18:23:47.380Z,separate_executor,quote_run_dispatch_probe,200,6677.66,success,,200,success
p3-ex-official-vu200,be4b6621-6217-453f-a116-87374030ba54,2026-08-31T18:23:47.381Z,separate_executor,quote_run_dispatch_probe,200,6762.46,success,,200,success
p3-ex-official-vu200,9026e21c-3320-4bf8-b1b2-c4d623443625,2026-08-31T18:23:47.382Z,separate_executor,quote_run_dispatch_probe,200,6708.32,success,,200,success
p3-ex-official-vu200,32594bf6-e0bc-4dbb-bd04-250ad97610e4,2026-08-31T18:23:47.386Z,separate_executor,quote_run_dispatch_probe,200,6835.42,success,,200,success
p3-ex-official-vu200,414a7515-49d4-453b-a158-4193f98053db,2026-08-31T18:23:47.387Z,separate_executor,quote_run_dispatch_probe,200,6571.41,success,,200,success
p3-ex-official-vu200,58265040-be2c-4cc7-94f2-20d3a393d821,2026-08-31T18:23:47.390Z,separate_executor,quote_run_dispatch_probe,200,7119.52,success,,200,success
p3-ex-official-vu200,61dc0e3d-8540-4fc1-a632-8ab3709a512b,2026-08-31T18:23:47.399Z,separate_executor,quote_run_dispatch_probe,200,6304.77,success,,200,success
p3-ex-official-vu200,4e2b790a-8024-4a2a-9a10-b3770aeaf76d,2026-08-31T18:23:47.420Z,separate_executor,quote_run_dispatch_probe,200,6661.04,success,,200,success
p3-ex-official-vu200,89abb49f-0d63-40c2-9597-85d78e73c3f6,2026-08-31T18:23:47.421Z,separate_executor,quote_run_dispatch_probe,200,6841.05,success,,200,success
p3-ex-official-vu200,48e597a1-4b31-45d6-b29a-3e2e12aca041,2026-08-31T18:23:47.422Z,separate_executor,quote_run_dispatch_probe,200,6692.1,success,,200,success
p3-ex-official-vu200,b2d0ed86-2b83-41be-9318-274d33df8959,2026-08-31T18:23:47.423Z,separate_executor,quote_run_dispatch_probe,200,6841.38,success,,200,success
p3-ex-official-vu200,ff81cf9a-19a1-4a11-8df0-2ff030cbf0cd,2026-08-31T18:23:47.432Z,separate_executor,quote_run_dispatch_probe,200,6862.12,success,,200,success
p3-ex-official-vu200,124699db-c3b7-49a3-899b-21f28f4fb9a2,2026-08-31T18:23:47.433Z,separate_executor,quote_run_dispatch_probe,200,6896.33,success,,200,success
p3-ex-official-vu200,b20a286a-a995-48c8-9c60-aeebfc89fa22,2026-08-31T18:23:47.436Z,separate_executor,quote_run_dispatch_probe,200,7032.31,success,,200,success
p3-ex-official-vu200,92bb969e-0b88-4e18-a26e-d42b3384c340,2026-08-31T18:23:47.437Z,separate_executor,quote_run_dispatch_probe,200,6928.35,success,,200,success
p3-ex-official-vu200,f5386f81-1bed-440f-8954-ad8876ecf1be,2026-08-31T18:23:47.439Z,separate_executor,quote_run_dispatch_probe,200,7117.43,success,,200,success
p3-ex-official-vu200,4a3bb3cb-0b9a-493c-9bc4-ac972d38288d,2026-08-31T18:23:47.440Z,separate_executor,quote_run_dispatch_probe,200,6900.41,success,,200,success
p3-ex-official-vu200,23273204-6ad9-436c-8888-85d448e4dd1c,2026-08-31T18:23:47.453Z,separate_executor,quote_run_dispatch_probe,200,6655.82,success,,200,success
p3-ex-official-vu200,6d87bd8b-9aa3-4010-a881-ac4c5574c269,2026-08-31T18:23:47.468Z,separate_executor,quote_run_dispatch_probe,200,7151.77,success,,200,success
p3-ex-official-vu200,d0454dac-d334-4d4f-9fe6-ca09bb0432a4,2026-08-31T18:23:47.470Z,separate_executor,quote_run_dispatch_probe,200,6615.83,success,,200,success
p3-ex-official-vu200,297d2be6-567d-4211-bfc5-50283268f295,2026-08-31T18:23:47.470Z,separate_executor,quote_run_dispatch_probe,200,6767.27,success,,200,success
p3-ex-official-vu200,f2673360-e66b-4366-896f-86864ebc33fb,2026-08-31T18:23:47.485Z,separate_executor,quote_run_dispatch_probe,200,6919.03,success,,200,success
p3-ex-official-vu200,01c12c8a-388b-481d-8b17-74c0f2a3dee0,2026-08-31T18:23:47.489Z,separate_executor,quote_run_dispatch_probe,200,6719.2,success,,200,success
p3-ex-official-vu200,9335e66d-cf95-4db2-83ce-33cf67163d2f,2026-08-31T18:23:47.501Z,separate_executor,quote_run_dispatch_probe,200,7113.5,success,,200,success
p3-ex-official-vu200,e96e5a3e-9210-41f1-82eb-f682f5a40a58,2026-08-31T18:23:47.503Z,separate_executor,quote_run_dispatch_probe,200,6868.79,success,,200,success
p3-ex-official-vu200,bca6cfc5-9a4d-4138-8c43-551b4c42f6f2,2026-08-31T18:23:47.507Z,separate_executor,quote_run_dispatch_probe,200,6708.57,success,,200,success
p3-ex-official-vu200,aa66030a-8c4f-4ad1-901c-df4657a3879f,2026-08-31T18:23:47.508Z,separate_executor,quote_run_dispatch_probe,200,6830.72,success,,200,success
p3-ex-official-vu200,8a187256-1747-46f2-8763-3940c3cefbff,2026-08-31T18:23:47.517Z,separate_executor,quote_run_dispatch_probe,200,6630.29,success,,200,success
p3-ex-official-vu200,3cb47178-003d-4aa2-9d1b-25a4649b1560,2026-08-31T18:23:47.520Z,separate_executor,quote_run_dispatch_probe,200,6626.54,success,,200,success
p3-ex-official-vu200,b9841729-06ff-477f-9402-bbfd7031838d,2026-08-31T18:23:47.533Z,separate_executor,quote_run_dispatch_probe,200,6726.82,success,,200,success
p3-ex-official-vu200,94333ff0-609c-4e2e-9358-97ff191d9043,2026-08-31T18:23:47.539Z,separate_executor,quote_run_dispatch_probe,200,6584.73,success,,200,success
p3-ex-official-vu200,b0f5d46c-7677-4491-9a76-444aceb4d020,2026-08-31T18:23:47.623Z,separate_executor,quote_run_dispatch_probe,200,6674.17,success,,200,success
p3-ex-official-vu200,f5b59150-7026-4bfc-bc5e-f4a4c5a22cce,2026-08-31T18:23:47.631Z,separate_executor,quote_run_dispatch_probe,200,6574.27,success,,200,success
p3-ex-official-vu200,6b20ba98-847d-4dca-afa0-1c8a4593e8ea,2026-08-31T18:23:47.737Z,separate_executor,quote_run_dispatch_probe,200,6667.78,success,,200,success
p3-ex-official-vu200,ebbe4127-b715-4e73-a12e-9f5efba51a36,2026-08-31T18:23:47.739Z,separate_executor,quote_run_dispatch_probe,200,6658,success,,200,success
p3-ex-official-vu200,ecaa5e70-c77e-4ff2-b700-989b7a3c532a,2026-08-31T18:23:47.754Z,separate_executor,quote_run_dispatch_probe,200,7000.93,success,,200,success
p3-ex-official-vu200,0c2fdce8-57ed-473e-94e6-b0119fe32d43,2026-08-31T18:23:47.754Z,separate_executor,quote_run_dispatch_probe,200,6525.51,success,,200,success
p3-ex-official-vu200,c17410e8-2819-4c32-ba9f-142d65e2bf25,2026-08-31T18:23:47.837Z,separate_executor,quote_run_dispatch_probe,200,7206.94,success,,200,success
p3-ex-official-vu200,445d2089-e06e-4c4d-867a-fdf24c44dad3,2026-08-31T18:23:47.881Z,separate_executor,quote_run_dispatch_probe,200,6476.26,success,,200,success
p3-ex-official-vu200,92ef2286-f3e7-44cb-9795-ac9f58cc124d,2026-08-31T18:23:47.882Z,separate_executor,quote_run_dispatch_probe,200,7253.91,success,,200,success
p3-ex-official-vu200,557185a3-812e-4374-a8d4-a2e80a5f3e4a,2026-08-31T18:23:47.887Z,separate_executor,quote_run_dispatch_probe,200,6260.48,success,,200,success
p3-ex-official-vu200,7bb46be7-01da-450d-a6b9-039427600059,2026-08-31T18:23:47.900Z,separate_executor,quote_run_dispatch_probe,200,6700.38,success,,200,success
p3-ex-official-vu200,3e4d0987-06a6-4379-bc14-86f0c1308588,2026-08-31T18:23:47.931Z,separate_executor,quote_run_dispatch_probe,200,7061.39,success,,200,success
p3-ex-official-vu200,9f923ce9-be20-4d4f-a80d-2dcc64c892ab,2026-08-31T18:23:47.937Z,separate_executor,quote_run_dispatch_probe,200,6980.28,success,,200,success
p3-ex-official-vu200,23c8a539-81fa-44c1-9481-8caad9d86a0f,2026-08-31T18:23:47.939Z,separate_executor,quote_run_dispatch_probe,200,7086.43,success,,200,success
p3-ex-official-vu200,f60edb31-19b7-4330-af04-24d0a781600e,2026-08-31T18:23:48.019Z,separate_executor,quote_run_dispatch_probe,200,6820.64,success,,200,success
p3-ex-official-vu200,a4fe97d6-4c92-4555-8715-e4ae2f117786,2026-08-31T18:23:48.021Z,separate_executor,quote_run_dispatch_probe,200,6818.85,success,,200,success
p3-ex-official-vu200,4071ecea-1980-4dd0-91a9-dfa45449d318,2026-08-31T18:23:48.022Z,separate_executor,quote_run_dispatch_probe,200,7022.83,success,,200,success
p3-ex-official-vu200,794412db-9c3b-4178-8a8e-5e0f2e55d463,2026-08-31T18:23:48.029Z,separate_executor,quote_run_dispatch_probe,200,7161.76,success,,200,success
p3-ex-official-vu200,d2c219ff-5e14-4367-878c-73bd3ff5db3f,2026-08-31T18:23:48.032Z,separate_executor,quote_run_dispatch_probe,200,7008.77,success,,200,success
p3-ex-official-vu200,654d721c-7bbd-415f-bce9-16197bed2804,2026-08-31T18:23:48.041Z,separate_executor,quote_run_dispatch_probe,200,6804.71,success,,200,success
p3-ex-official-vu200,87e13106-cd12-4ecf-9d3c-5e61e98ae747,2026-08-31T18:23:48.051Z,separate_executor,quote_run_dispatch_probe,200,7097.75,success,,200,success
p3-ex-official-vu200,18c38230-0f4b-4e84-b4c1-718d3c4797fa,2026-08-31T18:23:48.119Z,separate_executor,quote_run_dispatch_probe,200,7147.98,success,,200,success
p3-ex-official-vu200,187d2443-a0c9-4b83-8eff-f1c0148a7b18,2026-08-31T18:23:48.121Z,separate_executor,quote_run_dispatch_probe,200,7058.35,success,,200,success
p3-ex-official-vu200,6cb52e99-01b3-4bf8-9245-9860714cff60,2026-08-31T18:23:48.122Z,separate_executor,quote_run_dispatch_probe,200,7175.1,success,,200,success
p3-ex-official-vu200,fb05107a-a44a-4982-8002-ea29ce8c8102,2026-08-31T18:23:48.123Z,separate_executor,quote_run_dispatch_probe,200,6806.49,success,,200,success
p3-ex-official-vu200,48248626-21bf-45bb-947d-f1aa56d172ca,2026-08-31T18:23:48.136Z,separate_executor,quote_run_dispatch_probe,200,6942.27,success,,200,success
p3-ex-official-vu200,7da836c9-98f3-4762-a7af-202b378dd5df,2026-08-31T18:23:48.139Z,separate_executor,quote_run_dispatch_probe,200,6924.95,success,,200,success
p3-ex-official-vu200,e5ec6ee7-09dc-4a2a-bd50-c2e7e0b94618,2026-08-31T18:23:48.140Z,separate_executor,quote_run_dispatch_probe,200,6767.59,success,,200,success
p3-ex-official-vu200,3a839cd2-5963-4c53-96f1-c053214fe437,2026-08-31T18:23:48.147Z,separate_executor,quote_run_dispatch_probe,200,6744.66,success,,200,success
p3-ex-official-vu200,55bde717-1dd3-467c-87bb-4bed47d09b27,2026-08-31T18:23:48.151Z,separate_executor,quote_run_dispatch_probe,200,6884.53,success,,200,success
p3-ex-official-vu200,87cf232e-562f-4b5e-bed9-29e8d9a83ac2,2026-08-31T18:23:48.164Z,separate_executor,quote_run_dispatch_probe,200,7089.08,success,,200,success
p3-ex-official-vu200,c4eef226-3410-48cc-bddb-9fcb32e79602,2026-08-31T18:23:48.171Z,separate_executor,quote_run_dispatch_probe,200,7012.22,success,,200,success
p3-ex-official-vu200,45d2b6f5-013b-4622-b008-2c3227f74fd5,2026-08-31T18:23:48.172Z,separate_executor,quote_run_dispatch_probe,200,6716.05,success,,200,success
p3-ex-official-vu200,5d89aeba-fbf5-4165-a9a6-2c2303f8844d,2026-08-31T18:23:48.189Z,separate_executor,quote_run_dispatch_probe,200,6937.67,success,,200,success
p3-ex-official-vu200,dcbd9fef-1cae-4de7-9edd-49299a9de223,2026-08-31T18:23:48.202Z,separate_executor,quote_run_dispatch_probe,200,6797,success,,200,success
p3-ex-official-vu200,9908585d-f619-4e81-add8-5b1149374433,2026-08-31T18:23:48.213Z,separate_executor,quote_run_dispatch_probe,200,6896.05,success,,200,success
p3-ex-official-vu200,8824cb4f-8a77-4cda-9933-c4f25c70cbee,2026-08-31T18:23:48.215Z,separate_executor,quote_run_dispatch_probe,200,6899.72,success,,200,success
p3-ex-official-vu200,9bf43955-80bb-4afd-ba7e-703ead26d856,2026-08-31T18:23:48.221Z,separate_executor,quote_run_dispatch_probe,200,6840.17,success,,200,success
p3-ex-official-vu200,6aa89c11-7a1a-44cf-80b5-570dc759a82b,2026-08-31T18:23:48.228Z,separate_executor,quote_run_dispatch_probe,200,6913.89,success,,200,success
p3-ex-official-vu200,d4505dd0-216a-434f-9526-db6cf3fee01b,2026-08-31T18:23:48.231Z,separate_executor,quote_run_dispatch_probe,200,6579.49,success,,200,success
p3-ex-official-vu200,0b519704-17c1-4796-a831-2d959bd9e033,2026-08-31T18:23:48.238Z,separate_executor,quote_run_dispatch_probe,200,6570.69,success,,200,success
p3-ex-official-vu200,2f451559-88c9-49fe-8b7f-8023f9b2bcc6,2026-08-31T18:23:48.240Z,separate_executor,quote_run_dispatch_probe,200,6851.44,success,,200,success
p3-ex-official-vu200,16d8a880-cd26-4aaa-a8fa-c11ed42a4c97,2026-08-31T18:23:48.255Z,separate_executor,quote_run_dispatch_probe,200,6704.8,success,,200,success
p3-ex-official-vu200,d800d504-2cd1-4618-86e4-f11058fd4204,2026-08-31T18:23:48.281Z,separate_executor,quote_run_dispatch_probe,200,6919.65,success,,200,success
p3-ex-official-vu200,e023b1b2-a6b3-4642-b054-6a17a5d4bfbf,2026-08-31T18:23:48.282Z,separate_executor,quote_run_dispatch_probe,200,7006.98,success,,200,success
p3-ex-official-vu200,60e8628f-2a2e-410c-a5f1-a3aeffae1a2c,2026-08-31T18:23:48.291Z,separate_executor,quote_run_dispatch_probe,200,6760.04,success,,200,success
p3-ex-official-vu200,3efd0acb-4d97-4e31-bb8c-a231505eae74,2026-08-31T18:23:48.302Z,separate_executor,quote_run_dispatch_probe,200,7105.97,success,,200,success
p3-ex-official-vu200,98cc816e-8777-4187-8a03-de8a0539f8f6,2026-08-31T18:23:48.322Z,separate_executor,quote_run_dispatch_probe,200,6506.49,success,,200,success
p3-ex-official-vu200,430f0dce-d9fc-4103-bb6f-5d40b15cb183,2026-08-31T18:23:48.330Z,separate_executor,quote_run_dispatch_probe,200,6782.3,success,,200,success
p3-ex-official-vu200,1291e692-3f1a-40b4-b289-e0027d3ac55c,2026-08-31T18:23:48.332Z,separate_executor,quote_run_dispatch_probe,200,6695.78,success,,200,success
p3-ex-official-vu200,39148c77-6c38-4e27-bca9-2c93086bb35a,2026-08-31T18:23:48.333Z,separate_executor,quote_run_dispatch_probe,200,6806.12,success,,200,success
p3-ex-official-vu200,a253022d-3156-4c81-b627-30e937583867,2026-08-31T18:23:48.335Z,separate_executor,quote_run_dispatch_probe,200,6606.13,success,,200,success
p3-ex-official-vu200,f925ad3d-6524-4d3c-8408-cc7fd31eed87,2026-08-31T18:23:48.337Z,separate_executor,quote_run_dispatch_probe,200,6730.57,success,,200,success
p3-ex-official-vu200,0563c327-6c32-4824-96c5-2c1c79b2c7f3,2026-08-31T18:23:48.353Z,separate_executor,quote_run_dispatch_probe,200,6544.06,success,,200,success
p3-ex-official-vu200,8493d20f-3d64-4bb2-8ff9-aebe7528d83d,2026-08-31T18:23:48.371Z,separate_executor,quote_run_dispatch_probe,200,6962.79,success,,200,success
p3-ex-official-vu200,a20b863d-d8c9-4e56-a0a2-21f626c6c1b3,2026-08-31T18:23:48.382Z,separate_executor,quote_run_dispatch_probe,200,6535.48,success,,200,success
p3-ex-official-vu200,09a6cbbc-9832-4a5e-ab0e-2ee157c19551,2026-08-31T18:23:48.386Z,separate_executor,quote_run_dispatch_probe,200,6572.47,success,,200,success
p3-ex-official-vu200,d4a39ff9-e78e-4786-ba85-de1d948f47a2,2026-08-31T18:23:48.414Z,separate_executor,quote_run_dispatch_probe,200,6463.01,success,,200,success
p3-ex-official-vu200,4b63a97d-870d-4b49-94c6-d7b0e1097987,2026-08-31T18:23:48.469Z,separate_executor,quote_run_dispatch_probe,200,6434.55,success,,200,success
p3-ex-official-vu200,d3fa2bb5-4f0a-4594-b63b-ed44d791c071,2026-08-31T18:23:48.609Z,separate_executor,quote_run_dispatch_probe,200,6651.65,success,,200,success
p3-ex-official-vu200,639ad2bd-140e-4b65-83ea-518000dce3b2,2026-08-31T18:23:48.610Z,separate_executor,quote_run_dispatch_probe,200,6753.91,success,,200,success
p3-ex-official-vu200,fab2fb21-d1cc-438a-a5b4-2d3c7397c3c3,2026-08-31T18:23:48.616Z,separate_executor,quote_run_dispatch_probe,200,6801.42,success,,200,success
p3-ex-official-vu200,f38a7f7d-bcd8-407c-82c5-b9b5bfa908de,2026-08-31T18:23:48.627Z,separate_executor,quote_run_dispatch_probe,200,6408.11,success,,200,success
p3-ex-official-vu200,9be6476e-c2f1-4d73-b4b3-13ccbae663cb,2026-08-31T18:23:48.684Z,separate_executor,quote_run_dispatch_probe,200,6674.38,success,,200,success
p3-ex-official-vu200,97e5832c-2ffb-4f0d-90ee-9cde5dd5cff5,2026-08-31T18:23:48.685Z,separate_executor,quote_run_dispatch_probe,200,6293.25,success,,200,success
p3-ex-official-vu200,ea51cfbd-2a02-46d3-bf78-ff9aff56ccb6,2026-08-31T18:23:48.688Z,separate_executor,quote_run_dispatch_probe,200,6533.66,success,,200,success
p3-ex-official-vu200,09bd61c7-7ed4-4591-bb7a-d6236eee8ec2,2026-08-31T18:23:48.753Z,separate_executor,quote_run_dispatch_probe,200,6299.83,success,,200,success
p3-ex-official-vu200,494e2413-aaf9-40d8-a19e-a1434c53944a,2026-08-31T18:23:48.784Z,separate_executor,quote_run_dispatch_probe,200,6420.52,success,,200,success
p3-ex-official-vu200,af85a07f-6537-4389-9282-dd093b9c2396,2026-08-31T18:23:48.856Z,separate_executor,quote_run_dispatch_probe,200,6134.83,success,,200,success
p3-ex-official-vu200,9e22e1ae-5b92-4d98-a3d7-f1b578ab287b,2026-08-31T18:23:48.881Z,separate_executor,quote_run_dispatch_probe,200,6112.96,success,,200,success
p3-ex-official-vu200,6aaee791-259d-4f0e-9553-9b0e7b55afd8,2026-08-31T18:23:48.887Z,separate_executor,quote_run_dispatch_probe,200,6154.43,success,,200,success
p3-ex-official-vu200,46bb6d58-caa5-4637-9604-a40b1e725a88,2026-08-31T18:23:48.944Z,separate_executor,quote_run_dispatch_probe,200,6766.54,success,,200,success
p3-ex-official-vu200,e737f080-06af-4fd4-9efa-e2b3cb785075,2026-08-31T18:23:48.988Z,separate_executor,quote_run_dispatch_probe,200,6234.31,success,,200,success
p3-ex-official-vu200,5bbc5e38-27fe-4bc2-8e86-97722d8d45ec,2026-08-31T18:23:49.017Z,separate_executor,quote_run_dispatch_probe,200,6691.43,success,,200,success
p3-ex-official-vu200,42b2712c-6535-4259-b5ad-0656e4abb111,2026-08-31T18:23:49.065Z,separate_executor,quote_run_dispatch_probe,200,6599.12,success,,200,success
p3-ex-official-vu200,0b6171a4-2cb6-4d0c-8d63-397bc2201714,2026-08-31T18:23:49.134Z,separate_executor,quote_run_dispatch_probe,200,6621.24,success,,200,success
p3-ex-official-vu200,e90afe66-e4fc-45b3-88ae-2510169a6a9c,2026-08-31T18:23:49.163Z,separate_executor,quote_run_dispatch_probe,200,6109.9,success,,200,success
p3-ex-official-vu200,90d11196-c8ff-4bf4-9739-bf7e8a5c1bc0,2026-08-31T18:23:49.184Z,separate_executor,quote_run_dispatch_probe,200,6389.1,success,,200,success
p3-ex-official-vu200,a5610f61-98e6-412d-9608-01c3defa92b7,2026-08-31T18:23:49.213Z,separate_executor,quote_run_dispatch_probe,200,6209.89,success,,200,success
p3-ex-official-vu200,5b7d8ee8-9a30-4e36-b066-e7f15903839b,2026-08-31T18:23:49.216Z,separate_executor,quote_run_dispatch_probe,200,6482.76,success,,200,success
p3-ex-official-vu200,602fc7b6-5c00-42bb-88f0-0e304c121df4,2026-08-31T18:23:49.253Z,separate_executor,quote_run_dispatch_probe,200,6588.38,success,,200,success
p3-ex-official-vu200,a472a4f1-08c7-4e96-bb18-0d38c7a5ab69,2026-08-31T18:23:49.314Z,separate_executor,quote_run_dispatch_probe,200,6282.56,success,,200,success
p3-ex-official-vu200,08fa8f9f-9c68-4ece-8001-2211f3fe463a,2026-08-31T18:23:49.321Z,separate_executor,quote_run_dispatch_probe,200,6284.6,success,,200,success
p3-ex-official-vu200,0ead7eef-9d7b-40e7-ba8c-6fb4049e0229,2026-08-31T18:23:49.325Z,separate_executor,quote_run_dispatch_probe,200,6478.15,success,,200,success
p3-ex-official-vu200,49d88bb7-1fcb-4180-a185-51f8e2e0bfb0,2026-08-31T18:23:49.471Z,separate_executor,quote_run_dispatch_probe,200,6437.94,success,,200,success
p3-ex-official-vu200,f2770943-10f0-4518-a241-4d3a5db45a46,2026-08-31T18:23:49.511Z,separate_executor,quote_run_dispatch_probe,200,6706.96,success,,200,success
p3-ex-official-vu200,e418445a-3a96-412a-8a24-7a575fcdee73,2026-08-31T18:23:49.543Z,separate_executor,quote_run_dispatch_probe,200,6726.11,success,,200,success
p3-ex-official-vu200,bc89d1a0-c95c-4621-8aee-71c589e58e43,2026-08-31T18:23:49.639Z,separate_executor,quote_run_dispatch_probe,200,6562.26,success,,200,success
p3-ex-official-vu200,21846225-7c2b-4968-88e0-528cfdbcd2e0,2026-08-31T18:23:49.648Z,separate_executor,quote_run_dispatch_probe,200,7123.4,success,,200,success
p3-ex-official-vu200,a181673c-fce3-4aa6-be94-defa41e91391,2026-08-31T18:23:49.652Z,separate_executor,quote_run_dispatch_probe,200,6861.97,success,,200,success
p3-ex-official-vu200,038960fd-9dbf-4289-95b8-92f03968b84a,2026-08-31T18:23:49.654Z,separate_executor,quote_run_dispatch_probe,200,6888.11,success,,200,success
p3-ex-official-vu200,879fc881-f3a3-4516-bd25-7f3c4a965278,2026-08-31T18:23:49.659Z,separate_executor,quote_run_dispatch_probe,200,6623.42,success,,200,success
p3-ex-official-vu200,22074483-abac-4fae-bd14-5375eaf630c5,2026-08-31T18:23:49.669Z,separate_executor,quote_run_dispatch_probe,200,6583.87,success,,200,success
p3-ex-official-vu200,1f8d29cd-4402-4cea-9c8d-6a7ee1c48f54,2026-08-31T18:23:49.699Z,separate_executor,quote_run_dispatch_probe,200,6599.84,success,,200,success
p3-ex-official-vu200,d6a672f9-b0b6-4def-bb0c-f4ddb8dfed96,2026-08-31T18:23:49.793Z,separate_executor,quote_run_dispatch_probe,200,6246.53,success,,200,success
p3-ex-official-vu200,8a2e551c-3ba4-4d01-bb55-e92b4aeb4bd9,2026-08-31T18:23:49.805Z,separate_executor,quote_run_dispatch_probe,200,6503.56,success,,200,success
p3-ex-official-vu200,1eda39fd-fec7-42b7-9ab7-9e430ef0119a,2026-08-31T18:23:49.904Z,separate_executor,quote_run_dispatch_probe,200,5940.99,success,,200,success
p3-ex-official-vu200,c93d1b77-1f7a-4309-b5cb-7054ae8d6d6c,2026-08-31T18:23:49.907Z,separate_executor,quote_run_dispatch_probe,200,6519.29,success,,200,success
p3-ex-official-vu200,866f2c51-227b-456d-934a-d90ef2dc94a1,2026-08-31T18:23:50.091Z,separate_executor,quote_run_dispatch_probe,200,7040.19,success,,200,success
p3-ex-official-vu200,146ad484-d263-4d8f-9b66-61644e581d9a,2026-08-31T18:23:50.273Z,separate_executor,quote_run_dispatch_probe,200,6189.99,success,,200,success
p3-ex-official-vu200,fe16e1a0-2f51-4c71-8d5a-55ad40d6ad6b,2026-08-31T18:23:50.291Z,separate_executor,quote_run_dispatch_probe,200,6421.24,success,,200,success
p3-ex-official-vu200,288b6c0d-cb41-4647-a8d0-7a1cfd458440,2026-08-31T18:23:50.345Z,separate_executor,quote_run_dispatch_probe,200,6309.8,success,,200,success
p3-ex-official-vu200,d1ab0702-fd3e-4213-92af-8a74ba79444d,2026-08-31T18:23:50.347Z,separate_executor,quote_run_dispatch_probe,200,6577.38,success,,200,success
p3-ex-official-vu200,128b31d0-2a42-48d1-9456-376b046a6c60,2026-08-31T18:23:50.474Z,separate_executor,quote_run_dispatch_probe,200,6339.27,success,,200,success
p3-ex-official-vu200,e1f19948-578f-4795-a7ac-2761864c40fd,2026-08-31T18:23:50.515Z,separate_executor,quote_run_dispatch_probe,200,6253.28,success,,200,success
p3-ex-official-vu200,045df8f9-15a3-4b96-86ef-bab424051ec3,2026-08-31T18:23:50.565Z,separate_executor,quote_run_dispatch_probe,200,6509.75,success,,200,success
p3-ex-official-vu200,7dae1b75-9e84-4f18-ac01-3579ef201903,2026-08-31T18:23:50.568Z,separate_executor,quote_run_dispatch_probe,200,6488.92,success,,200,success
p3-ex-official-vu200,3ad75d57-d172-4ad9-83ae-d9023ee1c62a,2026-08-31T18:23:50.715Z,separate_executor,quote_run_dispatch_probe,200,6287.18,success,,200,success
p3-ex-official-vu200,3fe9b639-b11e-40b9-b6ee-aba7c5306d04,2026-08-31T18:23:50.718Z,separate_executor,quote_run_dispatch_probe,200,6674.79,success,,200,success
p3-ex-official-vu200,dc9ed15b-3fc3-4fe4-b8d6-ca6ecb5bd29f,2026-08-31T18:23:50.735Z,separate_executor,quote_run_dispatch_probe,200,6588.11,success,,200,success
p3-ex-official-vu200,8dfc2310-8c19-4f3c-9d9e-c588f64c4cfe,2026-08-31T18:23:50.879Z,separate_executor,quote_run_dispatch_probe,200,6084.29,success,,200,success
p3-ex-official-vu200,add3f48f-fc04-4c16-9d05-8da32d919fab,2026-08-31T18:23:50.961Z,separate_executor,quote_run_dispatch_probe,200,6015.52,success,,200,success
p3-ex-official-vu200,dcd52360-0f28-42d9-8558-8657842a51dd,2026-08-31T18:23:50.975Z,separate_executor,quote_run_dispatch_probe,200,5975.79,success,,200,success
p3-ex-official-vu200,fc2d4321-64c3-4979-81b1-2fd09ac7a180,2026-08-31T18:23:51.239Z,separate_executor,quote_run_dispatch_probe,200,6646.14,success,,200,success
p3-ex-official-vu200,b57e4035-44e2-475a-abf0-84337a81b7e0,2026-08-31T18:23:51.267Z,separate_executor,quote_run_dispatch_probe,200,6354.61,success,,200,success
p3-ex-official-vu200,6b2ac043-65f5-4797-b663-5058b58d2a83,2026-08-31T18:23:51.288Z,separate_executor,quote_run_dispatch_probe,200,6740.55,success,,200,success
p3-ex-official-vu200,bbed9dfd-13d5-46d7-8171-ac3b03e2e313,2026-08-31T18:23:51.336Z,separate_executor,quote_run_dispatch_probe,200,5806.12,success,,200,success
p3-ex-official-vu200,ca83d100-cdd2-414d-8799-d49c8a1dcb7d,2026-08-31T18:23:51.470Z,separate_executor,quote_run_dispatch_probe,200,6121.37,success,,200,success
p3-ex-official-vu200,94ad9932-7efc-47b2-b715-443d7c8b6602,2026-08-31T18:23:51.479Z,separate_executor,quote_run_dispatch_probe,200,6905.1,success,,200,success
p3-ex-official-vu200,76f4a812-d705-493e-97aa-9f335e3dcf15,2026-08-31T18:23:51.547Z,separate_executor,quote_run_dispatch_probe,200,6207.58,success,,200,success
p3-ex-official-vu200,9a751afa-35cd-4c77-b66c-df06695cb2e1,2026-08-31T18:23:51.582Z,separate_executor,quote_run_dispatch_probe,200,6341.12,success,,200,success
p3-ex-official-vu200,cd78368d-3457-42e5-800d-2c7ef0ca0f9f,2026-08-31T18:23:51.609Z,separate_executor,quote_run_dispatch_probe,200,6317.67,success,,200,success
p3-ex-official-vu200,4bc617ed-39ce-4e6f-b0c9-e3646667c089,2026-08-31T18:23:51.633Z,separate_executor,quote_run_dispatch_probe,200,6244.61,success,,200,success
p3-ex-official-vu200,a9e3584f-8d31-406d-9857-737990cea6a4,2026-08-31T18:23:51.725Z,separate_executor,quote_run_dispatch_probe,200,6603.24,success,,200,success
p3-ex-official-vu200,722b2e72-db95-4678-8064-78074b0eb84f,2026-08-31T18:23:51.805Z,separate_executor,quote_run_dispatch_probe,200,6274.93,success,,200,success
p3-ex-official-vu200,d0f27f1b-b190-4632-9b1c-e21ead634667,2026-08-31T18:23:51.851Z,separate_executor,quote_run_dispatch_probe,200,5905.64,success,,200,success
p3-ex-official-vu200,6863a574-696d-47c1-828d-9c51158239ac,2026-08-31T18:23:51.882Z,separate_executor,quote_run_dispatch_probe,200,6260.87,success,,200,success
p3-ex-official-vu200,b8bea8ca-5cf1-4d75-a5a6-c0248145e2f1,2026-08-31T18:23:51.888Z,separate_executor,quote_run_dispatch_probe,200,6127.3,success,,200,success
p3-ex-official-vu200,6bc1b68f-436a-42f8-a3fe-d1c78ff3d75e,2026-08-31T18:23:51.905Z,separate_executor,quote_run_dispatch_probe,200,6142.31,success,,200,success
p3-ex-official-vu200,edf66375-5c69-442c-ae1a-bc3cc0858c52,2026-08-31T18:23:51.919Z,separate_executor,quote_run_dispatch_probe,200,6549.73,success,,200,success
p3-ex-official-vu200,3994028a-8e5e-49f9-853d-41e7d7d3e120,2026-08-31T18:23:52.070Z,separate_executor,quote_run_dispatch_probe,200,5861.84,success,,200,success
p3-ex-official-vu200,a9fa759e-1e2e-4839-9786-199a9bd0d247,2026-08-31T18:23:52.170Z,separate_executor,quote_run_dispatch_probe,200,6219.36,success,,200,success
p3-ex-official-vu200,b23ac521-aaa1-489c-bf08-0a6c69127dfd,2026-08-31T18:23:52.302Z,separate_executor,quote_run_dispatch_probe,200,6348.99,success,,200,success
p3-ex-official-vu200,66be58c2-276f-441b-a1c3-7357532a3015,2026-08-31T18:23:52.402Z,separate_executor,quote_run_dispatch_probe,200,6056.07,success,,200,success
p3-ex-official-vu200,4a040867-b1ac-4f50-9bf5-428f783bb005,2026-08-31T18:23:52.441Z,separate_executor,quote_run_dispatch_probe,200,6234.53,success,,200,success
p3-ex-official-vu200,08234a23-bb83-42f9-96f0-3c3bce834f86,2026-08-31T18:23:52.516Z,separate_executor,quote_run_dispatch_probe,200,6093.29,success,,200,success
p3-ex-official-vu200,9209e76f-cfa3-4092-b82f-682b1b3ca0c2,2026-08-31T18:23:52.839Z,separate_executor,quote_run_dispatch_probe,200,6425.43,success,,200,success
p3-ex-official-vu200,592bcb1a-d13c-4b9b-b76f-da202530c376,2026-08-31T18:23:52.981Z,separate_executor,quote_run_dispatch_probe,200,6359.95,success,,200,success
p3-ex-official-vu200,f8ef7c76-fc55-4ff0-a7b6-9b873166b4f4,2026-08-31T18:23:52.983Z,separate_executor,quote_run_dispatch_probe,200,6368.96,success,,200,success
p3-ex-official-vu200,687f49a6-b7f7-4df0-8f83-c98ac0c8a980,2026-08-31T18:23:53.001Z,separate_executor,quote_run_dispatch_probe,200,6408.45,success,,200,success
p3-ex-official-vu200,ae3eefbd-c632-437f-880d-eb8fbd25c930,2026-08-31T18:23:53.002Z,separate_executor,quote_run_dispatch_probe,200,6583.55,success,,200,success
p3-ex-official-vu200,15e0231d-9a6e-448c-9971-3e9a5599f8c6,2026-08-31T18:23:53.031Z,separate_executor,quote_run_dispatch_probe,200,6168.38,success,,200,success
p3-ex-official-vu200,0093cfe0-32be-48a0-a470-b034a4cdc5a2,2026-08-31T18:23:53.089Z,separate_executor,quote_run_dispatch_probe,200,6269.04,success,,200,success
p3-ex-official-vu200,42afe0cd-437d-4b93-a853-ff518f6cba44,2026-08-31T18:23:53.100Z,separate_executor,quote_run_dispatch_probe,200,6352.65,success,,200,success
p3-ex-official-vu200,e3b26559-4566-4909-9f32-e718cf1dbbbc,2026-08-31T18:23:53.102Z,separate_executor,quote_run_dispatch_probe,200,6465.2,success,,200,success
p3-ex-official-vu200,8e56c562-338a-4ebd-9273-53e194545c76,2026-08-31T18:23:53.167Z,separate_executor,quote_run_dispatch_probe,200,6335.56,success,,200,success
p3-ex-official-vu200,9ab1e65b-19fa-4d92-a226-1aff036c0dd6,2026-08-31T18:23:53.171Z,separate_executor,quote_run_dispatch_probe,200,6246.15,success,,200,success
p3-ex-official-vu200,08ab6dc8-b08d-4da5-b342-ead414908820,2026-08-31T18:23:53.203Z,separate_executor,quote_run_dispatch_probe,200,6765.79,success,,200,success
p3-ex-official-vu200,037d8e9d-9240-4ea2-a9c1-f91bdeb4577a,2026-08-31T18:23:53.281Z,separate_executor,quote_run_dispatch_probe,200,6352.34,success,,200,success
p3-ex-official-vu200,c1043b2e-02e7-47e4-8a1a-1c9090671871,2026-08-31T18:23:53.286Z,separate_executor,quote_run_dispatch_probe,200,6433.38,success,,200,success
p3-ex-official-vu200,54e440bc-6e23-4aba-9963-f8b0b9be636a,2026-08-31T18:23:53.288Z,separate_executor,quote_run_dispatch_probe,200,6340.51,success,,200,success
p3-ex-official-vu200,8ecc2015-adb1-4873-b38e-1d0675c3efe5,2026-08-31T18:23:53.309Z,separate_executor,quote_run_dispatch_probe,200,6384.43,success,,200,success
p3-ex-official-vu200,17447920-e042-4d90-91bf-24257cc96355,2026-08-31T18:23:53.420Z,separate_executor,quote_run_dispatch_probe,200,6103.08,success,,200,success
p3-ex-official-vu200,c27e3018-0bf3-4189-9d36-bd22390c1ffe,2026-08-31T18:23:53.446Z,separate_executor,quote_run_dispatch_probe,200,6698,success,,200,success
p3-ex-official-vu200,e1806b2c-5cfe-40b4-8a51-65cd4e802fe8,2026-08-31T18:23:53.449Z,separate_executor,quote_run_dispatch_probe,200,6413.28,success,,200,success
p3-ex-official-vu200,401874cc-0ff1-4755-9bc6-8b697906bddf,2026-08-31T18:23:53.506Z,separate_executor,quote_run_dispatch_probe,200,6493.97,success,,200,success
p3-ex-official-vu200,c1d01768-652d-4448-8173-21cf0c014d28,2026-08-31T18:23:53.510Z,separate_executor,quote_run_dispatch_probe,200,6157.86,success,,200,success
p3-ex-official-vu200,c0f869ae-e964-4fbb-a8f9-550ac2b44a4a,2026-08-31T18:23:53.570Z,separate_executor,quote_run_dispatch_probe,200,6250.39,success,,200,success
p3-ex-official-vu200,844afed7-a10b-4e8b-bc22-720a5f120b97,2026-08-31T18:23:53.581Z,separate_executor,quote_run_dispatch_probe,200,6392.09,success,,200,success
p3-ex-official-vu200,0addbbbd-8b0d-4d46-9303-f95180cc767f,2026-08-31T18:23:53.597Z,separate_executor,quote_run_dispatch_probe,200,6358.86,success,,200,success
p3-ex-official-vu200,c0464a5c-0231-473b-91ff-482080a75180,2026-08-31T18:23:53.657Z,separate_executor,quote_run_dispatch_probe,200,6299.16,success,,200,success
p3-ex-official-vu200,8c1ef184-a292-477d-af5f-6d2f884e4f32,2026-08-31T18:23:53.660Z,separate_executor,quote_run_dispatch_probe,200,6344.16,success,,200,success
p3-ex-official-vu200,7cffe063-0f0c-4e5c-9a3e-89706e4db9b6,2026-08-31T18:23:53.661Z,separate_executor,quote_run_dispatch_probe,200,6280.1,success,,200,success
p3-ex-official-vu200,89be9d1d-461a-4af6-bd78-19e2074132e6,2026-08-31T18:23:53.662Z,separate_executor,quote_run_dispatch_probe,200,6275.65,success,,200,success
p3-ex-official-vu200,2ae2fef2-8023-4c42-99f6-de6f43449966,2026-08-31T18:23:53.705Z,separate_executor,quote_run_dispatch_probe,200,6319.51,success,,200,success
p3-ex-official-vu200,e5c0c73b-51ec-4d3d-8f61-0fbedfd1e55f,2026-08-31T18:23:53.733Z,separate_executor,quote_run_dispatch_probe,200,6379.47,success,,200,success
p3-ex-official-vu200,a16820b9-09fc-4d62-a593-1a5e157125fd,2026-08-31T18:23:53.735Z,separate_executor,quote_run_dispatch_probe,200,6383.19,success,,200,success
p3-ex-official-vu200,80ecd452-219e-4eda-93ff-e9b53e6eaafe,2026-08-31T18:23:53.749Z,separate_executor,quote_run_dispatch_probe,200,6398.09,success,,200,success
p3-ex-official-vu200,1b6f26ff-ad38-4992-b47d-9c8d179bc048,2026-08-31T18:23:53.771Z,separate_executor,quote_run_dispatch_probe,200,6251.4,success,,200,success
p3-ex-official-vu200,332ff7b6-2ad4-4f0e-9750-72db775da2b1,2026-08-31T18:23:53.787Z,separate_executor,quote_run_dispatch_probe,200,6317.44,success,,200,success
p3-ex-official-vu200,95e02b6b-286d-4ffc-a981-cd5d736bdb5a,2026-08-31T18:23:53.788Z,separate_executor,quote_run_dispatch_probe,200,6389.11,success,,200,success
p3-ex-official-vu200,9316de7e-438b-4f05-b376-cb6cf2744fc1,2026-08-31T18:23:53.820Z,separate_executor,quote_run_dispatch_probe,200,6399.78,success,,200,success
p3-ex-official-vu200,fd80a304-58f6-459b-a322-3475d276e73c,2026-08-31T18:23:53.833Z,separate_executor,quote_run_dispatch_probe,200,6453.37,success,,200,success
p3-ex-official-vu200,623338c4-5880-449d-a170-8fbc9d5f229f,2026-08-31T18:23:53.857Z,separate_executor,quote_run_dispatch_probe,200,6423.91,success,,200,success
p3-ex-official-vu200,a2169eb2-c4d8-4e8a-b5ff-5f544d8ae14b,2026-08-31T18:23:53.915Z,separate_executor,quote_run_dispatch_probe,200,6524.41,success,,200,success
p3-ex-official-vu200,c25d45ce-431a-4692-9f21-b4ff21218994,2026-08-31T18:23:53.916Z,separate_executor,quote_run_dispatch_probe,200,6430.59,success,,200,success
p3-ex-official-vu200,f9e3b3d2-731f-478d-b40b-4b08c5bc0bfd,2026-08-31T18:23:53.933Z,separate_executor,quote_run_dispatch_probe,200,6501.52,success,,200,success
p3-ex-official-vu200,21a6130f-8127-4d01-8a0e-baf7e90d3906,2026-08-31T18:23:53.935Z,separate_executor,quote_run_dispatch_probe,200,6466.33,success,,200,success
p3-ex-official-vu200,565f32da-ce25-4fe0-8833-c7e7e3ff84fc,2026-08-31T18:23:53.947Z,separate_executor,quote_run_dispatch_probe,200,6635.21,success,,200,success
p3-ex-official-vu200,630e2f2f-ddc7-4851-9e28-d643303d2fbd,2026-08-31T18:23:53.949Z,separate_executor,quote_run_dispatch_probe,200,6478.75,success,,200,success
p3-ex-official-vu200,2ce2d67a-dbe8-447b-8106-6e02ce5f7919,2026-08-31T18:23:53.963Z,separate_executor,quote_run_dispatch_probe,200,6429.72,success,,200,success
p3-ex-official-vu200,d6056dbb-7a5c-48b0-a213-420052cbe6c4,2026-08-31T18:23:53.964Z,separate_executor,quote_run_dispatch_probe,200,6462.85,success,,200,success
p3-ex-official-vu200,573d94e5-a585-4a41-a64e-bc883384dfe4,2026-08-31T18:23:53.965Z,separate_executor,quote_run_dispatch_probe,200,6542.24,success,,200,success
p3-ex-official-vu200,0c15acb5-6aa9-4b12-9003-949c177d8237,2026-08-31T18:23:53.974Z,separate_executor,quote_run_dispatch_probe,200,6606.9,success,,200,success
p3-ex-official-vu200,768db17c-54f5-4831-bddd-980ea50ad51f,2026-08-31T18:23:53.977Z,separate_executor,quote_run_dispatch_probe,200,6594.94,success,,200,success
p3-ex-official-vu200,f7ccf01a-930b-4d29-b0d9-a6ade141f2ba,2026-08-31T18:23:53.988Z,separate_executor,quote_run_dispatch_probe,200,6365.17,success,,200,success
p3-ex-official-vu200,b376cd80-3dc1-4648-9f1f-67a34531c55d,2026-08-31T18:23:53.989Z,separate_executor,quote_run_dispatch_probe,200,6450.38,success,,200,success
p3-ex-official-vu200,a4ec689c-7a26-4e3b-82d4-5960bb1d6b7c,2026-08-31T18:23:54.008Z,separate_executor,quote_run_dispatch_probe,200,6253.95,success,,200,success
p3-ex-official-vu200,bd9b4d3f-4b9a-4f92-9ea1-ce864115b4f2,2026-08-31T18:23:54.022Z,separate_executor,quote_run_dispatch_probe,200,6513.99,success,,200,success
p3-ex-official-vu200,c1a10e61-b21b-4c6d-b9a7-5d0aa2fb42c4,2026-08-31T18:23:54.035Z,separate_executor,quote_run_dispatch_probe,200,6595.29,success,,200,success
p3-ex-official-vu200,9bd11dd3-9fa2-4aa6-8097-168462feb3d1,2026-08-31T18:23:54.055Z,separate_executor,quote_run_dispatch_probe,200,6317.23,success,,200,success
p3-ex-official-vu200,cd1d5717-26f7-42de-9521-e3054821d67e,2026-08-31T18:23:54.061Z,separate_executor,quote_run_dispatch_probe,200,6430.37,success,,200,success
p3-ex-official-vu200,9a6c21fd-71e8-4e3b-a5f9-f709db06a95e,2026-08-31T18:23:54.063Z,separate_executor,quote_run_dispatch_probe,200,6308.44,success,,200,success
p3-ex-official-vu200,749e4845-857e-47a9-9321-021b38f11f0c,2026-08-31T18:23:54.070Z,separate_executor,quote_run_dispatch_probe,200,6562.74,success,,200,success
p3-ex-official-vu200,5d15d19c-4712-4900-a0b3-82fb95c95554,2026-08-31T18:23:54.071Z,separate_executor,quote_run_dispatch_probe,200,6702.92,success,,200,success
p3-ex-official-vu200,89c93129-3827-4580-aa32-1c60133386e9,2026-08-31T18:23:54.072Z,separate_executor,quote_run_dispatch_probe,200,6332.65,success,,200,success
p3-ex-official-vu200,98ad9f75-5c71-41bf-bf48-a69060ca22ed,2026-08-31T18:23:54.081Z,separate_executor,quote_run_dispatch_probe,200,6658.45,success,,200,success
p3-ex-official-vu200,17e00c07-7f48-4d7c-a7d8-0c4eecdeab02,2026-08-31T18:23:54.099Z,separate_executor,quote_run_dispatch_probe,200,6217.96,success,,200,success
p3-ex-official-vu200,c11f3b7a-8f4d-41be-93e0-a22a7c540272,2026-08-31T18:23:54.100Z,separate_executor,quote_run_dispatch_probe,200,6218.25,success,,200,success
p3-ex-official-vu200,3a9c4977-4d82-4bae-a177-b0dbe70c6083,2026-08-31T18:23:54.122Z,separate_executor,quote_run_dispatch_probe,200,6618.53,success,,200,success
p3-ex-official-vu200,c5f44f3f-1737-4db1-8565-19004054ee97,2026-08-31T18:23:54.145Z,separate_executor,quote_run_dispatch_probe,200,6656.16,success,,200,success
p3-ex-official-vu200,17f61edc-8b18-4245-985c-a0914efa455d,2026-08-31T18:23:54.169Z,separate_executor,quote_run_dispatch_probe,200,6716.61,success,,200,success
p3-ex-official-vu200,4070bf79-ac7f-4c80-8dfe-4dc4201a464c,2026-08-31T18:23:54.189Z,separate_executor,quote_run_dispatch_probe,200,6671.92,success,,200,success
p3-ex-official-vu200,a5228426-de87-46a7-ad0c-9c0005cc1d8b,2026-08-31T18:23:54.204Z,separate_executor,quote_run_dispatch_probe,200,6765.27,success,,200,success
p3-ex-official-vu200,d1353adc-0249-4f53-8fca-b2c3932bc471,2026-08-31T18:23:54.247Z,separate_executor,quote_run_dispatch_probe,200,6409.79,success,,200,success
p3-ex-official-vu200,d550849c-1197-41a2-ba22-37429a30dbea,2026-08-31T18:23:54.250Z,separate_executor,quote_run_dispatch_probe,200,6829.5,success,,200,success
p3-ex-official-vu200,340f87ce-f57d-4da7-bca5-04f555a5529e,2026-08-31T18:23:54.275Z,separate_executor,quote_run_dispatch_probe,200,6838.62,success,,200,success
p3-ex-official-vu200,06c789fc-bdae-4e47-873b-28b98f2eefd9,2026-08-31T18:23:54.299Z,separate_executor,quote_run_dispatch_probe,200,6861.74,success,,200,success
p3-ex-official-vu200,f5e35852-b209-4836-893a-3338f9a7cb3f,2026-08-31T18:23:54.349Z,separate_executor,quote_run_dispatch_probe,200,6108.81,success,,200,success
p3-ex-official-vu200,910074a9-4b73-4b80-821c-b88b6c66bbaa,2026-08-31T18:23:54.353Z,separate_executor,quote_run_dispatch_probe,200,6022.35,success,,200,success
p3-ex-official-vu200,7d0fa60d-332e-4807-8a81-3a45aacf1a59,2026-08-31T18:23:54.382Z,separate_executor,quote_run_dispatch_probe,200,6495.4,success,,200,success
p3-ex-official-vu200,43db0816-91db-4ed9-9a24-6bb4a943c43f,2026-08-31T18:23:54.383Z,separate_executor,quote_run_dispatch_probe,200,6360.63,success,,200,success
p3-ex-official-vu200,88314443-1cf8-48c1-83e0-79b1d7a94ede,2026-08-31T18:23:54.399Z,separate_executor,quote_run_dispatch_probe,200,6260.63,success,,200,success
p3-ex-official-vu200,6975f591-aca4-4026-9982-2a18b6a082f5,2026-08-31T18:23:54.459Z,separate_executor,quote_run_dispatch_probe,200,6520.1,success,,200,success
p3-ex-official-vu200,1d577b29-38dd-452e-a677-84d6ad94eff5,2026-08-31T18:23:54.466Z,separate_executor,quote_run_dispatch_probe,200,6414.91,success,,200,success
p3-ex-official-vu200,26afa658-b8d2-4a87-88b9-0dc2154a4e60,2026-08-31T18:23:54.472Z,separate_executor,quote_run_dispatch_probe,200,6431.59,success,,200,success
p3-ex-official-vu200,f644024f-b530-4c73-8cd1-b4d70f45ddd6,2026-08-31T18:23:54.515Z,separate_executor,quote_run_dispatch_probe,200,6233.84,success,,200,success
p3-ex-official-vu200,59f09b6d-a20d-4a8b-ad15-94fc0cff557e,2026-08-31T18:23:54.518Z,separate_executor,quote_run_dispatch_probe,200,6488.12,success,,200,success
p3-ex-official-vu200,4f7e417a-cb74-4e04-a123-c91477167924,2026-08-31T18:23:54.706Z,separate_executor,quote_run_dispatch_probe,200,7400.38,success,,200,success
p3-ex-official-vu200,652ec085-2f0f-4a0c-b606-07e67781131c,2026-08-31T18:23:55.452Z,separate_executor,quote_run_dispatch_probe,200,7304.57,success,,200,success
p3-ex-official-vu200,b1df56aa-0e6c-4d97-b5c9-0555dae59924,2026-08-31T18:23:55.453Z,separate_executor,quote_run_dispatch_probe,200,7522.15,success,,200,success
p3-ex-official-vu200,5a98cecc-9eb7-443c-86f6-c035164f79e1,2026-08-31T18:23:55.464Z,separate_executor,quote_run_dispatch_probe,200,7131.46,success,,200,success
p3-ex-official-vu200,1d829dc5-bab8-4571-a3c3-fb4cf23b148a,2026-08-31T18:23:55.465Z,separate_executor,quote_run_dispatch_probe,200,7275.31,success,,200,success
p3-ex-official-vu200,4af462c3-a18b-4980-9c5a-729dbf1884a7,2026-08-31T18:23:55.490Z,separate_executor,quote_run_dispatch_probe,200,7350.15,success,,200,success
p3-ex-official-vu200,02108ec6-d526-4b2e-9531-1b554478b7c5,2026-08-31T18:23:55.520Z,separate_executor,quote_run_dispatch_probe,200,7184.87,success,,200,success
p3-ex-official-vu200,40e13421-40de-4bed-b504-3b1067e6bc3b,2026-08-31T18:23:55.521Z,separate_executor,quote_run_dispatch_probe,200,7398.51,success,,200,success
p3-ex-official-vu200,87faab07-7b16-4bff-a372-82f765cd13a4,2026-08-31T18:23:55.522Z,separate_executor,quote_run_dispatch_probe,200,7136.61,success,,200,success
p3-ex-official-vu200,3150dea7-04f3-4f39-aa4e-4cccfd0047f3,2026-08-31T18:23:55.549Z,separate_executor,quote_run_dispatch_probe,200,7327.45,success,,200,success
p3-ex-official-vu200,75656881-21c0-4828-8ac4-68da241a1337,2026-08-31T18:23:55.550Z,separate_executor,quote_run_dispatch_probe,200,7247.48,success,,200,success
p3-ex-official-vu200,c0eaea93-2291-4f1c-b9f3-39a88f84f7a8,2026-08-31T18:23:55.580Z,separate_executor,quote_run_dispatch_probe,200,7365.31,success,,200,success
p3-ex-official-vu200,0859c385-d1e7-46d6-ae92-df569d852dc1,2026-08-31T18:23:55.595Z,separate_executor,quote_run_dispatch_probe,200,7575.94,success,,200,success
p3-ex-official-vu200,30595508-0c43-4746-a376-c1ec752598be,2026-08-31T18:23:55.601Z,separate_executor,quote_run_dispatch_probe,200,7132.78,success,,200,success
p3-ex-official-vu200,baed4d54-9115-4a65-8766-10a03b7e5610,2026-08-31T18:23:55.604Z,separate_executor,quote_run_dispatch_probe,200,7221.32,success,,200,success
p3-ex-official-vu200,fde824ef-9b5b-47b0-8c92-a3eb01e24d37,2026-08-31T18:23:55.605Z,separate_executor,quote_run_dispatch_probe,200,7483.54,success,,200,success
p3-ex-official-vu200,e0e28968-2dcd-4895-81be-ff6f2dcd9873,2026-08-31T18:23:55.605Z,separate_executor,quote_run_dispatch_probe,200,7403.01,success,,200,success
p3-ex-official-vu200,b9cb689e-2bc5-4f70-b4ff-1b4741a066d1,2026-08-31T18:23:55.769Z,separate_executor,quote_run_dispatch_probe,200,7869.24,success,,200,success
p3-ex-official-vu200,a233b049-4d33-4013-8970-fd99877ca4dd,2026-08-31T18:23:55.785Z,separate_executor,quote_run_dispatch_probe,200,7633.74,success,,200,success
p3-ex-official-vu200,4fc837b6-c408-45cd-a3cf-e5078df82f4c,2026-08-31T18:23:55.787Z,separate_executor,quote_run_dispatch_probe,200,7531.76,success,,200,success
p3-ex-official-vu200,6e4f8e55-7d70-498e-b806-98558ef80a4c,2026-08-31T18:23:55.802Z,separate_executor,quote_run_dispatch_probe,200,7629.78,success,,200,success
p3-ex-official-vu200,3a07110d-5c24-4fe9-a657-bf9fe006221e,2026-08-31T18:23:55.806Z,separate_executor,quote_run_dispatch_probe,200,7641.38,success,,200,success
p3-ex-official-vu200,580afe75-97ff-47cc-8df9-8b8dad0e1290,2026-08-31T18:23:55.822Z,separate_executor,quote_run_dispatch_probe,200,7702.71,success,,200,success
p3-ex-official-vu200,f399975e-e24e-4e40-8806-2b347811ea84,2026-08-31T18:23:55.837Z,separate_executor,quote_run_dispatch_probe,200,7623.5,success,,200,success
p3-ex-official-vu200,1bfd2e31-01b3-4bea-98c0-ed6480ea278b,2026-08-31T18:23:55.848Z,separate_executor,quote_run_dispatch_probe,200,7911.86,success,,200,success
p3-ex-official-vu200,7213da23-97c2-450f-b7a8-1095f214f5f4,2026-08-31T18:23:55.851Z,separate_executor,quote_run_dispatch_probe,200,7679.92,success,,200,success
p3-ex-official-vu200,2f27bf8e-de29-4c32-9502-6241a33189dd,2026-08-31T18:23:55.859Z,separate_executor,quote_run_dispatch_probe,200,7521.92,success,,200,success
p3-ex-official-vu200,17d2f33e-4e21-49db-adc2-2f01c8ce5650,2026-08-31T18:23:55.867Z,separate_executor,quote_run_dispatch_probe,200,7830.59,success,,200,success
p3-ex-official-vu200,3ac1cf79-2ff7-4579-b936-871fb5b5d515,2026-08-31T18:23:55.868Z,separate_executor,quote_run_dispatch_probe,200,7630.2,success,,200,success
p3-ex-official-vu200,d258d2ad-fc6c-4037-b5b1-1ea8e54d10d5,2026-08-31T18:23:55.869Z,separate_executor,quote_run_dispatch_probe,200,7515.74,success,,200,success
p3-ex-official-vu200,b2905d3b-96bd-4c04-a972-41e3ced93931,2026-08-31T18:23:55.875Z,separate_executor,quote_run_dispatch_probe,200,7592.82,success,,200,success
p3-ex-official-vu200,68cd62a6-8056-4c4c-901a-731ff81ca16d,2026-08-31T18:23:55.878Z,separate_executor,quote_run_dispatch_probe,200,7856.61,success,,200,success
p3-ex-official-vu200,0d6f749e-ea4c-4717-9b36-c5f912dabaec,2026-08-31T18:23:55.880Z,separate_executor,quote_run_dispatch_probe,200,7253.28,success,,200,success
p3-ex-official-vu200,d6268156-d20b-4657-beb8-3a9d142fa357,2026-08-31T18:23:55.881Z,separate_executor,quote_run_dispatch_probe,200,7272.31,success,,200,success
p3-ex-official-vu200,a1d7dafe-be77-4476-aa0e-eba7058a7f21,2026-08-31T18:23:55.884Z,separate_executor,quote_run_dispatch_probe,200,7470.35,success,,200,success
p3-ex-official-vu200,1b0cb008-56d1-468a-8fa7-bbfb85326416,2026-08-31T18:23:55.885Z,separate_executor,quote_run_dispatch_probe,200,7552.02,success,,200,success
p3-ex-official-vu200,f7a17abe-18f5-4b19-8b63-5b9066911883,2026-08-31T18:23:55.889Z,separate_executor,quote_run_dispatch_probe,200,7007.94,success,,200,success
p3-ex-official-vu200,caeb17a6-dec2-414c-86ae-5855748f2a75,2026-08-31T18:23:55.905Z,separate_executor,quote_run_dispatch_probe,200,7769.56,success,,200,success
p3-ex-official-vu200,04abe052-5a13-42ea-bac6-3bd7ff148268,2026-08-31T18:23:55.909Z,separate_executor,quote_run_dispatch_probe,200,7680.85,success,,200,success
p3-ex-official-vu200,4981b0c7-6932-4c4b-88f8-24034603710d,2026-08-31T18:23:55.912Z,separate_executor,quote_run_dispatch_probe,200,7681.55,success,,200,success
p3-ex-official-vu200,df16231d-677e-4679-a7df-0cc21ba6aeab,2026-08-31T18:23:55.914Z,separate_executor,quote_run_dispatch_probe,200,6750.89,success,,200,success
p3-ex-official-vu200,112f9ab6-777d-4f6b-9dc7-7118ecbaf090,2026-08-31T18:23:55.915Z,separate_executor,quote_run_dispatch_probe,200,7624.27,success,,200,success
p3-ex-official-vu200,c966179f-1bb4-4240-8a9f-e71f80aea868,2026-08-31T18:23:55.917Z,separate_executor,quote_run_dispatch_probe,200,7595.42,success,,200,success
p3-ex-official-vu200,0a68cd29-91cc-426d-a703-f57abc462cde,2026-08-31T18:23:55.919Z,separate_executor,quote_run_dispatch_probe,200,7548.02,success,,200,success
p3-ex-official-vu200,cce8c0a5-6cc1-4eaa-a3ea-a462d79ec1ed,2026-08-31T18:23:55.920Z,separate_executor,quote_run_dispatch_probe,200,7032.43,success,,200,success
p3-ex-official-vu200,b728648a-38e0-4741-a5eb-dcb1ce7fc8d1,2026-08-31T18:23:55.921Z,separate_executor,quote_run_dispatch_probe,200,7305.57,success,,200,success
p3-ex-official-vu200,e6aeab35-f90a-4cce-9317-88b8aa3df51a,2026-08-31T18:23:55.922Z,separate_executor,quote_run_dispatch_probe,200,7065.83,success,,200,success
p3-ex-official-vu200,9dd201d1-0a32-41b2-9219-356b78d21e18,2026-08-31T18:23:55.924Z,separate_executor,quote_run_dispatch_probe,200,6739.44,success,,200,success
p3-ex-official-vu200,a288a728-de06-4f25-a616-0dcca540980f,2026-08-31T18:23:55.925Z,separate_executor,quote_run_dispatch_probe,200,7803.13,success,,200,success
p3-ex-official-vu200,65a1e187-8668-4dbd-a329-633d2a0d2dbb,2026-08-31T18:23:55.927Z,separate_executor,quote_run_dispatch_probe,200,7242.27,success,,200,success
p3-ex-official-vu200,68045398-12f8-44cf-8329-82b88d2a52d2,2026-08-31T18:23:55.932Z,separate_executor,quote_run_dispatch_probe,200,7247.97,success,,200,success
p3-ex-official-vu200,4b131238-0acb-4fa3-ace4-a80ca0e85c6c,2026-08-31T18:23:55.933Z,separate_executor,quote_run_dispatch_probe,200,6989.07,success,,200,success
p3-ex-official-vu200,3baba5ca-0411-48c6-a297-ffa1790e660d,2026-08-31T18:23:55.935Z,separate_executor,quote_run_dispatch_probe,200,6917.62,success,,200,success
p3-ex-official-vu200,d4881024-6125-41e4-953c-966b5d534bbb,2026-08-31T18:23:55.936Z,separate_executor,quote_run_dispatch_probe,200,7151.76,success,,200,success
p3-ex-official-vu200,270be8ab-aa3b-467d-8436-e1a00454225e,2026-08-31T18:23:55.938Z,separate_executor,quote_run_dispatch_probe,200,7184.5,success,,200,success
p3-ex-official-vu200,4b4ec18b-ef2a-4dea-8809-eaf10f146fbf,2026-08-31T18:23:55.939Z,separate_executor,quote_run_dispatch_probe,200,6722.8,success,,200,success
p3-ex-official-vu200,f022c11d-dd9f-4c5b-970b-29ac00d61096,2026-08-31T18:23:55.956Z,separate_executor,quote_run_dispatch_probe,200,7345.72,success,,200,success
p3-ex-official-vu200,66b953db-fc8f-45f8-a4db-1c5ac7872c18,2026-08-31T18:23:55.966Z,separate_executor,quote_run_dispatch_probe,200,6978.19,success,,200,success
p3-ex-official-vu200,07a7512b-ae65-45e0-96aa-a7b975968fa3,2026-08-31T18:23:55.967Z,separate_executor,quote_run_dispatch_probe,200,6753.9,success,,200,success
p3-ex-official-vu200,7a02b9e0-69c5-4224-8c7f-cb1650d9a921,2026-08-31T18:23:55.969Z,separate_executor,quote_run_dispatch_probe,200,7280.89,success,,200,success
p3-ex-official-vu200,df87b510-f784-4f2f-bb92-9d5a285c1246,2026-08-31T18:23:55.970Z,separate_executor,quote_run_dispatch_probe,200,6315.9,success,,200,success
p3-ex-official-vu200,7a3327fc-9fb4-475b-83b0-85698376cd6c,2026-08-31T18:23:55.971Z,separate_executor,quote_run_dispatch_probe,200,6650.16,success,,200,success
p3-ex-official-vu200,65a4bece-ec2f-40cb-931b-ed1bbb2f1b03,2026-08-31T18:23:55.973Z,separate_executor,quote_run_dispatch_probe,200,6658.59,success,,200,success
p3-ex-official-vu200,c695821b-480d-481e-a403-a9808d3f231b,2026-08-31T18:23:55.974Z,separate_executor,quote_run_dispatch_probe,200,6840.57,success,,200,success
p3-ex-official-vu200,659e1041-a587-4a51-acaf-f105896e1e92,2026-08-31T18:23:55.981Z,separate_executor,quote_run_dispatch_probe,200,6728.06,success,,200,success
p3-ex-official-vu200,b96e48a4-9a94-40ba-b29e-17e9de456abf,2026-08-31T18:23:55.984Z,separate_executor,quote_run_dispatch_probe,200,6344.76,success,,200,success
p3-ex-official-vu200,a2d0419f-b628-47c8-9ba4-aafe36d2347a,2026-08-31T18:23:55.985Z,separate_executor,quote_run_dispatch_probe,200,6337.17,success,,200,success
p3-ex-official-vu200,8d22431a-2b3a-411e-8205-6ecd5c71d003,2026-08-31T18:23:55.987Z,separate_executor,quote_run_dispatch_probe,200,6662.66,success,,200,success
p3-ex-official-vu200,2a4797b3-c6bc-471c-bfeb-baebbb357ab5,2026-08-31T18:23:55.990Z,separate_executor,quote_run_dispatch_probe,200,6478.7,success,,200,success
p3-ex-official-vu200,5deb04c8-e770-44fa-aa2c-1ba8401519d6,2026-08-31T18:23:55.994Z,separate_executor,quote_run_dispatch_probe,200,6325.24,success,,200,success
p3-ex-official-vu200,49569da3-f926-4b1c-952c-87e77fb066a5,2026-08-31T18:23:55.996Z,separate_executor,quote_run_dispatch_probe,200,6524.62,success,,200,success
p3-ex-official-vu200,ab71fab5-0fa9-40d9-8f51-fb031689e96f,2026-08-31T18:23:55.998Z,separate_executor,quote_run_dispatch_probe,200,6204.74,success,,200,success
p3-ex-official-vu200,9d2c1933-c2f7-4c92-a73e-3a1783c9e61b,2026-08-31T18:23:56.000Z,separate_executor,quote_run_dispatch_probe,200,6347.96,success,,200,success
p3-ex-official-vu200,ce11269f-7985-4fc2-9fbd-86cad9d93717,2026-08-31T18:23:56.082Z,separate_executor,quote_run_dispatch_probe,200,7017.11,success,,200,success
p3-ex-official-vu200,5b528440-5b4e-4b77-93e6-047db1ae4710,2026-08-31T18:23:56.097Z,separate_executor,quote_run_dispatch_probe,200,6189.85,success,,200,success
p3-ex-official-vu200,30dca70f-2d15-4c23-9201-c1201a35ecf5,2026-08-31T18:23:56.129Z,separate_executor,quote_run_dispatch_probe,200,6430.84,success,,200,success
p3-ex-official-vu200,1e5ab1b4-e332-42c1-b997-708629d3dd8f,2026-08-31T18:23:56.232Z,separate_executor,quote_run_dispatch_probe,200,5757.6,success,,200,success
p3-ex-official-vu200,7d3ccdf8-7641-4ef8-906d-7f90dc9aea8a,2026-08-31T18:23:56.242Z,separate_executor,quote_run_dispatch_probe,200,5506.67,success,,200,success
p3-ex-official-vu200,2caf86ce-3588-4ac5-8baf-ee6da8006882,2026-08-31T18:23:56.268Z,separate_executor,quote_run_dispatch_probe,200,6176.61,success,,200,success
p3-ex-official-vu200,d858cae7-04f6-43fd-8edd-e7674a82f948,2026-08-31T18:23:56.274Z,separate_executor,quote_run_dispatch_probe,200,5928.65,success,,200,success
p3-ex-official-vu200,62022c5c-42bd-42b5-88ac-8c75b0ba0909,2026-08-31T18:23:56.284Z,separate_executor,quote_run_dispatch_probe,200,6741.62,success,,200,success
p3-ex-official-vu200,17a16c10-e329-4a83-a698-c39e0b17551c,2026-08-31T18:23:56.288Z,separate_executor,quote_run_dispatch_probe,200,6629.07,success,,200,success
p3-ex-official-vu200,0ba8cc9b-1ee5-4204-ac52-15b5e91d8577,2026-08-31T18:23:56.431Z,separate_executor,quote_run_dispatch_probe,200,6083.67,success,,200,success
p3-ex-official-vu200,f2fbc4c8-2a27-449d-91bf-c346e7cf407e,2026-08-31T18:23:56.453Z,separate_executor,quote_run_dispatch_probe,200,6549.04,success,,200,success
p3-ex-official-vu200,e4ffcd6f-51ff-4548-b8ed-698df2c5989f,2026-08-31T18:23:56.462Z,separate_executor,quote_run_dispatch_probe,200,6189.59,success,,200,success
p3-ex-official-vu200,a07dd819-14ab-455b-a454-2485803ac846,2026-08-31T18:23:56.467Z,separate_executor,quote_run_dispatch_probe,200,6176.58,success,,200,success
p3-ex-official-vu200,0bca3435-84ba-4cf4-8d0e-7de2050913fa,2026-08-31T18:23:56.481Z,separate_executor,quote_run_dispatch_probe,200,6675.46,success,,200,success
p3-ex-official-vu200,95219fed-3205-4f02-8ced-c6b56802714a,2026-08-31T18:23:56.638Z,separate_executor,quote_run_dispatch_probe,200,6073.11,success,,200,success
p3-ex-official-vu200,4aa254e5-dd8a-45fb-b04d-09fe30d92120,2026-08-31T18:23:56.697Z,separate_executor,quote_run_dispatch_probe,200,6128.99,success,,200,success
p3-ex-official-vu200,0285f29f-6242-4357-b1a2-0d3f567680fe,2026-08-31T18:23:56.717Z,separate_executor,quote_run_dispatch_probe,200,5755.96,success,,200,success
p3-ex-official-vu200,b7281731-d182-491f-b8d4-c036c07d379a,2026-08-31T18:23:56.724Z,separate_executor,quote_run_dispatch_probe,200,5253.91,success,,200,success
p3-ex-official-vu200,fbb8088e-0b9e-46f1-b10c-a9b32db40894,2026-08-31T18:23:56.731Z,separate_executor,quote_run_dispatch_probe,200,6012.98,success,,200,success
p3-ex-official-vu200,8993a00f-744e-473a-a0d5-1f675e13b770,2026-08-31T18:23:56.837Z,separate_executor,quote_run_dispatch_probe,200,5501.61,success,,200,success
p3-ex-official-vu200,57a65490-8d61-42a9-aac9-e68c21fe2a1d,2026-08-31T18:23:56.844Z,separate_executor,quote_run_dispatch_probe,200,5869.13,success,,200,success
p3-ex-official-vu200,39b05cf0-2fa7-497a-b6f3-b92c6cb81fe3,2026-08-31T18:23:56.877Z,separate_executor,quote_run_dispatch_probe,200,6362.18,success,,200,success
p3-ex-official-vu200,cabfe823-83c3-467f-a6ee-2d2eed6aaba1,2026-08-31T18:23:56.973Z,separate_executor,quote_run_dispatch_probe,200,6093.9,success,,200,success
p3-ex-official-vu200,4c05f8ad-9f00-4ffa-9bc2-5605aca4be56,2026-08-31T18:23:57.025Z,separate_executor,quote_run_dispatch_probe,200,6309.41,success,,200,success
p3-ex-official-vu200,ec9016f6-9305-4008-9796-439f1f0ee25f,2026-08-31T18:23:57.134Z,separate_executor,quote_run_dispatch_probe,200,5867.02,success,,200,success
p3-ex-official-vu200,41cc67c5-6805-4190-bc26-be039d1b36c3,2026-08-31T18:23:57.173Z,separate_executor,quote_run_dispatch_probe,200,5321.3,success,,200,success
p3-ex-official-vu200,11b06ded-2a37-4ef1-9621-77bd55d70dac,2026-08-31T18:23:57.289Z,separate_executor,quote_run_dispatch_probe,200,5741.98,success,,200,success
p3-ex-official-vu200,2f780631-27a3-4991-90f1-d0fc92da6b40,2026-08-31T18:23:57.300Z,separate_executor,quote_run_dispatch_probe,200,5417.78,success,,200,success
p3-ex-official-vu200,857a86a2-628d-4883-84bf-194f9b63cd85,2026-08-31T18:23:57.329Z,separate_executor,quote_run_dispatch_probe,200,6090.34,success,,200,success
p3-ex-official-vu200,58e40d57-cb4c-43f6-91c1-8ab1a30ec962,2026-08-31T18:23:57.461Z,separate_executor,quote_run_dispatch_probe,200,5851.43,success,,200,success
p3-ex-official-vu200,29600f4d-cd7f-4685-9f73-d134858364de,2026-08-31T18:23:57.462Z,separate_executor,quote_run_dispatch_probe,200,5880.07,success,,200,success
p3-ex-official-vu200,693d6fad-b9f8-4fa6-b0f5-6a921e0dbefa,2026-08-31T18:23:57.526Z,separate_executor,quote_run_dispatch_probe,200,6237.88,success,,200,success
p3-ex-official-vu200,bee9b760-1db3-4090-b172-48d1c39c0d51,2026-08-31T18:23:57.533Z,separate_executor,quote_run_dispatch_probe,200,5613.87,success,,200,success
p3-ex-official-vu200,4adc6e49-e708-4616-8369-86d8ec6e9434,2026-08-31T18:23:57.610Z,separate_executor,quote_run_dispatch_probe,200,5885.05,success,,200,success
p3-ex-official-vu200,1917bce0-0fc8-464b-871b-a885b7a38237,2026-08-31T18:23:57.612Z,separate_executor,quote_run_dispatch_probe,200,5723.81,success,,200,success
p3-ex-official-vu200,31f0fe03-ec71-41f4-a5f1-94b22709113a,2026-08-31T18:23:57.683Z,separate_executor,quote_run_dispatch_probe,200,5612.38,success,,200,success
p3-ex-official-vu200,b953edf2-4e34-40ec-baed-af83446d5694,2026-08-31T18:23:57.781Z,separate_executor,quote_run_dispatch_probe,200,5975.6,success,,200,success
p3-ex-official-vu200,7a58f9b4-3255-4f94-80eb-9078f221e126,2026-08-31T18:23:57.809Z,separate_executor,quote_run_dispatch_probe,200,4808.09,success,,200,success
p3-ex-official-vu200,7d6959ed-cb68-4eff-82f1-a27cf7e4a9c8,2026-08-31T18:23:57.810Z,separate_executor,quote_run_dispatch_probe,200,5293.63,success,,200,success
p3-ex-official-vu200,0431afd9-7845-42f1-b18d-543e71ba0482,2026-08-31T18:23:57.818Z,separate_executor,quote_run_dispatch_probe,200,5376.59,success,,200,success
p3-ex-official-vu200,7609d9d9-acbd-45fb-932e-ba27b342beaf,2026-08-31T18:23:57.959Z,separate_executor,quote_run_dispatch_probe,200,6053.95,success,,200,success
p3-ex-official-vu200,ebe7b90d-9eed-44ce-a611-c69ae4db7ee5,2026-08-31T18:23:58.004Z,separate_executor,quote_run_dispatch_probe,200,5701.64,success,,200,success
p3-ex-official-vu200,401c76b1-18f8-4249-a97b-608438d98989,2026-08-31T18:23:58.051Z,separate_executor,quote_run_dispatch_probe,200,6571.38,success,,200,success
p3-ex-official-vu200,12eb53bc-ed10-46f6-8e08-f1d36f612365,2026-08-31T18:23:58.082Z,separate_executor,quote_run_dispatch_probe,200,6448.87,success,,200,success
p3-ex-official-vu200,e7ed5f61-8574-4df6-8cb3-bd8e0f639987,2026-08-31T18:23:58.099Z,separate_executor,quote_run_dispatch_probe,200,5116,success,,200,success
p3-ex-official-vu200,6be76c0f-aa04-45f6-ba82-a7df034b3f93,2026-08-31T18:23:58.215Z,separate_executor,quote_run_dispatch_probe,200,5183.95,success,,200,success
p3-ex-official-vu200,a131c5aa-1463-4921-9f0a-2431c9a62032,2026-08-31T18:23:58.218Z,separate_executor,quote_run_dispatch_probe,200,5117.34,success,,200,success
p3-ex-official-vu200,c227b1ce-026d-4aa4-af7f-ae41913a9a37,2026-08-31T18:23:58.303Z,separate_executor,quote_run_dispatch_probe,200,5214.15,success,,200,success
p3-ex-official-vu200,d7f78eec-3918-4312-b15d-8a67e644d503,2026-08-31T18:23:58.317Z,separate_executor,quote_run_dispatch_probe,200,5145.23,success,,200,success
p3-ex-official-vu200,6f0fd0a9-fd82-4590-af7f-9a0a3a4741c0,2026-08-31T18:23:58.338Z,separate_executor,quote_run_dispatch_probe,200,6167.27,success,,200,success
p3-ex-official-vu200,0877bd52-a3f5-4a89-9155-5ee76eb6abf5,2026-08-31T18:23:58.565Z,separate_executor,quote_run_dispatch_probe,200,6162.69,success,,200,success
p3-ex-official-vu200,89c33762-efd9-4b15-960f-348ff9460b33,2026-08-31T18:23:58.602Z,separate_executor,quote_run_dispatch_probe,200,5620.87,success,,200,success
p3-ex-official-vu200,4499078f-e371-4c3d-a480-947c5e8af1a9,2026-08-31T18:23:58.605Z,separate_executor,quote_run_dispatch_probe,200,5318.97,success,,200,success
p3-ex-official-vu200,cb2577f1-0013-4ca3-a7dc-1c50d8031a64,2026-08-31T18:23:58.754Z,separate_executor,quote_run_dispatch_probe,200,5752.13,success,,200,success
p3-ex-official-vu200,d7d9b48c-b40d-4129-ab2d-25a46d1fe3a0,2026-08-31T18:23:58.786Z,separate_executor,quote_run_dispatch_probe,200,5205.61,success,,200,success
p3-ex-official-vu200,b1dee136-7ca8-4b7b-a977-4873692f81c8,2026-08-31T18:23:59.020Z,separate_executor,quote_run_dispatch_probe,200,5853.47,success,,200,success
p3-ex-official-vu200,fe574fea-9500-40f0-be41-2a2e9bd18cfe,2026-08-31T18:23:59.049Z,separate_executor,quote_run_dispatch_probe,200,5538.8,success,,200,success
p3-ex-official-vu200,d8c3205c-cf29-44d4-955d-913ac6693fe5,2026-08-31T18:23:59.056Z,separate_executor,quote_run_dispatch_probe,200,5767.81,success,,200,success
p3-ex-official-vu200,65193f70-41c1-41b7-a81e-a64cbe580891,2026-08-31T18:23:59.178Z,separate_executor,quote_run_dispatch_probe,200,5869.12,success,,200,success
p3-ex-official-vu200,0342ef38-8813-4b42-b590-a886656b2390,2026-08-31T18:23:59.217Z,separate_executor,quote_run_dispatch_probe,200,6378.1,success,,200,success
p3-ex-official-vu200,7be4d02e-338a-4526-bbe2-21a5c593592c,2026-08-31T18:23:59.222Z,separate_executor,quote_run_dispatch_probe,200,6119.72,success,,200,success
p3-ex-official-vu200,2b268d54-a5d3-4335-a6fd-ddb7f268fded,2026-08-31T18:23:59.287Z,separate_executor,quote_run_dispatch_probe,200,5690.47,success,,200,success
p3-ex-official-vu200,081e95db-1a1d-4290-872a-6d26b37033ad,2026-08-31T18:23:59.368Z,separate_executor,quote_run_dispatch_probe,200,5919.81,success,,200,success
p3-ex-official-vu200,eb63ce64-1a13-43c2-8fa2-3a5cd9a30683,2026-08-31T18:23:59.429Z,separate_executor,quote_run_dispatch_probe,200,5695.08,success,,200,success
p3-ex-official-vu200,d7072767-a93a-4089-bc9d-de67e8332e65,2026-08-31T18:23:59.453Z,separate_executor,quote_run_dispatch_probe,200,6172.36,success,,200,success
p3-ex-official-vu200,4be9ca49-9582-4c5d-a97e-631a29e2dc77,2026-08-31T18:23:59.491Z,separate_executor,quote_run_dispatch_probe,200,5542.29,success,,200,success
p3-ex-official-vu200,3b95d7ca-580d-4b76-9077-afb80df99bd9,2026-08-31T18:23:59.567Z,separate_executor,quote_run_dispatch_probe,200,5904.31,success,,200,success
p3-ex-official-vu200,2274ba23-ca32-48ef-8761-ab9d0dccfec6,2026-08-31T18:23:59.576Z,separate_executor,quote_run_dispatch_probe,200,5915.88,success,,200,success
p3-ex-official-vu200,b737616e-88ff-4689-aa6d-ba60c567d459,2026-08-31T18:23:59.577Z,separate_executor,quote_run_dispatch_probe,200,6006.56,success,,200,success
p3-ex-official-vu200,65e21ce8-6ffb-47c2-86f5-6e3554817f19,2026-08-31T18:23:59.709Z,separate_executor,quote_run_dispatch_probe,200,5731.69,success,,200,success
p3-ex-official-vu200,12a91b92-c4d6-4921-bbd9-358123c6c122,2026-08-31T18:23:59.757Z,separate_executor,quote_run_dispatch_probe,200,6553.58,success,,200,success
p3-ex-official-vu200,0ae9ef79-2e80-42e0-8059-d6af4e4a8151,2026-08-31T18:23:59.781Z,separate_executor,quote_run_dispatch_probe,200,5923.48,success,,200,success
p3-ex-official-vu200,539093dd-95a7-438b-acee-9809c8445ccd,2026-08-31T18:23:59.897Z,separate_executor,quote_run_dispatch_probe,200,6240.46,success,,200,success
p3-ex-official-vu200,7151dcb3-2dfd-4ed6-8b67-7ed72d33c8e0,2026-08-31T18:23:59.898Z,separate_executor,quote_run_dispatch_probe,200,5836.63,success,,200,success
p3-ex-official-vu200,553f2c31-a08e-4435-9985-8454fe89e4e4,2026-08-31T18:24:03.568Z,separate_executor,quote_run_dispatch_probe,200,9862.74,success,,200,success
p3-ex-official-vu200,2fc18477-d749-4126-bef0-ed04f6bdd1b9,2026-08-31T18:24:03.569Z,separate_executor,quote_run_dispatch_probe,200,9820.48,success,,200,success
p3-ex-official-vu200,46c33812-b00b-47d8-9269-be2d7ce2d9cf,2026-08-31T18:24:03.605Z,separate_executor,quote_run_dispatch_probe,200,9870.95,success,,200,success
p3-ex-official-vu200,096d70cf-d26a-48eb-9177-4e08d5a23f93,2026-08-31T18:24:03.633Z,separate_executor,quote_run_dispatch_probe,200,9972.07,success,,200,success
p3-ex-official-vu200,98cba763-3b54-44a6-a025-776651e426a0,2026-08-31T18:24:03.635Z,separate_executor,quote_run_dispatch_probe,200,9670.61,success,,200,success
p3-ex-official-vu200,820507cc-b0d0-4e64-bf52-285e1b986925,2026-08-31T18:24:03.656Z,separate_executor,quote_run_dispatch_probe,200,9648.79,success,,200,success
p3-ex-official-vu200,b4ee9463-2729-45de-bd81-244c0ff1288c,2026-08-31T18:24:03.657Z,separate_executor,quote_run_dispatch_probe,200,9586.32,success,,200,success
p3-ex-official-vu200,25c5672d-1843-46b0-8d5c-9924c7132c17,2026-08-31T18:24:03.710Z,separate_executor,quote_run_dispatch_probe,200,9654.89,success,,200,success
p3-ex-official-vu200,8e487e10-6d20-4c0d-bb3d-dcc99d6c6bb5,2026-08-31T18:24:03.981Z,separate_executor,quote_run_dispatch_probe,200,10046.44,success,,200,success
p3-ex-official-vu200,a160d0d1-7c1a-470d-89de-1286b0da374f,2026-08-31T18:24:03.982Z,separate_executor,quote_run_dispatch_probe,200,10562.15,success,,200,success
p3-ex-official-vu200,ebe7aa16-c96f-4160-947f-67147bd8790e,2026-08-31T18:24:03.983Z,separate_executor,quote_run_dispatch_probe,200,10476.33,success,,200,success
p3-ex-official-vu200,072b76df-e8ea-4856-9167-7a511d82bee1,2026-08-31T18:24:04.838Z,separate_executor,quote_run_dispatch_probe,200,11050.77,success,,200,success
p3-ex-official-vu200,93e91a18-1ce2-49be-a954-4d89875991ff,2026-08-31T18:24:04.838Z,separate_executor,quote_run_dispatch_probe,200,10849.04,success,,200,success
p3-ex-official-vu200,9ddf720b-6386-4b7e-8172-a05d3541d133,2026-08-31T18:24:04.861Z,separate_executor,quote_run_dispatch_probe,200,11414.14,success,,200,success
p3-ex-official-vu200,c0b9b618-69eb-4cae-8b97-8b4acf0c94b7,2026-08-31T18:24:04.914Z,separate_executor,quote_run_dispatch_probe,200,10966.48,success,,200,success
p3-ex-official-vu200,ae99c912-be92-4474-ad19-d4710c69d7ba,2026-08-31T18:24:04.935Z,separate_executor,quote_run_dispatch_probe,200,10972.41,success,,200,success
p3-ex-official-vu200,a0c5b3cb-aaba-44dc-8ba1-d604be08d236,2026-08-31T18:24:04.936Z,separate_executor,quote_run_dispatch_probe,200,11020.95,success,,200,success
p3-ex-official-vu200,859d2406-ea81-493d-9fcf-fcd9b6992996,2026-08-31T18:24:05.065Z,separate_executor,quote_run_dispatch_probe,200,11043,success,,200,success
p3-ex-official-vu200,b69a82d9-9ea5-42e5-a35f-86de6034a8e1,2026-08-31T18:24:05.066Z,separate_executor,quote_run_dispatch_probe,200,10996,success,,200,success
p3-ex-official-vu200,e092ee18-ffdd-4e2e-9c27-196b5527b7f9,2026-08-31T18:24:05.102Z,separate_executor,quote_run_dispatch_probe,200,11067.21,success,,200,success
p3-ex-official-vu200,fad4687f-7a25-4403-b21e-c3b662649a13,2026-08-31T18:24:05.112Z,separate_executor,quote_run_dispatch_probe,200,11178.39,success,,200,success
p3-ex-official-vu200,637937ef-fc6b-4cbc-9e4c-745d6fdb36cb,2026-08-31T18:24:05.112Z,separate_executor,quote_run_dispatch_probe,200,11279.31,success,,200,success
p3-ex-official-vu200,b46a03b0-a674-4dcd-a293-b92882b0a218,2026-08-31T18:24:05.113Z,separate_executor,quote_run_dispatch_probe,200,11013.92,success,,200,success
p3-ex-official-vu200,460c3056-90b5-46b4-b9ad-749c8e290f54,2026-08-31T18:24:05.113Z,separate_executor,quote_run_dispatch_probe,200,11013.13,success,,200,success
p3-ex-official-vu200,9c374a73-5bfe-46d2-b1c4-47b332b459a2,2026-08-31T18:24:05.114Z,separate_executor,quote_run_dispatch_probe,200,10730.49,success,,200,success
p3-ex-official-vu200,985daaa6-d483-4754-9b1d-38071ef1f856,2026-08-31T18:24:05.120Z,separate_executor,quote_run_dispatch_probe,200,10771.07,success,,200,success
p3-ex-official-vu200,d72dc3a4-01ca-4117-bf19-5b8ec35eb141,2026-08-31T18:24:05.135Z,separate_executor,quote_run_dispatch_probe,200,11219.26,success,,200,success
p3-ex-official-vu200,beac0ea4-d4ae-4795-a4be-536a907063a3,2026-08-31T18:24:05.136Z,separate_executor,quote_run_dispatch_probe,200,10676.34,success,,200,success
p3-ex-official-vu200,cf7e7775-e454-43a4-aa4b-c0653a9ebfcc,2026-08-31T18:24:05.136Z,separate_executor,quote_run_dispatch_probe,200,10860.86,success,,200,success
p3-ex-official-vu200,1f18ebb8-1310-4d57-8152-a9d5d693f4c6,2026-08-31T18:24:05.138Z,separate_executor,quote_run_dispatch_probe,200,10933.98,success,,200,success
p3-ex-official-vu200,011f6d34-4643-4fe2-aa33-fe411a451476,2026-08-31T18:24:05.144Z,separate_executor,quote_run_dispatch_probe,200,10896.48,success,,200,success
p3-ex-official-vu200,789afce5-af51-492d-9927-312578730aff,2026-08-31T18:24:05.146Z,separate_executor,quote_run_dispatch_probe,200,10764.26,success,,200,success
p3-ex-official-vu200,bafba040-f53e-4939-a37c-d07bfeb20c7f,2026-08-31T18:24:05.147Z,separate_executor,quote_run_dispatch_probe,200,10674.79,success,,200,success
p3-ex-official-vu200,1053362d-fa6c-4c7a-8d23-232645d46a71,2026-08-31T18:24:05.171Z,separate_executor,quote_run_dispatch_probe,200,10871.57,success,,200,success
p3-ex-official-vu200,78c02828-68ed-43e6-b4c0-c087b006cdd2,2026-08-31T18:24:05.255Z,separate_executor,quote_run_dispatch_probe,200,10739.71,success,,200,success
p3-ex-official-vu200,d62cefd5-34b9-412c-b97b-567c311e1303,2026-08-31T18:24:05.385Z,separate_executor,quote_run_dispatch_probe,200,10919.6,success,,200,success
p3-ex-official-vu200,ed4ee4a9-2a93-4ffb-a07c-e967f2cbfc6d,2026-08-31T18:24:05.386Z,separate_executor,quote_run_dispatch_probe,200,10868.62,success,,200,success
p3-ex-official-vu200,a840f787-9ea1-4d30-acca-119458b3f25c,2026-08-31T18:24:05.636Z,separate_executor,quote_run_dispatch_probe,200,10170.9,success,,200,success
p3-ex-official-vu200,1113e13e-78b5-48cd-a32a-4a8d5bb83163,2026-08-31T18:24:05.637Z,separate_executor,quote_run_dispatch_probe,200,10086.79,success,,200,success
p3-ex-official-vu200,6ec2c2f5-d4b3-47c5-8356-11f8fba1ce40,2026-08-31T18:24:05.637Z,separate_executor,quote_run_dispatch_probe,200,10173.29,success,,200,success
p3-ex-official-vu200,14298cab-a930-41e0-a7a2-c723554d0cca,2026-08-31T18:24:05.637Z,separate_executor,quote_run_dispatch_probe,200,10185.62,success,,200,success
p3-ex-official-vu200,0fca14f3-72fc-4edd-a8c4-9307bdc99f93,2026-08-31T18:24:05.638Z,separate_executor,quote_run_dispatch_probe,200,10117.23,success,,200,success
p3-ex-official-vu200,dc8c5146-66f9-4247-9d48-29c63102effa,2026-08-31T18:24:05.712Z,separate_executor,quote_run_dispatch_probe,200,10107.35,success,,200,success
p3-ex-official-vu200,8de80daa-8753-40a7-a10f-2c2d40ae137a,2026-08-31T18:24:05.712Z,separate_executor,quote_run_dispatch_probe,200,10259.16,success,,200,success
p3-ex-official-vu200,c48a3a7e-46d1-4202-b6fc-0bd88dc2df24,2026-08-31T18:24:05.713Z,separate_executor,quote_run_dispatch_probe,200,10118.12,success,,200,success
p3-ex-official-vu200,e2c80646-92c7-4a8e-95b9-74952966464c,2026-08-31T18:24:05.713Z,separate_executor,quote_run_dispatch_probe,200,10190.83,success,,200,success
p3-ex-official-vu200,1bd0de4b-a46d-4c8b-9734-6a6b8a1d3a64,2026-08-31T18:24:05.713Z,separate_executor,quote_run_dispatch_probe,200,10164.79,success,,200,success
p3-ex-official-vu200,0d1e6ddb-186e-4016-ba94-d870827a9da1,2026-08-31T18:24:05.714Z,separate_executor,quote_run_dispatch_probe,200,9801.46,success,,200,success
p3-ex-official-vu200,92af8b18-347d-4047-9579-f38757388562,2026-08-31T18:24:05.778Z,separate_executor,quote_run_dispatch_probe,200,9941.02,success,,200,success
p3-ex-official-vu200,90840132-0527-428f-a4d1-5006a50359c2,2026-08-31T18:24:05.779Z,separate_executor,quote_run_dispatch_probe,200,10009.37,success,,200,success
p3-ex-official-vu200,c5b2e007-6e5e-4409-9269-53ff2f749d1b,2026-08-31T18:24:05.850Z,separate_executor,quote_run_dispatch_probe,200,10244.43,success,,200,success
p3-ex-official-vu200,2634c5e8-2ecc-406b-af38-16aa2ec8074c,2026-08-31T18:24:05.931Z,separate_executor,quote_run_dispatch_probe,200,10056.04,success,,200,success
p3-ex-official-vu200,7d5f9e46-a726-49ee-86d8-34822ddfd353,2026-08-31T18:24:06.031Z,separate_executor,quote_run_dispatch_probe,200,10245.41,success,,200,success
p3-ex-official-vu200,b180cbb6-a464-4b26-9db8-778909f440f0,2026-08-31T18:24:06.146Z,separate_executor,quote_run_dispatch_probe,200,10264.25,success,,200,success
p3-ex-official-vu200,fe882469-3347-42a6-a059-a7cdff4c9a6b,2026-08-31T18:24:06.146Z,separate_executor,quote_run_dispatch_probe,200,10542.3,success,,200,success
p3-ex-official-vu200,74ab8609-109e-4220-8627-2fd59dbb0315,2026-08-31T18:24:06.146Z,separate_executor,quote_run_dispatch_probe,200,10262.5,success,,200,success
p3-ex-official-vu200,49ecc0fa-9377-47f5-a4b3-3cdc289940fd,2026-08-31T18:24:06.147Z,separate_executor,quote_run_dispatch_probe,200,10566.24,success,,200,success
p3-ex-official-vu200,8551df62-1fec-4b6d-b90b-295983ddefb9,2026-08-31T18:24:06.147Z,separate_executor,quote_run_dispatch_probe,200,10625.75,success,,200,success
p3-ex-official-vu200,3ca5931b-e086-4fa1-836f-6a137ba58c48,2026-08-31T18:24:06.147Z,separate_executor,quote_run_dispatch_probe,200,10280.41,success,,200,success
p3-ex-official-vu200,f3f06473-6573-4eb9-a81d-9c3418aafd35,2026-08-31T18:24:06.226Z,separate_executor,quote_run_dispatch_probe,200,10301.06,success,,200,success
p3-ex-official-vu200,8ccd8d3b-1425-47c4-a725-3cd23b333621,2026-08-31T18:24:06.340Z,separate_executor,quote_run_dispatch_probe,200,10534.48,success,,200,success
p3-ex-official-vu200,adacbdca-bde1-49cb-a1c4-d862edf54de4,2026-08-31T18:24:06.414Z,separate_executor,quote_run_dispatch_probe,200,10591.46,success,,200,success
p3-ex-official-vu200,bffe15ff-f771-4ee0-81b1-507338c1165e,2026-08-31T18:24:06.414Z,separate_executor,quote_run_dispatch_probe,200,10492.39,success,,200,success
p3-ex-official-vu200,f94bf402-16b7-44b4-908d-409fb0d921ab,2026-08-31T18:24:06.415Z,separate_executor,quote_run_dispatch_probe,200,10628.49,success,,200,success
p3-ex-official-vu200,7375706c-1817-4796-9349-8bcfa6a0dd6d,2026-08-31T18:24:06.416Z,separate_executor,quote_run_dispatch_probe,200,10613.45,success,,200,success
p3-ex-official-vu200,798ebf20-bc15-4b5a-b143-3df8b5aa8e22,2026-08-31T18:24:06.416Z,separate_executor,quote_run_dispatch_probe,200,10428.4,success,,200,success
p3-ex-official-vu200,6aabd45f-057d-40de-b3ec-6b76a5017818,2026-08-31T18:24:06.491Z,separate_executor,quote_run_dispatch_probe,200,10523.54,success,,200,success
p3-ex-official-vu200,40a39ef7-f31d-4032-80af-5fc08abfcb23,2026-08-31T18:24:06.565Z,separate_executor,quote_run_dispatch_probe,200,10644.55,success,,200,success
p3-ex-official-vu200,5e212d73-fdad-4b0d-b50b-a2a9786a0287,2026-08-31T18:24:06.590Z,separate_executor,quote_run_dispatch_probe,200,10616.58,success,,200,success
p3-ex-official-vu200,838683a4-ee25-4a09-af0e-bb88c0ce8238,2026-08-31T18:24:06.591Z,separate_executor,quote_run_dispatch_probe,200,10620.89,success,,200,success
p3-ex-official-vu200,bc5c67d1-b938-4f59-9252-0fb84735c3a7,2026-08-31T18:24:06.592Z,separate_executor,quote_run_dispatch_probe,200,10667.86,success,,200,success
p3-ex-official-vu200,5fcad99a-83a5-4335-a30b-6622cbc276fd,2026-08-31T18:24:06.598Z,separate_executor,quote_run_dispatch_probe,200,10730.2,success,,200,success
p3-ex-official-vu200,a7f98839-56cf-4d5c-a3c2-bad6c0b8fd1f,2026-08-31T18:24:06.603Z,separate_executor,quote_run_dispatch_probe,200,10636.13,success,,200,success
p3-ex-official-vu200,f34f3f2a-c833-49f4-bd07-bebf14047ca5,2026-08-31T18:24:06.603Z,separate_executor,quote_run_dispatch_probe,200,10724.46,success,,200,success
p3-ex-official-vu200,9b516ad3-e2a3-4a15-8f0b-487eb09f22b2,2026-08-31T18:24:06.617Z,separate_executor,quote_run_dispatch_probe,200,10765.72,success,,200,success
p3-ex-official-vu200,de306fdd-c640-47f0-a2ae-ec841159dd7e,2026-08-31T18:24:06.699Z,separate_executor,quote_run_dispatch_probe,200,10840.73,success,,200,success
p3-ex-official-vu200,3ddc21a7-3b65-471e-b936-756025df5e27,2026-08-31T18:24:06.700Z,separate_executor,quote_run_dispatch_probe,200,10791.84,success,,200,success
p3-ex-official-vu200,e7c38a96-4d92-4730-9d7f-aed949cbd470,2026-08-31T18:24:06.701Z,separate_executor,quote_run_dispatch_probe,200,10459.01,success,,200,success
p3-ex-official-vu200,5ef3cc59-a6f3-4c4a-9f79-5e0c4460b491,2026-08-31T18:24:06.743Z,separate_executor,quote_run_dispatch_probe,200,10825.32,success,,200,success
p3-ex-official-vu200,36838988-b1b7-45e9-b22c-114d5f499535,2026-08-31T18:24:06.752Z,separate_executor,quote_run_dispatch_probe,200,10782.85,success,,200,success
p3-ex-official-vu200,81950a3a-cfe8-4ff5-95d5-2fa3a227f482,2026-08-31T18:24:06.768Z,separate_executor,quote_run_dispatch_probe,200,10899.09,success,,200,success
p3-ex-official-vu200,09cee8ea-5b8d-4e30-a8c8-c8e2adf76624,2026-08-31T18:24:06.768Z,separate_executor,quote_run_dispatch_probe,200,10797.12,success,,200,success
p3-ex-official-vu200,d6b2f437-8625-4df8-915d-9082e898b565,2026-08-31T18:24:06.769Z,separate_executor,quote_run_dispatch_probe,200,10920.17,success,,200,success
p3-ex-official-vu200,c14a30c6-b952-4ebe-a81c-e1c269e38a26,2026-08-31T18:24:06.786Z,separate_executor,quote_run_dispatch_probe,200,10804.93,success,,200,success
p3-ex-official-vu200,087d4883-7f87-4b32-9907-b497871e89f6,2026-08-31T18:24:06.797Z,separate_executor,quote_run_dispatch_probe,200,10840.61,success,,200,success
p3-ex-official-vu200,e5d176e5-262f-47b2-b7c0-c9b1f123204a,2026-08-31T18:24:06.812Z,separate_executor,quote_run_dispatch_probe,200,10898.38,success,,200,success
p3-ex-official-vu200,039f6bc2-c317-445d-8202-ba08d2de5828,2026-08-31T18:24:06.820Z,separate_executor,quote_run_dispatch_probe,200,10723,success,,200,success
p3-ex-official-vu200,41f390d8-9520-4ba5-8d21-64f508b9a74f,2026-08-31T18:24:06.820Z,separate_executor,quote_run_dispatch_probe,200,11218.5,success,,200,success
p3-ex-official-vu200,9f312b1b-5700-435a-b550-f9b8cf2b546f,2026-08-31T18:24:07.012Z,separate_executor,quote_run_dispatch_probe,200,11096.3,success,,200,success
p3-ex-official-vu200,d90b1e69-f133-48d8-a239-eb99f24f2acd,2026-08-31T18:24:07.013Z,separate_executor,quote_run_dispatch_probe,200,10745.31,success,,200,success
p3-ex-official-vu200,76ae43ef-d908-4924-b661-a3a27ae2217c,2026-08-31T18:24:07.013Z,separate_executor,quote_run_dispatch_probe,200,11092.12,success,,200,success
p3-ex-official-vu200,478c1fcf-b83b-467f-8c27-1950a30d7c5e,2026-08-31T18:24:07.160Z,separate_executor,quote_run_dispatch_probe,200,11241.3,success,,200,success
p3-ex-official-vu200,41997a3a-dea8-4f04-b5ba-3209f9e3883f,2026-08-31T18:24:07.161Z,separate_executor,quote_run_dispatch_probe,200,11175.39,success,,200,success
p3-ex-official-vu200,8a5be0a4-8cb1-471f-bb10-67f7b5bbaad9,2026-08-31T18:24:07.161Z,separate_executor,quote_run_dispatch_probe,200,11255.93,success,,200,success
p3-ex-official-vu200,c9ad7da0-1cfe-4188-a176-35ad0c29f128,2026-08-31T18:24:07.162Z,separate_executor,quote_run_dispatch_probe,200,11671.36,success,,200,success
p3-ex-official-vu200,268a561e-f477-408a-bcf4-29b1d705b681,2026-08-31T18:24:07.162Z,separate_executor,quote_run_dispatch_probe,200,11032.7,success,,200,success
p3-ex-official-vu200,775eef53-86d0-412d-9de1-4d08465899ba,2026-08-31T18:24:07.163Z,separate_executor,quote_run_dispatch_probe,200,11080.52,success,,200,success
p3-ex-official-vu200,21c85f45-ee04-4e33-9c10-016d7a7f177f,2026-08-31T18:24:07.163Z,separate_executor,quote_run_dispatch_probe,200,10709.92,success,,200,success
p3-ex-official-vu200,0c25333e-fc2e-43f7-9aa0-71731249f264,2026-08-31T18:24:07.164Z,separate_executor,quote_run_dispatch_probe,200,10879.42,success,,200,success
p3-ex-official-vu200,63a634f1-1ae5-41dd-8230-f036395093cb,2026-08-31T18:24:07.762Z,separate_executor,quote_run_dispatch_probe,200,11487.95,success,,200,success
p3-ex-official-vu200,00a6b904-3aad-45d3-81b5-28d21d313cd2,2026-08-31T18:24:07.803Z,separate_executor,quote_run_dispatch_probe,200,11515.09,success,,200,success
p3-ex-official-vu200,d9eae018-2380-453f-9b5d-4d690953c8da,2026-08-31T18:24:07.804Z,separate_executor,quote_run_dispatch_probe,200,11868.49,success,,200,success
p3-ex-official-vu200,8c56b6fd-3741-45da-80de-d4b95bbd2b82,2026-08-31T18:24:07.805Z,separate_executor,quote_run_dispatch_probe,200,11087.56,success,,200,success
p3-ex-official-vu200,6b51610f-1e94-46c5-b155-55b57ee9f3fa,2026-08-31T18:24:08.354Z,separate_executor,quote_run_dispatch_probe,200,14566.33,success,,200,success
p3-ex-official-vu200,41881a53-4cb9-4b02-b5dd-31d414935695,2026-08-31T18:24:08.461Z,separate_executor,quote_run_dispatch_probe,200,14689.62,success,,200,success
p3-ex-official-vu200,c0d5cc63-8283-4e18-9c4d-59fd89e9a4be,2026-08-31T18:24:08.462Z,separate_executor,quote_run_dispatch_probe,200,14108.86,success,,200,success
p3-ex-official-vu200,9ce3026a-b2d4-48ca-a57f-7f93e2c178bb,2026-08-31T18:24:08.462Z,separate_executor,quote_run_dispatch_probe,200,14399.51,success,,200,success
p3-ex-official-vu200,fadb9fb7-1e7b-4221-bd6a-37390caeabd5,2026-08-31T18:24:08.463Z,separate_executor,quote_run_dispatch_probe,200,14341.18,success,,200,success
p3-ex-official-vu200,acadff39-a518-41b7-bc62-9fe1fc555664,2026-08-31T18:24:08.544Z,separate_executor,quote_run_dispatch_probe,200,14579.44,success,,200,success
p3-ex-official-vu200,79995c8e-60c9-4013-adc5-383169739537,2026-08-31T18:24:08.545Z,separate_executor,quote_run_dispatch_probe,200,14356.68,success,,200,success
p3-ex-official-vu200,991c8cf9-a89b-4571-9e76-ddb54a68d976,2026-08-31T18:24:08.546Z,separate_executor,quote_run_dispatch_probe,200,14726.08,success,,200,success
p3-ex-official-vu200,e5a627e2-a5f3-42ac-adbe-982edcc182d9,2026-08-31T18:24:08.546Z,separate_executor,quote_run_dispatch_probe,200,14571.79,success,,200,success
p3-ex-official-vu200,a4d83f1e-053e-400c-8ab6-043bdb353de1,2026-08-31T18:24:08.569Z,separate_executor,quote_run_dispatch_probe,200,14488.59,success,,200,success
p3-ex-official-vu200,958f7ab0-09e7-4bea-a2b9-c4fce0a8a86c,2026-08-31T18:24:08.578Z,separate_executor,quote_run_dispatch_probe,200,14408.66,success,,200,success
p3-ex-official-vu200,6838e323-019c-495c-99b3-c7df55c81358,2026-08-31T18:24:08.594Z,separate_executor,quote_run_dispatch_probe,200,14194.75,success,,200,success
p3-ex-official-vu200,2e954263-d0e8-449b-ac27-3e2e17a3ff87,2026-08-31T18:24:08.605Z,separate_executor,quote_run_dispatch_probe,200,14460.34,success,,200,success
p3-ex-official-vu200,cd89e074-1e54-4901-aae1-35815f6674b4,2026-08-31T18:24:08.605Z,separate_executor,quote_run_dispatch_probe,200,14533.61,success,,200,success
p3-ex-official-vu200,5e67d6de-9959-4fab-ac01-dfbb18196695,2026-08-31T18:24:08.606Z,separate_executor,quote_run_dispatch_probe,200,14355.84,success,,200,success
p3-ex-official-vu200,fbad3ff9-4cc7-40fa-b665-52fdb3d93a49,2026-08-31T18:24:08.608Z,separate_executor,quote_run_dispatch_probe,200,13901.65,success,,200,success
p3-ex-official-vu200,4546b485-78ed-4284-a303-fdc466c94dbf,2026-08-31T18:24:08.630Z,separate_executor,quote_run_dispatch_probe,200,14642.27,success,,200,success
p3-ex-official-vu200,68f83aff-636a-4ddf-a9e2-3f315c952555,2026-08-31T18:24:08.631Z,separate_executor,quote_run_dispatch_probe,200,12697.43,success,,200,success
p3-ex-official-vu200,6473c177-4afb-416a-8bc2-026a688b4230,2026-08-31T18:24:08.637Z,separate_executor,quote_run_dispatch_probe,200,12748.02,success,,200,success
p3-ex-official-vu200,0fb1aea1-ea0c-4b2b-8136-0c773d6fa67a,2026-08-31T18:24:08.638Z,separate_executor,quote_run_dispatch_probe,200,12752.37,success,,200,success
p3-ex-official-vu200,5b04b87c-58cf-44e5-beef-a20bada7e445,2026-08-31T18:24:08.638Z,separate_executor,quote_run_dispatch_probe,200,12705.43,success,,200,success
p3-ex-official-vu200,4db8ac8e-75e3-40cb-9356-f2ba0317dda4,2026-08-31T18:24:08.638Z,separate_executor,quote_run_dispatch_probe,200,12639.62,success,,200,success
p3-ex-official-vu200,791306ab-a30d-48e8-b7a1-8e96bdadb32e,2026-08-31T18:24:08.638Z,separate_executor,quote_run_dispatch_probe,200,12648.55,success,,200,success
p3-ex-official-vu200,b8fec538-49b5-46dc-b94f-a8b50a94065d,2026-08-31T18:24:08.638Z,separate_executor,quote_run_dispatch_probe,200,12710.63,success,,200,success
p3-ex-official-vu200,3155e17c-ad71-42f1-86e6-974a4128b1cf,2026-08-31T18:24:08.638Z,separate_executor,quote_run_dispatch_probe,200,12643.9,success,,200,success
p3-ex-official-vu200,bb019508-8235-4e86-9125-1c58a9b330a7,2026-08-31T18:24:08.638Z,separate_executor,quote_run_dispatch_probe,200,12758.03,success,,200,success
p3-ex-official-vu200,b3dd8c1d-3ac7-4102-aca2-deb9fb8da42e,2026-08-31T18:24:08.638Z,separate_executor,quote_run_dispatch_probe,200,12638.07,success,,200,success
p3-ex-official-vu200,f860669e-a049-4338-a718-4163aee01f74,2026-08-31T18:24:08.638Z,separate_executor,quote_run_dispatch_probe,200,12406.75,success,,200,success
p3-ex-official-vu200,f4a99409-e645-4b37-ae73-bf5a6292bd94,2026-08-31T18:24:08.639Z,separate_executor,quote_run_dispatch_probe,200,12700.77,success,,200,success
p3-ex-official-vu200,dd94d46a-4111-442e-83c2-50770a1c975e,2026-08-31T18:24:08.639Z,separate_executor,quote_run_dispatch_probe,200,12703.65,success,,200,success
p3-ex-official-vu200,b55885ca-3979-4696-af42-d63cc3bd5198,2026-08-31T18:24:08.639Z,separate_executor,quote_run_dispatch_probe,200,12664.25,success,,200,success
p3-ex-official-vu200,b1e01cdd-15d0-4caa-9234-ffa7074927e2,2026-08-31T18:24:08.647Z,separate_executor,quote_run_dispatch_probe,200,12708.3,success,,200,success
p3-ex-official-vu200,1cae9107-43cb-4d9f-9f0a-b378e7aabace,2026-08-31T18:24:08.648Z,separate_executor,quote_run_dispatch_probe,200,12664.08,success,,200,success
p3-ex-official-vu200,db821a21-bd7f-4c81-ac2d-df19b494bf3b,2026-08-31T18:24:08.651Z,separate_executor,quote_run_dispatch_probe,200,12183.49,success,,200,success
p3-ex-official-vu200,2c0bb718-4e2e-45ee-929c-c075c08f3584,2026-08-31T18:24:08.651Z,separate_executor,quote_run_dispatch_probe,200,12188.57,success,,200,success
p3-ex-official-vu200,b2f5e4e0-22ba-4910-8da3-22a59512b698,2026-08-31T18:24:08.651Z,separate_executor,quote_run_dispatch_probe,200,12654.99,success,,200,success
p3-ex-official-vu200,da30cb48-ea21-42d5-b988-fa968486c4fa,2026-08-31T18:24:08.651Z,separate_executor,quote_run_dispatch_probe,200,12013.05,success,,200,success
p3-ex-official-vu200,8553e255-c241-4df3-b358-6981e5c68d0b,2026-08-31T18:24:08.651Z,separate_executor,quote_run_dispatch_probe,200,11813.81,success,,200,success
p3-ex-official-vu200,231cf244-33e7-4ea9-ba38-bae5fd5c63b4,2026-08-31T18:24:08.651Z,separate_executor,quote_run_dispatch_probe,200,11926.93,success,,200,success
p3-ex-official-vu200,a86fe778-0098-4e16-aa77-8147e91a2aae,2026-08-31T18:24:08.802Z,separate_executor,quote_run_dispatch_probe,200,12320.93,success,,200,success
p3-ex-official-vu200,874b7106-35be-43d5-9214-1fa3f4e6645b,2026-08-31T18:24:08.818Z,separate_executor,quote_run_dispatch_probe,200,12120.69,success,,200,success
p3-ex-official-vu200,b1453c22-5232-411e-8d22-1771bfa4e4eb,2026-08-31T18:24:08.818Z,separate_executor,quote_run_dispatch_probe,200,12387.23,success,,200,success
p3-ex-official-vu200,ec481e71-51dc-4bdd-a03d-6e79d2506cdf,2026-08-31T18:24:08.818Z,separate_executor,quote_run_dispatch_probe,200,11684.14,success,,200,success
p3-ex-official-vu200,858fdb6d-286a-4ff7-843b-2a97ff8b8492,2026-08-31T18:24:08.819Z,separate_executor,quote_run_dispatch_probe,200,11845.91,success,,200,success
p3-ex-official-vu200,f28b777c-4955-47d4-9f3c-68bd2995a647,2026-08-31T18:24:08.830Z,separate_executor,quote_run_dispatch_probe,200,11805.31,success,,200,success
p3-ex-official-vu200,66990ad3-1edd-4f2d-bd7e-dbeea8ecd9e3,2026-08-31T18:24:08.830Z,separate_executor,quote_run_dispatch_probe,200,11541.17,success,,200,success
p3-ex-official-vu200,55739a16-da40-423c-8626-6358a28d7aab,2026-08-31T18:24:08.831Z,separate_executor,quote_run_dispatch_probe,200,11370.02,success,,200,success
p3-ex-official-vu200,7af149cc-b332-4f57-b33c-de3b79f9907f,2026-08-31T18:24:08.912Z,separate_executor,quote_run_dispatch_probe,200,11093.88,success,,200,success
p3-ex-official-vu200,f12d66d1-7cd3-4a10-8f48-188f4da96508,2026-08-31T18:24:09.052Z,separate_executor,quote_run_dispatch_probe,200,11241.5,success,,200,success
p3-ex-official-vu200,87344725-fbd1-4e41-a13f-e41fd9594d53,2026-08-31T18:24:09.052Z,separate_executor,quote_run_dispatch_probe,200,10834.4,success,,200,success
p3-ex-official-vu200,dca5ed9f-6d10-487d-bce6-10c74276c672,2026-08-31T18:24:09.053Z,separate_executor,quote_run_dispatch_probe,200,11048.75,success,,200,success
p3-ex-official-vu200,d4ef133b-cc9a-467f-b99c-77f3b963e31e,2026-08-31T18:24:09.053Z,separate_executor,quote_run_dispatch_probe,200,11244.02,success,,200,success
p3-ex-official-vu200,b3efed8e-bdec-4d07-a046-7a2573e1d76e,2026-08-31T18:24:09.053Z,separate_executor,quote_run_dispatch_probe,200,10954.33,success,,200,success
p3-ex-official-vu200,d5cccf3c-4e4e-4558-bd44-ca30222c1c93,2026-08-31T18:24:09.072Z,separate_executor,quote_run_dispatch_probe,200,11113,success,,200,success
p3-ex-official-vu200,74a671be-2d09-4298-8018-ecd2866379ec,2026-08-31T18:24:09.086Z,separate_executor,quote_run_dispatch_probe,200,10782.65,success,,200,success
p3-ex-official-vu200,94907abe-8e5f-4771-aa3e-d94346f63c15,2026-08-31T18:24:09.106Z,separate_executor,quote_run_dispatch_probe,200,10503.82,success,,200,success
p3-ex-official-vu200,39e29233-2b7f-4173-bcdc-2e0c3e76535d,2026-08-31T18:24:09.121Z,separate_executor,quote_run_dispatch_probe,200,11038.55,success,,200,success
p3-ex-official-vu200,a9341241-5344-49c0-ae11-d43898eca47b,2026-08-31T18:24:09.121Z,separate_executor,quote_run_dispatch_probe,200,10905.76,success,,200,success
p3-ex-official-vu200,287a727b-ddc0-4dad-a56e-ad1014cd8046,2026-08-31T18:24:09.173Z,separate_executor,quote_run_dispatch_probe,200,10568.17,success,,200,success
p3-ex-official-vu200,9923cc60-337b-4712-aa89-d1bee9a8b749,2026-08-31T18:24:09.174Z,separate_executor,quote_run_dispatch_probe,200,10124.79,success,,200,success
p3-ex-official-vu200,70e9bc29-e895-4d05-a0b5-1e2b389258d7,2026-08-31T18:24:09.216Z,separate_executor,quote_run_dispatch_probe,200,11689.68,success,,200,success
p3-ex-official-vu200,7bf94638-df04-48a7-a6c1-8670d805e9ba,2026-08-31T18:24:09.236Z,separate_executor,quote_run_dispatch_probe,200,10898.38,success,,200,success
p3-ex-official-vu200,dde01b64-3e24-4280-8002-9fb3ad49cc0e,2026-08-31T18:24:09.250Z,separate_executor,quote_run_dispatch_probe,200,10230.1,success,,200,success
p3-ex-official-vu200,18f5e366-f144-49d3-a1f6-62a54f6ee4f9,2026-08-31T18:24:09.250Z,separate_executor,quote_run_dispatch_probe,200,10464.02,success,,200,success
p3-ex-official-vu200,9446ac57-12c8-4bce-99d7-e3788fe73939,2026-08-31T18:24:09.251Z,separate_executor,quote_run_dispatch_probe,200,10194.73,success,,200,success
p3-ex-official-vu200,935a9954-1e1d-4f70-aba6-27aee672860d,2026-08-31T18:24:09.251Z,separate_executor,quote_run_dispatch_probe,200,9353.84,success,,200,success
p3-ex-official-vu200,8cfd21c1-6032-4233-9a8f-ef26b8abce15,2026-08-31T18:24:09.251Z,separate_executor,quote_run_dispatch_probe,200,9684.67,success,,200,success
p3-ex-official-vu200,d81f7c70-c1e4-4d79-81ec-e3616978d596,2026-08-31T18:24:09.251Z,separate_executor,quote_run_dispatch_probe,200,9542.59,success,,200,success
p3-ex-official-vu200,e27b5404-c6bb-41bf-b1ce-de5c6de1111f,2026-08-31T18:24:09.296Z,separate_executor,quote_run_dispatch_probe,200,9927.21,success,,200,success
p3-ex-official-vu200,b42d6eca-e897-4cf7-8ea8-f82ec619b23c,2026-08-31T18:24:09.296Z,separate_executor,quote_run_dispatch_probe,200,9867.84,success,,200,success
p3-ex-official-vu200,0963f1a5-7d8e-419f-ae47-cb582c082d2e,2026-08-31T18:24:09.307Z,separate_executor,quote_run_dispatch_probe,200,9731.4,success,,200,success
p3-ex-official-vu200,b504d4a1-a851-4dc5-9dae-80ecfdcd05d9,2026-08-31T18:24:11.100Z,separate_executor,quote_run_dispatch_probe,200,11202.12,success,,200,success
p3-ex-official-vu200,fa484951-737b-469f-8de7-a52de2eca8f7,2026-08-31T18:24:11.101Z,separate_executor,quote_run_dispatch_probe,200,14257.15,success,,200,success
p3-ex-official-vu200,9559dbac-b76c-449b-993a-10e139df8002,2026-08-31T18:24:11.102Z,separate_executor,quote_run_dispatch_probe,200,14224.4,success,,200,success
p3-ex-official-vu200,ccfd9c16-1e7f-4b00-8cb0-dce13728987a,2026-08-31T18:24:11.102Z,separate_executor,quote_run_dispatch_probe,200,14370.66,success,,200,success
p3-ex-official-vu200,e10b6445-cc0b-437f-a894-1c0c5d1f830a,2026-08-31T18:24:11.103Z,separate_executor,quote_run_dispatch_probe,200,13492.99,success,,200,success
p3-ex-official-vu200,d7073704-bf63-4e5c-b19b-cb9dc3d278d2,2026-08-31T18:24:11.104Z,separate_executor,quote_run_dispatch_probe,200,13641.52,success,,200,success
p3-ex-official-vu200,c79e140d-5ec0-4988-8293-723791aad66f,2026-08-31T18:24:11.104Z,separate_executor,quote_run_dispatch_probe,200,13931.37,success,,200,success
p3-ex-official-vu200,99eb38b3-47f1-433d-bc1c-5ec28afeff84,2026-08-31T18:24:11.104Z,separate_executor,quote_run_dispatch_probe,200,13571.55,success,,200,success
p3-ex-official-vu200,e9c41af5-1c56-42ad-a4c7-3c21756135d9,2026-08-31T18:24:11.105Z,separate_executor,quote_run_dispatch_probe,200,13804.89,success,,200,success
p3-ex-official-vu200,e24b87b5-d644-46b5-ab19-6d0b1303f4a1,2026-08-31T18:24:11.105Z,separate_executor,quote_run_dispatch_probe,200,13422.35,success,,200,success
p3-ex-official-vu200,424adc18-0039-46bb-b204-426c74123ac5,2026-08-31T18:24:11.105Z,separate_executor,quote_run_dispatch_probe,200,13493.27,success,,200,success
p3-ex-official-vu200,49db7fa5-55e2-456f-b42c-35574bf242b1,2026-08-31T18:24:11.111Z,separate_executor,quote_run_dispatch_probe,200,13782.32,success,,200,success
p3-ex-official-vu200,9be89e01-1508-4a7e-8722-d3655a8753ae,2026-08-31T18:24:11.113Z,separate_executor,quote_run_dispatch_probe,200,13331.82,success,,200,success
p3-ex-official-vu200,cb26b78d-fe92-4c7e-ae96-b3be49a23dcf,2026-08-31T18:24:11.115Z,separate_executor,quote_run_dispatch_probe,200,12550.06,success,,200,success
p3-ex-official-vu200,be74c653-e9f4-4051-8581-1ba23faad252,2026-08-31T18:24:11.116Z,separate_executor,quote_run_dispatch_probe,200,13065.25,success,,200,success
p3-ex-official-vu200,471c21da-a578-40a0-b47a-78e2ce4c538f,2026-08-31T18:24:11.116Z,separate_executor,quote_run_dispatch_probe,200,12799.82,success,,200,success
p3-ex-official-vu200,957b0d11-ebe5-4f0c-a477-8e7ffcaba200,2026-08-31T18:24:11.117Z,separate_executor,quote_run_dispatch_probe,200,11829.54,success,,200,success
p3-ex-official-vu200,24743b39-626a-42a8-8037-930bc5461210,2026-08-31T18:24:11.118Z,separate_executor,quote_run_dispatch_probe,200,11896.58,success,,200,success
p3-ex-official-vu200,dd5ecf3c-2913-4600-8ff8-48d9549aaf47,2026-08-31T18:24:11.118Z,separate_executor,quote_run_dispatch_probe,200,11541.72,success,,200,success
p3-ex-official-vu200,6288d4ef-49d8-4029-b8d8-1ab2558f3328,2026-08-31T18:24:11.119Z,separate_executor,quote_run_dispatch_probe,200,12364.5,success,,200,success
p3-ex-official-vu200,8480feea-7628-45ae-9792-25a6157d5bd7,2026-08-31T18:24:11.119Z,separate_executor,quote_run_dispatch_probe,200,11901.72,success,,200,success
p3-ex-official-vu200,38b80e76-918c-4601-a1a8-0ad64ca31d75,2026-08-31T18:24:11.119Z,separate_executor,quote_run_dispatch_probe,200,11941.19,success,,200,success
p3-ex-official-vu200,0f36ae70-03ff-4697-95c4-fe95e16fe9ea,2026-08-31T18:24:11.119Z,separate_executor,quote_run_dispatch_probe,200,11627.99,success,,200,success
p3-ex-official-vu200,e27c10dd-945f-4e9f-8ca2-0dece0e70ff0,2026-08-31T18:24:11.120Z,separate_executor,quote_run_dispatch_probe,200,11666.37,success,,200,success
p3-ex-official-vu200,2584f40a-5bff-4358-947a-04694a5404c9,2026-08-31T18:24:11.120Z,separate_executor,quote_run_dispatch_probe,200,11363.15,success,,200,success
p3-ex-official-vu200,805d46cd-37d7-46f4-b730-088a0b054d56,2026-08-31T18:24:11.122Z,separate_executor,quote_run_dispatch_probe,200,11340.69,success,,200,success
p3-ex-official-vu200,58a556c6-53ea-4289-9426-6d35f4b0fe6e,2026-08-31T18:24:11.130Z,separate_executor,quote_run_dispatch_probe,200,7497.04,success,,200,success
p3-ex-official-vu200,77cf3911-e88d-4dd8-87f7-d430056bbcc2,2026-08-31T18:24:11.131Z,separate_executor,quote_run_dispatch_probe,200,7563.11,success,,200,success
p3-ex-official-vu200,3da885aa-e51e-472d-a092-efd6739d76ee,2026-08-31T18:24:11.132Z,separate_executor,quote_run_dispatch_probe,200,7526.86,success,,200,success
p3-ex-official-vu200,48307de6-b148-488f-a947-36c3aee74066,2026-08-31T18:24:11.134Z,separate_executor,quote_run_dispatch_probe,200,7564.75,success,,200,success
p3-ex-official-vu200,93ad5cc4-3d3f-4110-a93d-d79165f4ac40,2026-08-31T18:24:11.134Z,separate_executor,quote_run_dispatch_probe,200,7476.75,success,,200,success
p3-ex-official-vu200,b5370953-47cc-4655-8c05-54cb6689f448,2026-08-31T18:24:11.134Z,separate_executor,quote_run_dispatch_probe,200,7499.63,success,,200,success
p3-ex-official-vu200,3b88687d-5dca-4433-b003-febcaf53554f,2026-08-31T18:24:11.135Z,separate_executor,quote_run_dispatch_probe,200,7478.46,success,,200,success
p3-ex-official-vu200,2299bea6-e4d2-4ac9-8da5-e69dd9a25f16,2026-08-31T18:24:11.136Z,separate_executor,quote_run_dispatch_probe,200,7154.51,success,,200,success
p3-ex-official-vu200,368f5215-396b-42b5-a234-6d1dacf580fb,2026-08-31T18:24:11.137Z,separate_executor,quote_run_dispatch_probe,200,7426.78,success,,200,success
p3-ex-official-vu200,46c1161d-1d12-452e-b5a4-15f9efb8caea,2026-08-31T18:24:11.138Z,separate_executor,quote_run_dispatch_probe,200,7155.9,success,,200,success
p3-ex-official-vu200,9a056af3-8619-4101-bb37-bbb44163cf70,2026-08-31T18:24:11.143Z,separate_executor,quote_run_dispatch_probe,200,7160.04,success,,200,success
p3-ex-official-vu200,a7a1d7da-2d7c-4201-827b-d809aa8ffd43,2026-08-31T18:24:11.268Z,separate_executor,quote_run_dispatch_probe,200,6429.6,success,,200,success
p3-ex-official-vu200,a7f35e4d-2f1d-4380-8d17-155c4ba863f4,2026-08-31T18:24:11.269Z,separate_executor,quote_run_dispatch_probe,200,6431.51,success,,200,success
p3-ex-official-vu200,5289d707-d783-4551-a503-993cfccd622e,2026-08-31T18:24:11.271Z,separate_executor,quote_run_dispatch_probe,200,6357.56,success,,200,success
p3-ex-official-vu200,93066832-a8f1-4e08-81dd-f6b04bc6ce6e,2026-08-31T18:24:11.278Z,separate_executor,quote_run_dispatch_probe,200,6166.22,success,,200,success
p3-ex-official-vu200,50573b42-a034-4123-955e-198077d5cad3,2026-08-31T18:24:11.280Z,separate_executor,quote_run_dispatch_probe,200,6419.07,success,,200,success
p3-ex-official-vu200,b8ccc55c-974b-49d1-a2e6-fbd81de30623,2026-08-31T18:24:11.280Z,separate_executor,quote_run_dispatch_probe,200,6214.49,success,,200,success
p3-ex-official-vu200,6a78996b-694d-436b-bf82-08d13db880fb,2026-08-31T18:24:11.281Z,separate_executor,quote_run_dispatch_probe,200,6345.43,success,,200,success
p3-ex-official-vu200,46dd99e9-387b-4846-9153-d8888e49aba1,2026-08-31T18:24:11.281Z,separate_executor,quote_run_dispatch_probe,200,6216.42,success,,200,success
p3-ex-official-vu200,6f142d5d-7c29-4c4d-a4b4-4e9e38a46e93,2026-08-31T18:24:11.282Z,separate_executor,quote_run_dispatch_probe,200,6143.56,success,,200,success
p3-ex-official-vu200,a35aebfc-080d-420b-be4c-3dd1b779c3c6,2026-08-31T18:24:11.283Z,separate_executor,quote_run_dispatch_probe,200,6180.43,success,,200,success
p3-ex-official-vu200,1b985eee-2942-4abc-a161-30eecf2e4fa5,2026-08-31T18:24:11.283Z,separate_executor,quote_run_dispatch_probe,200,6135.77,success,,200,success
p3-ex-official-vu200,85db6239-95bd-4c25-8a6f-94b65012e79c,2026-08-31T18:24:11.283Z,separate_executor,quote_run_dispatch_probe,200,6169.62,success,,200,success
p3-ex-official-vu200,d3c9be70-0820-4378-975b-b877128a399b,2026-08-31T18:24:11.283Z,separate_executor,quote_run_dispatch_probe,200,6347.48,success,,200,success
p3-ex-official-vu200,c15a4487-b9ce-4cbb-949a-6651c17f472c,2026-08-31T18:24:11.284Z,separate_executor,quote_run_dispatch_probe,200,6170.88,success,,200,success
p3-ex-official-vu200,676eabee-9ec3-44f6-9819-640fcf1444a4,2026-08-31T18:24:11.285Z,separate_executor,quote_run_dispatch_probe,200,6138.14,success,,200,success
p3-ex-official-vu200,73be252f-90ad-454e-94cc-170f1ba560f9,2026-08-31T18:24:11.285Z,separate_executor,quote_run_dispatch_probe,200,6165.38,success,,200,success
p3-ex-official-vu200,1e12a5af-c987-4ebb-b0c7-df346c165507,2026-08-31T18:24:11.285Z,separate_executor,quote_run_dispatch_probe,200,6172.16,success,,200,success
p3-ex-official-vu200,5acff4f8-4d6d-4999-a892-ed88c24c1306,2026-08-31T18:24:11.286Z,separate_executor,quote_run_dispatch_probe,200,6030.99,success,,200,success
p3-ex-official-vu200,90d2db1e-5cfd-4dc2-86e9-44423d05d8d3,2026-08-31T18:24:11.286Z,separate_executor,quote_run_dispatch_probe,200,6150.81,success,,200,success
p3-ex-official-vu200,6f2f6ce1-51f5-4b3a-8d4f-dea98b279262,2026-08-31T18:24:11.287Z,separate_executor,quote_run_dispatch_probe,200,6151.63,success,,200,success
p3-ex-official-vu200,b98d4ae6-ef56-42dd-903d-a4696645e516,2026-08-31T18:24:11.287Z,separate_executor,quote_run_dispatch_probe,200,5900.79,success,,200,success
p3-ex-official-vu200,f76f4973-ad8f-4d6b-be2a-8b112624be59,2026-08-31T18:24:11.288Z,separate_executor,quote_run_dispatch_probe,200,6144.18,success,,200,success
p3-ex-official-vu200,d0957913-5a7b-4695-a295-c6c530598c5e,2026-08-31T18:24:11.288Z,separate_executor,quote_run_dispatch_probe,200,6175.86,success,,200,success
p3-ex-official-vu200,344ef47e-b7e0-4ab8-927a-7bff4b91fa67,2026-08-31T18:24:11.289Z,separate_executor,quote_run_dispatch_probe,200,6117.71,success,,200,success
p3-ex-official-vu200,bbf748f3-c5f1-46e1-9e53-474315d2670f,2026-08-31T18:24:11.294Z,separate_executor,quote_run_dispatch_probe,200,6157.95,success,,200,success
p3-ex-official-vu200,3907b7df-6ae2-45a9-877a-ad8b84638f67,2026-08-31T18:24:11.297Z,separate_executor,quote_run_dispatch_probe,200,5659.33,success,,200,success
p3-ex-official-vu200,6b9372c1-f041-4799-9aca-161b6aad1336,2026-08-31T18:24:11.297Z,separate_executor,quote_run_dispatch_probe,200,5584.77,success,,200,success
p3-ex-official-vu200,7d6fa07a-92c1-47be-864d-59096a607501,2026-08-31T18:24:11.298Z,separate_executor,quote_run_dispatch_probe,200,5584.8,success,,200,success
p3-ex-official-vu200,7006b01c-5be9-4379-8332-d0a6d130a58b,2026-08-31T18:24:11.399Z,separate_executor,quote_run_dispatch_probe,200,5761.99,success,,200,success
p3-ex-official-vu200,fa24723b-ba25-4b3c-b04f-7fbcc895c588,2026-08-31T18:24:11.421Z,separate_executor,quote_run_dispatch_probe,200,6035.8,success,,200,success
p3-ex-official-vu200,ef165734-c314-4842-80cc-3ad2728ed27b,2026-08-31T18:24:11.422Z,separate_executor,quote_run_dispatch_probe,200,5711.51,success,,200,success
p3-ex-official-vu200,3d523ae1-cd36-4cdd-afcc-b7115475f7a3,2026-08-31T18:24:11.422Z,separate_executor,quote_run_dispatch_probe,200,5785.97,success,,200,success
p3-ex-official-vu200,210978e7-a27f-44b5-a5e7-f57131fdf105,2026-08-31T18:24:11.440Z,separate_executor,quote_run_dispatch_probe,200,5509.59,success,,200,success
p3-ex-official-vu200,399dd9f1-2b45-4b7a-872d-3ca8fcfa568a,2026-08-31T18:24:11.443Z,separate_executor,quote_run_dispatch_probe,200,5806.53,success,,200,success
p3-ex-official-vu200,aa322c0f-70de-49aa-8516-1c64dcf61286,2026-08-31T18:24:11.444Z,separate_executor,quote_run_dispatch_probe,200,5665.06,success,,200,success
p3-ex-official-vu200,2618560e-3b40-44ce-95fe-c590128f81bf,2026-08-31T18:24:11.444Z,separate_executor,quote_run_dispatch_probe,200,5731.24,success,,200,success
p3-ex-official-vu200,bbd63802-2f56-4a9b-8220-adb9a9d3984e,2026-08-31T18:24:11.445Z,separate_executor,quote_run_dispatch_probe,200,5731.84,success,,200,success
p3-ex-official-vu200,ae5ad275-0175-4aa5-ac8c-bf1b0b8a028b,2026-08-31T18:24:11.445Z,separate_executor,quote_run_dispatch_probe,200,5732.91,success,,200,success
p3-ex-official-vu200,e01e1660-387c-499c-be82-66a45e56391a,2026-08-31T18:24:11.445Z,separate_executor,quote_run_dispatch_probe,200,5731.5,success,,200,success
p3-ex-official-vu200,81a1b64b-3c89-4352-81ad-9af5695d2a06,2026-08-31T18:24:11.468Z,separate_executor,quote_run_dispatch_probe,200,5322.19,success,,200,success
p3-ex-official-vu200,89ea9fcf-93a1-471f-b4cb-7cd7172443bb,2026-08-31T18:24:11.503Z,separate_executor,quote_run_dispatch_probe,200,5472.53,success,,200,success
p3-ex-official-vu200,eea18f0b-99bb-4cf9-951c-2f9595a815d2,2026-08-31T18:24:11.512Z,separate_executor,quote_run_dispatch_probe,200,5733.88,success,,200,success
p3-ex-official-vu200,79e91269-cf4b-4c44-bbc7-0a4af7799463,2026-08-31T18:24:11.512Z,separate_executor,quote_run_dispatch_probe,200,5365.44,success,,200,success
p3-ex-official-vu200,76acb213-d38a-461b-a987-6122366093e4,2026-08-31T18:24:11.515Z,separate_executor,quote_run_dispatch_probe,200,5664.68,success,,200,success
p3-ex-official-vu200,5f373447-6047-46d5-ac01-bb6c96376751,2026-08-31T18:24:11.515Z,separate_executor,quote_run_dispatch_probe,200,5369.2,success,,200,success
p3-ex-official-vu200,9d7c7bc5-6bc8-4150-b925-807a712f53e4,2026-08-31T18:24:11.516Z,separate_executor,quote_run_dispatch_probe,200,5370,success,,200,success
p3-ex-official-vu200,ec2c5a1d-6cc9-4c1c-8161-66cb71e17cf6,2026-08-31T18:24:11.519Z,separate_executor,quote_run_dispatch_probe,200,5104.56,success,,200,success
p3-ex-official-vu200,c7d3aa69-fb39-49c1-9463-39921783095f,2026-08-31T18:24:11.520Z,separate_executor,quote_run_dispatch_probe,200,5106.83,success,,200,success
p3-ex-official-vu200,4c2ee808-d995-49d6-ac56-a6dcb5606d81,2026-08-31T18:24:11.521Z,separate_executor,quote_run_dispatch_probe,200,5294.72,success,,200,success
p3-ex-official-vu200,6b724930-a678-421c-a6d9-f1a61325e898,2026-08-31T18:24:11.529Z,separate_executor,quote_run_dispatch_probe,200,5381.5,success,,200,success
p3-ex-official-vu200,38eff50a-5334-41fa-b2e9-91df41227542,2026-08-31T18:24:11.529Z,separate_executor,quote_run_dispatch_probe,200,5113.49,success,,200,success
p3-ex-official-vu200,f33de983-f65d-4350-9381-b729f62c41c3,2026-08-31T18:24:11.533Z,separate_executor,quote_run_dispatch_probe,200,5192.61,success,,200,success
p3-ex-official-vu200,0a66e8cd-32ac-45d2-9625-bc9e69293c7e,2026-08-31T18:24:11.535Z,separate_executor,quote_run_dispatch_probe,200,5387.96,success,,200,success
p3-ex-official-vu200,89b868a3-8d39-40be-82bc-b9c58b9f0ca0,2026-08-31T18:24:11.536Z,separate_executor,quote_run_dispatch_probe,200,5120.47,success,,200,success
p3-ex-official-vu200,16d0e370-df6c-4715-b887-efa4202b4b85,2026-08-31T18:24:11.536Z,separate_executor,quote_run_dispatch_probe,200,4946.35,success,,200,success
p3-ex-official-vu200,aa6c5033-fc0e-4d60-a649-b0c81804a6d4,2026-08-31T18:24:11.538Z,separate_executor,quote_run_dispatch_probe,200,5122.58,success,,200,success
p3-ex-official-vu200,44e4860a-ab1e-4fcc-8110-b637fa93c299,2026-08-31T18:24:11.539Z,separate_executor,quote_run_dispatch_probe,200,4942.66,success,,200,success
p3-ex-official-vu200,44c333e0-dc12-4a57-a643-d05d0871f550,2026-08-31T18:24:11.547Z,separate_executor,quote_run_dispatch_probe,200,4955.47,success,,200,success
p3-ex-official-vu200,9b9be73b-2f86-4694-ae4c-9ab166d8af74,2026-08-31T18:24:11.550Z,separate_executor,quote_run_dispatch_probe,200,5059.01,success,,200,success
p3-ex-official-vu200,58bbac0a-3aff-4350-bd03-f866411daec1,2026-08-31T18:24:11.550Z,separate_executor,quote_run_dispatch_probe,200,4798.24,success,,200,success
p3-ex-official-vu200,f88b4904-149d-47cd-a21e-774fff74d273,2026-08-31T18:24:11.551Z,separate_executor,quote_run_dispatch_probe,200,4985.79,success,,200,success
p3-ex-official-vu200,807e5f80-9a42-425a-b3eb-7355a1ef1dbe,2026-08-31T18:24:11.554Z,separate_executor,quote_run_dispatch_probe,200,4742.06,success,,200,success
p3-ex-official-vu200,848c4bec-a88e-4e5c-98c5-297223e27cb6,2026-08-31T18:24:11.555Z,separate_executor,quote_run_dispatch_probe,200,4951.42,success,,200,success
p3-ex-official-vu200,4acc0274-4e8b-4256-98ad-aed85ddb203c,2026-08-31T18:24:11.555Z,separate_executor,quote_run_dispatch_probe,200,4787.08,success,,200,success
p3-ex-official-vu200,b93c347f-1e1d-46bd-9e75-b9ca2115c58c,2026-08-31T18:24:11.562Z,separate_executor,quote_run_dispatch_probe,200,4818.73,success,,200,success
p3-ex-official-vu200,4d735a72-490e-4a0f-9fd3-94f487e9ac28,2026-08-31T18:24:11.564Z,separate_executor,quote_run_dispatch_probe,200,4961.16,success,,200,success
p3-ex-official-vu200,7d07b1aa-254a-4685-aa11-cb11ee5296a6,2026-08-31T18:24:11.564Z,separate_executor,quote_run_dispatch_probe,200,4744.59,success,,200,success
p3-ex-official-vu200,035f36b0-d5d2-4eb4-888d-d93099a43c49,2026-08-31T18:24:11.564Z,separate_executor,quote_run_dispatch_probe,200,4864.97,success,,200,success
p3-ex-official-vu200,59c8a553-b41d-481f-b806-1c9c45f5b68a,2026-08-31T18:24:11.565Z,separate_executor,quote_run_dispatch_probe,200,4966.41,success,,200,success
p3-ex-official-vu200,057af205-3ba5-4f2d-86bd-ad79f4765ddc,2026-08-31T18:24:11.565Z,separate_executor,quote_run_dispatch_probe,200,4948.36,success,,200,success
p3-ex-official-vu200,349fa1e9-a380-4de4-9347-b85c3255ca13,2026-08-31T18:24:11.565Z,separate_executor,quote_run_dispatch_probe,200,4778.89,success,,200,success
p3-ex-official-vu200,70f3ecc0-08ab-4ae7-8ff2-89dfbecbd4ae,2026-08-31T18:24:11.565Z,separate_executor,quote_run_dispatch_probe,200,4768.8,success,,200,success
p3-ex-official-vu200,16ba15a9-eef2-4360-b420-b0c29a2d3f98,2026-08-31T18:24:11.567Z,separate_executor,quote_run_dispatch_probe,200,4865.87,success,,200,success
p3-ex-official-vu200,ed89d7ce-63ff-42ae-897d-99cde5511616,2026-08-31T18:24:11.568Z,separate_executor,quote_run_dispatch_probe,200,4799.15,success,,200,success
p3-ex-official-vu200,4c039269-434c-4791-85b7-650dd7093994,2026-08-31T18:24:11.568Z,separate_executor,quote_run_dispatch_probe,200,4867.63,success,,200,success
p3-ex-official-vu200,c8224904-a621-43f1-bbbe-55c55e9b07b9,2026-08-31T18:24:11.568Z,separate_executor,quote_run_dispatch_probe,200,4555.48,success,,200,success
p3-ex-official-vu200,129987b1-e670-47d3-aa32-4fcc8cb7b25e,2026-08-31T18:24:11.569Z,separate_executor,quote_run_dispatch_probe,200,4407.23,success,,200,success
p3-ex-official-vu200,a666c9cc-12cb-495d-a892-0b0e309598e3,2026-08-31T18:24:11.569Z,separate_executor,quote_run_dispatch_probe,200,4557.1,success,,200,success
p3-ex-official-vu200,ee52ab61-0a2d-4295-a8fe-ad32a5b746e8,2026-08-31T18:24:11.569Z,separate_executor,quote_run_dispatch_probe,200,4749.19,success,,200,success
p3-ex-official-vu200,c87dfb13-0a51-4908-93b9-cb58d73bdea6,2026-08-31T18:24:11.569Z,separate_executor,quote_run_dispatch_probe,200,4801,success,,200,success
p3-ex-official-vu200,02d5ee6a-d048-4358-a92e-e61e2c6a3ce3,2026-08-31T18:24:11.570Z,separate_executor,quote_run_dispatch_probe,200,4407.16,success,,200,success
p3-ex-official-vu200,e876ac0d-53c6-4bed-9cc6-14e72548d8bc,2026-08-31T18:24:11.572Z,separate_executor,quote_run_dispatch_probe,200,4409.59,success,,200,success
p3-ex-official-vu200,7aaf4bac-68eb-4382-8094-2bc8b75caeea,2026-08-31T18:24:11.573Z,separate_executor,quote_run_dispatch_probe,200,4409.26,success,,200,success
p3-ex-official-vu200,eb74fd64-a4b1-4f6d-8d52-267fd0578dcc,2026-08-31T18:24:11.575Z,separate_executor,quote_run_dispatch_probe,200,4413.44,success,,200,success
p3-ex-official-vu200,f27ec04f-7f39-4a4e-9c3a-fc54814696a7,2026-08-31T18:24:11.581Z,separate_executor,quote_run_dispatch_probe,200,4421.17,success,,200,success
p3-ex-official-vu200,68becf92-be09-486b-86fe-584a9bf99efc,2026-08-31T18:24:11.665Z,separate_executor,quote_run_dispatch_probe,200,4651.85,success,,200,success
p3-ex-official-vu200,03fc7c73-4835-4bd4-be4b-32c037ecfcec,2026-08-31T18:24:11.666Z,separate_executor,quote_run_dispatch_probe,200,4502.3,success,,200,success
p3-ex-official-vu200,b363003a-9e06-4e3b-8f44-8c234c032c60,2026-08-31T18:24:11.669Z,separate_executor,quote_run_dispatch_probe,200,4507.65,success,,200,success
p3-ex-official-vu200,139dd074-f26d-4626-9cfb-e32ee63fe2eb,2026-08-31T18:24:11.669Z,separate_executor,quote_run_dispatch_probe,200,3864.19,success,,200,success
p3-ex-official-vu200,f9928bb2-3230-4058-8988-d27aa9a0cf61,2026-08-31T18:24:11.669Z,separate_executor,quote_run_dispatch_probe,200,3907.3,success,,200,success
p3-ex-official-vu200,55fa2c4e-5978-4664-9433-c40d9f9b6be7,2026-08-31T18:24:11.669Z,separate_executor,quote_run_dispatch_probe,200,3865.14,success,,200,success
p3-ex-official-vu200,89fdd669-0b67-4146-ae22-a5dcf2a71dc9,2026-08-31T18:24:11.670Z,separate_executor,quote_run_dispatch_probe,200,3866.22,success,,200,success
p3-ex-official-vu200,f2a6bce4-2289-4d0d-a998-b36d9942d592,2026-08-31T18:24:11.670Z,separate_executor,quote_run_dispatch_probe,200,3315.51,success,,200,success
p3-ex-official-vu200,8e099865-c24d-4616-822f-069b1bd07072,2026-08-31T18:24:11.681Z,separate_executor,quote_run_dispatch_probe,200,3218.67,success,,200,success
p3-ex-official-vu200,3ff7f32f-2156-457e-8f5c-452566603c3b,2026-08-31T18:24:11.696Z,separate_executor,quote_run_dispatch_probe,200,3232.74,success,,200,success
p3-ex-official-vu200,cc80b400-6b31-4f50-8d74-9cc3a8675119,2026-08-31T18:24:11.705Z,separate_executor,quote_run_dispatch_probe,200,3242.8,success,,200,success
p3-ex-official-vu200,977ccbcc-8330-4ea7-b124-4b708ba52d9b,2026-08-31T18:24:11.719Z,separate_executor,quote_run_dispatch_probe,200,3258.08,success,,200,success
p3-ex-official-vu200,2eab3f35-f31e-4767-ba91-3dcd6b4b9e81,2026-08-31T18:24:11.827Z,separate_executor,quote_run_dispatch_probe,200,3281.23,success,,200,success
p3-ex-official-vu200,dd529031-6cdd-4ab0-8156-8629b7722b3f,2026-08-31T18:24:11.844Z,separate_executor,quote_run_dispatch_probe,200,3298.17,success,,200,success
p3-ex-official-vu200,b62df2cd-c4ac-4c79-840e-62a001696f69,2026-08-31T18:24:11.854Z,separate_executor,quote_run_dispatch_probe,200,3285.16,success,,200,success
p3-ex-official-vu200,c14e479d-462c-4163-95a9-3ad1009eff17,2026-08-31T18:24:11.880Z,separate_executor,quote_run_dispatch_probe,200,3335.12,success,,200,success
p3-ex-official-vu200,3428e414-6431-46e1-ac0c-649c34fa7d88,2026-08-31T18:24:11.903Z,separate_executor,quote_run_dispatch_probe,200,3296.78,success,,200,success
p3-ex-official-vu200,5beca678-a125-4000-91bf-0c133ca1f710,2026-08-31T18:24:11.912Z,separate_executor,quote_run_dispatch_probe,200,3274.58,success,,200,success
p3-ex-official-vu200,3b828e6e-1889-4925-a6c3-cff0c5775b3f,2026-08-31T18:24:11.921Z,separate_executor,quote_run_dispatch_probe,200,3375.85,success,,200,success
p3-ex-official-vu200,a074f31d-41f6-475e-80da-d4b81cc4e6aa,2026-08-31T18:24:11.936Z,separate_executor,quote_run_dispatch_probe,200,3358.15,success,,200,success
p3-ex-official-vu200,1e1d91ce-5204-40ca-b37f-9115f126e4f3,2026-08-31T18:24:11.951Z,separate_executor,quote_run_dispatch_probe,200,3303.88,success,,200,success
p3-ex-official-vu200,8004dc9a-7d65-4ad8-8152-751dc9765761,2026-08-31T18:24:12.001Z,separate_executor,quote_run_dispatch_probe,200,3362.4,success,,200,success
p3-ex-official-vu200,6a0ffcd8-62b3-43e0-87e8-2f4fa2d97b9d,2026-08-31T18:24:12.181Z,separate_executor,quote_run_dispatch_probe,200,3543.46,success,,200,success
p3-ex-official-vu200,46b0cc51-0a6b-4d5e-80ce-0dec99e41773,2026-08-31T18:24:12.234Z,separate_executor,quote_run_dispatch_probe,200,3416.47,success,,200,success
p3-ex-official-vu200,3b4bccd4-cb07-49c5-b26a-98161d3debcc,2026-08-31T18:24:12.346Z,separate_executor,quote_run_dispatch_probe,200,3697.66,success,,200,success
p3-ex-official-vu200,722aaa92-4fd8-431e-aa00-eb2184861d66,2026-08-31T18:24:12.382Z,separate_executor,quote_run_dispatch_probe,200,3563.16,success,,200,success
p3-ex-official-vu200,c40c0c83-2fec-4f48-8515-bdd61a6faaff,2026-08-31T18:24:12.414Z,separate_executor,quote_run_dispatch_probe,200,3819.87,success,,200,success
p3-ex-official-vu200,5d3292d7-9404-41a9-b498-2fe33d0769ab,2026-08-31T18:24:12.450Z,separate_executor,quote_run_dispatch_probe,200,3364.12,success,,200,success
p3-ex-official-vu200,21374268-20dc-4e20-b479-f7e1fefac238,2026-08-31T18:24:12.620Z,separate_executor,quote_run_dispatch_probe,200,3403.87,success,,200,success
p3-ex-official-vu200,c281b9ca-cc25-405c-aa4c-74e62769311c,2026-08-31T18:24:12.653Z,separate_executor,quote_run_dispatch_probe,200,3601.33,success,,200,success
p3-ex-official-vu200,cf49a00f-00e0-4a65-afc0-4501d3460be3,2026-08-31T18:24:12.666Z,separate_executor,quote_run_dispatch_probe,200,3415.11,success,,200,success
p3-ex-official-vu200,b8493950-04ca-4a5b-873a-ad48eb0c771a,2026-08-31T18:24:13.231Z,separate_executor,quote_run_dispatch_probe,200,4580.59,success,,200,success
p3-ex-official-vu200,a99c09e7-1cbe-4e47-a273-81f6026e402f,2026-08-31T18:24:13.279Z,separate_executor,quote_run_dispatch_probe,200,4461.62,success,,200,success
p3-ex-official-vu200,9ea7f48d-cc46-4e1b-b22f-3e2c440da6b5,2026-08-31T18:24:13.360Z,separate_executor,quote_run_dispatch_probe,200,4529.17,success,,200,success
p3-ex-official-vu200,bd70f125-3867-4b13-b753-dd7e0fac376f,2026-08-31T18:24:13.397Z,separate_executor,quote_run_dispatch_probe,200,4344.15,success,,200,success
p3-ex-official-vu200,2d796b15-8816-4c1e-8289-ba2f7c1a3b16,2026-08-31T18:24:13.416Z,separate_executor,quote_run_dispatch_probe,200,4108.81,success,,200,success
p3-ex-official-vu200,27245c92-0952-4a8a-ba95-f070b673493c,2026-08-31T18:24:13.537Z,separate_executor,quote_run_dispatch_probe,200,4718.91,success,,200,success
p3-ex-official-vu200,4a627c78-2095-4baa-8927-b365798ce747,2026-08-31T18:24:13.554Z,separate_executor,quote_run_dispatch_probe,200,4751.67,success,,200,success
p3-ex-official-vu200,e48d58b9-d089-49c9-80be-335e4fbcd5cc,2026-08-31T18:24:13.570Z,separate_executor,quote_run_dispatch_probe,200,4333.69,success,,200,success
p3-ex-official-vu200,c5982acf-a024-4e51-b0a1-88985f659955,2026-08-31T18:24:13.579Z,separate_executor,quote_run_dispatch_probe,200,4328.68,success,,200,success
p3-ex-official-vu200,bddd4e83-1192-47e1-a7fc-27bbc4d1a2b7,2026-08-31T18:24:13.582Z,separate_executor,quote_run_dispatch_probe,200,4331.65,success,,200,success
p3-ex-official-vu200,4fe4bbbe-2960-4b8f-9050-ae61eadce26d,2026-08-31T18:24:13.583Z,separate_executor,quote_run_dispatch_probe,200,4531.77,success,,200,success
p3-ex-official-vu200,c4ae1fcd-2f84-4256-8c54-1d1e110a250a,2026-08-31T18:24:13.646Z,separate_executor,quote_run_dispatch_probe,200,4350.41,success,,200,success
p3-ex-official-vu200,1c1ace12-5dc6-4976-9ea9-e764824b2747,2026-08-31T18:24:13.686Z,separate_executor,quote_run_dispatch_probe,200,4389.87,success,,200,success
p3-ex-official-vu200,447a9806-6e52-453f-9e90-48a1ae6f5fe9,2026-08-31T18:24:14.692Z,separate_executor,quote_run_dispatch_probe,200,6055,success,,200,success
p3-ex-official-vu200,e59893b8-75b6-4dc7-97d5-33ccb43ecf60,2026-08-31T18:24:22.005Z,separate_executor,quote_run_dispatch_probe,200,10903.6,success,,200,success
p3-ex-official-vu200,457848bc-cac2-49b2-aaca-7d95a7cf693b,2026-08-31T18:24:22.014Z,separate_executor,quote_run_dispatch_probe,200,10895.63,success,,200,success
p3-ex-official-vu200,4318f8c9-14de-4c0c-bffb-45100d313d38,2026-08-31T18:24:22.015Z,separate_executor,quote_run_dispatch_probe,200,10884.24,success,,200,success
p3-ex-official-vu200,eaaa4eb7-d2fa-47ff-aae9-5d06b20bbc1a,2026-08-31T18:24:22.015Z,separate_executor,quote_run_dispatch_probe,200,10881.34,success,,200,success
p3-ex-official-vu200,f9e3b6a3-f5ef-40aa-8174-24455fffa1e4,2026-08-31T18:24:22.016Z,separate_executor,quote_run_dispatch_probe,200,10913.47,success,,200,success
p3-ex-official-vu200,fb84f9a3-60a6-416e-94d0-f535bb5b79cb,2026-08-31T18:24:22.016Z,separate_executor,quote_run_dispatch_probe,200,10881.64,success,,200,success
p3-ex-official-vu200,08766871-4b7d-4367-8c1d-912c6d3cae41,2026-08-31T18:24:22.016Z,separate_executor,quote_run_dispatch_probe,200,10897.04,success,,200,success
p3-ex-official-vu200,60967cba-20a3-4b3c-b60f-c243e1398da6,2026-08-31T18:24:22.036Z,separate_executor,quote_run_dispatch_probe,200,10900.79,success,,200,success
p3-ex-official-vu200,37259405-6385-457f-b681-f2364205065b,2026-08-31T18:24:22.048Z,separate_executor,quote_run_dispatch_probe,200,10943.53,success,,200,success
p3-ex-official-vu200,4dfa99b4-a4c5-4f74-ac5e-1f773422a8da,2026-08-31T18:24:22.050Z,separate_executor,quote_run_dispatch_probe,200,10917,success,,200,success
p3-ex-official-vu200,3d294713-caef-4a86-91a4-294e9de28d8b,2026-08-31T18:24:22.078Z,separate_executor,quote_run_dispatch_probe,200,10806.28,success,,200,success
p3-ex-official-vu200,3ad96c53-19da-4492-8b0c-10fbc76b8c43,2026-08-31T18:24:22.078Z,separate_executor,quote_run_dispatch_probe,200,10935.13,success,,200,success
p3-ex-official-vu200,94e8c6bc-70ef-4402-81b2-00e616bbcfc8,2026-08-31T18:24:22.079Z,separate_executor,quote_run_dispatch_probe,200,10960.11,success,,200,success
p3-ex-official-vu200,ef02c0fa-f868-4d9b-84d5-7106d0f585af,2026-08-31T18:24:22.079Z,separate_executor,quote_run_dispatch_probe,200,10961.77,success,,200,success
p3-ex-official-vu200,30859949-ae59-476a-9be0-3b7544d3a417,2026-08-31T18:24:22.079Z,separate_executor,quote_run_dispatch_probe,200,10974.75,success,,200,success
p3-ex-official-vu200,3e56c863-be16-4251-9211-4d88383a02bc,2026-08-31T18:24:22.100Z,separate_executor,quote_run_dispatch_probe,200,10994.76,success,,200,success
p3-ex-official-vu200,e8fa6230-16fe-4036-9a35-4e679c482a7b,2026-08-31T18:24:22.101Z,separate_executor,quote_run_dispatch_probe,200,10981.07,success,,200,success
p3-ex-official-vu200,a41503ad-d197-4281-a41c-3ca738da2f70,2026-08-31T18:24:22.101Z,separate_executor,quote_run_dispatch_probe,200,10966.54,success,,200,success
p3-ex-official-vu200,3c488a21-cf9f-484f-8c33-8ba37cec74ff,2026-08-31T18:24:22.102Z,separate_executor,quote_run_dispatch_probe,200,10996.36,success,,200,success
p3-ex-official-vu200,2d1598c1-b49b-4791-809d-b3e43d31a13b,2026-08-31T18:24:22.102Z,separate_executor,quote_run_dispatch_probe,200,10963.6,success,,200,success
p3-ex-official-vu200,52b8e3e9-c402-4bf4-bac1-a0a14c64c36e,2026-08-31T18:24:22.102Z,separate_executor,quote_run_dispatch_probe,200,11001.68,success,,200,success
p3-ex-official-vu200,40207a9b-c097-4164-8844-4aafe0218128,2026-08-31T18:24:22.102Z,separate_executor,quote_run_dispatch_probe,200,10817.54,success,,200,success
p3-ex-official-vu200,27d276bc-6505-467d-b4a8-036306eccc4d,2026-08-31T18:24:22.103Z,separate_executor,quote_run_dispatch_probe,200,10985.87,success,,200,success
p3-ex-official-vu200,fb73dcc6-d7cc-420c-8f72-81529c2f3e96,2026-08-31T18:24:22.103Z,separate_executor,quote_run_dispatch_probe,200,10983.19,success,,200,success
p3-ex-official-vu200,401c4d29-2370-44e9-8138-730ec9df96e6,2026-08-31T18:24:22.128Z,separate_executor,quote_run_dispatch_probe,200,11012.46,success,,200,success
p3-ex-official-vu200,25fd4fd8-a4ef-40a7-990c-31b9e03aa667,2026-08-31T18:24:22.128Z,separate_executor,quote_run_dispatch_probe,200,11011.91,success,,200,success
p3-ex-official-vu200,1df07839-2d2c-4921-8d82-25b6564699e7,2026-08-31T18:24:22.128Z,separate_executor,quote_run_dispatch_probe,200,10992.51,success,,200,success
p3-ex-official-vu200,f19c36a6-154a-4919-85ae-ae9bd940b9fe,2026-08-31T18:24:22.129Z,separate_executor,quote_run_dispatch_probe,200,11006.86,success,,200,success
p3-ex-official-vu200,68cf6e71-6284-4489-930c-3cf387b7f098,2026-08-31T18:24:22.133Z,separate_executor,quote_run_dispatch_probe,200,10835.92,success,,200,success
p3-ex-official-vu200,ccfeec68-3812-4310-9e95-cdb0edb145bf,2026-08-31T18:24:22.133Z,separate_executor,quote_run_dispatch_probe,200,10847.71,success,,200,success
p3-ex-official-vu200,516c5b95-c456-4afc-85d6-c67eed434c99,2026-08-31T18:24:22.135Z,separate_executor,quote_run_dispatch_probe,200,11003.52,success,,200,success
p3-ex-official-vu200,48f2abd6-aa75-40d5-9ecc-f45246622aa0,2026-08-31T18:24:22.135Z,separate_executor,quote_run_dispatch_probe,200,11031.45,success,,200,success
p3-ex-official-vu200,ac4dc872-a298-403b-b0fc-19541c5d01c6,2026-08-31T18:24:22.136Z,separate_executor,quote_run_dispatch_probe,200,11033.84,success,,200,success
p3-ex-official-vu200,881abbf5-7eb1-44c1-b18e-31eb63fc0d3a,2026-08-31T18:24:22.136Z,separate_executor,quote_run_dispatch_probe,200,10837.66,success,,200,success
p3-ex-official-vu200,84375566-8607-461f-9c71-7e645db7a552,2026-08-31T18:24:22.167Z,separate_executor,quote_run_dispatch_probe,200,10881.61,success,,200,success
p3-ex-official-vu200,3478556d-a58a-4844-b145-b5592aea84ae,2026-08-31T18:24:22.168Z,separate_executor,quote_run_dispatch_probe,200,10886.69,success,,200,success
p3-ex-official-vu200,a598aa0e-1658-4ee3-9983-c8e7c5f0005e,2026-08-31T18:24:22.169Z,separate_executor,quote_run_dispatch_probe,200,11063.97,success,,200,success
p3-ex-official-vu200,e3fbbd92-b6b5-41b1-a65f-afd3bceb5aae,2026-08-31T18:24:22.169Z,separate_executor,quote_run_dispatch_probe,200,11031.8,success,,200,success
p3-ex-official-vu200,76fc61ff-5820-408a-afd0-3d96ea990a5f,2026-08-31T18:24:22.169Z,separate_executor,quote_run_dispatch_probe,200,11050.05,success,,200,success
p3-ex-official-vu200,602458d1-42e5-4303-a845-962a668bed73,2026-08-31T18:24:22.170Z,separate_executor,quote_run_dispatch_probe,200,11066.97,success,,200,success
p3-ex-official-vu200,849ac058-1de0-4b4d-93aa-9ce88b1582b6,2026-08-31T18:24:22.171Z,separate_executor,quote_run_dispatch_probe,200,11059.38,success,,200,success
p3-ex-official-vu200,2194e869-6d8c-48ef-bcfd-39bce213b171,2026-08-31T18:24:22.173Z,separate_executor,quote_run_dispatch_probe,200,11053.48,success,,200,success
p3-ex-official-vu200,72ed4c8f-386f-4c66-888a-6373e3a6160f,2026-08-31T18:24:22.173Z,separate_executor,quote_run_dispatch_probe,200,10905.43,success,,200,success
p3-ex-official-vu200,674773af-8721-4d86-b129-583a648d03ce,2026-08-31T18:24:22.175Z,separate_executor,quote_run_dispatch_probe,200,10905.54,success,,200,success
p3-ex-official-vu200,ec3f3af1-8d54-47c7-9f39-ae706461053d,2026-08-31T18:24:22.176Z,separate_executor,quote_run_dispatch_probe,200,11055.62,success,,200,success
p3-ex-official-vu200,5a49a236-83fb-4eeb-915c-8de443253771,2026-08-31T18:24:22.178Z,separate_executor,quote_run_dispatch_probe,200,10891.21,success,,200,success
p3-ex-official-vu200,b6c9ef28-f520-4b8f-98fd-eeb1302ca267,2026-08-31T18:24:22.179Z,separate_executor,quote_run_dispatch_probe,200,10898.77,success,,200,success
p3-ex-official-vu200,266f733b-3335-4119-99f8-a036182179cf,2026-08-31T18:24:22.180Z,separate_executor,quote_run_dispatch_probe,200,10896.86,success,,200,success
p3-ex-official-vu200,5f616751-833d-4b2d-aa87-24d910fb57aa,2026-08-31T18:24:22.182Z,separate_executor,quote_run_dispatch_probe,200,11068.79,success,,200,success
p3-ex-official-vu200,31ad1537-2f49-4b24-ad86-c123a101fd39,2026-08-31T18:24:22.183Z,separate_executor,quote_run_dispatch_probe,200,10900.19,success,,200,success
p3-ex-official-vu200,824f53d9-4cda-414d-a3d1-a3a0aca0303a,2026-08-31T18:24:22.186Z,separate_executor,quote_run_dispatch_probe,200,10899.74,success,,200,success
p3-ex-official-vu200,44fe3bc8-f975-4ab0-8a91-d59384d963bd,2026-08-31T18:24:22.187Z,separate_executor,quote_run_dispatch_probe,200,10674.89,success,,200,success
p3-ex-official-vu200,cbf4f82e-5cb9-4001-b69f-3bc0faa31fa2,2026-08-31T18:24:22.187Z,separate_executor,quote_run_dispatch_probe,200,10903.68,success,,200,success
p3-ex-official-vu200,e1cbf42c-8ff9-4256-bafd-379fda82006f,2026-08-31T18:24:22.198Z,separate_executor,quote_run_dispatch_probe,200,10909.28,success,,200,success
p3-ex-official-vu200,f6e7a19c-8365-4b96-8977-df827de2a729,2026-08-31T18:24:22.199Z,separate_executor,quote_run_dispatch_probe,200,10904.55,success,,200,success
p3-ex-official-vu200,d78324b7-ca43-4103-bcdd-2a4d085f7f75,2026-08-31T18:24:22.199Z,separate_executor,quote_run_dispatch_probe,200,10901.47,success,,200,success
p3-ex-official-vu200,98c62060-9cf8-4c5c-b427-99536e54a5d6,2026-08-31T18:24:22.200Z,separate_executor,quote_run_dispatch_probe,200,10912.6,success,,200,success
p3-ex-official-vu200,6637aadf-fae5-44eb-b6d1-de8735450e95,2026-08-31T18:24:22.200Z,separate_executor,quote_run_dispatch_probe,200,10921.83,success,,200,success
p3-ex-official-vu200,68b56c7f-9ca0-46a2-991f-a22e4fc4eea3,2026-08-31T18:24:22.200Z,separate_executor,quote_run_dispatch_probe,200,10801.26,success,,200,success
p3-ex-official-vu200,227f750f-bb08-47e9-a94a-ed883da5f879,2026-08-31T18:24:22.202Z,separate_executor,quote_run_dispatch_probe,200,10921.25,success,,200,success
p3-ex-official-vu200,c411783c-ae2c-45ab-a168-1c1032967287,2026-08-31T18:24:22.202Z,separate_executor,quote_run_dispatch_probe,200,10916.67,success,,200,success
p3-ex-official-vu200,fad62558-476f-45c8-817c-8e957cbbe190,2026-08-31T18:24:22.204Z,separate_executor,quote_run_dispatch_probe,200,10760.2,success,,200,success
p3-ex-official-vu200,570c4bcf-c891-47b3-857a-196d7f245ce4,2026-08-31T18:24:22.204Z,separate_executor,quote_run_dispatch_probe,200,10920.06,success,,200,success
p3-ex-official-vu200,c50aab9d-c417-4c47-badc-db3a57fa773b,2026-08-31T18:24:22.212Z,separate_executor,quote_run_dispatch_probe,200,10931.69,success,,200,success
p3-ex-official-vu200,4b39c586-5243-4dff-a798-53e820de2ce8,2026-08-31T18:24:22.214Z,separate_executor,quote_run_dispatch_probe,200,10932.14,success,,200,success
p3-ex-official-vu200,5f847df9-1af9-4e4f-9a23-620a8fae4887,2026-08-31T18:24:22.215Z,separate_executor,quote_run_dispatch_probe,200,10664.14,success,,200,success
p3-ex-official-vu200,a3e759c7-372c-4fe8-8e6a-99613117af48,2026-08-31T18:24:22.215Z,separate_executor,quote_run_dispatch_probe,200,10794.11,success,,200,success
p3-ex-official-vu200,70c3c09d-6a7d-43e5-85fb-7af1e15f18e6,2026-08-31T18:24:22.216Z,separate_executor,quote_run_dispatch_probe,200,10687.6,success,,200,success
p3-ex-official-vu200,c29bf8c1-4dac-485d-b4f6-8ff114b030e1,2026-08-31T18:24:22.252Z,separate_executor,quote_run_dispatch_probe,200,10697.04,success,,200,success
p3-ex-official-vu200,42dc1cc1-cc5b-435b-b87a-972b09e87a4a,2026-08-31T18:24:22.253Z,separate_executor,quote_run_dispatch_probe,200,10714.78,success,,200,success
p3-ex-official-vu200,477e8387-262a-4617-90e0-2861978cf78f,2026-08-31T18:24:22.264Z,separate_executor,quote_run_dispatch_probe,200,10975.7,success,,200,success
p3-ex-official-vu200,9aa0a521-e194-4cde-8e47-2d3ee10c34e2,2026-08-31T18:24:22.265Z,separate_executor,quote_run_dispatch_probe,200,10696.76,success,,200,success
p3-ex-official-vu200,301ba754-dd1d-41ed-83df-821575ca11df,2026-08-31T18:24:22.290Z,separate_executor,quote_run_dispatch_probe,200,10757.06,success,,200,success
p3-ex-official-vu200,2f16538a-7500-4999-ac3d-b1919a90f1da,2026-08-31T18:24:22.311Z,separate_executor,quote_run_dispatch_probe,200,10781.81,success,,200,success
p3-ex-official-vu200,b24cee9d-9563-4f3c-ace5-a1c445918404,2026-08-31T18:24:22.312Z,separate_executor,quote_run_dispatch_probe,200,10791.4,success,,200,success
p3-ex-official-vu200,5b202f17-7493-48d0-8006-4828ab1f7ecd,2026-08-31T18:24:22.313Z,separate_executor,quote_run_dispatch_probe,200,10642.9,success,,200,success
p3-ex-official-vu200,72fa2917-1b21-4710-ab2d-a716a92b9627,2026-08-31T18:24:22.314Z,separate_executor,quote_run_dispatch_probe,200,10873.02,success,,200,success
p3-ex-official-vu200,db996be8-26fc-4a31-aa51-320a06e5ab38,2026-08-31T18:24:22.314Z,separate_executor,quote_run_dispatch_probe,200,10748.36,success,,200,success
p3-ex-official-vu200,9f1b3af0-8472-4e0b-8fae-e2f063cb7d6a,2026-08-31T18:24:22.315Z,separate_executor,quote_run_dispatch_probe,200,10768.09,success,,200,success
p3-ex-official-vu200,44fdc682-5f24-4202-8244-4206e1633b53,2026-08-31T18:24:22.316Z,separate_executor,quote_run_dispatch_probe,200,11033.24,success,,200,success
p3-ex-official-vu200,90735896-6e78-4d3b-ad5f-8fc5f874daf6,2026-08-31T18:24:22.318Z,separate_executor,quote_run_dispatch_probe,200,10753.08,success,,200,success
p3-ex-official-vu200,8571c929-207c-4c3a-9bfe-2ec973daac6d,2026-08-31T18:24:22.319Z,separate_executor,quote_run_dispatch_probe,200,10874.11,success,,200,success
p3-ex-official-vu200,d2351e02-7073-4b0d-9158-0b0d9a09840d,2026-08-31T18:24:22.319Z,separate_executor,quote_run_dispatch_probe,200,10754.03,success,,200,success
p3-ex-official-vu200,2bef802a-14b2-4005-984d-10fe083b9073,2026-08-31T18:24:22.321Z,separate_executor,quote_run_dispatch_probe,200,10898.58,success,,200,success
p3-ex-official-vu200,6b745702-89b8-4585-9d93-a7a03daf4a53,2026-08-31T18:24:22.330Z,separate_executor,quote_run_dispatch_probe,200,10794.08,success,,200,success
p3-ex-official-vu200,399e9754-196e-4d35-a405-aa716dea312f,2026-08-31T18:24:22.334Z,separate_executor,quote_run_dispatch_probe,200,10779.07,success,,200,success
p3-ex-official-vu200,33f84c3c-bdc4-469e-ba44-6e7a295e628c,2026-08-31T18:24:22.335Z,separate_executor,quote_run_dispatch_probe,200,11046.31,success,,200,success
p3-ex-official-vu200,95a1df15-3047-4a8c-8c2e-39493caed8fe,2026-08-31T18:24:22.335Z,separate_executor,quote_run_dispatch_probe,200,10890.85,success,,200,success
p3-ex-official-vu200,24bc706e-e393-4530-a685-f9b187d58e98,2026-08-31T18:24:22.336Z,separate_executor,quote_run_dispatch_probe,200,10670.23,success,,200,success
p3-ex-official-vu200,32bcd8af-f138-49df-9b62-1ee51ea5970f,2026-08-31T18:24:22.336Z,separate_executor,quote_run_dispatch_probe,200,10800.07,success,,200,success
p3-ex-official-vu200,0dac8e50-a2dc-444c-ba0f-38c8b429d786,2026-08-31T18:24:22.337Z,separate_executor,quote_run_dispatch_probe,200,10891.49,success,,200,success
p3-ex-official-vu200,193963a9-db27-4b86-a216-7c00524c3bec,2026-08-31T18:24:22.337Z,separate_executor,quote_run_dispatch_probe,200,10821.91,success,,200,success
p3-ex-official-vu200,679c6dc8-e63b-4262-8a34-136042f27f18,2026-08-31T18:24:22.338Z,separate_executor,quote_run_dispatch_probe,200,10773.94,success,,200,success
p3-ex-official-vu200,8987e134-83cb-4b26-b1be-e4284506c60c,2026-08-31T18:24:22.338Z,separate_executor,quote_run_dispatch_probe,200,10892.91,success,,200,success
p3-ex-official-vu200,7c152ce1-2d18-491b-afe4-247db72ca0a0,2026-08-31T18:24:22.339Z,separate_executor,quote_run_dispatch_probe,200,10818.07,success,,200,success
p3-ex-official-vu200,fa4abd6e-d3d6-4dd3-8523-ec8bd51b218a,2026-08-31T18:24:22.341Z,separate_executor,quote_run_dispatch_probe,200,10826.38,success,,200,success
p3-ex-official-vu200,417a7c1c-40f9-4f72-bbb2-1fd3230b7356,2026-08-31T18:24:22.342Z,separate_executor,quote_run_dispatch_probe,200,10822.13,success,,200,success
p3-ex-official-vu200,2d508956-f72f-44da-bb4e-ed41d6f41853,2026-08-31T18:24:22.344Z,separate_executor,quote_run_dispatch_probe,200,10832.02,success,,200,success
p3-ex-official-vu200,856b5ea4-e09b-4ca1-99b2-563c284dfa3a,2026-08-31T18:24:22.347Z,separate_executor,quote_run_dispatch_probe,200,10781.92,success,,200,success
p3-ex-official-vu200,fdb8c91f-4210-47df-a1e4-db96d1700a54,2026-08-31T18:24:22.347Z,separate_executor,quote_run_dispatch_probe,200,10903.05,success,,200,success
p3-ex-official-vu200,3d37df5f-7b24-499c-8b7e-055036719739,2026-08-31T18:24:22.348Z,separate_executor,quote_run_dispatch_probe,200,10812.68,success,,200,success
p3-ex-official-vu200,a1258d12-66d9-44c5-a632-7aa0aea1bd4d,2026-08-31T18:24:22.348Z,separate_executor,quote_run_dispatch_probe,200,10809.58,success,,200,success
p3-ex-official-vu200,7bb19c3e-72ca-4e4b-bc4a-1707f02f11cb,2026-08-31T18:24:22.349Z,separate_executor,quote_run_dispatch_probe,200,10798.41,success,,200,success
p3-ex-official-vu200,ad99edbe-0c0e-4c30-a085-a70391f2aeb0,2026-08-31T18:24:22.350Z,separate_executor,quote_run_dispatch_probe,200,10846.25,success,,200,success
p3-ex-official-vu200,c7f5b1f9-f06e-43b9-864c-acc76e546c00,2026-08-31T18:24:22.350Z,separate_executor,quote_run_dispatch_probe,200,10785.96,success,,200,success
p3-ex-official-vu200,0d82bcb8-b53c-4dcd-aef2-fba6e1f37891,2026-08-31T18:24:22.351Z,separate_executor,quote_run_dispatch_probe,200,10834.79,success,,200,success
p3-ex-official-vu200,617a0548-749e-4226-890b-66d11873069a,2026-08-31T18:24:22.352Z,separate_executor,quote_run_dispatch_probe,200,10790.3,success,,200,success
p3-ex-official-vu200,11bdc35c-8509-48e8-ba5d-f657c14d973b,2026-08-31T18:24:22.352Z,separate_executor,quote_run_dispatch_probe,200,10686.29,success,,200,success
p3-ex-official-vu200,27e9d5f7-2dc8-47b8-8add-ec1a8ca4636e,2026-08-31T18:24:22.353Z,separate_executor,quote_run_dispatch_probe,200,10884.63,success,,200,success
p3-ex-official-vu200,b008d2d7-437c-4be1-828b-a242bf920ce8,2026-08-31T18:24:22.353Z,separate_executor,quote_run_dispatch_probe,200,10798.08,success,,200,success
p3-ex-official-vu200,68ee14f3-eeb4-484d-afae-b9d2159e8550,2026-08-31T18:24:22.353Z,separate_executor,quote_run_dispatch_probe,200,10802.84,success,,200,success
p3-ex-official-vu200,72b8f235-4607-4f60-a4c4-b2ebfe7e4dde,2026-08-31T18:24:22.354Z,separate_executor,quote_run_dispatch_probe,200,10932.46,success,,200,success
p3-ex-official-vu200,622ce549-6cce-4ff0-92b8-ab6e77aa4cf9,2026-08-31T18:24:22.355Z,separate_executor,quote_run_dispatch_probe,200,10789.75,success,,200,success
p3-ex-official-vu200,0aaedc7a-973a-4498-a8c0-29796ad673d2,2026-08-31T18:24:22.356Z,separate_executor,quote_run_dispatch_probe,200,13182.1,success,,200,success
p3-ex-official-vu200,1da2b1bf-0240-40be-8e46-e8868caa709f,2026-08-31T18:24:22.356Z,separate_executor,quote_run_dispatch_probe,200,13443.98,success,,200,success
p3-ex-official-vu200,675c3918-dfad-4026-aca3-f8c3e8ab877b,2026-08-31T18:24:22.360Z,separate_executor,quote_run_dispatch_probe,200,13107.9,success,,200,success
p3-ex-official-vu200,78868eee-0840-45c6-ac7b-f244b8f68fde,2026-08-31T18:24:22.363Z,separate_executor,quote_run_dispatch_probe,200,13724.75,success,,200,success
p3-ex-official-vu200,b6aed35a-2069-4e4d-95fb-8165557e6983,2026-08-31T18:24:22.363Z,separate_executor,quote_run_dispatch_probe,200,13111.49,success,,200,success
p3-ex-official-vu200,f1c126c3-d167-4cc4-a772-b79363009a84,2026-08-31T18:24:22.364Z,separate_executor,quote_run_dispatch_probe,200,9132.33,success,,200,success
p3-ex-official-vu200,eee76fbd-b7ae-4c61-a304-e51bc08c2706,2026-08-31T18:24:22.364Z,separate_executor,quote_run_dispatch_probe,200,13712.97,success,,200,success
p3-ex-official-vu200,35d80a31-72d8-4fbb-bf28-b1e3e98e719d,2026-08-31T18:24:22.365Z,separate_executor,quote_run_dispatch_probe,200,13726.17,success,,200,success
p3-ex-official-vu200,759a3fe8-528c-4272-90ae-919aff528179,2026-08-31T18:24:22.366Z,separate_executor,quote_run_dispatch_probe,200,10796.82,success,,200,success
p3-ex-official-vu200,79c185cb-2440-411e-b55e-9d8249b6c9b5,2026-08-31T18:24:22.367Z,separate_executor,quote_run_dispatch_probe,200,10798.38,success,,200,success
p3-ex-official-vu200,2b09f37c-4c54-41e3-b313-5c5e55d35e11,2026-08-31T18:24:22.368Z,separate_executor,quote_run_dispatch_probe,200,10792.17,success,,200,success
p3-ex-official-vu200,2b2dbd0c-fd6d-4efd-a57d-1d4c4f0f09d9,2026-08-31T18:24:22.368Z,separate_executor,quote_run_dispatch_probe,200,10698.7,success,,200,success
p3-ex-official-vu200,58517288-a1bd-4456-9d54-5b4da3c293c7,2026-08-31T18:24:22.369Z,separate_executor,quote_run_dispatch_probe,200,10787.47,success,,200,success
p3-ex-official-vu200,d4238938-b930-4f2a-9e91-094f254c58b1,2026-08-31T18:24:22.369Z,separate_executor,quote_run_dispatch_probe,200,10802.18,success,,200,success
p3-ex-official-vu200,8facfc34-5410-4bfd-abaa-10f1061dbfe0,2026-08-31T18:24:22.369Z,separate_executor,quote_run_dispatch_probe,200,10800.34,success,,200,success
p3-ex-official-vu200,cac6c8af-1f0d-47a6-a08f-ab3540aa7214,2026-08-31T18:24:22.370Z,separate_executor,quote_run_dispatch_probe,200,10700.59,success,,200,success
p3-ex-official-vu200,5e44753f-3865-42a0-8b96-0f8f4a2b225a,2026-08-31T18:24:22.370Z,separate_executor,quote_run_dispatch_probe,200,10799.79,success,,200,success
p3-ex-official-vu200,4f27c3b0-5cb8-43c5-a11e-09f33b9f789d,2026-08-31T18:24:22.370Z,separate_executor,quote_run_dispatch_probe,200,10701.55,success,,200,success
p3-ex-official-vu200,3e914a30-efe6-4e4a-a7d3-853f27f7324e,2026-08-31T18:24:22.371Z,separate_executor,quote_run_dispatch_probe,200,10797.77,success,,200,success
p3-ex-official-vu200,ba628f30-47df-41f8-9858-9cedc9ae0817,2026-08-31T18:24:22.371Z,separate_executor,quote_run_dispatch_probe,200,10802.42,success,,200,success
p3-ex-official-vu200,0d91901d-80c9-40c0-8b87-6a3ab8f1c425,2026-08-31T18:24:22.371Z,separate_executor,quote_run_dispatch_probe,200,10802.38,success,,200,success
p3-ex-official-vu200,c9c91c51-8b8b-4c17-8bae-8123e71411f8,2026-08-31T18:24:22.373Z,separate_executor,quote_run_dispatch_probe,200,10803.09,success,,200,success
p3-ex-official-vu200,fe874492-8bc0-41e2-8d2b-e5ce84dc3f58,2026-08-31T18:24:22.378Z,separate_executor,quote_run_dispatch_probe,200,10708.27,success,,200,success
p3-ex-official-vu200,933d6289-5769-4c5a-bfb3-e4407777761b,2026-08-31T18:24:22.379Z,separate_executor,quote_run_dispatch_probe,200,13128.02,success,,200,success
p3-ex-official-vu200,cc52de2b-9e67-47d0-ab18-972db8c38fb1,2026-08-31T18:24:22.379Z,separate_executor,quote_run_dispatch_probe,200,10806.83,success,,200,success
p3-ex-official-vu200,71b79e23-7d0e-43c0-96c8-304b2b3baa8d,2026-08-31T18:24:22.380Z,separate_executor,quote_run_dispatch_probe,200,13771.68,success,,200,success
p3-ex-official-vu200,93ed6a88-86b3-4b2b-a6d4-afce0862d87d,2026-08-31T18:24:22.380Z,separate_executor,quote_run_dispatch_probe,200,13728.44,success,,200,success
p3-ex-official-vu200,2f639981-e0ab-4f6c-8f19-e2d46523673c,2026-08-31T18:24:22.380Z,separate_executor,quote_run_dispatch_probe,200,13729.07,success,,200,success
p3-ex-official-vu200,e76c2c67-f416-4618-9bca-0e40bba97fa9,2026-08-31T18:24:22.381Z,separate_executor,quote_run_dispatch_probe,200,13742.16,success,,200,success
p3-ex-official-vu200,56699801-d8b7-4935-9616-d90857783e1b,2026-08-31T18:24:22.381Z,separate_executor,quote_run_dispatch_probe,200,13742.5,success,,200,success
p3-ex-official-vu200,052999ee-62f9-438b-9f3d-79b2058f8b85,2026-08-31T18:24:22.382Z,separate_executor,quote_run_dispatch_probe,200,13743.46,success,,200,success
p3-ex-official-vu200,29f1981d-2fa5-4bbd-86b6-dc7338327865,2026-08-31T18:24:22.382Z,separate_executor,quote_run_dispatch_probe,200,13551.95,success,,200,success
p3-ex-official-vu200,7769b31a-a5a9-4192-a971-cc17859a9fb2,2026-08-31T18:24:22.383Z,separate_executor,quote_run_dispatch_probe,200,13752.21,success,,200,success
p3-ex-official-vu200,f2b6ff07-b751-4388-b872-8b445b93b719,2026-08-31T18:24:22.383Z,separate_executor,quote_run_dispatch_probe,200,13310.48,success,,200,success
p3-ex-official-vu200,04d4a116-e05d-4d9a-ab47-80edbf0b8df5,2026-08-31T18:24:22.383Z,separate_executor,quote_run_dispatch_probe,200,13261.93,success,,200,success
p3-ex-official-vu200,17c54dba-695f-470b-b19a-e0a3b9c97d69,2026-08-31T18:24:22.384Z,separate_executor,quote_run_dispatch_probe,200,13732.15,success,,200,success
p3-ex-official-vu200,8001c901-527d-4a79-af96-096f0fe13d59,2026-08-31T18:24:22.384Z,separate_executor,quote_run_dispatch_probe,200,13732.3,success,,200,success
p3-ex-official-vu200,be692e3f-6aa6-40e8-a88f-fc45bf828b79,2026-08-31T18:24:22.384Z,separate_executor,quote_run_dispatch_probe,200,13745.32,success,,200,success
p3-ex-official-vu200,62263ed3-bbc9-4b9a-9edd-658974cf36d5,2026-08-31T18:24:22.384Z,separate_executor,quote_run_dispatch_probe,200,13745.65,success,,200,success
p3-ex-official-vu200,db4a2e12-9ace-4c3a-833c-e90d619e459c,2026-08-31T18:24:22.385Z,separate_executor,quote_run_dispatch_probe,200,13331.78,success,,200,success
p3-ex-official-vu200,7ad73649-22c8-419a-a68a-1d12a19603a6,2026-08-31T18:24:22.385Z,separate_executor,quote_run_dispatch_probe,200,13779.4,success,,200,success
p3-ex-official-vu200,b1182569-73f6-439e-a9fe-5814b375f692,2026-08-31T18:24:22.385Z,separate_executor,quote_run_dispatch_probe,200,13279.14,success,,200,success
p3-ex-official-vu200,fc5e32c6-c709-4aae-adda-445f9c981d31,2026-08-31T18:24:22.386Z,separate_executor,quote_run_dispatch_probe,200,13555.22,success,,200,success
p3-ex-official-vu200,66a70fc0-6556-44f9-b2cd-6942544c52e6,2026-08-31T18:24:22.386Z,separate_executor,quote_run_dispatch_probe,200,13747.55,success,,200,success
p3-ex-official-vu200,1fbea465-01ca-4b70-a984-3a949283b06b,2026-08-31T18:24:22.387Z,separate_executor,quote_run_dispatch_probe,200,13212.94,success,,200,success
p3-ex-official-vu200,c794ecce-3e51-44e2-8c37-448fdc1d6624,2026-08-31T18:24:22.387Z,separate_executor,quote_run_dispatch_probe,200,13748.88,success,,200,success
p3-ex-official-vu200,c29f71d8-68af-4541-b08e-9efd1d2a6622,2026-08-31T18:24:22.388Z,separate_executor,quote_run_dispatch_probe,200,13334.66,success,,200,success
p3-ex-official-vu200,7eb62b9a-87a8-4400-8e5e-210e3245a49a,2026-08-31T18:24:22.388Z,separate_executor,quote_run_dispatch_probe,200,10706.61,success,,200,success
p3-ex-official-vu200,d2043a6b-5c12-4399-993d-c8ee22ece746,2026-08-31T18:24:22.393Z,separate_executor,quote_run_dispatch_probe,200,9943.08,success,,200,success
p3-ex-official-vu200,4bfa81a2-7cd9-42a0-8cfa-3178e037bb68,2026-08-31T18:24:22.395Z,separate_executor,quote_run_dispatch_probe,200,10160.3,success,,200,success
p3-ex-official-vu200,ede9ab15-1c27-4dc4-8e42-88960daff043,2026-08-31T18:24:22.517Z,separate_executor,quote_run_dispatch_probe,200,13885.81,success,,200,success
p3-ex-official-vu200,bc7b03f9-de76-41b2-a9fe-56a21c767a4a,2026-08-31T18:24:22.518Z,separate_executor,quote_run_dispatch_probe,200,13396.8,success,,200,success
p3-ex-official-vu200,9e3d72aa-d5cc-41ea-b62b-907e276a92ca,2026-08-31T18:24:23.444Z,separate_executor,quote_run_dispatch_probe,200,14838.59,success,,200,success
p3-ex-official-vu200,a7709f34-a1a4-44a2-bcb7-ed10d85cef0d,2026-08-31T18:24:24.545Z,separate_executor,quote_run_dispatch_probe,200,12840.03,success,,200,success
p3-ex-official-vu200,ed04cb06-08a8-4449-80ec-360c791cc284,2026-08-31T18:24:24.854Z,separate_executor,quote_run_dispatch_probe,200,13184.13,success,,200,success
p3-ex-official-vu200,afd1ab7b-f82d-41b9-ba64-923ebea3bd6b,2026-08-31T18:24:24.927Z,separate_executor,quote_run_dispatch_probe,200,13207.65,success,,200,success
p3-ex-official-vu200,349ef29d-f1e7-49a6-9061-bd3d3f229d89,2026-08-31T18:24:24.945Z,separate_executor,quote_run_dispatch_probe,200,12763.76,success,,200,success
p3-ex-official-vu200,a49e1bf3-4622-4968-904e-ab12c3c69075,2026-08-31T18:24:25.170Z,separate_executor,quote_run_dispatch_probe,200,13474.55,success,,200,success
p3-ex-official-vu200,878f7f5f-0a7e-44bb-96d0-989965d13fa4,2026-08-31T18:24:25.282Z,separate_executor,quote_run_dispatch_probe,200,13427.24,success,,200,success
p3-ex-official-vu200,2b701deb-a084-4e59-ba84-ad0a9b084d62,2026-08-31T18:24:25.544Z,separate_executor,quote_run_dispatch_probe,200,13713.11,success,,200,success
p3-ex-official-vu200,b46eaf14-c306-4a74-8e19-e0b8c208c933,2026-08-31T18:24:25.656Z,separate_executor,quote_run_dispatch_probe,200,13734.44,success,,200,success
p3-ex-official-vu200,ebf204e3-5a78-4718-83f9-dced06b58924,2026-08-31T18:24:25.750Z,separate_executor,quote_run_dispatch_probe,200,13748.51,success,,200,success
p3-ex-official-vu200,01361dd9-949c-4adf-b40b-ecb8867a1faa,2026-08-31T18:24:25.824Z,separate_executor,quote_run_dispatch_probe,200,3809.64,success,,200,success
p3-ex-official-vu200,f916ae21-db74-4082-97cc-b68dc012b9c5,2026-08-31T18:24:26.072Z,separate_executor,quote_run_dispatch_probe,200,14191.8,success,,200,success
p3-ex-official-vu200,bdcc37fb-3d58-4fcb-9a6d-1a3cf95fe6b1,2026-08-31T18:24:26.437Z,separate_executor,quote_run_dispatch_probe,200,14500.55,success,,200,success
p3-ex-official-vu200,9867970a-99cf-49c6-b2ab-a712ee2d8cc7,2026-08-31T18:24:26.471Z,separate_executor,quote_run_dispatch_probe,200,14558.18,success,,200,success
p3-ex-official-vu200,ec951a61-f586-4ab1-80bc-4986563d1334,2026-08-31T18:24:26.548Z,separate_executor,quote_run_dispatch_probe,200,4531.6,success,,200,success
p3-ex-official-vu200,982c5646-d9e7-488f-bf9d-a16836d230d5,2026-08-31T18:24:26.594Z,separate_executor,quote_run_dispatch_probe,200,14248.57,success,,200,success
p3-ex-official-vu200,05743318-d02e-4fb2-a5f7-65512fe7e3cc,2026-08-31T18:24:26.695Z,separate_executor,quote_run_dispatch_probe,200,4526.65,success,,200,success
p3-ex-official-vu200,da094281-f3a4-4334-a268-96be5885c2b8,2026-08-31T18:24:26.711Z,separate_executor,quote_run_dispatch_probe,200,4695.29,success,,200,success
p3-ex-official-vu200,4cce24ef-950a-4617-9e79-3ffe0ec5c5d7,2026-08-31T18:24:26.743Z,separate_executor,quote_run_dispatch_probe,200,4573.12,success,,200,success
p3-ex-official-vu200,943c8d9f-a919-4c97-a4a4-1e0d490cb0b1,2026-08-31T18:24:26.968Z,separate_executor,quote_run_dispatch_probe,200,4867.53,success,,200,success
p3-ex-official-vu200,920f048f-fe2d-4210-a2ec-e32c4a8183ac,2026-08-31T18:24:27.143Z,separate_executor,quote_run_dispatch_probe,200,15298.36,success,,200,success
p3-ex-official-vu200,d1fd8c23-72e0-40c9-8248-6d5892cc8a05,2026-08-31T18:24:27.145Z,separate_executor,quote_run_dispatch_probe,200,5068.32,success,,200,success
p3-ex-official-vu200,2ae3d2b2-2fdc-4121-ab17-4d98c1b834e6,2026-08-31T18:24:27.169Z,separate_executor,quote_run_dispatch_probe,200,4783.38,success,,200,success
p3-ex-official-vu200,b6119642-648c-4bcf-9d32-9303ab6b1630,2026-08-31T18:24:27.201Z,separate_executor,quote_run_dispatch_probe,200,4830.71,success,,200,success
p3-ex-official-vu200,f8a96281-4667-41ab-bffd-6d4308304a85,2026-08-31T18:24:27.252Z,separate_executor,quote_run_dispatch_probe,200,5124.01,success,,200,success
p3-ex-official-vu200,855c2f98-e591-420f-a340-1cc887475220,2026-08-31T18:24:27.333Z,separate_executor,quote_run_dispatch_probe,200,5197.22,success,,200,success
p3-ex-official-vu200,67e1c705-3ebc-4859-bb49-0cce51ddd678,2026-08-31T18:24:27.348Z,separate_executor,quote_run_dispatch_probe,200,5174.19,success,,200,success
p3-ex-official-vu200,86ff414b-e55d-40b2-b88b-d34fdf9d2945,2026-08-31T18:24:27.419Z,separate_executor,quote_run_dispatch_probe,200,5218.27,success,,200,success
p3-ex-official-vu200,c9e4a5d0-42e3-4f00-ae80-6984d28ea317,2026-08-31T18:24:27.450Z,separate_executor,quote_run_dispatch_probe,200,5317.06,success,,200,success
p3-ex-official-vu200,636b7757-0587-46ed-8767-a0d762079fe9,2026-08-31T18:24:27.466Z,separate_executor,quote_run_dispatch_probe,200,5294.48,success,,200,success
p3-ex-official-vu200,e80e5d15-72d4-44c2-a87a-25c8a9f70846,2026-08-31T18:24:27.490Z,separate_executor,quote_run_dispatch_probe,200,5474.68,success,,200,success
p3-ex-official-vu200,775e5485-ab84-4b9f-b316-6e65d724bcbd,2026-08-31T18:24:27.522Z,separate_executor,quote_run_dispatch_probe,200,5386.92,success,,200,success
p3-ex-official-vu200,7b492e5c-3ab4-40f5-a325-d05d86f80843,2026-08-31T18:24:27.556Z,separate_executor,quote_run_dispatch_probe,200,5539.57,success,,200,success
p3-ex-official-vu200,4335b736-7e33-428e-b876-e62f5092db77,2026-08-31T18:24:27.562Z,separate_executor,quote_run_dispatch_probe,200,5460.05,success,,200,success
p3-ex-official-vu200,36b79635-d7e9-4b0d-bf3e-3ad2cc7e62ac,2026-08-31T18:24:27.564Z,separate_executor,quote_run_dispatch_probe,200,5395.27,success,,200,success
p3-ex-official-vu200,a839c875-a814-4abe-83bc-9ed53b303ec1,2026-08-31T18:24:27.578Z,separate_executor,quote_run_dispatch_probe,200,5476.5,success,,200,success
p3-ex-official-vu200,0b92a648-1911-44bc-8f2d-dbda4e37eca8,2026-08-31T18:24:27.600Z,separate_executor,quote_run_dispatch_probe,200,5413.78,success,,200,success
p3-ex-official-vu200,449aea07-eb8c-4647-b16e-ed1269d23b5b,2026-08-31T18:24:27.601Z,separate_executor,quote_run_dispatch_probe,200,15697.92,success,,200,success
p3-ex-official-vu200,97e5fbb7-de0e-4e73-b257-8d9fc2557580,2026-08-31T18:24:27.601Z,separate_executor,quote_run_dispatch_probe,200,5264.83,success,,200,success
p3-ex-official-vu200,d67af3d3-15e5-47c0-b2a2-1f91c9d5621e,2026-08-31T18:24:27.646Z,separate_executor,quote_run_dispatch_probe,200,5431.88,success,,200,success
p3-ex-official-vu200,9c6b3219-4128-4413-a27e-14dd8b36eda4,2026-08-31T18:24:27.700Z,separate_executor,quote_run_dispatch_probe,200,5331.17,success,,200,success
p3-ex-official-vu200,a976c230-70ed-44a2-9331-10aefcecf99b,2026-08-31T18:24:27.783Z,separate_executor,quote_run_dispatch_probe,200,5400.02,success,,200,success
p3-ex-official-vu200,d9e78398-3aff-4f14-893b-6ccb0c7ce027,2026-08-31T18:24:27.992Z,separate_executor,quote_run_dispatch_probe,200,5788.04,success,,200,success
p3-ex-official-vu200,3558c897-6b27-47c1-aa1d-7ebf5c2dbaab,2026-08-31T18:24:27.993Z,separate_executor,quote_run_dispatch_probe,200,5644.21,success,,200,success
p3-ex-official-vu200,9c7aca41-2c8a-4794-a7c9-e159038a010c,2026-08-31T18:24:28.418Z,separate_executor,quote_run_dispatch_probe,200,6231.08,success,,200,success
p3-ex-official-vu200,c991b369-07e3-42a6-8f37-40190e8c9dea,2026-08-31T18:24:28.419Z,separate_executor,quote_run_dispatch_probe,200,6250.18,success,,200,success
p3-ex-official-vu200,1302408b-a6cc-45f9-9d53-098dd372c8d4,2026-08-31T18:24:28.498Z,separate_executor,quote_run_dispatch_probe,200,6299.67,success,,200,success
p3-ex-official-vu200,8c9b7d50-f89f-405c-8466-1b84b299e42a,2026-08-31T18:24:28.499Z,separate_executor,quote_run_dispatch_probe,200,6420.45,success,,200,success
p3-ex-official-vu200,ff2d8968-e62a-4117-9b55-e06d1f4ffb85,2026-08-31T18:24:28.500Z,separate_executor,quote_run_dispatch_probe,200,6398.1,success,,200,success
p3-ex-official-vu200,bc393bd3-0e60-49a7-94cb-9568db70a8fb,2026-08-31T18:24:28.500Z,separate_executor,quote_run_dispatch_probe,200,6181.77,success,,200,success
p3-ex-official-vu200,5574bd64-5571-4637-b028-6cb418afe5f5,2026-08-31T18:24:28.514Z,separate_executor,quote_run_dispatch_probe,200,6330.86,success,,200,success
p3-ex-official-vu200,39672836-273d-4ee2-bc54-8a4dd5da0874,2026-08-31T18:24:28.515Z,separate_executor,quote_run_dispatch_probe,200,6146.12,success,,200,success
p3-ex-official-vu200,81104b7b-3a1c-4ff2-a942-898bcd37efde,2026-08-31T18:24:28.515Z,separate_executor,quote_run_dispatch_probe,200,16100.57,success,,200,success
p3-ex-official-vu200,44c349c4-2369-47d1-a91f-552ad6cd3298,2026-08-31T18:24:28.781Z,separate_executor,quote_run_dispatch_probe,200,15134.61,success,,200,success
p3-ex-official-vu200,b5a944ed-89eb-4a16-a193-a17195316f97,2026-08-31T18:24:28.781Z,separate_executor,quote_run_dispatch_probe,200,6678.85,success,,200,success
p3-ex-official-vu200,a09adf5a-2899-41cd-8ceb-3c48adbbca4b,2026-08-31T18:24:28.782Z,separate_executor,quote_run_dispatch_probe,200,6446.43,success,,200,success
p3-ex-official-vu200,f1d1c5b6-8a6f-4f89-a492-63255c335a45,2026-08-31T18:24:28.784Z,separate_executor,quote_run_dispatch_probe,200,6605.25,success,,200,success
p3-ex-official-vu200,092a6971-deb4-4b50-adc7-a8e5cee09f10,2026-08-31T18:24:28.787Z,separate_executor,quote_run_dispatch_probe,200,6658.88,success,,200,success
p3-ex-official-vu200,8cd21471-fa3a-4820-9950-11fb6af4211c,2026-08-31T18:24:28.794Z,separate_executor,quote_run_dispatch_probe,200,6474.73,success,,200,success
p3-ex-official-vu200,148d7077-0290-41b5-b442-29bb80d9e9b7,2026-08-31T18:24:28.794Z,separate_executor,quote_run_dispatch_probe,200,6442.94,success,,200,success
p3-ex-official-vu200,d2432cd0-8cef-47cf-a858-813cb7508ec0,2026-08-31T18:24:28.797Z,separate_executor,quote_run_dispatch_probe,200,6792.23,success,,200,success
p3-ex-official-vu200,2a07c381-ec10-46f5-9094-9158c7d00f0b,2026-08-31T18:24:28.798Z,separate_executor,quote_run_dispatch_probe,200,16131.24,success,,200,success
p3-ex-official-vu200,e5d36f72-72e6-42e6-8b67-f04f55a4c8fb,2026-08-31T18:24:28.815Z,separate_executor,quote_run_dispatch_probe,200,15398.25,success,,200,success
p3-ex-official-vu200,5007f40f-717d-40d4-b032-a9ed20a41bf3,2026-08-31T18:24:28.815Z,separate_executor,quote_run_dispatch_probe,200,6462.4,success,,200,success
p3-ex-official-vu200,51b7c99a-27e7-4d72-a5a2-743e826f4fdf,2026-08-31T18:24:28.816Z,separate_executor,quote_run_dispatch_probe,200,15536.18,success,,200,success
p3-ex-official-vu200,70da8afa-e224-4fa9-ac43-2796a497c1a3,2026-08-31T18:24:28.816Z,separate_executor,quote_run_dispatch_probe,200,6480.43,success,,200,success
p3-ex-official-vu200,fe982e36-2d05-45f6-b5c4-53b74a5d1c23,2026-08-31T18:24:28.817Z,separate_executor,quote_run_dispatch_probe,200,14124.3,success,,200,success
p3-ex-official-vu200,bb0f747f-3fbd-48d4-83c1-7e6b1f6c52e6,2026-08-31T18:24:28.817Z,separate_executor,quote_run_dispatch_probe,200,6552.67,success,,200,success
p3-ex-official-vu200,c92312e9-ef5b-454d-846c-da29ccf555ab,2026-08-31T18:24:28.818Z,separate_executor,quote_run_dispatch_probe,200,6715.09,success,,200,success
p3-ex-official-vu200,d7b70e7d-783a-4a67-9fdc-dac3d27062e2,2026-08-31T18:24:28.818Z,separate_executor,quote_run_dispatch_probe,200,6615.87,success,,200,success
p3-ex-official-vu200,45ec619d-96af-4fc6-a59c-4e91443a1145,2026-08-31T18:24:28.819Z,separate_executor,quote_run_dispatch_probe,200,6683.5,success,,200,success
p3-ex-official-vu200,99327f8f-5ee8-4d63-9fa6-26586127ac27,2026-08-31T18:24:28.820Z,separate_executor,quote_run_dispatch_probe,200,6771.19,success,,200,success
p3-ex-official-vu200,61bc836d-464a-4368-8b57-881657471c0d,2026-08-31T18:24:28.821Z,separate_executor,quote_run_dispatch_probe,200,6438.6,success,,200,success
p3-ex-official-vu200,9d929781-8a6f-4223-8133-6dc4a4c9ba03,2026-08-31T18:24:28.821Z,separate_executor,quote_run_dispatch_probe,200,6440.85,success,,200,success
p3-ex-official-vu200,ff0d5869-713f-421f-8d49-8be321e328b1,2026-08-31T18:24:28.821Z,separate_executor,quote_run_dispatch_probe,200,6467.69,success,,200,success
p3-ex-official-vu200,2f0445a5-b4d7-41e6-a9be-47051e97ffb0,2026-08-31T18:24:28.827Z,separate_executor,quote_run_dispatch_probe,200,6748.42,success,,200,success
p3-ex-official-vu200,2c65a28b-069e-477f-8588-f88fc2dba564,2026-08-31T18:24:28.828Z,separate_executor,quote_run_dispatch_probe,200,16174.17,success,,200,success
p3-ex-official-vu200,a4a46185-5294-4896-967b-314b694896a4,2026-08-31T18:24:28.828Z,separate_executor,quote_run_dispatch_probe,200,6486.63,success,,200,success
p3-ex-official-vu200,8e71b99e-da43-479d-9742-a63e2b541559,2026-08-31T18:24:28.830Z,separate_executor,quote_run_dispatch_probe,200,6629.7,success,,200,success
p3-ex-official-vu200,0c0471ae-8e7c-43a6-9713-b0bf0bd81137,2026-08-31T18:24:28.832Z,separate_executor,quote_run_dispatch_probe,200,6482.61,success,,200,success
p3-ex-official-vu200,99dbda81-204a-4206-8e50-2f0537777321,2026-08-31T18:24:28.833Z,separate_executor,quote_run_dispatch_probe,200,6755.03,success,,200,success
p3-ex-official-vu200,b41381f4-2531-4767-bee5-6abbacedcbd6,2026-08-31T18:24:28.833Z,separate_executor,quote_run_dispatch_probe,200,6651.76,success,,200,success
p3-ex-official-vu200,b7cac099-c860-4a82-b458-63c211f3b06d,2026-08-31T18:24:28.835Z,separate_executor,quote_run_dispatch_probe,200,6464.19,success,,200,success
p3-ex-official-vu200,7682b937-25c1-4863-aaa4-2bfd3642f603,2026-08-31T18:24:28.835Z,separate_executor,quote_run_dispatch_probe,200,6623.65,success,,200,success
p3-ex-official-vu200,1a0acffc-dc28-4c86-b22d-0c54f28dc125,2026-08-31T18:24:28.836Z,separate_executor,quote_run_dispatch_probe,200,16883.94,success,,200,success
p3-ex-official-vu200,d9d1b344-e0f6-4abb-bc1e-53f1298f2446,2026-08-31T18:24:28.836Z,separate_executor,quote_run_dispatch_probe,200,6660.16,success,,200,success
p3-ex-official-vu200,336b9eb6-2fe6-4fd3-ba00-56a206408620,2026-08-31T18:24:28.836Z,separate_executor,quote_run_dispatch_probe,200,6517.1,success,,200,success
p3-ex-official-vu200,555c3b8c-63b7-4294-b28e-f7ce8fadc4ac,2026-08-31T18:24:28.839Z,separate_executor,quote_run_dispatch_probe,200,6452.15,success,,200,success
p3-ex-official-vu200,f9febee0-6193-429a-ad2a-4e6b6f2db24e,2026-08-31T18:24:28.842Z,separate_executor,quote_run_dispatch_probe,200,15262.56,success,,200,success
p3-ex-official-vu200,fbaab242-a7b3-4fe7-9855-c172dd288e83,2026-08-31T18:24:28.844Z,separate_executor,quote_run_dispatch_probe,200,6457.78,success,,200,success
p3-ex-official-vu200,99b16b8a-a356-4ca2-b387-20be116569a6,2026-08-31T18:24:28.844Z,separate_executor,quote_run_dispatch_probe,200,6807.9,success,,200,success
p3-ex-official-vu200,bccdc80f-e528-4681-acda-d5479832db3f,2026-08-31T18:24:28.845Z,separate_executor,quote_run_dispatch_probe,200,6531.84,success,,200,success
p3-ex-official-vu200,e85d7361-aff8-4a0e-b41a-97d28d2d14ee,2026-08-31T18:24:28.848Z,separate_executor,quote_run_dispatch_probe,200,6661.12,success,,200,success
p3-ex-official-vu200,79786496-b02d-4194-ba81-e6a38c3d1311,2026-08-31T18:24:28.854Z,separate_executor,quote_run_dispatch_probe,200,6724.94,success,,200,success
p3-ex-official-vu200,278dff32-b2c7-4c62-a7c2-ec5062c17e6b,2026-08-31T18:24:28.854Z,separate_executor,quote_run_dispatch_probe,200,15270.81,success,,200,success
p3-ex-official-vu200,777e5462-69cb-481b-ab57-4a61eccc139e,2026-08-31T18:24:28.855Z,separate_executor,quote_run_dispatch_probe,200,6520.62,success,,200,success
p3-ex-official-vu200,d020f804-47cf-48fb-a44f-fd54d8ec7794,2026-08-31T18:24:28.858Z,separate_executor,quote_run_dispatch_probe,200,6517.21,success,,200,success
p3-ex-official-vu200,5d408cde-e7dd-47bc-8296-d0181696cada,2026-08-31T18:24:28.859Z,separate_executor,quote_run_dispatch_probe,200,6480.35,success,,200,success
p3-ex-official-vu200,a3d07a06-4d69-43fe-82d4-d9cd26172219,2026-08-31T18:24:28.860Z,separate_executor,quote_run_dispatch_probe,200,6780.76,success,,200,success
p3-ex-official-vu200,2da22dee-0551-4661-b4bf-5bba54ee0a76,2026-08-31T18:24:28.864Z,separate_executor,quote_run_dispatch_probe,200,6496.38,success,,200,success
p3-ex-official-vu200,bbaa4c37-0ba1-4724-a214-feb0b36ed8a7,2026-08-31T18:24:28.867Z,separate_executor,quote_run_dispatch_probe,200,6554.41,success,,200,success
p3-ex-official-vu200,9fef4175-e5e5-41bd-aa92-a8d9cfc1aa93,2026-08-31T18:24:28.869Z,separate_executor,quote_run_dispatch_probe,200,6557.18,success,,200,success
p3-ex-official-vu200,cfe5cbfa-3bfb-45d7-b84a-36203e0bae13,2026-08-31T18:24:28.874Z,separate_executor,quote_run_dispatch_probe,200,6672,success,,200,success
p3-ex-official-vu200,332057e0-36fc-49e1-a649-a504af4b51f2,2026-08-31T18:24:28.880Z,separate_executor,quote_run_dispatch_probe,200,6549.39,success,,200,success
p3-ex-official-vu200,b0a46de9-af38-45ed-acb2-f6fff33b8fea,2026-08-31T18:24:28.880Z,separate_executor,quote_run_dispatch_probe,200,6492.62,success,,200,success
p3-ex-official-vu200,751c344d-973d-41c2-83fe-f89b67fa3554,2026-08-31T18:24:28.887Z,separate_executor,quote_run_dispatch_probe,200,6689.23,success,,200,success
p3-ex-official-vu200,939c2645-dfa5-42c7-9eed-1300a44c8a53,2026-08-31T18:24:28.899Z,separate_executor,quote_run_dispatch_probe,200,6551.15,success,,200,success
p3-ex-official-vu200,4c2a0be9-7e90-458e-8c93-b7d3c9123691,2026-08-31T18:24:28.900Z,separate_executor,quote_run_dispatch_probe,200,4045.38,success,,200,success
p3-ex-official-vu200,220c25fc-4aba-4d7d-8537-ce67b4e8a902,2026-08-31T18:24:28.900Z,separate_executor,quote_run_dispatch_probe,200,6586.43,success,,200,success
p3-ex-official-vu200,4710cafe-60a8-4429-b340-ac575d052821,2026-08-31T18:24:28.912Z,separate_executor,quote_run_dispatch_probe,200,6595.45,success,,200,success
p3-ex-official-vu200,1658deaf-f844-44a6-8a10-6042f89bf2f5,2026-08-31T18:24:28.913Z,separate_executor,quote_run_dispatch_probe,200,6737.48,success,,200,success
p3-ex-official-vu200,a11903df-b438-4141-8ecf-ab2278d004d2,2026-08-31T18:24:28.913Z,separate_executor,quote_run_dispatch_probe,200,6780.12,success,,200,success
p3-ex-official-vu200,ee961754-e16c-48ca-92ea-f4ac4c9a542f,2026-08-31T18:24:28.914Z,separate_executor,quote_run_dispatch_probe,200,6714.03,success,,200,success
p3-ex-official-vu200,185802e7-acf7-4f95-b490-d8a5c4f1738c,2026-08-31T18:24:28.922Z,separate_executor,quote_run_dispatch_probe,200,6584.09,success,,200,success
p3-ex-official-vu200,aa2df5ff-a99f-4665-82ee-02af839c9fb7,2026-08-31T18:24:28.924Z,separate_executor,quote_run_dispatch_probe,200,6587.62,success,,200,success
p3-ex-official-vu200,0c601580-6973-4157-9b4f-ff7e57bd1b68,2026-08-31T18:24:28.973Z,separate_executor,quote_run_dispatch_probe,200,6589.2,success,,200,success
p3-ex-official-vu200,142065e2-7cd3-4682-ac3d-bf713e3d6ace,2026-08-31T18:24:28.978Z,separate_executor,quote_run_dispatch_probe,200,6593.46,success,,200,success
p3-ex-official-vu200,e991d10c-edf7-4a6f-8cd4-96d84f3bbf24,2026-08-31T18:24:28.978Z,separate_executor,quote_run_dispatch_probe,200,6610.74,success,,200,success
p3-ex-official-vu200,df0f7c08-2136-43bc-8382-84024d60c072,2026-08-31T18:24:28.979Z,separate_executor,quote_run_dispatch_probe,200,6595.96,success,,200,success
p3-ex-official-vu200,1500ec18-5ff8-4d7f-a533-3a577c05ff26,2026-08-31T18:24:28.980Z,separate_executor,quote_run_dispatch_probe,200,6591.48,success,,200,success
p3-ex-official-vu200,b70140e6-9a9b-4ea9-898b-e2d66af808fe,2026-08-31T18:24:28.980Z,separate_executor,quote_run_dispatch_probe,200,6627.75,success,,200,success
p3-ex-official-vu200,420115c3-5a28-4eb0-964b-02dc22655ef5,2026-08-31T18:24:28.980Z,separate_executor,quote_run_dispatch_probe,200,6624.48,success,,200,success
p3-ex-official-vu200,ddc214dc-4b3a-474f-aab0-cb777efc1abf,2026-08-31T18:24:28.985Z,separate_executor,quote_run_dispatch_probe,200,6628.42,success,,200,success
p3-ex-official-vu200,352e70cd-ff1a-4aee-883c-c82c1dd4a7f7,2026-08-31T18:24:28.985Z,separate_executor,quote_run_dispatch_probe,200,6630.79,success,,200,success
p3-ex-official-vu200,cb1f2843-dd4b-4af7-ac64-55b6238ca929,2026-08-31T18:24:28.985Z,separate_executor,quote_run_dispatch_probe,200,6856.88,success,,200,success
p3-ex-official-vu200,b4510567-2488-4486-b4e6-9e879673692a,2026-08-31T18:24:28.986Z,separate_executor,quote_run_dispatch_probe,200,6637.02,success,,200,success
p3-ex-official-vu200,13ccb5b3-de7a-43e8-9b25-2e75e0ee9ed1,2026-08-31T18:24:28.986Z,separate_executor,quote_run_dispatch_probe,200,6732.79,success,,200,success
p3-ex-official-vu200,63a73b7a-3725-4f17-bfb1-98c35d983a23,2026-08-31T18:24:29.046Z,separate_executor,quote_run_dispatch_probe,200,6793.86,success,,200,success
p3-ex-official-vu200,1764a480-cab6-4551-8420-b4f2b5c58fd9,2026-08-31T18:24:29.139Z,separate_executor,quote_run_dispatch_probe,200,6774.49,success,,200,success
p3-ex-official-vu200,789a2cef-c0e2-4a44-8e76-7ac3bd8999bc,2026-08-31T18:24:29.140Z,separate_executor,quote_run_dispatch_probe,200,6801.55,success,,200,success
p3-ex-official-vu200,a7dea04f-559d-4a0d-966a-8a40252afdbb,2026-08-31T18:24:29.151Z,separate_executor,quote_run_dispatch_probe,200,7135.47,success,,200,success
p3-ex-official-vu200,c1f438a6-7e4c-429a-9bc2-1b75dc23479f,2026-08-31T18:24:29.151Z,separate_executor,quote_run_dispatch_probe,200,6836.34,success,,200,success
p3-ex-official-vu200,2a306be1-240a-4091-b10a-52fb6bc2f223,2026-08-31T18:24:29.152Z,separate_executor,quote_run_dispatch_probe,200,6767.03,success,,200,success
p3-ex-official-vu200,cd29947d-9315-49b3-925c-36be2b459853,2026-08-31T18:24:29.289Z,separate_executor,quote_run_dispatch_probe,200,6772.2,success,,200,success
p3-ex-official-vu200,6929f489-6f85-4a3a-b489-cd9da36d0cda,2026-08-31T18:24:29.291Z,separate_executor,quote_run_dispatch_probe,200,7124.12,success,,200,success
p3-ex-official-vu200,f06b38ce-2813-4958-9dbd-950139760acb,2026-08-31T18:24:29.313Z,separate_executor,quote_run_dispatch_probe,200,7048.83,success,,200,success
p3-ex-official-vu200,9db42215-db38-4835-9ef8-bd398a6664b0,2026-08-31T18:24:29.314Z,separate_executor,quote_run_dispatch_probe,200,7211.59,success,,200,success
p3-ex-official-vu200,7590406a-e9e6-4115-9483-ebf9969afb7c,2026-08-31T18:24:29.419Z,separate_executor,quote_run_dispatch_probe,200,7032,success,,200,success
p3-ex-official-vu200,fc53abee-1952-44ba-8333-703bce305866,2026-08-31T18:24:29.419Z,separate_executor,quote_run_dispatch_probe,200,7072.53,success,,200,success
p3-ex-official-vu200,7fb4eee1-a185-4424-85aa-ece89073f400,2026-08-31T18:24:29.419Z,separate_executor,quote_run_dispatch_probe,200,7240.05,success,,200,success
p3-ex-official-vu200,7ed4b69a-0759-4796-a2ac-41753c28419c,2026-08-31T18:24:29.420Z,separate_executor,quote_run_dispatch_probe,200,7105.6,success,,200,success
p3-ex-official-vu200,33753634-5677-4177-aecd-c14a50fac101,2026-08-31T18:24:29.428Z,separate_executor,quote_run_dispatch_probe,200,7058.12,success,,200,success
p3-ex-official-vu200,faba7e7e-1380-4768-a84d-5f1d896e5ad5,2026-08-31T18:24:29.429Z,separate_executor,quote_run_dispatch_probe,200,7225.91,success,,200,success
p3-ex-official-vu200,3d70d5e2-8223-42d2-9c9b-9d4ee086f1b8,2026-08-31T18:24:29.435Z,separate_executor,quote_run_dispatch_probe,200,16815.11,success,,200,success
p3-ex-official-vu200,53ed39a4-8513-400d-8281-eb203df06cac,2026-08-31T18:24:29.436Z,separate_executor,quote_run_dispatch_probe,200,7237.13,success,,200,success
p3-ex-official-vu200,6504f757-d00a-430e-9ef8-63e79971f3e4,2026-08-31T18:24:29.436Z,separate_executor,quote_run_dispatch_probe,200,7220.93,success,,200,success
p3-ex-official-vu200,fffd1fb2-5b08-4f8c-87dd-ea686bc3c083,2026-08-31T18:24:29.437Z,separate_executor,quote_run_dispatch_probe,200,7052.06,success,,200,success
p3-ex-official-vu200,4a203360-1b6d-4514-aa78-75c798e7df62,2026-08-31T18:24:29.437Z,separate_executor,quote_run_dispatch_probe,200,15750.82,success,,200,success
p3-ex-official-vu200,d290d81c-f23c-4eec-ad0e-7ed21265e759,2026-08-31T18:24:29.439Z,separate_executor,quote_run_dispatch_probe,200,6920.91,success,,200,success
p3-ex-official-vu200,28d1ad6f-5e98-4147-8549-4bd0dea43128,2026-08-31T18:24:29.444Z,separate_executor,quote_run_dispatch_probe,200,7060.51,success,,200,success
p3-ex-official-vu200,0b60a048-d739-4c5b-af37-323345d6bcc1,2026-08-31T18:24:29.446Z,separate_executor,quote_run_dispatch_probe,200,7081.63,success,,200,success
p3-ex-official-vu200,ac3b9c39-62a1-4314-b5c7-2860d8c8bb35,2026-08-31T18:24:29.446Z,separate_executor,quote_run_dispatch_probe,200,7066.74,success,,200,success
p3-ex-official-vu200,8d0ba104-57f9-435e-97aa-486aa978ed0d,2026-08-31T18:24:29.447Z,separate_executor,quote_run_dispatch_probe,200,7075.69,success,,200,success
p3-ex-official-vu200,bd1359ff-e53c-4716-a462-e3db9a3dfad0,2026-08-31T18:24:29.450Z,separate_executor,quote_run_dispatch_probe,200,7072.6,success,,200,success
p3-ex-official-vu200,cfd6903c-b6c8-4e04-9dd0-f95a2d7a24e9,2026-08-31T18:24:29.451Z,separate_executor,quote_run_dispatch_probe,200,16054.01,success,,200,success
p3-ex-official-vu200,3ea9d5b7-9399-43fa-a9de-722c0680697e,2026-08-31T18:24:29.491Z,separate_executor,quote_run_dispatch_probe,200,7146.75,success,,200,success
p3-ex-official-vu200,1d4cc85f-7bbe-4089-8ab4-043e73ba5994,2026-08-31T18:24:29.593Z,separate_executor,quote_run_dispatch_probe,200,7424.66,success,,200,success
p3-ex-official-vu200,2d9bc483-2762-4b85-807c-2bb4b47816de,2026-08-31T18:24:29.601Z,separate_executor,quote_run_dispatch_probe,200,7499.35,success,,200,success
p3-ex-official-vu200,082ac1de-99c0-4a93-9d00-9e59929fca3d,2026-08-31T18:24:29.603Z,separate_executor,quote_run_dispatch_probe,200,7222.75,success,,200,success
p3-ex-official-vu200,dd6472da-fd4a-431d-8780-62e5c31a23e2,2026-08-31T18:24:29.610Z,separate_executor,quote_run_dispatch_probe,200,7247.1,success,,200,success
p3-ex-official-vu200,9120a3bc-1572-41ae-bff6-d4e004302558,2026-08-31T18:24:29.629Z,separate_executor,quote_run_dispatch_probe,200,16268.86,success,,200,success
p3-ex-official-vu200,94860578-152a-4f41-b917-231ebe91e854,2026-08-31T18:24:29.663Z,separate_executor,quote_run_dispatch_probe,200,7293.89,success,,200,success
p3-ex-official-vu200,650bf532-70e0-4be3-a437-06d9c4adbc5f,2026-08-31T18:24:29.717Z,separate_executor,quote_run_dispatch_probe,200,16179.45,success,,200,success
p3-ex-official-vu200,b43dc9d8-e740-40ad-8c2f-43c48be796fa,2026-08-31T18:24:29.729Z,separate_executor,quote_run_dispatch_probe,200,3657.23,success,,200,success
p3-ex-official-vu200,21385074-cf2d-4234-a657-4402af3282d2,2026-08-31T18:24:29.729Z,separate_executor,quote_run_dispatch_probe,200,7514.3,success,,200,success
p3-ex-official-vu200,03d2824d-80fa-415a-9f6c-fca3400ba979,2026-08-31T18:24:29.761Z,separate_executor,quote_run_dispatch_probe,200,7625.44,success,,200,success
p3-ex-official-vu200,772b82bd-6bd7-4d89-b7ce-70db4cb11517,2026-08-31T18:24:29.853Z,separate_executor,quote_run_dispatch_probe,200,7532.47,success,,200,success
p3-ex-official-vu200,ab9e36d4-5d5c-4de2-875c-1af9bfd10536,2026-08-31T18:24:29.914Z,separate_executor,quote_run_dispatch_probe,200,4163.87,success,,200,success
p3-ex-official-vu200,27f85050-9756-43fe-9a72-292c5afc4340,2026-08-31T18:24:29.918Z,separate_executor,quote_run_dispatch_probe,200,7548.16,success,,200,success
p3-ex-official-vu200,d838684f-91c7-4fc8-8bd0-a704079ef295,2026-08-31T18:24:30.025Z,separate_executor,quote_run_dispatch_probe,200,7685.74,success,,200,success
p3-ex-official-vu200,49ce4c1a-ed4a-4987-8fff-8dce82a50356,2026-08-31T18:24:30.047Z,separate_executor,quote_run_dispatch_probe,200,7693.71,success,,200,success
p3-ex-official-vu200,85cc2a80-6264-43dd-8cb2-1c7eb20c1b8a,2026-08-31T18:24:30.072Z,separate_executor,quote_run_dispatch_probe,200,7707.15,success,,200,success
p3-ex-official-vu200,57b5cb20-470c-40d7-b97b-f5efdd29fc5c,2026-08-31T18:24:30.079Z,separate_executor,quote_run_dispatch_probe,200,7906.27,success,,200,success
p3-ex-official-vu200,ab06e37f-8b36-4406-8d86-8dbdd08e6b31,2026-08-31T18:24:30.232Z,separate_executor,quote_run_dispatch_probe,200,7865.97,success,,200,success
p3-ex-official-vu200,2ea62320-9aaa-4917-b554-d322152f5dbb,2026-08-31T18:24:30.234Z,separate_executor,quote_run_dispatch_probe,200,8132.67,success,,200,success
p3-ex-official-vu200,698f2ca3-4f6c-4706-96e7-a90dc92441a2,2026-08-31T18:24:30.237Z,separate_executor,quote_run_dispatch_probe,200,7886.55,success,,200,success
p3-ex-official-vu200,380d853a-dea7-4308-bc6b-45cab6da96b1,2026-08-31T18:24:30.331Z,separate_executor,quote_run_dispatch_probe,200,5048.91,success,,200,success
p3-ex-official-vu200,6d1109c1-d27c-4180-822a-b0d4d603fb73,2026-08-31T18:24:30.362Z,separate_executor,quote_run_dispatch_probe,200,5416.32,success,,200,success
p3-ex-official-vu200,4df11eba-eb69-4072-83c7-90d4718e83ec,2026-08-31T18:24:30.412Z,separate_executor,quote_run_dispatch_probe,200,8195.9,success,,200,success
p3-ex-official-vu200,253223bf-845c-4929-8f84-efb80058ad7c,2026-08-31T18:24:30.414Z,separate_executor,quote_run_dispatch_probe,200,8334.8,success,,200,success
p3-ex-official-vu200,e5d896e1-22ff-40f0-baee-3f2249f981f8,2026-08-31T18:24:30.589Z,separate_executor,quote_run_dispatch_probe,200,17006.46,success,,200,success
p3-ex-official-vu200,3a82fc03-b147-45c6-9735-44d5b0fc6e1b,2026-08-31T18:24:30.604Z,separate_executor,quote_run_dispatch_probe,200,5677.35,success,,200,success
p3-ex-official-vu200,8b970146-847a-4e9a-8bb0-a4523f79a7c7,2026-08-31T18:24:30.605Z,separate_executor,quote_run_dispatch_probe,200,18222.72,success,,200,success
p3-ex-official-vu200,2c2edc9d-9708-4696-bf11-1a5289c84135,2026-08-31T18:24:30.630Z,separate_executor,quote_run_dispatch_probe,200,8270.53,success,,200,success
p3-ex-official-vu200,ede12ff1-2da9-464c-9747-d365b1ac24dc,2026-08-31T18:24:30.637Z,separate_executor,quote_run_dispatch_probe,200,8256.48,success,,200,success
p3-ex-official-vu200,1ae3a9a7-7597-4a2f-aa38-9acdff763916,2026-08-31T18:24:30.689Z,separate_executor,quote_run_dispatch_probe,200,8318.95,success,,200,success
p3-ex-official-vu200,455e7082-81b6-4082-9986-38e3726bb386,2026-08-31T18:24:30.692Z,separate_executor,quote_run_dispatch_probe,200,8309.38,success,,200,success
p3-ex-official-vu200,b5234beb-2306-4f9f-9956-227f6a7eba49,2026-08-31T18:24:30.697Z,separate_executor,quote_run_dispatch_probe,200,8363.2,success,,200,success
p3-ex-official-vu200,45ce63f7-bca0-4b89-a88e-52b04fe8c096,2026-08-31T18:24:30.698Z,separate_executor,quote_run_dispatch_probe,200,8304.2,success,,200,success
p3-ex-official-vu200,c3293d46-f455-4641-ae0d-a0cda18687f3,2026-08-31T18:24:30.698Z,separate_executor,quote_run_dispatch_probe,200,8335.93,success,,200,success
p3-ex-official-vu200,40068e6b-768d-4dd3-86c8-23dd9dd0b62a,2026-08-31T18:24:30.737Z,separate_executor,quote_run_dispatch_probe,200,8399.44,success,,200,success
p3-ex-official-vu200,0df0f217-2009-46df-a9bf-738730519c12,2026-08-31T18:24:30.738Z,separate_executor,quote_run_dispatch_probe,200,17184.46,success,,200,success
p3-ex-official-vu200,20edfaf3-843e-4510-825f-71de6f1dade4,2026-08-31T18:24:30.798Z,separate_executor,quote_run_dispatch_probe,200,17228.55,success,,200,success
p3-ex-official-vu200,bae62621-6fce-413c-a516-2900569bebc5,2026-08-31T18:24:30.799Z,separate_executor,quote_run_dispatch_probe,200,8404.2,success,,200,success
p3-ex-official-vu200,cafe5721-21a6-4aaa-bf5b-dd357cb10ee0,2026-08-31T18:24:31.273Z,separate_executor,quote_run_dispatch_probe,200,4724.87,success,,200,success
p3-ex-official-vu200,1109960e-9f88-49ea-a181-23664f1ffccb,2026-08-31T18:24:31.274Z,separate_executor,quote_run_dispatch_probe,200,8891.69,success,,200,success
p3-ex-official-vu200,df67e7c7-44f1-4bb1-ade8-ee1de1ba2c79,2026-08-31T18:24:31.276Z,separate_executor,quote_run_dispatch_probe,200,8897.24,success,,200,success
p3-ex-official-vu200,48f02bfe-c480-43f2-9331-b718bb1f5700,2026-08-31T18:24:31.303Z,separate_executor,quote_run_dispatch_probe,200,8930.5,success,,200,success
p3-ex-official-vu200,58089cdc-7f0f-4020-ac32-e2c4fc9650bc,2026-08-31T18:24:31.310Z,separate_executor,quote_run_dispatch_probe,200,8957.49,success,,200,success
p3-ex-official-vu200,6170b214-56d1-4c6c-8d3f-74d01a5e204a,2026-08-31T18:24:31.315Z,separate_executor,quote_run_dispatch_probe,200,9134.15,success,,200,success
p3-ex-official-vu200,d322a267-1156-43c4-b9aa-549196374c0e,2026-08-31T18:24:31.317Z,separate_executor,quote_run_dispatch_probe,200,8935.37,success,,200,success
p3-ex-official-vu200,7a9e9751-50ba-4f06-9033-96b2452c0805,2026-08-31T18:24:31.376Z,separate_executor,quote_run_dispatch_probe,200,9007.51,success,,200,success
p3-ex-official-vu200,550afb70-31a1-4f36-91f7-8eb028f262f1,2026-08-31T18:24:31.484Z,separate_executor,quote_run_dispatch_probe,200,8040.49,success,,200,success
p3-ex-official-vu200,c6327f2b-a4bb-4a91-a93a-1eb26ca3d61f,2026-08-31T18:24:31.568Z,separate_executor,quote_run_dispatch_probe,200,9221.35,success,,200,success
p3-ex-official-vu200,3ba27207-6632-4bd7-bd78-fac4a16180f4,2026-08-31T18:24:31.601Z,separate_executor,quote_run_dispatch_probe,200,9310.71,success,,200,success
p3-ex-official-vu200,9eab1c45-98b4-4fc4-9622-83fbb58e2d3f,2026-08-31T18:24:31.610Z,separate_executor,quote_run_dispatch_probe,200,5139,success,,200,success
p3-ex-official-vu200,c5e4136a-cd88-4fe9-aa70-8961d28a7d5e,2026-08-31T18:24:31.762Z,separate_executor,quote_run_dispatch_probe,200,9377.76,success,,200,success
p3-ex-official-vu200,a67f98ab-1c38-45ce-a7c5-1928abe616f7,2026-08-31T18:24:31.763Z,separate_executor,quote_run_dispatch_probe,200,6106.81,success,,200,success
p3-ex-official-vu200,182cb351-5652-4921-be47-efba9cf9fd02,2026-08-31T18:24:31.877Z,separate_executor,quote_run_dispatch_probe,200,4458.3,success,,200,success
p3-ex-official-vu200,5f21a570-7c7c-4f44-9013-73f29d3a4321,2026-08-31T18:24:32.003Z,separate_executor,quote_run_dispatch_probe,200,4802.74,success,,200,success
p3-ex-official-vu200,8a8acb21-cab1-437f-8adb-4c054c43772a,2026-08-31T18:24:32.019Z,separate_executor,quote_run_dispatch_probe,200,4686.27,success,,200,success
p3-ex-official-vu200,669e11b1-ff7c-4fa1-a8be-e23cd6c61227,2026-08-31T18:24:32.102Z,separate_executor,quote_run_dispatch_probe,200,9716.65,success,,200,success
p3-ex-official-vu200,6958c626-ea5f-4fd5-86e6-272098f4a8ed,2026-08-31T18:24:32.253Z,separate_executor,quote_run_dispatch_probe,200,9898.11,success,,200,success
p3-ex-official-vu200,68e6d188-e666-490b-b868-6521749815f9,2026-08-31T18:24:32.273Z,separate_executor,quote_run_dispatch_probe,200,4672.95,success,,200,success
p3-ex-official-vu200,ff0c2edb-f409-466f-a3ad-8dd25172c51d,2026-08-31T18:24:32.417Z,separate_executor,quote_run_dispatch_probe,200,5722.06,success,,200,success
p3-ex-official-vu200,d24d51b4-54eb-4a10-82cb-6a5e9918ed9a,2026-08-31T18:24:32.424Z,separate_executor,quote_run_dispatch_probe,200,4431.19,success,,200,success
p3-ex-official-vu200,1c35db40-1207-47a4-ae7b-26f323b95df4,2026-08-31T18:24:32.447Z,separate_executor,quote_run_dispatch_probe,200,5478.85,success,,200,success
p3-ex-official-vu200,c5a185af-55f9-4b9d-9b9c-015f1c9d48e0,2026-08-31T18:24:32.457Z,separate_executor,quote_run_dispatch_probe,200,5314.18,success,,200,success
p3-ex-official-vu200,0ddb0fe8-652b-4b66-b1da-7f814f5ee004,2026-08-31T18:24:32.463Z,separate_executor,quote_run_dispatch_probe,200,4816.59,success,,200,success
p3-ex-official-vu200,69c4c8cb-414b-480d-8181-fd8fd4255bc0,2026-08-31T18:24:32.527Z,separate_executor,quote_run_dispatch_probe,200,6702.53,success,,200,success
p3-ex-official-vu200,2bba06c7-e5f9-4e99-b603-5f3aa32c9a76,2026-08-31T18:24:32.540Z,separate_executor,quote_run_dispatch_probe,200,5371.18,success,,200,success
p3-ex-official-vu200,a1f08bf7-d8ec-4fc1-9ee1-10bae457ae15,2026-08-31T18:24:32.593Z,separate_executor,quote_run_dispatch_probe,200,5341.77,success,,200,success
p3-ex-official-vu200,5d27da0d-5c05-4dfb-a791-e90bbfe8f2d4,2026-08-31T18:24:32.611Z,separate_executor,quote_run_dispatch_probe,200,5145.77,success,,200,success
p3-ex-official-vu200,26a0e7a7-f739-4538-b3a1-1d1b4811afff,2026-08-31T18:24:32.615Z,separate_executor,quote_run_dispatch_probe,200,5165.09,success,,200,success
p3-ex-official-vu200,a6959696-def3-4993-b082-668d3149b279,2026-08-31T18:24:32.769Z,separate_executor,quote_run_dispatch_probe,200,5207.36,success,,200,success
p3-ex-official-vu200,a013519f-325e-4d1b-b10f-bd93a83508a7,2026-08-31T18:24:32.814Z,separate_executor,quote_run_dispatch_probe,200,5324.22,success,,200,success
p3-ex-official-vu200,79b7383e-1115-4a7f-93e3-f70e551fbaba,2026-08-31T18:24:32.844Z,separate_executor,quote_run_dispatch_probe,200,6249.82,success,,200,success
p3-ex-official-vu200,c4c91f47-b5bd-460c-9fab-4e05ac690345,2026-08-31T18:24:33.015Z,separate_executor,quote_run_dispatch_probe,200,5459.81,success,,200,success
p3-ex-official-vu200,cec3ebd2-04fc-45af-8253-3687093dc654,2026-08-31T18:24:33.076Z,separate_executor,quote_run_dispatch_probe,200,5512.08,success,,200,success
p3-ex-official-vu200,13016f4d-2d5b-40e8-baa8-fd5761be2fe3,2026-08-31T18:24:33.136Z,separate_executor,quote_run_dispatch_probe,200,5788.72,success,,200,success
p3-ex-official-vu200,78ccd6d6-b71d-4fad-b3c4-252eb67c0a82,2026-08-31T18:24:33.211Z,separate_executor,quote_run_dispatch_probe,200,5219.09,success,,200,success
p3-ex-official-vu200,343d8bfd-f67d-4595-80e3-84e5f9782b87,2026-08-31T18:24:33.319Z,separate_executor,quote_run_dispatch_probe,200,6575.06,success,,200,success
p3-ex-official-vu200,3c09a8f1-21d1-47d9-aca1-861903a5dd29,2026-08-31T18:24:33.442Z,separate_executor,quote_run_dispatch_probe,200,5919.74,success,,200,success
p3-ex-official-vu200,ddc39559-b620-40b7-a12f-1b603b0dd62a,2026-08-31T18:24:33.503Z,separate_executor,quote_run_dispatch_probe,200,8332.6,success,,200,success
p3-ex-official-vu200,5de55a9b-0f9c-4520-9ead-9f40174d423e,2026-08-31T18:24:33.751Z,separate_executor,quote_run_dispatch_probe,200,5250.27,success,,200,success
p3-ex-official-vu200,ff52eb92-42e9-4d78-b77b-00e247206e1d,2026-08-31T18:24:33.903Z,separate_executor,quote_run_dispatch_probe,200,6302.2,success,,200,success
p3-ex-official-vu200,e58a5542-bbf2-4b80-9e5a-bdbf65efe443,2026-08-31T18:24:33.910Z,separate_executor,quote_run_dispatch_probe,200,5491.35,success,,200,success
p3-ex-official-vu200,e42f769c-5963-4348-9de0-4ef49ebba9b4,2026-08-31T18:24:33.919Z,separate_executor,quote_run_dispatch_probe,200,6218.41,success,,200,success
p3-ex-official-vu200,752b6f62-9c21-4ae6-b4da-7a6b8b7b6b06,2026-08-31T18:24:33.950Z,separate_executor,quote_run_dispatch_probe,200,9404.73,success,,200,success
p3-ex-official-vu200,838a004e-3592-4a13-a6bb-b499b18d4695,2026-08-31T18:24:33.985Z,separate_executor,quote_run_dispatch_probe,200,7547.75,success,,200,success
p3-ex-official-vu200,e1899a33-3729-4357-9062-d8c30059795e,2026-08-31T18:24:34.191Z,separate_executor,quote_run_dispatch_probe,200,5676.02,success,,200,success
p3-ex-official-vu200,3a9b6a53-5b97-4658-aacc-60c5826d38db,2026-08-31T18:24:34.265Z,separate_executor,quote_run_dispatch_probe,200,6663.5,success,,200,success
p3-ex-official-vu200,eaba7e5a-e5dd-403e-81cd-5901d70ed0ea,2026-08-31T18:24:34.285Z,separate_executor,quote_run_dispatch_probe,200,5866.26,success,,200,success
p3-ex-official-vu200,50ed998d-24f3-4fb5-a728-2bf7200d5905,2026-08-31T18:24:34.301Z,separate_executor,quote_run_dispatch_probe,200,5802.46,success,,200,success
p3-ex-official-vu200,47bf9a07-ba4d-4812-b71d-7649c34e9581,2026-08-31T18:24:34.311Z,separate_executor,quote_run_dispatch_probe,200,5796.94,success,,200,success
p3-ex-official-vu200,39f7f600-45b6-450c-8abb-544618d813db,2026-08-31T18:24:34.329Z,separate_executor,quote_run_dispatch_probe,200,6545.66,success,,200,success
p3-ex-official-vu200,3757ff40-01c5-479b-accc-5ca29e6bae3b,2026-08-31T18:24:34.543Z,separate_executor,quote_run_dispatch_probe,200,8999.3,success,,200,success
p3-ex-official-vu200,261baba0-cbce-4542-8b1e-9de8e9adeb9a,2026-08-31T18:24:34.615Z,separate_executor,quote_run_dispatch_probe,200,6100.94,success,,200,success
p3-ex-official-vu200,42a5b97d-c4da-4194-a6b1-a4f676d2f8c1,2026-08-31T18:24:34.617Z,separate_executor,quote_run_dispatch_probe,200,7039.38,success,,200,success
p3-ex-official-vu200,48934477-b5a1-4b81-a83e-0f62634b5e27,2026-08-31T18:24:34.641Z,separate_executor,quote_run_dispatch_probe,200,6141.19,success,,200,success
p3-ex-official-vu200,efabe8c6-84a1-4628-8ba2-c658cf2575c6,2026-08-31T18:24:34.646Z,separate_executor,quote_run_dispatch_probe,200,5848.07,success,,200,success
p3-ex-official-vu200,c22eb517-074f-4bb1-8f00-0ba60082e84c,2026-08-31T18:24:34.678Z,separate_executor,quote_run_dispatch_probe,200,5860.46,success,,200,success
p3-ex-official-vu200,a9a6e667-e2ed-4c1f-8fad-59cb7fbe42f7,2026-08-31T18:24:34.711Z,separate_executor,quote_run_dispatch_probe,200,6213.18,success,,200,success
p3-ex-official-vu200,d38cc5d0-c32f-46a6-b649-f7e07cae8543,2026-08-31T18:24:34.878Z,separate_executor,quote_run_dispatch_probe,200,7732.8,success,,200,success
p3-ex-official-vu200,da6aa8cc-08d7-4286-9376-6f0d6138d4c3,2026-08-31T18:24:34.887Z,separate_executor,quote_run_dispatch_probe,200,6105.72,success,,200,success
p3-ex-official-vu200,36a281db-5827-4135-b3da-f68e027a6003,2026-08-31T18:24:34.908Z,separate_executor,quote_run_dispatch_probe,200,6126.84,success,,200,success
p3-ex-official-vu200,41b93ccf-eafe-4205-b8a0-45dfa174c88a,2026-08-31T18:24:34.975Z,separate_executor,quote_run_dispatch_probe,200,6156.47,success,,200,success
p3-ex-official-vu200,e9ce7333-e2a8-43d6-98f7-800b6364f5f0,2026-08-31T18:24:35.020Z,separate_executor,quote_run_dispatch_probe,200,6139.64,success,,200,success
p3-ex-official-vu200,68b1767d-31fd-4e58-b6d6-6f2f6bf67081,2026-08-31T18:24:35.024Z,separate_executor,quote_run_dispatch_probe,200,6170.08,success,,200,success
p3-ex-official-vu200,d98d30be-581f-4c98-8673-c42dcb0c6a85,2026-08-31T18:24:35.028Z,separate_executor,quote_run_dispatch_probe,200,6209.72,success,,200,success
p3-ex-official-vu200,8dd8f1ea-42f3-44e6-ae7c-a59d1029473f,2026-08-31T18:24:35.040Z,separate_executor,quote_run_dispatch_probe,200,6206.53,success,,200,success
p3-ex-official-vu200,b7bff771-6c90-445a-8bf6-e36b22b2f774,2026-08-31T18:24:35.062Z,separate_executor,quote_run_dispatch_probe,200,6149.86,success,,200,success
p3-ex-official-vu200,db35ced0-d8c3-4148-b21c-9adea8d13539,2026-08-31T18:24:35.091Z,separate_executor,quote_run_dispatch_probe,200,6044.47,success,,200,success
p3-ex-official-vu200,fd5eb646-1a95-4a0c-b95e-cf800788647a,2026-08-31T18:24:35.091Z,separate_executor,quote_run_dispatch_probe,200,6222.75,success,,200,success
p3-ex-official-vu200,316b1b07-13c7-4bc8-9d42-8adcffc3b753,2026-08-31T18:24:35.119Z,separate_executor,quote_run_dispatch_probe,200,6274.36,success,,200,success
p3-ex-official-vu200,afaa2039-b14b-4b2d-b456-584efc7c01aa,2026-08-31T18:24:35.134Z,separate_executor,quote_run_dispatch_probe,200,8422.98,success,,200,success
p3-ex-official-vu200,8a84ec3e-3535-41d1-b033-f9697dae14ec,2026-08-31T18:24:35.135Z,separate_executor,quote_run_dispatch_probe,200,6280.3,success,,200,success
p3-ex-official-vu200,6cb5e3a2-71e7-4152-ac9e-2c730330d886,2026-08-31T18:24:35.135Z,separate_executor,quote_run_dispatch_probe,200,6276.85,success,,200,success
p3-ex-official-vu200,5255ad8e-35fe-483f-aa32-a4645035385b,2026-08-31T18:24:35.469Z,separate_executor,quote_run_dispatch_probe,200,6652.99,success,,200,success
p3-ex-official-vu200,f03340bd-6845-4ce8-8123-99355922944c,2026-08-31T18:24:35.669Z,separate_executor,quote_run_dispatch_probe,200,6789.15,success,,200,success
p3-ex-official-vu200,d87decd6-22c1-4989-adb1-5cb2514be6ee,2026-08-31T18:24:35.675Z,separate_executor,quote_run_dispatch_probe,200,6842.11,success,,200,success
p3-ex-official-vu200,1761f482-0b30-4486-8150-3f87f400291f,2026-08-31T18:24:35.799Z,separate_executor,quote_run_dispatch_probe,200,7002.4,success,,200,success
p3-ex-official-vu200,398672bb-890b-4e03-8115-539227674b87,2026-08-31T18:24:35.800Z,separate_executor,quote_run_dispatch_probe,200,6984.61,success,,200,success
p3-ex-official-vu200,5154af5d-bf56-427a-90c9-f2e226f15de0,2026-08-31T18:24:36.534Z,separate_executor,quote_run_dispatch_probe,200,7678.41,success,,200,success
p3-ex-official-vu200,69290876-4a36-4f1f-9f1e-90aaecb1802f,2026-08-31T18:24:36.534Z,separate_executor,quote_run_dispatch_probe,200,7675.1,success,,200,success
p3-ex-official-vu200,3e7075f4-baba-4149-879b-42bef5aae50c,2026-08-31T18:24:36.535Z,separate_executor,quote_run_dispatch_probe,200,7705.13,success,,200,success
p3-ex-official-vu200,0ce6dd0d-8144-405c-9231-546c702e9b5d,2026-08-31T18:24:36.545Z,separate_executor,quote_run_dispatch_probe,200,7725.13,success,,200,success
p3-ex-official-vu200,f57a7d7f-99fe-4307-b63f-b8165a3654eb,2026-08-31T18:24:36.547Z,separate_executor,quote_run_dispatch_probe,200,7730.36,success,,200,success
p3-ex-official-vu200,83734a6e-8d4e-4f00-9e58-455c2d3ee1e5,2026-08-31T18:24:36.548Z,separate_executor,quote_run_dispatch_probe,200,7760.75,success,,200,success
p3-ex-official-vu200,85877b4d-97d2-4fa2-b412-99b4c0f8f864,2026-08-31T18:24:36.549Z,separate_executor,quote_run_dispatch_probe,200,7754.69,success,,200,success
p3-ex-official-vu200,0620be9c-8170-4208-84a9-d2fd640a8959,2026-08-31T18:24:36.615Z,separate_executor,quote_run_dispatch_probe,200,7833.65,success,,200,success
p3-ex-official-vu200,b1f949d0-2960-4b65-b0fa-3bdb3884d3a3,2026-08-31T18:24:36.633Z,separate_executor,quote_run_dispatch_probe,200,7797.91,success,,200,success
p3-ex-official-vu200,af18829d-9ddb-4926-9ca9-4fd652e48e81,2026-08-31T18:24:36.635Z,separate_executor,quote_run_dispatch_probe,200,7798.72,success,,200,success
p3-ex-official-vu200,80752d68-2b9e-4296-8b09-0817d4c20e95,2026-08-31T18:24:36.721Z,separate_executor,quote_run_dispatch_probe,200,7892.44,success,,200,success
p3-ex-official-vu200,966f3121-e1ff-443f-a565-3a51bdd7f557,2026-08-31T18:24:36.722Z,separate_executor,quote_run_dispatch_probe,200,7878.44,success,,200,success
p3-ex-official-vu200,d37d5e86-e110-4f08-b301-2975b40d433f,2026-08-31T18:24:36.763Z,separate_executor,quote_run_dispatch_probe,200,7942.11,success,,200,success
p3-ex-official-vu200,f09fc940-6ded-4bf5-bbc3-759e4eb7811a,2026-08-31T18:24:36.764Z,separate_executor,quote_run_dispatch_probe,200,7783.33,success,,200,success
p3-ex-official-vu200,57f10e50-84ba-4df4-ac8d-8f8ec282c455,2026-08-31T18:24:36.798Z,separate_executor,quote_run_dispatch_probe,200,7962.31,success,,200,success
p3-ex-official-vu200,ef87614f-01c5-43f9-9d71-5d63fd043b20,2026-08-31T18:24:36.801Z,separate_executor,quote_run_dispatch_probe,200,7985.5,success,,200,success
p3-ex-official-vu200,fa417f59-5098-4a2c-8ada-cc1cb0124c0d,2026-08-31T18:24:36.846Z,separate_executor,quote_run_dispatch_probe,200,8031.17,success,,200,success
p3-ex-official-vu200,84dc82b3-1067-4c79-b72a-9e7b7cdad633,2026-08-31T18:24:36.847Z,separate_executor,quote_run_dispatch_probe,200,8011.18,success,,200,success
p3-ex-official-vu200,a1294aa8-5e21-4469-ab6b-0ca7a8b0f6a0,2026-08-31T18:24:36.847Z,separate_executor,quote_run_dispatch_probe,200,7867.27,success,,200,success
p3-ex-official-vu200,6785761d-0f30-4146-bf4b-f35bf826384e,2026-08-31T18:24:36.856Z,separate_executor,quote_run_dispatch_probe,200,7436.66,success,,200,success
p3-ex-official-vu200,5afeb220-bf04-4b62-977e-611452b85a4a,2026-08-31T18:24:37.311Z,separate_executor,quote_run_dispatch_probe,200,8411,success,,200,success
p3-ex-official-vu200,686abbc1-fc6c-4007-b5e9-8e8d9c966be7,2026-08-31T18:24:37.352Z,separate_executor,quote_run_dispatch_probe,200,8477.48,success,,200,success
p3-ex-official-vu200,22933121-697a-4ed3-8337-8829524367e8,2026-08-31T18:24:37.353Z,separate_executor,quote_run_dispatch_probe,200,8375.39,success,,200,success
p3-ex-official-vu200,7215ca5f-ae9a-464e-8cc3-a4872a24c2bf,2026-08-31T18:24:37.370Z,separate_executor,quote_run_dispatch_probe,200,8391.82,success,,200,success
p3-ex-official-vu200,5ca0199a-0dd4-435c-9655-533988a6350a,2026-08-31T18:24:37.427Z,separate_executor,quote_run_dispatch_probe,200,8559.72,success,,200,success
p3-ex-official-vu200,cb028d2d-a626-4b48-ac80-9d3e1de42188,2026-08-31T18:24:37.428Z,separate_executor,quote_run_dispatch_probe,200,8516.61,success,,200,success
p3-ex-official-vu200,c81cd456-24f7-4bfd-a1d3-eb8179a25935,2026-08-31T18:24:37.452Z,separate_executor,quote_run_dispatch_probe,200,8657.18,success,,200,success
p3-ex-official-vu200,c1b104b0-3f2f-4fdf-b802-8f36c0998677,2026-08-31T18:24:37.454Z,separate_executor,quote_run_dispatch_probe,200,8614.68,success,,200,success
p3-ex-official-vu200,96568673-4fca-4a08-917e-eca36466aa4b,2026-08-31T18:24:37.477Z,separate_executor,quote_run_dispatch_probe,200,8656.02,success,,200,success
p3-ex-official-vu200,2977cd7f-3790-440e-8a94-78534942a955,2026-08-31T18:24:37.478Z,separate_executor,quote_run_dispatch_probe,200,8630.14,success,,200,success
p3-ex-official-vu200,7b8f7742-8162-452a-b9f8-df9dd9f3c249,2026-08-31T18:24:37.503Z,separate_executor,quote_run_dispatch_probe,200,8719.84,success,,200,success
p3-ex-official-vu200,ee8a44ff-049c-4d84-a2c3-7febd3bd575e,2026-08-31T18:24:37.511Z,separate_executor,quote_run_dispatch_probe,200,8651.07,success,,200,success
p3-ex-official-vu200,4886af94-d23f-4976-af2e-89a28a0f1a65,2026-08-31T18:24:37.536Z,separate_executor,quote_run_dispatch_probe,200,8622.4,success,,200,success
p3-ex-official-vu200,57442b1b-29c1-47c7-9549-d313e1900136,2026-08-31T18:24:37.537Z,separate_executor,quote_run_dispatch_probe,200,8557.57,success,,200,success
p3-ex-official-vu200,605ba0c1-5d41-48d9-9ab2-97556afb8ba3,2026-08-31T18:24:37.552Z,separate_executor,quote_run_dispatch_probe,200,8724.53,success,,200,success
p3-ex-official-vu200,5ffaf827-e797-486a-b354-46a29bb325a6,2026-08-31T18:24:37.568Z,separate_executor,quote_run_dispatch_probe,200,8668.91,success,,200,success
p3-ex-official-vu200,ee77a3d3-7254-4616-9ba9-977343908465,2026-08-31T18:24:37.569Z,separate_executor,quote_run_dispatch_probe,200,8150.54,success,,200,success
p3-ex-official-vu200,d1a33111-ada8-4045-8e5f-a018915f537e,2026-08-31T18:24:37.570Z,separate_executor,quote_run_dispatch_probe,200,8728.06,success,,200,success
p3-ex-official-vu200,f5e396d6-34c1-4aa5-b1e5-2509676d85f5,2026-08-31T18:24:38.085Z,separate_executor,quote_run_dispatch_probe,200,9171.36,success,,200,success
p3-ex-official-vu200,61a76cca-2eda-40d2-bf4d-ebde5aa74a17,2026-08-31T18:24:38.086Z,separate_executor,quote_run_dispatch_probe,200,9101.12,success,,200,success
p3-ex-official-vu200,9d34a069-7b86-4f8c-beb0-fa8e05ab4d00,2026-08-31T18:24:38.087Z,separate_executor,quote_run_dispatch_probe,200,9223.67,success,,200,success
p3-ex-official-vu200,e3d23568-88a0-4ebd-9cc4-0e0188918a22,2026-08-31T18:24:38.114Z,separate_executor,quote_run_dispatch_probe,200,9281.66,success,,200,success
p3-ex-official-vu200,65de14b1-eb15-4560-b68b-5e1cb3d9d9cb,2026-08-31T18:24:38.115Z,separate_executor,quote_run_dispatch_probe,200,9130.37,success,,200,success
p3-ex-official-vu200,e67dfcfb-08af-4265-b638-1edf055a50ab,2026-08-31T18:24:38.125Z,separate_executor,quote_run_dispatch_probe,200,9289.41,success,,200,success
p3-ex-official-vu200,0b779c3b-940b-4640-9fe8-d16795b9f83e,2026-08-31T18:24:38.126Z,separate_executor,quote_run_dispatch_probe,200,9238.81,success,,200,success
p3-ex-official-vu200,4e1f5cd8-823c-4323-8dfc-cd3f984f187d,2026-08-31T18:24:38.166Z,separate_executor,quote_run_dispatch_probe,200,9344.96,success,,200,success
p3-ex-official-vu200,868d01c8-ca25-4ed8-9432-ba798ae06d2a,2026-08-31T18:24:38.214Z,separate_executor,quote_run_dispatch_probe,200,9063.11,success,,200,success
p3-ex-official-vu200,a365af54-e793-4c43-9445-7be04b995fbd,2026-08-31T18:24:38.215Z,separate_executor,quote_run_dispatch_probe,200,9315.54,success,,200,success
p3-ex-official-vu200,5d8f2526-27df-4f16-8566-5fc8333d150f,2026-08-31T18:24:38.247Z,separate_executor,quote_run_dispatch_probe,200,9260.78,success,,200,success
p3-ex-official-vu200,da4dba5d-59e4-40d7-a67a-146fcd0fbf07,2026-08-31T18:24:38.248Z,separate_executor,quote_run_dispatch_probe,200,8934.04,success,,200,success
p3-ex-official-vu200,96484e64-91f0-4a3b-bb46-67a9b1046c4e,2026-08-31T18:24:38.269Z,separate_executor,quote_run_dispatch_probe,200,9442,success,,200,success
p3-ex-official-vu200,f96dda65-8766-43b4-9ce8-7350d2d9a07e,2026-08-31T18:24:38.271Z,separate_executor,quote_run_dispatch_probe,200,9131.31,success,,200,success
p3-ex-official-vu200,3b3bc5f2-41cb-4573-8216-350901a17bd7,2026-08-31T18:24:38.296Z,separate_executor,quote_run_dispatch_probe,200,9450.77,success,,200,success
p3-ex-official-vu200,6d05f36c-1dfe-4bcc-abcc-0618eb772c83,2026-08-31T18:24:38.296Z,separate_executor,quote_run_dispatch_probe,200,8983.36,success,,200,success
p3-ex-official-vu200,7b21efc4-1132-4fed-872b-8bb310ed4da9,2026-08-31T18:24:38.316Z,separate_executor,quote_run_dispatch_probe,200,9024.7,success,,200,success
p3-ex-official-vu200,6ba258df-fe34-46bb-89d1-5a6a08f05c4d,2026-08-31T18:24:38.318Z,separate_executor,quote_run_dispatch_probe,200,9179.08,success,,200,success
p3-ex-official-vu200,f42b5639-0bb3-484d-9ce6-ad1b99e564b3,2026-08-31T18:24:38.337Z,separate_executor,quote_run_dispatch_probe,200,8917.41,success,,200,success
p3-ex-official-vu200,fefb022b-d8e6-4187-ac68-8c5460a49c74,2026-08-31T18:24:38.364Z,separate_executor,quote_run_dispatch_probe,200,9390.7,success,,200,success
p3-ex-official-vu200,f94b69c9-643f-499d-8167-6633853ed6a2,2026-08-31T18:24:38.365Z,separate_executor,quote_run_dispatch_probe,200,9385.29,success,,200,success
p3-ex-official-vu200,749cdb5b-cd9c-4990-8414-7ef1704367f5,2026-08-31T18:24:38.385Z,separate_executor,quote_run_dispatch_probe,200,8965.46,success,,200,success
p3-ex-official-vu200,f2a35316-6024-4aa7-aefc-8791d85fb619,2026-08-31T18:24:38.386Z,separate_executor,quote_run_dispatch_probe,200,8948.64,success,,200,success
p3-ex-official-vu200,12f093c2-793d-41b8-a334-78d3b084ffd9,2026-08-31T18:24:38.386Z,separate_executor,quote_run_dispatch_probe,200,8940.82,success,,200,success
p3-ex-official-vu200,7f01f57f-d59c-4790-b5f7-e21823e974db,2026-08-31T18:24:38.387Z,separate_executor,quote_run_dispatch_probe,200,9568.06,success,,200,success
p3-ex-official-vu200,28a3d81a-ab6d-4af3-be76-a345852e863a,2026-08-31T18:24:38.402Z,separate_executor,quote_run_dispatch_probe,200,9113.13,success,,200,success
p3-ex-official-vu200,dc018697-e9ed-4feb-be72-6509103c1a34,2026-08-31T18:24:38.403Z,separate_executor,quote_run_dispatch_probe,200,8973.43,success,,200,success
p3-ex-official-vu200,a5b57bc0-13b6-4a54-bd4a-76150f2caf98,2026-08-31T18:24:38.415Z,separate_executor,quote_run_dispatch_probe,200,8923.54,success,,200,success
p3-ex-official-vu200,2761637c-7297-4893-a67e-402fbe4d2f30,2026-08-31T18:24:38.416Z,separate_executor,quote_run_dispatch_probe,200,8686.32,success,,200,success
p3-ex-official-vu200,f253f7f1-f57d-4a04-bf02-82a809b930be,2026-08-31T18:24:38.431Z,separate_executor,quote_run_dispatch_probe,200,8984.38,success,,200,success
p3-ex-official-vu200,90d828bd-5732-40c9-b5a7-de7def50a7f6,2026-08-31T18:24:38.432Z,separate_executor,quote_run_dispatch_probe,200,8831.28,success,,200,success
p3-ex-official-vu200,c321b2fd-53ca-4127-b9e5-7e0f42fae3d9,2026-08-31T18:24:38.453Z,separate_executor,quote_run_dispatch_probe,200,8859.47,success,,200,success
p3-ex-official-vu200,3ae399da-27f8-4112-9d5d-d5621f03a523,2026-08-31T18:24:38.474Z,separate_executor,quote_run_dispatch_probe,200,8871,success,,200,success
p3-ex-official-vu200,72e91a48-85a3-44b5-b0c6-1c4c4253792b,2026-08-31T18:24:38.475Z,separate_executor,quote_run_dispatch_probe,200,8746.49,success,,200,success
p3-ex-official-vu200,ec3bd9ce-331e-401a-beb1-beed8d85349c,2026-08-31T18:24:38.477Z,separate_executor,quote_run_dispatch_probe,200,8715.35,success,,200,success
p3-ex-official-vu200,a39f869d-46c1-4160-a614-a8894db03ff1,2026-08-31T18:24:38.478Z,separate_executor,quote_run_dispatch_probe,200,8814.89,success,,200,success
p3-ex-official-vu200,08ed7d70-ff17-48af-b474-39911726a98d,2026-08-31T18:24:38.480Z,separate_executor,quote_run_dispatch_probe,200,9033.25,success,,200,success
p3-ex-official-vu200,33de2f2e-1046-407f-bd70-6c3b6986a8a7,2026-08-31T18:24:38.481Z,separate_executor,quote_run_dispatch_probe,200,8401.57,success,,200,success
p3-ex-official-vu200,4d4ab1c8-c18a-4e22-91c2-0a23e1c28b5f,2026-08-31T18:24:38.494Z,separate_executor,quote_run_dispatch_probe,200,9058.58,success,,200,success
p3-ex-official-vu200,bb0dbd58-1924-4583-a82a-037559b16cc5,2026-08-31T18:24:38.495Z,separate_executor,quote_run_dispatch_probe,200,8470.01,success,,200,success
p3-ex-official-vu200,897d437a-d0fe-4c9b-889d-5b7ff7af03b2,2026-08-31T18:24:38.508Z,separate_executor,quote_run_dispatch_probe,200,8274.82,success,,200,success
p3-ex-official-vu200,4be2172b-d2b7-432c-bcf8-d81f809e8900,2026-08-31T18:24:38.514Z,separate_executor,quote_run_dispatch_probe,200,8660.49,success,,200,success
p3-ex-official-vu200,d799cf68-a850-4452-899e-24d37212f931,2026-08-31T18:24:38.524Z,separate_executor,quote_run_dispatch_probe,200,8111.85,success,,200,success
p3-ex-official-vu200,6c26a7d9-892a-4640-bd21-ecb64a677bf4,2026-08-31T18:24:38.535Z,separate_executor,quote_run_dispatch_probe,200,7845.37,success,,200,success
p3-ex-official-vu200,541581e4-dcd5-4bf5-8810-ab32409bb725,2026-08-31T18:24:38.537Z,separate_executor,quote_run_dispatch_probe,200,7844.63,success,,200,success
p3-ex-official-vu200,a2969c70-bc0e-4a7a-96b7-9eb1393e3a66,2026-08-31T18:24:38.551Z,separate_executor,quote_run_dispatch_probe,200,8637.25,success,,200,success
p3-ex-official-vu200,bc09853b-3c39-4389-8241-24c10236725e,2026-08-31T18:24:38.552Z,separate_executor,quote_run_dispatch_probe,200,9123.94,success,,200,success
p3-ex-official-vu200,3720bf59-8e0e-4812-ae78-2045d1277be7,2026-08-31T18:24:38.565Z,separate_executor,quote_run_dispatch_probe,200,8234.19,success,,200,success
p3-ex-official-vu200,9a6e733f-c69f-4e38-bbfb-a4cd4373f25e,2026-08-31T18:24:38.566Z,separate_executor,quote_run_dispatch_probe,200,8334.14,success,,200,success
p3-ex-official-vu200,efc62d73-42a2-4f00-97dd-2f521310798b,2026-08-31T18:24:38.581Z,separate_executor,quote_run_dispatch_probe,200,8534.49,success,,200,success
p3-ex-official-vu200,fa5a5f42-c3aa-49c7-9165-f6efba9776b3,2026-08-31T18:24:38.582Z,separate_executor,quote_run_dispatch_probe,200,8220.64,success,,200,success
p3-ex-official-vu200,88da6a67-9589-4ea1-bec7-117fdcf7434e,2026-08-31T18:24:38.600Z,separate_executor,quote_run_dispatch_probe,200,7862.97,success,,200,success
p3-ex-official-vu200,c17138ae-ffd3-48b0-b0f2-84df84125dca,2026-08-31T18:24:38.619Z,separate_executor,quote_run_dispatch_probe,200,8205.49,success,,200,success
p3-ex-official-vu200,9794f291-13e5-4924-ac8a-54ce445459fc,2026-08-31T18:24:39.066Z,separate_executor,quote_run_dispatch_probe,200,10080.73,success,,200,success
p3-ex-official-vu200,fd5cb478-d30d-4f83-882f-503371a3f397,2026-08-31T18:24:39.069Z,separate_executor,quote_run_dispatch_probe,200,9917.74,success,,200,success
p3-ex-official-vu200,009df134-0d04-45c9-9027-334141566bed,2026-08-31T18:24:39.078Z,separate_executor,quote_run_dispatch_probe,200,10154.55,success,,200,success
p3-ex-official-vu200,b32aebd7-35c4-4d06-b985-547f765f9e63,2026-08-31T18:24:39.080Z,separate_executor,quote_run_dispatch_probe,200,10094.49,success,,200,success
p3-ex-official-vu200,be6be6c5-2f20-4089-9557-75e66ae902d7,2026-08-31T18:24:39.090Z,separate_executor,quote_run_dispatch_probe,200,10167.28,success,,200,success
p3-ex-official-vu200,b5467385-52f5-49e4-b79f-480c89f087c8,2026-08-31T18:24:39.102Z,separate_executor,quote_run_dispatch_probe,200,9663.12,success,,200,success
p3-ex-official-vu200,ca837100-1ddd-4795-a28f-b6d595717b12,2026-08-31T18:24:39.104Z,separate_executor,quote_run_dispatch_probe,200,9667.4,success,,200,success
p3-ex-official-vu200,045f3ac9-65e8-42a3-81d5-c3c70eaf39e3,2026-08-31T18:24:39.118Z,separate_executor,quote_run_dispatch_probe,200,9488.92,success,,200,success
p3-ex-official-vu200,51bb51ea-f575-4077-bbe9-0fbe6d3591bb,2026-08-31T18:24:39.119Z,separate_executor,quote_run_dispatch_probe,200,9682.65,success,,200,success
p3-ex-official-vu200,5805ad68-5bc6-4076-9c19-207f9d2fff44,2026-08-31T18:24:39.132Z,separate_executor,quote_run_dispatch_probe,200,9681.97,success,,200,success
p3-ex-official-vu200,b50f4115-ebfd-480b-b4c4-b08e09a2305a,2026-08-31T18:24:39.133Z,separate_executor,quote_run_dispatch_probe,200,9681.42,success,,200,success
p3-ex-official-vu200,638b9781-84ee-4a62-923c-ff0102fc1a2b,2026-08-31T18:24:39.147Z,separate_executor,quote_run_dispatch_probe,200,9995.63,success,,200,success
p3-ex-official-vu200,5747ca63-36b8-4b15-a9fc-4b5adf54ce57,2026-08-31T18:24:39.148Z,separate_executor,quote_run_dispatch_probe,200,9431.38,success,,200,success
p3-ex-official-vu200,4a9d90f7-faf2-4fe4-83ca-51492db5f876,2026-08-31T18:24:39.160Z,separate_executor,quote_run_dispatch_probe,200,9722.24,success,,200,success
p3-ex-official-vu200,d090bd73-d420-437f-805e-514dfbb7297c,2026-08-31T18:24:39.161Z,separate_executor,quote_run_dispatch_probe,200,9551.04,success,,200,success
p3-ex-official-vu200,2a5781d3-44bc-4c18-8f9d-8a77dddaff8d,2026-08-31T18:24:39.169Z,separate_executor,quote_run_dispatch_probe,200,8931.95,success,,200,success
p3-ex-official-vu200,e654cbfc-e93c-4cbf-9da7-3b4b10d165b0,2026-08-31T18:24:39.170Z,separate_executor,quote_run_dispatch_probe,200,9252.2,success,,200,success
p3-ex-official-vu200,3a906c8a-a45b-4239-9412-12a0e9230736,2026-08-31T18:24:39.179Z,separate_executor,quote_run_dispatch_probe,200,9106.76,success,,200,success
p3-ex-official-vu200,1378e340-6a26-4e6d-b00c-eae50b85b848,2026-08-31T18:24:39.180Z,separate_executor,quote_run_dispatch_probe,200,9735.45,success,,200,success
p3-ex-official-vu200,a65cb15d-d328-473e-a46f-facf71298b66,2026-08-31T18:24:39.191Z,separate_executor,quote_run_dispatch_probe,200,8601.45,success,,200,success
p3-ex-official-vu200,64242d4b-ffc5-4815-a239-a925701adea2,2026-08-31T18:24:39.192Z,separate_executor,quote_run_dispatch_probe,200,8493.9,success,,200,success
p3-ex-official-vu200,7fd91980-62ce-4ccb-a8ee-e7a6aa1e344b,2026-08-31T18:24:39.200Z,separate_executor,quote_run_dispatch_probe,200,8595.74,success,,200,success
p3-ex-official-vu200,e6065dbf-1a61-49c4-b851-07c262be27d6,2026-08-31T18:24:39.202Z,separate_executor,quote_run_dispatch_probe,200,8403.76,success,,200,success
p3-ex-official-vu200,f85fad77-1bbe-4611-9330-397008c0e1f7,2026-08-31T18:24:39.216Z,separate_executor,quote_run_dispatch_probe,200,8517.83,success,,200,success
p3-ex-official-vu200,e6a3242f-a4c8-423b-b30e-f1a329ca8cc6,2026-08-31T18:24:39.234Z,separate_executor,quote_run_dispatch_probe,200,8596.75,success,,200,success
p3-ex-official-vu200,4c1156b4-9409-4c3d-b13a-8dbda1d8b22e,2026-08-31T18:24:39.236Z,separate_executor,quote_run_dispatch_probe,200,7962.93,success,,200,success
p3-ex-official-vu200,7b30b646-17f0-4d30-b469-f0f96868e904,2026-08-31T18:24:39.259Z,separate_executor,quote_run_dispatch_probe,200,8654.38,success,,200,success
p3-ex-official-vu200,4bc2e9b3-eaf2-49a7-a6b5-c986b805f94f,2026-08-31T18:24:39.272Z,separate_executor,quote_run_dispatch_probe,200,8574.9,success,,200,success
p3-ex-official-vu200,c34491c1-f6ab-471d-bfd0-d6c372be6983,2026-08-31T18:24:39.274Z,separate_executor,quote_run_dispatch_probe,200,8535.65,success,,200,success
p3-ex-official-vu200,1dc94f0c-9e9e-4895-b40b-6064ddfa02e1,2026-08-31T18:24:39.286Z,separate_executor,quote_run_dispatch_probe,200,7675.77,success,,200,success
p3-ex-official-vu200,2f3cb44a-bdb8-4aa4-b1d8-318dd5808580,2026-08-31T18:24:39.287Z,separate_executor,quote_run_dispatch_probe,200,6676.05,success,,200,success
p3-ex-official-vu200,6c17271a-5556-4a72-bb64-aebb6cfcf6f2,2026-08-31T18:24:39.310Z,separate_executor,quote_run_dispatch_probe,200,8000.32,success,,200,success
p3-ex-official-vu200,461a7cce-d1a1-49a3-aea8-ca2bc3c0a270,2026-08-31T18:24:39.311Z,separate_executor,quote_run_dispatch_probe,200,6887.47,success,,200,success
p3-ex-official-vu200,b90d596c-0527-4574-8740-87e8d4eaab9b,2026-08-31T18:24:39.320Z,separate_executor,quote_run_dispatch_probe,200,7300.59,success,,200,success
p3-ex-official-vu200,0e4573e3-3128-4cda-8f00-6e39268a3fb8,2026-08-31T18:24:39.321Z,separate_executor,quote_run_dispatch_probe,200,7068.22,success,,200,success
p3-ex-official-vu200,96d118b6-4c75-492d-ac50-3d4730f5a8e4,2026-08-31T18:24:39.324Z,separate_executor,quote_run_dispatch_probe,200,7722.65,success,,200,success
p3-ex-official-vu200,3eba8247-a424-484b-a053-c7889e88369a,2026-08-31T18:24:39.335Z,separate_executor,quote_run_dispatch_probe,200,8020.61,success,,200,success
p3-ex-official-vu200,2a788e11-a7ff-4bde-99ca-b070eac1cd2d,2026-08-31T18:24:39.336Z,separate_executor,quote_run_dispatch_probe,200,7573.84,success,,200,success
p3-ex-official-vu200,e95b5cc4-69a5-46ae-8e07-d4096fac4d12,2026-08-31T18:24:39.337Z,separate_executor,quote_run_dispatch_probe,200,7460.25,success,,200,success
p3-ex-official-vu200,7d8c823f-0863-4a2e-a3a1-56b344c08763,2026-08-31T18:24:39.352Z,separate_executor,quote_run_dispatch_probe,200,7783.08,success,,200,success
p3-ex-official-vu200,5cc6b660-7d44-4722-8094-1006b4bfd1df,2026-08-31T18:24:39.352Z,separate_executor,quote_run_dispatch_probe,200,6759.07,success,,200,success
p3-ex-official-vu200,66f92a05-3947-46cd-b0ff-c9c532891664,2026-08-31T18:24:39.367Z,separate_executor,quote_run_dispatch_probe,200,6903.96,success,,200,success
p3-ex-official-vu200,50d6c09a-01ef-43fc-b231-d8c0ce1815fb,2026-08-31T18:24:39.368Z,separate_executor,quote_run_dispatch_probe,200,6752.71,success,,200,success
p3-ex-official-vu200,654fd5cd-6787-43c2-8c1a-da3d08062829,2026-08-31T18:24:39.368Z,separate_executor,quote_run_dispatch_probe,200,7095.35,success,,200,success
p3-ex-official-vu200,68c5b38d-a429-4d88-b63f-52681dafd225,2026-08-31T18:24:39.378Z,separate_executor,quote_run_dispatch_probe,200,6851.29,success,,200,success
p3-ex-official-vu200,f90fb24e-4605-4fc8-b696-b12e0fb9e29c,2026-08-31T18:24:39.388Z,separate_executor,quote_run_dispatch_probe,200,6618.81,success,,200,success
p3-ex-official-vu200,4e1da8e1-0dc2-4abb-bb74-9bc9580dff70,2026-08-31T18:24:39.416Z,separate_executor,quote_run_dispatch_probe,200,6998.82,success,,200,success
p3-ex-official-vu200,3d62445c-d382-467c-8ac7-efe9ab0b897e,2026-08-31T18:24:39.417Z,separate_executor,quote_run_dispatch_probe,200,6960.41,success,,200,success
p3-ex-official-vu200,24f1a513-db41-4259-935e-b7acc29dfcd4,2026-08-31T18:24:39.418Z,separate_executor,quote_run_dispatch_probe,200,6971.67,success,,200,success
p3-ex-official-vu200,ec429e63-1433-4cd1-bf50-a9c63072b1d4,2026-08-31T18:24:39.430Z,separate_executor,quote_run_dispatch_probe,200,6353.75,success,,200,success
p3-ex-official-vu200,541395d7-984e-42a9-ac30-5daf2bf12562,2026-08-31T18:24:39.432Z,separate_executor,quote_run_dispatch_probe,200,5681.12,success,,200,success
p3-ex-official-vu200,2b4a3d2a-2e0d-43d2-a3e8-03fd998d1b4a,2026-08-31T18:24:39.537Z,separate_executor,quote_run_dispatch_probe,200,8160.92,success,,200,success
p3-ex-official-vu200,1f5e7d0d-974c-408a-b91e-1f40aafa0213,2026-08-31T18:24:39.551Z,separate_executor,quote_run_dispatch_probe,200,8920.99,success,,200,success
p3-ex-official-vu200,7faed93c-b020-46b9-999d-350d11dd2e76,2026-08-31T18:24:39.552Z,separate_executor,quote_run_dispatch_probe,200,8277.83,success,,200,success
p3-ex-official-vu200,26df4ff0-b9bd-4c73-90fe-0b74061eab4c,2026-08-31T18:24:39.567Z,separate_executor,quote_run_dispatch_probe,200,7805.05,success,,200,success
p3-ex-official-vu200,b2326e25-e47c-4fa5-8491-9c22afc5d348,2026-08-31T18:24:39.568Z,separate_executor,quote_run_dispatch_probe,200,8768.49,success,,200,success
p3-ex-official-vu200,7f2c0169-df4f-49ad-be72-22a4e3bf6990,2026-08-31T18:24:39.568Z,separate_executor,quote_run_dispatch_probe,200,8292.49,success,,200,success
p3-ex-official-vu200,a0737031-4c10-4311-bf79-484f2238a7d4,2026-08-31T18:24:39.579Z,separate_executor,quote_run_dispatch_probe,200,8275.74,success,,200,success
p3-ex-official-vu200,3317983f-83a0-4825-a9df-6baed05bec4c,2026-08-31T18:24:39.581Z,separate_executor,quote_run_dispatch_probe,200,8096.3,success,,200,success
p3-ex-official-vu200,c380e271-bbf7-454a-a63c-dbb607d2fc86,2026-08-31T18:24:39.582Z,separate_executor,quote_run_dispatch_probe,200,8265.18,success,,200,success
p3-ex-official-vu200,3fd27c4d-a3e8-45ce-afec-40275c9c08d4,2026-08-31T18:24:39.583Z,separate_executor,quote_run_dispatch_probe,200,7579.17,success,,200,success
p3-ex-official-vu200,d680ffb9-73de-4e4d-9c86-857fe6f845d9,2026-08-31T18:24:39.594Z,separate_executor,quote_run_dispatch_probe,200,7492.6,success,,200,success
p3-ex-official-vu200,945e77e8-7d9e-43bd-b239-ea0ab9366a8c,2026-08-31T18:24:39.595Z,separate_executor,quote_run_dispatch_probe,200,7055.33,success,,200,success
p3-ex-official-vu200,e6f220e3-ec82-4235-8abf-5f36574ac01d,2026-08-31T18:24:39.596Z,separate_executor,quote_run_dispatch_probe,200,6277.72,success,,200,success
p3-ex-official-vu200,bfb6428a-c18d-456e-b9f0-fd796a32d70a,2026-08-31T18:24:39.615Z,separate_executor,quote_run_dispatch_probe,200,6404.16,success,,200,success
p3-ex-official-vu200,de2a3253-337d-4da1-a9e9-57e14ab0d0fd,2026-08-31T18:24:39.616Z,separate_executor,quote_run_dispatch_probe,200,6479.86,success,,200,success
p3-ex-official-vu200,f21816a4-e16e-480e-9665-c6d56a904610,2026-08-31T18:24:39.618Z,separate_executor,quote_run_dispatch_probe,200,6803.71,success,,200,success
p3-ex-official-vu200,f354b5e0-51e0-4765-a107-9e3d6a581bae,2026-08-31T18:24:39.619Z,separate_executor,quote_run_dispatch_probe,200,6603.12,success,,200,success
p3-ex-official-vu200,6a01a2e0-f8e8-48ae-b8dd-07f9d7edd581,2026-08-31T18:24:39.632Z,separate_executor,quote_run_dispatch_probe,200,6787.94,success,,200,success
p3-ex-official-vu200,06f53be7-e0a1-4eb9-b4c8-6ee521b61f80,2026-08-31T18:24:39.633Z,separate_executor,quote_run_dispatch_probe,200,6129.9,success,,200,success
p3-ex-official-vu200,b287ec4d-10f4-43f0-9497-62feaea12c3a,2026-08-31T18:24:39.644Z,separate_executor,quote_run_dispatch_probe,200,5379.3,success,,200,success
p3-ex-official-vu200,1c8e29a5-1015-49ab-bf85-6ec0aaea4462,2026-08-31T18:24:39.645Z,separate_executor,quote_run_dispatch_probe,200,5660.46,success,,200,success
p3-ex-official-vu200,0bc2eeba-e2ee-4cc0-8920-adae0e5841b8,2026-08-31T18:24:39.653Z,separate_executor,quote_run_dispatch_probe,200,5703.44,success,,200,success
p3-ex-official-vu200,52fe9a45-1603-4ef3-94c0-772727ff60e0,2026-08-31T18:24:39.655Z,separate_executor,quote_run_dispatch_probe,200,5325.42,success,,200,success
p3-ex-official-vu200,c4df0b05-44ee-48c9-b7d6-ac757fe73309,2026-08-31T18:24:39.663Z,separate_executor,quote_run_dispatch_probe,200,5744.31,success,,200,success
p3-ex-official-vu200,4c03025e-8648-43f0-9184-fc41945eecc7,2026-08-31T18:24:39.665Z,separate_executor,quote_run_dispatch_probe,200,5473.6,success,,200,success
p3-ex-official-vu200,bbc7bd6f-8a91-4764-b5b9-ffe980a116e2,2026-08-31T18:24:39.676Z,separate_executor,quote_run_dispatch_probe,200,4998.51,success,,200,success
p3-ex-official-vu200,0e6cf39f-b629-4ee0-9600-156f3842390b,2026-08-31T18:24:39.677Z,separate_executor,quote_run_dispatch_probe,200,5774.19,success,,200,success
p3-ex-official-vu200,f02241f9-8f4e-4ccd-9a10-a667d368359b,2026-08-31T18:24:39.678Z,separate_executor,quote_run_dispatch_probe,200,6236.52,success,,200,success
p3-ex-official-vu200,dce14749-2fe3-4b45-958a-17551f02b7dc,2026-08-31T18:24:39.690Z,separate_executor,quote_run_dispatch_probe,200,4714.72,success,,200,success
p3-ex-official-vu200,f073a9f7-9ba9-40ba-a167-264b93b630b8,2026-08-31T18:24:39.701Z,separate_executor,quote_run_dispatch_probe,200,5389.62,success,,200,success
p3-ex-official-vu200,bf91a673-c247-4592-ae4a-e9d202d90fd0,2026-08-31T18:24:39.702Z,separate_executor,quote_run_dispatch_probe,200,4674.18,success,,200,success
p3-ex-official-vu200,f4f9195a-e90c-45b4-b8d8-ea0504ad50ad,2026-08-31T18:24:39.712Z,separate_executor,quote_run_dispatch_probe,200,5410.85,success,,200,success
p3-ex-official-vu200,ed89a148-a463-4a8b-9bf7-71a936e00804,2026-08-31T18:24:39.721Z,separate_executor,quote_run_dispatch_probe,200,5436.4,success,,200,success
p3-ex-official-vu200,51864362-de8c-4540-a9d3-9bcc9c5c4ec0,2026-08-31T18:24:39.723Z,separate_executor,quote_run_dispatch_probe,200,4683.38,success,,200,success
p3-ex-official-vu200,48578b82-8185-4217-9874-073d0c3fc6f8,2026-08-31T18:24:39.734Z,separate_executor,quote_run_dispatch_probe,200,5088.88,success,,200,success
p3-ex-official-vu200,cf75a6c4-48dc-4322-b88d-b14b029c4d1d,2026-08-31T18:24:39.735Z,separate_executor,quote_run_dispatch_probe,200,4711.61,success,,200,success
p3-ex-official-vu200,b4564396-1c8d-40dc-aa46-0215e882fe69,2026-08-31T18:24:39.736Z,separate_executor,quote_run_dispatch_probe,200,5095.14,success,,200,success
p3-ex-official-vu200,a3705c82-afab-4624-ba4a-1703fc547636,2026-08-31T18:24:39.737Z,separate_executor,quote_run_dispatch_probe,200,3936.77,success,,200,success
p3-ex-official-vu200,5ee7ff9e-7e40-4890-85e9-c6f6408d1aa1,2026-08-31T18:24:39.746Z,separate_executor,quote_run_dispatch_probe,200,4837.35,success,,200,success
p3-ex-official-vu200,5611f098-f404-4be9-a12f-57290fd67739,2026-08-31T18:24:39.747Z,separate_executor,quote_run_dispatch_probe,200,4611.81,success,,200,success
p3-ex-official-vu200,deeb9858-537e-4aa3-8ca7-4b00cb53f3d2,2026-08-31T18:24:39.757Z,separate_executor,quote_run_dispatch_probe,200,5214.17,success,,200,success
p3-ex-official-vu200,1e2eb060-a153-4e02-a1ea-552f94784492,2026-08-31T18:24:39.768Z,separate_executor,quote_run_dispatch_probe,200,4649.52,success,,200,success
p3-ex-official-vu200,ef1b9ec6-d4fe-452e-babe-0ccb6afaad92,2026-08-31T18:24:39.769Z,separate_executor,quote_run_dispatch_probe,200,5153.74,success,,200,success
p3-ex-official-vu200,abfb0803-f1cd-422d-bbb3-4c54864bd35c,2026-08-31T18:24:39.778Z,separate_executor,quote_run_dispatch_probe,200,5868.11,success,,200,success
p3-ex-official-vu200,65692992-8b7d-4f5d-8f0b-1a0eea9eb505,2026-08-31T18:24:39.779Z,separate_executor,quote_run_dispatch_probe,200,4687.12,success,,200,success
p3-ex-official-vu200,316775b5-7519-47ce-827e-4f60bd9a7c7e,2026-08-31T18:24:39.818Z,separate_executor,quote_run_dispatch_probe,200,4797.54,success,,200,success
p3-ex-official-vu200,c0a6e3dc-7803-46c0-afda-8957b2f1c7ce,2026-08-31T18:24:39.828Z,separate_executor,quote_run_dispatch_probe,200,4949.56,success,,200,success
p3-ex-official-vu200,9de7134c-d483-4aa1-8524-23e0932f4c96,2026-08-31T18:24:39.829Z,separate_executor,quote_run_dispatch_probe,200,4694.52,success,,200,success
p3-ex-official-vu200,744c8ef4-b710-41d1-8787-3f52d7260234,2026-08-31T18:24:39.835Z,separate_executor,quote_run_dispatch_probe,200,5123.97,success,,200,success
p3-ex-official-vu200,a89ff51c-7caa-425e-bce0-7e56bc6e32a1,2026-08-31T18:24:39.842Z,separate_executor,quote_run_dispatch_probe,200,4173.66,success,,200,success
p3-ex-official-vu200,f0f5b463-48fe-40a8-a425-8a86312903ab,2026-08-31T18:24:39.844Z,separate_executor,quote_run_dispatch_probe,200,5226.48,success,,200,success
p3-ex-official-vu200,9abd3bab-04f5-4cac-bd8b-10e06b84b6ec,2026-08-31T18:24:39.845Z,separate_executor,quote_run_dispatch_probe,200,4958.67,success,,200,success
p3-ex-official-vu200,d128f362-f0c1-4716-915d-5ec1745f7654,2026-08-31T18:24:39.854Z,separate_executor,quote_run_dispatch_probe,200,3319.4,success,,200,success
p3-ex-official-vu200,e52f656f-6b48-47b8-b0d5-ae7ee924a7a4,2026-08-31T18:24:39.857Z,separate_executor,quote_run_dispatch_probe,200,4387.46,success,,200,success
p3-ex-official-vu200,1b525e5e-1b92-4fd2-a10a-76ce7923c922,2026-08-31T18:24:39.866Z,separate_executor,quote_run_dispatch_probe,200,4181.46,success,,200,success
p3-ex-official-vu200,40058aa6-fa50-43b3-82e8-41070405be26,2026-08-31T18:24:39.868Z,separate_executor,quote_run_dispatch_probe,200,3322.93,success,,200,success
p3-ex-official-vu200,3b9f96dc-a6c2-4384-9cea-787b1bea3e0d,2026-08-31T18:24:39.878Z,separate_executor,quote_run_dispatch_probe,200,3329.84,success,,200,success
p3-ex-official-vu200,44dcfb75-c6ae-4f11-a168-e2d149fa4432,2026-08-31T18:24:39.879Z,separate_executor,quote_run_dispatch_probe,200,4079.4,success,,200,success
p3-ex-official-vu200,537223a7-6d09-473f-be5b-335b8e4be6fa,2026-08-31T18:24:39.889Z,separate_executor,quote_run_dispatch_probe,200,4797.86,success,,200,success
p3-ex-official-vu200,ebf4a081-434e-4181-94db-b7c5d6b43e30,2026-08-31T18:24:39.890Z,separate_executor,quote_run_dispatch_probe,200,3255.91,success,,200,success
p3-ex-official-vu200,b1b789b2-2147-4b54-84d6-bfcd8c8b183a,2026-08-31T18:24:39.899Z,separate_executor,quote_run_dispatch_probe,200,3266.33,success,,200,success
p3-ex-official-vu200,e991daa7-0884-468d-93e2-ab6dae107dfb,2026-08-31T18:24:39.900Z,separate_executor,quote_run_dispatch_probe,200,3366.87,success,,200,success
p3-ex-official-vu200,a319ff7e-54b1-48f6-a2fd-c2aa89013d1e,2026-08-31T18:24:39.901Z,separate_executor,quote_run_dispatch_probe,200,3285.82,success,,200,success
p3-ex-official-vu200,4a0d8d60-c385-4440-a1f3-bf5ebfd1f1a7,2026-08-31T18:24:39.905Z,separate_executor,quote_run_dispatch_probe,200,3058.52,success,,200,success
p3-ex-official-vu200,82b430bd-b36d-450d-a859-7fe2d2667061,2026-08-31T18:24:39.906Z,separate_executor,quote_run_dispatch_probe,200,3372.12,success,,200,success
p3-ex-official-vu200,24fbd2e5-db52-4f5a-8003-b4ef83f3fcfd,2026-08-31T18:24:39.911Z,separate_executor,quote_run_dispatch_probe,200,3364.37,success,,200,success
p3-ex-official-vu200,8ad74176-09bd-4f01-824a-49666587820b,2026-08-31T18:24:39.921Z,separate_executor,quote_run_dispatch_probe,200,3200.69,success,,200,success
p3-ex-official-vu200,1fdac0fe-74e9-480d-9eae-fac9a6e17a77,2026-08-31T18:24:39.924Z,separate_executor,quote_run_dispatch_probe,200,3123.44,success,,200,success
p3-ex-official-vu200,3ce209d3-b554-496d-99ad-3e1377fe3b23,2026-08-31T18:24:39.934Z,separate_executor,quote_run_dispatch_probe,200,3171.16,success,,200,success
p3-ex-official-vu200,8247e21d-930a-4139-8028-1ffd70bac189,2026-08-31T18:24:39.945Z,separate_executor,quote_run_dispatch_probe,200,3146.97,success,,200,success
p3-ex-official-vu200,6c013828-dd22-4ac4-832b-8dd4abf20c01,2026-08-31T18:24:39.947Z,separate_executor,quote_run_dispatch_probe,200,3398.03,success,,200,success
p3-ex-official-vu200,32e209f0-7b52-4152-bcdc-308906695594,2026-08-31T18:24:39.948Z,separate_executor,quote_run_dispatch_probe,200,2444.65,success,,200,success
p3-ex-official-vu200,43ece306-3ea6-4ed0-9d72-78658c69877f,2026-08-31T18:24:39.958Z,separate_executor,quote_run_dispatch_probe,200,3236.08,success,,200,success
p3-ex-official-vu200,0d3ab50c-ef0c-4c9b-8ef9-d39b30d2d26e,2026-08-31T18:24:39.959Z,separate_executor,quote_run_dispatch_probe,200,2532.55,success,,200,success
p3-ex-official-vu200,62bf7139-c78d-4c20-8ef0-dd7886ff3f23,2026-08-31T18:24:39.985Z,separate_executor,quote_run_dispatch_probe,200,4922.86,success,,200,success
p3-ex-official-vu200,2ad7795d-1d63-499d-989f-2e7a33ccaa3e,2026-08-31T18:24:39.986Z,separate_executor,quote_run_dispatch_probe,200,4851.13,success,,200,success
p3-ex-official-vu200,fa118110-88da-4534-ab11-b0a2a0e2000b,2026-08-31T18:24:40.005Z,separate_executor,quote_run_dispatch_probe,200,2693.65,success,,200,success
p3-ex-official-vu200,9d02e901-4c5b-4e1d-bb56-171b8c1770d2,2026-08-31T18:24:40.011Z,separate_executor,quote_run_dispatch_probe,200,3163.97,success,,200,success
p3-ex-official-vu200,0373b14a-12ad-43ce-a66a-e4613729bfe3,2026-08-31T18:24:40.012Z,separate_executor,quote_run_dispatch_probe,200,3156.34,success,,200,success
p3-ex-official-vu200,9abcd1dc-5a85-4a3e-a5dd-1701657024f5,2026-08-31T18:24:40.019Z,separate_executor,quote_run_dispatch_probe,200,3255.83,success,,200,success
p3-ex-official-vu200,3aa26ffb-88fc-4095-9323-1bb6435feafb,2026-08-31T18:24:40.021Z,separate_executor,quote_run_dispatch_probe,200,3174.83,success,,200,success
p3-ex-official-vu200,766c4cf1-6ad9-4d4b-9dc5-d14e01b3b547,2026-08-31T18:24:40.026Z,separate_executor,quote_run_dispatch_probe,200,2597.56,success,,200,success
p3-ex-official-vu200,08c8e4a2-96ec-4174-8d26-e28bdb402142,2026-08-31T18:24:40.029Z,separate_executor,quote_run_dispatch_probe,200,2574.69,success,,200,success
p3-ex-official-vu200,b8c3d885-a344-463e-9d5a-2c9d5f913c22,2026-08-31T18:24:40.030Z,separate_executor,quote_run_dispatch_probe,200,2552.6,success,,200,success
p3-ex-official-vu200,9ecf4e06-2711-4233-a3d5-b6200e5c821b,2026-08-31T18:24:40.031Z,separate_executor,quote_run_dispatch_probe,200,2677.55,success,,200,success
p3-ex-official-vu200,69a704b4-e49e-455b-9f6a-84f195a5d628,2026-08-31T18:24:40.032Z,separate_executor,quote_run_dispatch_probe,200,2579.89,success,,200,success
p3-ex-official-vu200,f4851787-556a-4478-93aa-91072dd59fd5,2026-08-31T18:24:40.036Z,separate_executor,quote_run_dispatch_probe,200,2557.75,success,,200,success
p3-ex-official-vu200,df31371d-19d8-4e1e-9a77-a467a451bcac,2026-08-31T18:24:40.039Z,separate_executor,quote_run_dispatch_probe,200,2668.61,success,,200,success
p3-ex-official-vu200,e539877b-d64f-4162-8849-83839665e9c7,2026-08-31T18:24:40.040Z,separate_executor,quote_run_dispatch_probe,200,2688.7,success,,200,success
p3-ex-official-vu200,aea3965e-d706-4959-9dfd-19fdd6707832,2026-08-31T18:24:40.050Z,separate_executor,quote_run_dispatch_probe,200,2479.59,success,,200,success
p3-ex-official-vu200,5845ea21-d52f-4b17-87f9-36cb63a96687,2026-08-31T18:24:40.051Z,separate_executor,quote_run_dispatch_probe,200,2539.95,success,,200,success
p3-ex-official-vu200,80aa9ee7-815d-497d-867a-6fd50b4e7b65,2026-08-31T18:24:40.058Z,separate_executor,quote_run_dispatch_probe,200,2489.85,success,,200,success
p3-ex-official-vu200,32181f9b-58d6-4076-af01-e8a0e9cd202a,2026-08-31T18:24:40.065Z,separate_executor,quote_run_dispatch_probe,200,2528.79,success,,200,success
p3-ex-official-vu200,7d579501-59bd-4aaa-ae8a-ce12f3ccfa1c,2026-08-31T18:24:40.102Z,separate_executor,quote_run_dispatch_probe,200,2016.98,success,,200,success
p3-ex-official-vu200,d90fa33d-fa50-410b-9d6e-d416fc39fae7,2026-08-31T18:24:40.133Z,separate_executor,quote_run_dispatch_probe,200,2563.28,success,,200,success
p3-ex-official-vu200,cd7753a2-0918-4500-977c-6587ac5bca0b,2026-08-31T18:24:40.188Z,separate_executor,quote_run_dispatch_probe,200,2074.08,success,,200,success
p3-ex-official-vu200,032633ca-961f-433d-8068-8d5e0e91cfda,2026-08-31T18:24:40.207Z,separate_executor,quote_run_dispatch_probe,200,2670.98,success,,200,success
p3-ex-official-vu200,152957db-9954-4fa9-afe9-e8523b57a115,2026-08-31T18:24:40.646Z,separate_executor,quote_run_dispatch_probe,200,3093.86,success,,200,success
p3-ex-official-vu200,87d457cc-cbff-40b4-a2f3-a5f434078c78,2026-08-31T18:24:40.889Z,separate_executor,quote_run_dispatch_probe,200,2763.05,success,,200,success
p3-ex-official-vu200,b1744851-63a7-4226-8c24-4024656b5673,2026-08-31T18:24:40.976Z,separate_executor,quote_run_dispatch_probe,200,2680.17,success,,200,success
p3-ex-official-vu200,98d5037d-34bd-4f8c-96f0-4687a2cf906e,2026-08-31T18:24:41.074Z,separate_executor,quote_run_dispatch_probe,200,2958.95,success,,200,success
p3-ex-official-vu200,1b865611-df09-4600-a83e-5b5bb4b5d65a,2026-08-31T18:24:41.153Z,separate_executor,quote_run_dispatch_probe,200,3027.96,success,,200,success
p3-ex-official-vu200,eae11a4f-2cf0-423c-a6ec-1aff0936499a,2026-08-31T18:24:41.529Z,separate_executor,quote_run_dispatch_probe,200,3055.22,success,,200,success
p3-ex-official-vu200,c50f97da-9f3a-4500-9c3e-506df337a94f,2026-08-31T18:24:41.731Z,separate_executor,quote_run_dispatch_probe,200,3643.73,success,,200,success
p3-ex-official-vu200,1a1f867c-4f22-4060-b2a3-1a13cad3ee5b,2026-08-31T18:24:41.748Z,separate_executor,quote_run_dispatch_probe,200,3533.98,success,,200,success
p3-ex-official-vu200,3f1fe7d7-35bb-4f97-ba65-5ef42eebde27,2026-08-31T18:24:41.752Z,separate_executor,quote_run_dispatch_probe,200,3480.6,success,,200,success
p3-ex-official-vu200,f86f326f-cf17-439b-9630-cf8989d53bf2,2026-08-31T18:24:41.761Z,separate_executor,quote_run_dispatch_probe,200,3594.94,success,,200,success
p3-ex-official-vu200,dd8df0df-c798-4c6a-ba09-ef40400630e7,2026-08-31T18:24:42.128Z,separate_executor,quote_run_dispatch_probe,200,4041.31,success,,200,success
p3-ex-official-vu200,0dc6cb81-6fb9-4580-a82d-481e093cbc46,2026-08-31T18:24:42.291Z,separate_executor,quote_run_dispatch_probe,200,3889.4,success,,200,success
p3-ex-official-vu200,1d9715fd-600d-4160-9209-7266b35ec428,2026-08-31T18:24:42.325Z,separate_executor,quote_run_dispatch_probe,200,4028.41,success,,200,success
p3-ex-official-vu200,b1d6c07a-9df7-4db5-8302-226728256c91,2026-08-31T18:24:42.327Z,separate_executor,quote_run_dispatch_probe,200,4080.12,success,,200,success
p3-ex-official-vu200,fe63f98c-55d8-4474-ba4a-9b4c1b3fc127,2026-08-31T18:24:42.411Z,separate_executor,quote_run_dispatch_probe,200,4163.3,success,,200,success
p3-ex-official-vu200,4764e099-ac78-40e2-a793-210fef3d38fb,2026-08-31T18:24:42.478Z,separate_executor,quote_run_dispatch_probe,200,3953.69,success,,200,success
p3-ex-official-vu200,6089b7c7-ecfd-43ed-9b93-6d00ed474a57,2026-08-31T18:24:42.501Z,separate_executor,quote_run_dispatch_probe,200,4185.29,success,,200,success
p3-ex-official-vu200,38b1be30-6ca2-4ffd-80b6-532c8475804e,2026-08-31T18:24:42.520Z,separate_executor,quote_run_dispatch_probe,200,4105.62,success,,200,success
p3-ex-official-vu200,ff8c6bb3-457a-44c2-8836-fd84349e202f,2026-08-31T18:24:42.561Z,separate_executor,quote_run_dispatch_probe,200,4080.44,success,,200,success
p3-ex-official-vu200,1ca02685-6eeb-42ae-a51d-755587fcfa33,2026-08-31T18:24:42.697Z,separate_executor,quote_run_dispatch_probe,200,4281.82,success,,200,success
p3-ex-official-vu200,a2714e85-5c31-4bd8-a1b8-fa62b7594d4f,2026-08-31T18:24:42.722Z,separate_executor,quote_run_dispatch_probe,200,4336.29,success,,200,success
p3-ex-official-vu200,ed25174f-2d49-411e-8f02-3d0e7e3d4146,2026-08-31T18:24:42.732Z,separate_executor,quote_run_dispatch_probe,200,4463.42,success,,200,success
p3-ex-official-vu200,65fe40f7-cf33-408e-999c-398edf9f78d0,2026-08-31T18:24:42.734Z,separate_executor,quote_run_dispatch_probe,200,4347.23,success,,200,success
p3-ex-official-vu200,2ff0fe87-e3c3-4a43-b466-2bd2fde94c5e,2026-08-31T18:24:42.792Z,separate_executor,quote_run_dispatch_probe,200,4226.51,success,,200,success
p3-ex-official-vu200,df5804b7-e1c7-40d0-bdc6-f69126d5df11,2026-08-31T18:24:42.818Z,separate_executor,quote_run_dispatch_probe,200,4324.16,success,,200,success
p3-ex-official-vu200,0340acb3-25ad-4624-a26d-fdbf7188c1a2,2026-08-31T18:24:42.860Z,separate_executor,quote_run_dispatch_probe,200,4365.23,success,,200,success
p3-ex-official-vu200,819181ff-37aa-4886-a9fb-65bd2c3fba12,2026-08-31T18:24:42.866Z,separate_executor,quote_run_dispatch_probe,200,4357.98,success,,200,success
p3-ex-official-vu200,74d9bf6b-5208-43bb-ba35-e546f2170961,2026-08-31T18:24:43.015Z,separate_executor,quote_run_dispatch_probe,200,4799.88,success,,200,success
p3-ex-official-vu200,c5c37699-399a-4710-8445-616414c29902,2026-08-31T18:24:43.055Z,separate_executor,quote_run_dispatch_probe,200,4690.05,success,,200,success
p3-ex-official-vu200,1bf987d7-ed99-4b79-82bf-122438bc3497,2026-08-31T18:24:43.335Z,separate_executor,quote_run_dispatch_probe,200,4904.27,success,,200,success
p3-ex-official-vu200,ffc50309-e41a-449b-9b2e-cd0c9bcc9a2f,2026-08-31T18:24:43.336Z,separate_executor,quote_run_dispatch_probe,200,4972.3,success,,200,success
p3-ex-official-vu200,fc4b39c7-1d88-4a97-9679-eb2245f5627f,2026-08-31T18:24:43.497Z,separate_executor,quote_run_dispatch_probe,200,5043.91,success,,200,success
p3-ex-official-vu200,f12bd8df-e46c-4ef7-9388-cc2ba9565c60,2026-08-31T18:24:43.498Z,separate_executor,quote_run_dispatch_probe,200,5022.77,success,,200,success
p3-ex-official-vu200,0225a4a9-b27e-4d6e-a560-b47fcd45e37d,2026-08-31T18:24:43.501Z,separate_executor,quote_run_dispatch_probe,200,5163.5,success,,200,success
p3-ex-official-vu200,c98ff538-0dbc-4d1e-8a69-3ae2348b3be8,2026-08-31T18:24:43.502Z,separate_executor,quote_run_dispatch_probe,200,5117.19,success,,200,success
p3-ex-official-vu200,359d83b2-feeb-4c15-bd3d-386bbd34a0d5,2026-08-31T18:24:43.511Z,separate_executor,quote_run_dispatch_probe,200,5124.49,success,,200,success
p3-ex-official-vu200,16e21426-f08d-46d9-b413-8e7a2757a14b,2026-08-31T18:24:43.513Z,separate_executor,quote_run_dispatch_probe,200,5110.55,success,,200,success
p3-ex-official-vu200,ac20a7b4-4729-416a-aed0-713f7ed7378b,2026-08-31T18:24:43.514Z,separate_executor,quote_run_dispatch_probe,200,4977.28,success,,200,success
p3-ex-official-vu200,e463c619-c570-4d4a-a3e0-bb5539903532,2026-08-31T18:24:43.515Z,separate_executor,quote_run_dispatch_probe,200,4964.44,success,,200,success
p3-ex-official-vu200,1acf0df8-d9cb-449e-a54a-5707a1decb5e,2026-08-31T18:24:43.518Z,separate_executor,quote_run_dispatch_probe,200,4995.02,success,,200,success
p3-ex-official-vu200,f261c990-d2d0-4064-8fa7-348ad562ac8e,2026-08-31T18:24:43.519Z,separate_executor,quote_run_dispatch_probe,200,5200.92,success,,200,success
p3-ex-official-vu200,b807d313-49c9-48f9-821a-af916f05c773,2026-08-31T18:24:43.520Z,separate_executor,quote_run_dispatch_probe,200,4937.58,success,,200,success
p3-ex-official-vu200,8e400f6c-73c1-4abd-b24d-e9a0152e80eb,2026-08-31T18:24:43.529Z,separate_executor,quote_run_dispatch_probe,200,5050.69,success,,200,success
p3-ex-official-vu200,f3545d28-2b8e-4085-9bd5-13a37abc622d,2026-08-31T18:24:43.733Z,separate_executor,quote_run_dispatch_probe,200,5256.51,success,,200,success
p3-ex-official-vu200,a54712f6-fd87-4462-af94-6999246f4bbd,2026-08-31T18:24:43.737Z,separate_executor,quote_run_dispatch_probe,200,5155.52,success,,200,success
p3-ex-official-vu200,462d37ce-2a5b-487d-8630-b9c02fb8305f,2026-08-31T18:24:43.909Z,separate_executor,quote_run_dispatch_probe,200,5429.3,success,,200,success
p3-ex-official-vu200,578decd5-7d45-450c-a1b7-16381f836f34,2026-08-31T18:24:44.083Z,separate_executor,quote_run_dispatch_probe,200,5516.47,success,,200,success
p3-ex-official-vu200,385e7724-2e28-4047-9194-6e38121ea555,2026-08-31T18:24:44.327Z,separate_executor,quote_run_dispatch_probe,200,5774.5,success,,200,success
p3-ex-official-vu200,11b324f1-06e6-4902-a4fe-5fc10179e440,2026-08-31T18:24:44.365Z,separate_executor,quote_run_dispatch_probe,200,5745.57,success,,200,success
p3-ex-official-vu200,f86ade4d-7532-481a-b59f-701f36f33dc6,2026-08-31T18:24:44.366Z,separate_executor,quote_run_dispatch_probe,200,5766.48,success,,200,success
p3-ex-official-vu200,6345f4d7-2259-4c88-971c-2e95cff88c46,2026-08-31T18:24:44.610Z,separate_executor,quote_run_dispatch_probe,200,6074.68,success,,200,success
p3-ex-official-vu200,f830151c-237a-4c1b-b328-0d99e5efac06,2026-08-31T18:24:44.676Z,separate_executor,quote_run_dispatch_probe,200,6244,success,,200,success
p3-ex-official-vu200,87ba6dd2-e3ab-449d-a607-9be41721b790,2026-08-31T18:24:44.709Z,separate_executor,quote_run_dispatch_probe,200,5642.86,success,,200,success
p3-ex-official-vu200,200dcc84-b81b-4e5b-aeba-fbc5e9f8fc48,2026-08-31T18:24:44.846Z,separate_executor,quote_run_dispatch_probe,200,5697.85,success,,200,success
p3-ex-official-vu200,3b29c1a7-bbed-4905-8e34-7c26abf61a2f,2026-08-31T18:24:44.943Z,separate_executor,quote_run_dispatch_probe,200,5752.16,success,,200,success
p3-ex-official-vu200,f68a6a38-f8a7-4fc1-8ad8-98604c92ee75,2026-08-31T18:24:44.959Z,separate_executor,quote_run_dispatch_probe,200,5878.81,success,,200,success
p3-ex-official-vu200,60452817-5e41-45bf-b3af-5f6a2950e56c,2026-08-31T18:24:45.041Z,separate_executor,quote_run_dispatch_probe,200,5782.1,success,,200,success
p3-ex-official-vu200,ec55471f-e3a8-4bc9-970c-b762a76ee8ff,2026-08-31T18:24:45.087Z,separate_executor,quote_run_dispatch_probe,200,5968.24,success,,200,success
p3-ex-official-vu200,02e40b80-097e-4dfb-9f86-717b30042a9e,2026-08-31T18:24:45.130Z,separate_executor,quote_run_dispatch_probe,200,6028.3,success,,200,success
p3-ex-official-vu200,f902a247-298c-40a3-baee-31c654593fe6,2026-08-31T18:24:45.194Z,separate_executor,quote_run_dispatch_probe,200,5994.49,success,,200,success
p3-ex-official-vu200,3f894ba4-19a2-4a06-9f50-317967034507,2026-08-31T18:24:45.215Z,separate_executor,quote_run_dispatch_probe,200,5978.93,success,,200,success
p3-ex-official-vu200,26cac2ac-9c3f-4757-98d6-aa9816cff871,2026-08-31T18:24:45.262Z,separate_executor,quote_run_dispatch_probe,200,6144.48,success,,200,success
p3-ex-official-vu200,28646711-8a5c-4f2b-8a21-20551745ecec,2026-08-31T18:24:45.284Z,separate_executor,quote_run_dispatch_probe,200,6214.14,success,,200,success
p3-ex-official-vu200,0ea57e5f-dbe2-4c9c-ac54-002f858a0783,2026-08-31T18:24:45.350Z,separate_executor,quote_run_dispatch_probe,200,6171.42,success,,200,success
p3-ex-official-vu200,308dcbe3-53c7-4b6b-ae68-b84c395df09c,2026-08-31T18:24:45.372Z,separate_executor,quote_run_dispatch_probe,200,6202.05,success,,200,success
p3-ex-official-vu200,7cb2129d-a4f4-49e7-8164-c92c1210e233,2026-08-31T18:24:45.425Z,separate_executor,quote_run_dispatch_probe,200,6105.13,success,,200,success
p3-ex-official-vu200,77608621-ea29-4f55-8b72-555f54482575,2026-08-31T18:24:45.426Z,separate_executor,quote_run_dispatch_probe,200,6209.57,success,,200,success
p3-ex-official-vu200,5e9c27b3-9051-40ee-9f74-ecf47da945fe,2026-08-31T18:24:45.434Z,separate_executor,quote_run_dispatch_probe,200,6272.52,success,,200,success
p3-ex-official-vu200,9b1ea756-91e5-409b-b90f-9f5235af49a4,2026-08-31T18:24:45.435Z,separate_executor,quote_run_dispatch_probe,200,6345.1,success,,200,success
p3-ex-official-vu200,8d543256-ec93-47be-b128-a27426c44d12,2026-08-31T18:24:45.450Z,separate_executor,quote_run_dispatch_probe,200,6162.93,success,,200,success
p3-ex-official-vu200,03321af8-22f3-4435-8bab-c965233699cf,2026-08-31T18:24:45.605Z,separate_executor,quote_run_dispatch_probe,200,6425.64,success,,200,success
p3-ex-official-vu200,982ae2dc-257b-4685-9299-66680d5ea32f,2026-08-31T18:24:45.637Z,separate_executor,quote_run_dispatch_probe,200,6503.23,success,,200,success
p3-ex-official-vu200,5fede278-4fae-43ca-b12e-568431161b6b,2026-08-31T18:24:45.644Z,separate_executor,quote_run_dispatch_probe,200,6452.07,success,,200,success
p3-ex-official-vu200,d0f595c3-2f0b-4ccf-85a7-663dfe7244d9,2026-08-31T18:24:45.645Z,separate_executor,quote_run_dispatch_probe,200,6567.23,success,,200,success
p3-ex-official-vu200,ee01375f-9ec8-478f-8f82-d945dbdc2609,2026-08-31T18:24:45.648Z,separate_executor,quote_run_dispatch_probe,200,6515.38,success,,200,success
p3-ex-official-vu200,0c06ca5c-bd26-461e-9137-81e2a1fa4b03,2026-08-31T18:24:45.665Z,separate_executor,quote_run_dispatch_probe,200,6517.87,success,,200,success
p3-ex-official-vu200,da575ec0-0695-4d4b-978b-8c7e25e9d09b,2026-08-31T18:24:45.666Z,separate_executor,quote_run_dispatch_probe,200,6463.6,success,,200,success
p3-ex-official-vu200,15f02171-c210-4252-b7c0-da68e32c46d8,2026-08-31T18:24:45.674Z,separate_executor,quote_run_dispatch_probe,200,6353.36,success,,200,success
p3-ex-official-vu200,1f8e7c54-f5ed-45a3-810d-67b45b7c6b8b,2026-08-31T18:24:45.680Z,separate_executor,quote_run_dispatch_probe,200,6576.05,success,,200,success
p3-ex-official-vu200,f7418e50-862e-448b-93c7-f44f999a9f06,2026-08-31T18:24:45.684Z,separate_executor,quote_run_dispatch_probe,200,6253.54,success,,200,success
p3-ex-official-vu200,7d9513a8-9a6a-410c-a2f5-a5eb45f0f4e9,2026-08-31T18:24:45.686Z,separate_executor,quote_run_dispatch_probe,200,6412.29,success,,200,success
p3-ex-official-vu200,7ea43f8d-510f-4791-b622-5caf3f7f6c69,2026-08-31T18:24:45.695Z,separate_executor,quote_run_dispatch_probe,200,6384.93,success,,200,success
p3-ex-official-vu200,477f8cb2-9788-4662-b691-4f687dbd32f4,2026-08-31T18:24:45.770Z,separate_executor,quote_run_dispatch_probe,200,6402.61,success,,200,success
p3-ex-official-vu200,6490daef-a2f3-443a-a567-6b534a107bda,2026-08-31T18:24:45.772Z,separate_executor,quote_run_dispatch_probe,200,6436.63,success,,200,success
p3-ex-official-vu200,7d504f42-0dc3-443f-85ae-621774d0c20e,2026-08-31T18:24:45.773Z,separate_executor,quote_run_dispatch_probe,200,6501.26,success,,200,success
p3-ex-official-vu200,877f3c7b-a987-4fcd-813a-8c92bd645c78,2026-08-31T18:24:45.780Z,separate_executor,quote_run_dispatch_probe,200,6546,success,,200,success
p3-ex-official-vu200,4a5d21ba-425b-41f5-80d5-46cd16d65191,2026-08-31T18:24:45.796Z,separate_executor,quote_run_dispatch_probe,200,6458.8,success,,200,success
p3-ex-official-vu200,288d7b30-919e-451a-ad73-1f076be11d30,2026-08-31T18:24:45.822Z,separate_executor,quote_run_dispatch_probe,200,6485.54,success,,200,success
p3-ex-official-vu200,981e115e-086c-4a71-935f-0b282e84bd0f,2026-08-31T18:24:45.836Z,separate_executor,quote_run_dispatch_probe,200,6666.75,success,,200,success
p3-ex-official-vu200,c0a76131-4e57-4617-84f8-cda93db271fa,2026-08-31T18:24:45.905Z,separate_executor,quote_run_dispatch_probe,200,6538.66,success,,200,success
p3-ex-official-vu200,09c609d1-5e72-45d3-8b36-1ea28786f6bb,2026-08-31T18:24:45.912Z,separate_executor,quote_run_dispatch_probe,200,6533.89,success,,200,success
p3-ex-official-vu200,9ea68dd7-c28c-494a-a047-877af3c11a4a,2026-08-31T18:24:45.932Z,separate_executor,quote_run_dispatch_probe,200,6335.82,success,,200,success
p3-ex-official-vu200,125839d7-a5e4-48a3-bfd1-40e6249e5fd7,2026-08-31T18:24:45.941Z,separate_executor,quote_run_dispatch_probe,200,6589.75,success,,200,success
p3-ex-official-vu200,01b0a684-9b7f-452a-b54e-588aac8c11d2,2026-08-31T18:24:45.953Z,separate_executor,quote_run_dispatch_probe,200,6371.65,success,,200,success
p3-ex-official-vu200,6a03f75e-44fb-4d95-85f4-f009f6d3060e,2026-08-31T18:24:45.979Z,separate_executor,quote_run_dispatch_probe,200,6384.41,success,,200,success
p3-ex-official-vu200,f00c4f3a-cb23-4948-ac1c-01e6604c48ec,2026-08-31T18:24:45.981Z,separate_executor,quote_run_dispatch_probe,200,6669.42,success,,200,success
p3-ex-official-vu200,753691a2-ed2d-43b2-bfc1-388666678ddf,2026-08-31T18:24:45.982Z,separate_executor,quote_run_dispatch_probe,200,6613.97,success,,200,success
p3-ex-official-vu200,dc4b3660-e0f5-47a8-90bd-ef88ebacac95,2026-08-31T18:24:46.010Z,separate_executor,quote_run_dispatch_probe,200,6377.47,success,,200,success
p3-ex-official-vu200,728dab94-8970-4749-aa9a-e00e721f879d,2026-08-31T18:24:46.024Z,separate_executor,quote_run_dispatch_probe,200,6635.92,success,,200,success
p3-ex-official-vu200,325f3496-8b3b-4b84-8d81-183202040f70,2026-08-31T18:24:46.049Z,separate_executor,quote_run_dispatch_probe,200,6432.41,success,,200,success
p3-ex-official-vu200,f85b9179-5fcb-42a8-9415-e9a362c02e2d,2026-08-31T18:24:46.049Z,separate_executor,quote_run_dispatch_probe,200,6889.85,success,,200,success
p3-ex-official-vu200,575bfafd-6797-4a9e-a4ca-7c659d008294,2026-08-31T18:24:46.079Z,separate_executor,quote_run_dispatch_probe,200,6793,success,,200,success
p3-ex-official-vu200,e4269ba0-a5f3-41cb-a7d9-45759a0d0410,2026-08-31T18:24:46.103Z,separate_executor,quote_run_dispatch_probe,200,6685.46,success,,200,success
p3-ex-official-vu200,0165fa71-5d6d-4ae9-a902-108cf874189e,2026-08-31T18:24:46.466Z,separate_executor,quote_run_dispatch_probe,200,7142.61,success,,200,success
p3-ex-official-vu200,497c8b5d-aa45-41ad-9634-e4b8130f820b,2026-08-31T18:24:46.467Z,separate_executor,quote_run_dispatch_probe,200,6914.89,success,,200,success
p3-ex-official-vu200,d7ef3c07-d214-4a9f-92a2-bc1bf401cf83,2026-08-31T18:24:46.467Z,separate_executor,quote_run_dispatch_probe,200,6814.25,success,,200,success
p3-ex-official-vu200,97df34d9-141e-44a6-8839-f4e395a05c9e,2026-08-31T18:24:46.747Z,separate_executor,quote_run_dispatch_probe,200,7178.34,success,,200,success
p3-ex-official-vu200,16a3080e-7fb4-4229-b91f-06a8d1b9e559,2026-08-31T18:24:46.749Z,separate_executor,quote_run_dispatch_probe,200,7103.76,success,,200,success
p3-ex-official-vu200,afb44810-e0d7-498a-bfc4-e3a26f31b2dc,2026-08-31T18:24:46.750Z,separate_executor,quote_run_dispatch_probe,200,7317.79,success,,200,success
p3-ex-official-vu200,b15dfe06-b011-47a8-bf2e-efd4ddd6dcbe,2026-08-31T18:24:46.750Z,separate_executor,quote_run_dispatch_probe,200,7095.34,success,,200,success
p3-ex-official-vu200,ecf0829e-e070-4c37-bfe7-f01f973396f3,2026-08-31T18:24:46.750Z,separate_executor,quote_run_dispatch_probe,200,7004.6,success,,200,success
p3-ex-official-vu200,15058183-9f9d-405d-ba9b-fb29a82b84b6,2026-08-31T18:24:46.765Z,separate_executor,quote_run_dispatch_probe,200,7120.62,success,,200,success
p3-ex-official-vu200,8ddcadc5-3869-4d06-a04e-419e39b0b943,2026-08-31T18:24:46.766Z,separate_executor,quote_run_dispatch_probe,200,7147.37,success,,200,success
p3-ex-official-vu200,3cb80390-123e-45c7-b9df-5ed14552f6a8,2026-08-31T18:24:46.766Z,separate_executor,quote_run_dispatch_probe,200,7198.61,success,,200,success
p3-ex-official-vu200,5332a705-f325-4f29-987e-670f18a1f311,2026-08-31T18:24:46.767Z,separate_executor,quote_run_dispatch_probe,200,7151.96,success,,200,success
p3-ex-official-vu200,22e27256-acf7-4d17-88bf-9635980afa76,2026-08-31T18:24:46.768Z,separate_executor,quote_run_dispatch_probe,200,7188.87,success,,200,success
p3-ex-official-vu200,c97fe8fc-628f-4516-8c4f-3db83d3b218b,2026-08-31T18:24:46.768Z,separate_executor,quote_run_dispatch_probe,200,7172.7,success,,200,success
p3-ex-official-vu200,817feb21-e660-4ad7-b4b7-ec7f79ec37b4,2026-08-31T18:24:46.768Z,separate_executor,quote_run_dispatch_probe,200,7136.28,success,,200,success
p3-ex-official-vu200,6b2fdd15-4db3-4b63-b0ee-51a8aebc33ee,2026-08-31T18:24:46.769Z,separate_executor,quote_run_dispatch_probe,200,7105.74,success,,200,success
p3-ex-official-vu200,ce335e18-11d8-407f-8f25-1a688786ee25,2026-08-31T18:24:46.769Z,separate_executor,quote_run_dispatch_probe,200,7187.54,success,,200,success
p3-ex-official-vu200,63f1e06a-4d54-40ce-a3c5-f6a679b1317e,2026-08-31T18:24:46.770Z,separate_executor,quote_run_dispatch_probe,200,6927.43,success,,200,success
p3-ex-official-vu200,06a04ec9-3af7-4246-955b-3f61888fd88e,2026-08-31T18:24:46.775Z,separate_executor,quote_run_dispatch_probe,200,7208.4,success,,200,success
p3-ex-official-vu200,a5db4d24-6933-425a-81c3-6d39aac59cd4,2026-08-31T18:24:46.778Z,separate_executor,quote_run_dispatch_probe,200,7043.52,success,,200,success
p3-ex-official-vu200,e959f92a-d90c-4229-a87c-e1a1e68a2cbb,2026-08-31T18:24:46.779Z,separate_executor,quote_run_dispatch_probe,200,7161.47,success,,200,success
p3-ex-official-vu200,8d184ada-0001-4d48-9d1e-699c54f8396b,2026-08-31T18:24:46.779Z,separate_executor,quote_run_dispatch_probe,200,7196.85,success,,200,success
p3-ex-official-vu200,fbd2060f-b1a5-40c2-983a-ce2de40e4564,2026-08-31T18:24:46.780Z,separate_executor,quote_run_dispatch_probe,200,7242.55,success,,200,success
p3-ex-official-vu200,a1e35063-3a86-45cc-bc08-0528accfd994,2026-08-31T18:24:46.781Z,separate_executor,quote_run_dispatch_probe,200,7104.09,success,,200,success
p3-ex-official-vu200,8792712d-b4a6-4d24-a4f2-45807db5350a,2026-08-31T18:24:46.795Z,separate_executor,quote_run_dispatch_probe,200,7059.7,success,,200,success
p3-ex-official-vu200,1a5e0bca-e7b8-481d-9ccc-f2a5fbc951fd,2026-08-31T18:24:46.796Z,separate_executor,quote_run_dispatch_probe,200,7059.58,success,,200,success
p3-ex-official-vu200,8ef3f132-4df7-4907-9793-385f2150592b,2026-08-31T18:24:46.797Z,separate_executor,quote_run_dispatch_probe,200,7118.43,success,,200,success
p3-ex-official-vu200,955ea006-fd4f-4f06-9d51-cb94b913f9fd,2026-08-31T18:24:46.799Z,separate_executor,quote_run_dispatch_probe,200,7098.77,success,,200,success
p3-ex-official-vu200,602acc27-f658-4706-bec1-31b1bd4cd98a,2026-08-31T18:24:46.811Z,separate_executor,quote_run_dispatch_probe,200,7392.94,success,,200,success
p3-ex-official-vu200,8d0882a7-321a-42a5-a0fd-f720177fcb10,2026-08-31T18:24:46.813Z,separate_executor,quote_run_dispatch_probe,200,7396.63,success,,200,success
p3-ex-official-vu200,c446f3c0-b994-4741-ae4a-fa2f5724dcda,2026-08-31T18:24:46.814Z,separate_executor,quote_run_dispatch_probe,200,7461.04,success,,200,success
p3-ex-official-vu200,7f43e85d-3f46-424c-a018-8896f1009bf7,2026-08-31T18:24:46.815Z,separate_executor,quote_run_dispatch_probe,200,7057.24,success,,200,success
p3-ex-official-vu200,1e20dd45-fc9c-4c68-b970-1f1c2cc235d2,2026-08-31T18:24:46.815Z,separate_executor,quote_run_dispatch_probe,200,6979.87,success,,200,success
p3-ex-official-vu200,bde99e10-10be-4652-bad6-ea34fd37c43e,2026-08-31T18:24:46.816Z,separate_executor,quote_run_dispatch_probe,200,6949.91,success,,200,success
p3-ex-official-vu200,bad1e191-7206-43d0-b7c7-5752296dd856,2026-08-31T18:24:46.816Z,separate_executor,quote_run_dispatch_probe,200,7126.81,success,,200,success
p3-ex-official-vu200,621a2903-db7c-418f-8916-ebf063b25aae,2026-08-31T18:24:46.817Z,separate_executor,quote_run_dispatch_probe,200,6915.75,success,,200,success
p3-ex-official-vu200,08e140d1-08bf-4938-a905-f40f59a22567,2026-08-31T18:24:46.818Z,separate_executor,quote_run_dispatch_probe,200,7116.12,success,,200,success
p3-ex-official-vu200,315ea496-57ba-4f64-b1fc-c744011fd58e,2026-08-31T18:24:46.836Z,separate_executor,quote_run_dispatch_probe,200,6992.65,success,,200,success
p3-ex-official-vu200,0043e880-e107-41d0-a145-133b85c736bd,2026-08-31T18:24:46.837Z,separate_executor,quote_run_dispatch_probe,200,7019.51,success,,200,success
p3-ex-official-vu200,8f0f87a5-f77d-497a-9762-28c1347e8686,2026-08-31T18:24:46.852Z,separate_executor,quote_run_dispatch_probe,200,6820.31,success,,200,success
p3-ex-official-vu200,442dc632-a980-408e-868e-3097aac43990,2026-08-31T18:24:46.853Z,separate_executor,quote_run_dispatch_probe,200,7074.83,success,,200,success
p3-ex-official-vu200,4c044953-b0c9-406a-9bde-1aea8890c9fb,2026-08-31T18:24:46.853Z,separate_executor,quote_run_dispatch_probe,200,7074.26,success,,200,success
p3-ex-official-vu200,ad035324-e323-49b9-b0d8-6b655c5c1e6f,2026-08-31T18:24:46.853Z,separate_executor,quote_run_dispatch_probe,200,7025.59,success,,200,success
p3-ex-official-vu200,ab9b4b57-76b5-4731-a49b-399c0c7a3878,2026-08-31T18:24:46.864Z,separate_executor,quote_run_dispatch_probe,200,6942.49,success,,200,success
p3-ex-official-vu200,0e27a030-057d-4c32-8848-e301c3599358,2026-08-31T18:24:46.866Z,separate_executor,quote_run_dispatch_probe,200,6986.72,success,,200,success
p3-ex-official-vu200,f8e58b9a-5dd4-405c-923f-dafcd69da136,2026-08-31T18:24:46.866Z,separate_executor,quote_run_dispatch_probe,200,7201.77,success,,200,success
p3-ex-official-vu200,110d50b4-30a5-4d71-a2c8-9f5267065b68,2026-08-31T18:24:46.867Z,separate_executor,quote_run_dispatch_probe,200,7316.36,success,,200,success
p3-ex-official-vu200,8e1a7fb4-9733-47c8-99ad-57d3c585ca80,2026-08-31T18:24:46.868Z,separate_executor,quote_run_dispatch_probe,200,6990.35,success,,200,success
p3-ex-official-vu200,2f755019-39fc-439f-b57b-a10d9376882a,2026-08-31T18:24:46.868Z,separate_executor,quote_run_dispatch_probe,200,7131.32,success,,200,success
p3-ex-official-vu200,715990ac-3a0c-43c8-b950-9a30db5220b2,2026-08-31T18:24:46.869Z,separate_executor,quote_run_dispatch_probe,200,7145.87,success,,200,success
p3-ex-official-vu200,7687d8e9-29a3-4872-94dc-8cf3a4f40f94,2026-08-31T18:24:47.069Z,separate_executor,quote_run_dispatch_probe,200,7391.47,success,,200,success
p3-ex-official-vu200,5897df05-ecab-411c-a5be-935e05007893,2026-08-31T18:24:47.129Z,separate_executor,quote_run_dispatch_probe,200,7116.59,success,,200,success
p3-ex-official-vu200,36f6b96b-6dad-42f0-8db4-a3cb1025f0f3,2026-08-31T18:24:47.130Z,separate_executor,quote_run_dispatch_probe,200,7284.96,success,,200,success
p3-ex-official-vu200,6410a0af-1b81-460a-a528-f382c77bee77,2026-08-31T18:24:47.351Z,separate_executor,quote_run_dispatch_probe,200,7403.97,success,,200,success
p3-ex-official-vu200,9f882c0f-4783-4814-b017-f86df6618bc0,2026-08-31T18:24:47.359Z,separate_executor,quote_run_dispatch_probe,200,7646.99,success,,200,success
p3-ex-official-vu200,14308446-2202-4c87-a86f-6e460307e652,2026-08-31T18:24:47.360Z,separate_executor,quote_run_dispatch_probe,200,7401.17,success,,200,success
p3-ex-official-vu200,2044a4c4-69d8-4174-85c1-6602679f337b,2026-08-31T18:24:47.361Z,separate_executor,quote_run_dispatch_probe,200,7504.81,success,,200,success
p3-ex-official-vu200,788a4ae3-5b7d-4d8a-993f-569865bbff7b,2026-08-31T18:24:47.386Z,separate_executor,quote_run_dispatch_probe,200,7518.69,success,,200,success
p3-ex-official-vu200,b1507eb2-2038-4f5e-9095-0839112a76a1,2026-08-31T18:24:47.535Z,separate_executor,quote_run_dispatch_probe,200,7646.13,success,,200,success
p3-ex-official-vu200,13ff426f-79a8-4e8a-a1f4-2e0ea69d2ffb,2026-08-31T18:24:47.537Z,separate_executor,quote_run_dispatch_probe,200,7434.47,success,,200,success
p3-ex-official-vu200,06496ac1-7050-4127-8429-fd1765fc5641,2026-08-31T18:24:47.542Z,separate_executor,quote_run_dispatch_probe,200,7820.57,success,,200,success
p3-ex-official-vu200,e57b9a7b-1d25-4a61-8e66-a7f52b7ed40c,2026-08-31T18:24:47.544Z,separate_executor,quote_run_dispatch_probe,200,7524.63,success,,200,success
p3-ex-official-vu200,d5abac36-e555-4904-b60f-2d5a993321df,2026-08-31T18:24:47.545Z,separate_executor,quote_run_dispatch_probe,200,7690.67,success,,200,success
p3-ex-official-vu200,4fd2696b-f020-4576-98c3-2055cae67f1d,2026-08-31T18:24:47.548Z,separate_executor,quote_run_dispatch_probe,200,7779.14,success,,200,success
p3-ex-official-vu200,45fc7163-b57d-46d0-90ba-0f26cdc7b2ed,2026-08-31T18:24:47.549Z,separate_executor,quote_run_dispatch_probe,200,7780.86,success,,200,success
p3-ex-official-vu200,c2a10f11-c810-4179-94e1-7e4399d9fd67,2026-08-31T18:24:47.551Z,separate_executor,quote_run_dispatch_probe,200,7539.58,success,,200,success
p3-ex-official-vu200,c16b4b21-f93c-4f7b-b6d4-510b79608fa5,2026-08-31T18:24:47.551Z,separate_executor,quote_run_dispatch_probe,200,7804.92,success,,200,success
p3-ex-official-vu200,909470b7-4c61-4549-b73d-27af24ade0e0,2026-08-31T18:24:47.552Z,separate_executor,quote_run_dispatch_probe,200,7652.72,success,,200,success
p3-ex-official-vu200,f836653e-6c47-466d-a22d-5653453b95b2,2026-08-31T18:24:47.552Z,separate_executor,quote_run_dispatch_probe,200,7487.01,success,,200,success
p3-ex-official-vu200,bd49ee2e-4084-4f48-a772-86254797314c,2026-08-31T18:24:47.558Z,separate_executor,quote_run_dispatch_probe,200,7572.03,success,,200,success
p3-ex-official-vu200,919ce83f-cfb5-475a-9f53-dae32db354e3,2026-08-31T18:24:47.667Z,separate_executor,quote_run_dispatch_probe,200,7616.83,success,,200,success
p3-ex-official-vu200,307c2bb9-8700-46b8-9347-920f4468a5b5,2026-08-31T18:24:47.668Z,separate_executor,quote_run_dispatch_probe,200,7638.84,success,,200,success
p3-ex-official-vu200,eee2d5d8-0da2-4e53-b136-1e56ea945f52,2026-08-31T18:24:47.681Z,separate_executor,quote_run_dispatch_probe,200,7722.45,success,,200,success
p3-ex-official-vu200,c944a870-774c-404f-879e-591a6600cafb,2026-08-31T18:24:47.695Z,separate_executor,quote_run_dispatch_probe,200,7690.51,success,,200,success
p3-ex-official-vu200,615032cd-edcd-4a25-a436-04c41af973e6,2026-08-31T18:24:47.696Z,separate_executor,quote_run_dispatch_probe,200,7772.26,success,,200,success
p3-ex-official-vu200,3f9e855d-4fbb-405e-95e6-c2a95112bf88,2026-08-31T18:24:47.697Z,separate_executor,quote_run_dispatch_probe,200,7751.77,success,,200,success
p3-ex-official-vu200,298021d7-dfce-4c4e-bb99-8f81080af7c9,2026-08-31T18:24:47.698Z,separate_executor,quote_run_dispatch_probe,200,7807.17,success,,200,success
p3-ex-official-vu200,43a21473-7abf-468e-803e-f4f6048aa480,2026-08-31T18:24:47.715Z,separate_executor,quote_run_dispatch_probe,200,7810.06,success,,200,success
p3-ex-official-vu200,879ffdbe-d030-4281-a2a7-4459ff3054fa,2026-08-31T18:24:47.717Z,separate_executor,quote_run_dispatch_probe,200,7584.15,success,,200,success
p3-ex-official-vu200,c612f25d-dcb1-4960-8a1c-6956ca91b5a6,2026-08-31T18:24:47.728Z,separate_executor,quote_run_dispatch_probe,200,7821.69,success,,200,success
p3-ex-official-vu200,6219fa3d-456c-4c71-95ad-8a8f4e5d50c0,2026-08-31T18:24:47.914Z,separate_executor,quote_run_dispatch_probe,200,7875.37,success,,200,success
p3-ex-official-vu200,89867ed3-d69c-45b0-acdd-dd1f95123967,2026-08-31T18:24:47.915Z,separate_executor,quote_run_dispatch_probe,200,7727.42,success,,200,success
p3-ex-official-vu200,27027d68-2dcb-4189-9fe8-1ef6d1579369,2026-08-31T18:24:47.916Z,separate_executor,quote_run_dispatch_probe,200,7709.15,success,,200,success
p3-ex-official-vu200,7b693523-d730-47e4-acbe-2c32ec1f26fd,2026-08-31T18:24:47.917Z,separate_executor,quote_run_dispatch_probe,200,7896.18,success,,200,success
p3-ex-official-vu200,8110555f-bb8d-4af0-b757-30ed25fed302,2026-08-31T18:24:47.927Z,separate_executor,quote_run_dispatch_probe,200,7890.69,success,,200,success
p3-ex-official-vu200,3070843f-5a29-4aa6-9c27-9f2acf50ba35,2026-08-31T18:24:47.962Z,separate_executor,quote_run_dispatch_probe,200,8133.02,success,,200,success
p3-ex-official-vu200,6188c28b-6aac-45a3-bda0-4e867f1bcf91,2026-08-31T18:24:47.963Z,separate_executor,quote_run_dispatch_probe,200,8062.77,success,,200,success
p3-ex-official-vu200,cdd472ac-e787-4dcc-973a-12057af99922,2026-08-31T18:24:47.977Z,separate_executor,quote_run_dispatch_probe,200,7936.67,success,,200,success
p3-ex-official-vu200,eda6f833-9d2b-4219-8663-b34eea32f192,2026-08-31T18:24:47.982Z,separate_executor,quote_run_dispatch_probe,200,7996.8,success,,200,success
p3-ex-official-vu200,604eb883-33a8-4684-a05a-c99eb96a0de7,2026-08-31T18:24:48.002Z,separate_executor,quote_run_dispatch_probe,200,7943.67,success,,200,success
p3-ex-official-vu200,769b238e-6a63-49c4-9ea6-885d3ec54e89,2026-08-31T18:24:48.008Z,separate_executor,quote_run_dispatch_probe,200,7977.98,success,,200,success
p3-ex-official-vu200,9161d256-3de5-4bba-bb95-e3f0c1a1adbc,2026-08-31T18:24:48.019Z,separate_executor,quote_run_dispatch_probe,200,8070.72,success,,200,success
p3-ex-official-vu200,dc72fd45-4ea6-4e7d-bd28-ef6d78d1431c,2026-08-31T18:24:48.045Z,separate_executor,quote_run_dispatch_probe,200,8133.27,success,,200,success
p3-ex-official-vu200,a3dd331d-118a-45e6-ba2a-a49b09df392b,2026-08-31T18:24:48.062Z,separate_executor,quote_run_dispatch_probe,200,8035.92,success,,200,success
p3-ex-official-vu200,2a7caab3-d6bb-4c17-a192-d57267fda953,2026-08-31T18:24:48.067Z,separate_executor,quote_run_dispatch_probe,200,8036.64,success,,200,success
p3-ex-official-vu200,14687f91-d06e-4fb3-b05c-9978ec91f11c,2026-08-31T18:24:48.068Z,separate_executor,quote_run_dispatch_probe,200,8017.42,success,,200,success
p3-ex-official-vu200,649e8cc0-f48f-4892-8839-9de28f0eb90f,2026-08-31T18:24:48.069Z,separate_executor,quote_run_dispatch_probe,200,8134.76,success,,200,success
p3-ex-official-vu200,86481e87-a1b8-4fe9-85cd-4d642230dad1,2026-08-31T18:24:48.082Z,separate_executor,quote_run_dispatch_probe,200,7435.84,success,,200,success
p3-ex-official-vu200,078cf9c4-14d3-4cde-8b78-31fa909a1314,2026-08-31T18:24:48.133Z,separate_executor,quote_run_dispatch_probe,200,7244.21,success,,200,success
p3-ex-official-vu200,913a1a2d-9c26-4ab4-b3f1-6a0541602a75,2026-08-31T18:24:48.144Z,separate_executor,quote_run_dispatch_probe,200,7167.7,success,,200,success
p3-ex-official-vu200,341ee006-0020-4d35-a531-8d638adbb202,2026-08-31T18:24:48.158Z,separate_executor,quote_run_dispatch_probe,200,7005.07,success,,200,success
p3-ex-official-vu200,40348aca-dd51-4f3a-b067-8131932cf340,2026-08-31T18:24:48.159Z,separate_executor,quote_run_dispatch_probe,200,7085.25,success,,200,success
p3-ex-official-vu200,85bf7460-3710-4075-b546-24e4cc3e055b,2026-08-31T18:24:48.186Z,separate_executor,quote_run_dispatch_probe,200,6656.36,success,,200,success
p3-ex-official-vu200,0b6526d8-7b4e-4749-b8ae-b5aa47b9bb3d,2026-08-31T18:24:48.244Z,separate_executor,quote_run_dispatch_probe,200,6491.85,success,,200,success
p3-ex-official-vu200,172936e2-d3e0-4f20-a3e3-81b747bd9451,2026-08-31T18:24:48.246Z,separate_executor,quote_run_dispatch_probe,200,6498.15,success,,200,success
p3-ex-official-vu200,0bdae8d4-bd6d-4bfd-bb77-1fae6c84e8b4,2026-08-31T18:24:48.482Z,separate_executor,quote_run_dispatch_probe,200,6720.73,success,,200,success
p3-ex-official-vu200,f4d3dbe7-efd9-42dc-9437-03f30f3ca6be,2026-08-31T18:24:48.562Z,separate_executor,quote_run_dispatch_probe,200,5770.41,success,,200,success
p3-ex-official-vu200,7ecc7779-728f-46a3-87a7-3db49b7f6103,2026-08-31T18:24:48.568Z,separate_executor,quote_run_dispatch_probe,200,6836.68,success,,200,success
p3-ex-official-vu200,a46c405e-168f-4327-855d-0f9d238f1a0e,2026-08-31T18:24:48.570Z,separate_executor,quote_run_dispatch_probe,200,6091.86,success,,200,success
p3-ex-official-vu200,0775a196-3d81-4884-b2a7-5d7fdaadac2b,2026-08-31T18:24:48.584Z,separate_executor,quote_run_dispatch_probe,200,5766.12,success,,200,success
p3-ex-official-vu200,224f3cd7-ba47-4d3d-bc48-257fa5cca49e,2026-08-31T18:24:48.717Z,separate_executor,quote_run_dispatch_probe,200,6392.09,success,,200,success
p3-ex-official-vu200,f52a61ce-e02d-42e1-aee2-25844b47e966,2026-08-31T18:24:48.718Z,separate_executor,quote_run_dispatch_probe,200,6391.24,success,,200,success
p3-ex-official-vu200,0d6faa36-bf9f-4fe7-8077-72e1624c7491,2026-08-31T18:24:48.719Z,separate_executor,quote_run_dispatch_probe,200,5858.97,success,,200,success
p3-ex-official-vu200,7ae4bc13-0247-44ba-b7a1-dc6aae59e5bb,2026-08-31T18:24:48.754Z,separate_executor,quote_run_dispatch_probe,200,6192.33,success,,200,success
p3-ex-official-vu200,fc0830de-62fb-4b39-a76e-32a301e65681,2026-08-31T18:24:48.765Z,separate_executor,quote_run_dispatch_probe,200,6244.53,success,,200,success
p3-ex-official-vu200,157d61ba-0ce4-42d0-83ba-14bd2635959c,2026-08-31T18:24:48.767Z,separate_executor,quote_run_dispatch_probe,200,6475.81,success,,200,success
p3-ex-official-vu200,1f825a2d-73c3-4bfb-9b49-fe6ae2cde46f,2026-08-31T18:24:48.796Z,separate_executor,quote_run_dispatch_probe,200,6098.88,success,,200,success
p3-ex-official-vu200,00fc42be-8a58-466c-8fa8-e73f0ee05700,2026-08-31T18:24:48.801Z,separate_executor,quote_run_dispatch_probe,200,6066.76,success,,200,success
p3-ex-official-vu200,64f8441c-e4be-422b-938c-845be2f09671,2026-08-31T18:24:48.848Z,separate_executor,quote_run_dispatch_probe,200,6125.84,success,,200,success
p3-ex-official-vu200,f9c4de02-35f1-4d87-8d78-62a20a0046f7,2026-08-31T18:24:48.863Z,separate_executor,quote_run_dispatch_probe,200,6130.12,success,,200,success
p3-ex-official-vu200,f6350338-e3d2-4c4c-a28b-2108a961330f,2026-08-31T18:24:48.881Z,separate_executor,quote_run_dispatch_probe,200,6469.28,success,,200,success
p3-ex-official-vu200,c8fc7c82-ca27-4022-93b3-bc0d13d68841,2026-08-31T18:24:48.992Z,separate_executor,quote_run_dispatch_probe,200,6864.07,success,,200,success
p3-ex-official-vu200,9ae20e2c-c25c-47a0-b1da-31b6ec860828,2026-08-31T18:24:49.103Z,separate_executor,quote_run_dispatch_probe,200,5767.29,success,,200,success
p3-ex-official-vu200,dad44254-7397-49ff-8867-3adff395c86d,2026-08-31T18:24:49.130Z,separate_executor,quote_run_dispatch_probe,200,6114.66,success,,200,success
p3-ex-official-vu200,d90ee222-e7de-4a49-b661-746ca0e325cb,2026-08-31T18:24:49.153Z,separate_executor,quote_run_dispatch_probe,200,6652.07,success,,200,success
p3-ex-official-vu200,0fe4deab-2c78-4a32-811c-301a501de89b,2026-08-31T18:24:49.202Z,separate_executor,quote_run_dispatch_probe,200,5865.67,success,,200,success
p3-ex-official-vu200,6aedce2e-644a-4ea1-aad9-b522c3f40ac2,2026-08-31T18:24:49.234Z,separate_executor,quote_run_dispatch_probe,200,6367.95,success,,200,success
p3-ex-official-vu200,73f77ea4-7ac1-4c13-819e-a94a48316615,2026-08-31T18:24:49.250Z,separate_executor,quote_run_dispatch_probe,200,5513.09,success,,200,success
p3-ex-official-vu200,b86ac385-e6b9-498f-b704-8ee74f3dce8d,2026-08-31T18:24:49.268Z,separate_executor,quote_run_dispatch_probe,200,5771.3,success,,200,success
p3-ex-official-vu200,923617a0-4e3a-4342-b6aa-9120bfd6d128,2026-08-31T18:24:49.436Z,separate_executor,quote_run_dispatch_probe,200,5917.47,success,,200,success
p3-ex-official-vu200,5baeb63c-48b3-41ff-94ed-f0f35331eeb5,2026-08-31T18:24:49.437Z,separate_executor,quote_run_dispatch_probe,200,5923.29,success,,200,success
p3-ex-official-vu200,265e3e92-8e66-4178-988d-b424dad5cd1d,2026-08-31T18:24:49.451Z,separate_executor,quote_run_dispatch_probe,200,5936.66,success,,200,success
p3-ex-official-vu200,20e38535-a108-48b8-93d5-40a24c8d2b3c,2026-08-31T18:24:49.475Z,separate_executor,quote_run_dispatch_probe,200,5964.51,success,,200,success
p3-ex-official-vu200,283d8503-112e-4d61-9dc5-b4cca3160fac,2026-08-31T18:24:49.476Z,separate_executor,quote_run_dispatch_probe,200,6421.21,success,,200,success
p3-ex-official-vu200,32928497-980f-4e6a-8f7a-475960fa9689,2026-08-31T18:24:49.480Z,separate_executor,quote_run_dispatch_probe,200,5981.44,success,,200,success
p3-ex-official-vu200,158d143f-bee2-4d37-8a28-7ad6c8d6616d,2026-08-31T18:24:49.483Z,separate_executor,quote_run_dispatch_probe,200,5573.96,success,,200,success
p3-ex-official-vu200,50bcebe2-23bf-4e1c-9bf4-b90d96cde670,2026-08-31T18:24:49.486Z,separate_executor,quote_run_dispatch_probe,200,5965.96,success,,200,success
p3-ex-official-vu200,4d527bf4-8848-407e-8c74-e279f3c288f5,2026-08-31T18:24:49.492Z,separate_executor,quote_run_dispatch_probe,200,5758.59,success,,200,success
p3-ex-official-vu200,58e4d4fa-61d8-4cbe-90b4-0cd6adb625c9,2026-08-31T18:24:49.498Z,separate_executor,quote_run_dispatch_probe,200,5996.43,success,,200,success
p3-ex-official-vu200,1b8e30b9-9698-4a96-b2eb-2757c9467fe8,2026-08-31T18:24:49.499Z,separate_executor,quote_run_dispatch_probe,200,5970.13,success,,200,success
p3-ex-official-vu200,fc414832-ae53-4a70-93e0-b4cadc165f02,2026-08-31T18:24:49.559Z,separate_executor,quote_run_dispatch_probe,200,6057.99,success,,200,success
p3-ex-official-vu200,bbb18d88-0f9e-4e83-ba90-a00b0014de13,2026-08-31T18:24:49.732Z,separate_executor,quote_run_dispatch_probe,200,6216.69,success,,200,success
p3-ex-official-vu200,6e77a83e-42b6-4b8a-9e48-d9e62cc3fcd7,2026-08-31T18:24:49.860Z,separate_executor,quote_run_dispatch_probe,200,6341.45,success,,200,success
p3-ex-official-vu200,2ead31ad-93eb-445b-b9c6-77a417218f6f,2026-08-31T18:24:49.899Z,separate_executor,quote_run_dispatch_probe,200,4940.43,success,,200,success
p3-ex-official-vu200,67280ffd-b1bc-49ca-9471-ad3484d37013,2026-08-31T18:24:50.014Z,separate_executor,quote_run_dispatch_probe,200,5647.15,success,,200,success
p3-ex-official-vu200,9d8fa836-1789-4b1f-8ffd-14606b74911b,2026-08-31T18:24:50.031Z,separate_executor,quote_run_dispatch_probe,200,5704,success,,200,success
p3-ex-official-vu200,23c40542-77c2-4c8b-a49a-d76f2fe8bef0,2026-08-31T18:24:50.050Z,separate_executor,quote_run_dispatch_probe,200,5440.47,success,,200,success
p3-ex-official-vu200,ad53304d-3400-4bac-8562-b3a3065f9652,2026-08-31T18:24:50.450Z,separate_executor,quote_run_dispatch_probe,200,5603.9,success,,200,success
p3-ex-official-vu200,d3ff1784-1e38-4f15-b09e-d37de43e48e7,2026-08-31T18:24:50.516Z,separate_executor,quote_run_dispatch_probe,200,5386.01,success,,200,success
p3-ex-official-vu200,99d1f291-1d02-4185-a6ec-2e087c45a0e2,2026-08-31T18:24:50.520Z,separate_executor,quote_run_dispatch_probe,200,6436.9,success,,200,success
p3-ex-official-vu200,b24bd998-7ceb-4ecc-aeed-ddb501f5c58d,2026-08-31T18:24:50.527Z,separate_executor,quote_run_dispatch_probe,200,5583.81,success,,200,success
p3-ex-official-vu200,832f39e3-9df1-4133-894a-f652742393f1,2026-08-31T18:24:50.560Z,separate_executor,quote_run_dispatch_probe,200,6194.61,success,,200,success
p3-ex-official-vu200,968738ea-b3e9-4773-a5fb-7127e66781fc,2026-08-31T18:24:50.567Z,separate_executor,quote_run_dispatch_probe,200,5525.78,success,,200,success
p3-ex-official-vu200,d0b38664-9fb5-4bed-b125-2d947807b376,2026-08-31T18:24:50.568Z,separate_executor,quote_run_dispatch_probe,200,5195.35,success,,200,success
p3-ex-official-vu200,a022a58c-96d3-4dd7-9cfd-fc60ac8255e7,2026-08-31T18:24:50.569Z,separate_executor,quote_run_dispatch_probe,200,5859.96,success,,200,success
p3-ex-official-vu200,b91dbc7a-46b9-4350-b301-bdccef33f48b,2026-08-31T18:24:50.584Z,separate_executor,quote_run_dispatch_probe,200,5908.1,success,,200,success
p3-ex-official-vu200,b27ece43-93e0-40ca-9b4a-3a54acc2ef9d,2026-08-31T18:24:50.676Z,separate_executor,quote_run_dispatch_probe,200,5325.93,success,,200,success
p3-ex-official-vu200,ea41abe4-7105-4e06-a51e-b632b71328e3,2026-08-31T18:24:50.677Z,separate_executor,quote_run_dispatch_probe,200,5011.02,success,,200,success
p3-ex-official-vu200,ac2842e4-438f-4a14-9f69-c8d3441e57a8,2026-08-31T18:24:50.700Z,separate_executor,quote_run_dispatch_probe,200,5025.37,success,,200,success
p3-ex-official-vu200,20b85c47-fc81-4522-9674-52d812c6054f,2026-08-31T18:24:50.734Z,separate_executor,quote_run_dispatch_probe,200,5309.24,success,,200,success
p3-ex-official-vu200,adcccc45-f006-4fec-9362-5f6a0f843217,2026-08-31T18:24:50.737Z,separate_executor,quote_run_dispatch_probe,200,5649.53,success,,200,success
p3-ex-official-vu200,5631d15a-3820-4b36-869d-eb275be6074d,2026-08-31T18:24:50.743Z,separate_executor,quote_run_dispatch_probe,200,4906.98,success,,200,success
p3-ex-official-vu200,2551f58b-fc4b-4420-8d3f-70d35eaad50f,2026-08-31T18:24:50.745Z,separate_executor,quote_run_dispatch_probe,200,5294.51,success,,200,success
p3-ex-official-vu200,37ae008d-8ea2-407c-8516-eaca52dd5905,2026-08-31T18:24:50.745Z,separate_executor,quote_run_dispatch_probe,200,5461.76,success,,200,success
p3-ex-official-vu200,36774438-6e78-4d6b-9f5e-62eb81dacf71,2026-08-31T18:24:50.747Z,separate_executor,quote_run_dispatch_probe,200,5311.74,success,,200,success
p3-ex-official-vu200,ef24ad45-84fd-432f-96ed-0a071bcc4a90,2026-08-31T18:24:50.747Z,separate_executor,quote_run_dispatch_probe,200,5484.75,success,,200,success
p3-ex-official-vu200,d7ffe0b0-e1f9-4d56-b9ee-12b23ce97708,2026-08-31T18:24:50.748Z,separate_executor,quote_run_dispatch_probe,200,5142.62,success,,200,success
p3-ex-official-vu200,cacab78b-ebe9-4a55-b838-b763e1e711c7,2026-08-31T18:24:50.751Z,separate_executor,quote_run_dispatch_probe,200,5107.73,success,,200,success
p3-ex-official-vu200,7c77c46b-5959-4c9f-8b1a-59519f72cb62,2026-08-31T18:24:50.753Z,separate_executor,quote_run_dispatch_probe,200,5069.46,success,,200,success
p3-ex-official-vu200,e5b63c13-e78a-4fa3-ba6a-e9b633d2ebc9,2026-08-31T18:24:50.754Z,separate_executor,quote_run_dispatch_probe,200,5319.8,success,,200,success
p3-ex-official-vu200,7b06e32e-2fd6-47a5-8cf7-ecbc138bfc73,2026-08-31T18:24:50.756Z,separate_executor,quote_run_dispatch_probe,200,4976.22,success,,200,success
p3-ex-official-vu200,6187df32-041b-4da7-b594-c70f11ee89d5,2026-08-31T18:24:50.760Z,separate_executor,quote_run_dispatch_probe,200,5079.86,success,,200,success
p3-ex-official-vu200,b31fa4f2-42eb-429c-8b0c-86cdd6859dc3,2026-08-31T18:24:50.763Z,separate_executor,quote_run_dispatch_probe,200,5337.27,success,,200,success
p3-ex-official-vu200,5a5d0436-3e0f-47e4-a396-9d087e607ddd,2026-08-31T18:24:50.795Z,separate_executor,quote_run_dispatch_probe,200,5600.19,success,,200,success
p3-ex-official-vu200,5de9a7ab-6786-4900-ae40-fc3af52c10ce,2026-08-31T18:24:50.795Z,separate_executor,quote_run_dispatch_probe,200,5580.37,success,,200,success
p3-ex-official-vu200,a67df489-e924-40c8-9863-fd38d1222c20,2026-08-31T18:24:50.798Z,separate_executor,quote_run_dispatch_probe,200,4975.58,success,,200,success
p3-ex-official-vu200,5bb84806-ce9f-4ba7-a9e1-cb3a32ba72f4,2026-08-31T18:24:50.829Z,separate_executor,quote_run_dispatch_probe,200,5059.01,success,,200,success
p3-ex-official-vu200,a12d89bf-aed8-4b75-8f36-5b0052dc2dcf,2026-08-31T18:24:50.839Z,separate_executor,quote_run_dispatch_probe,200,5190.81,success,,200,success
p3-ex-official-vu200,5cf99ecd-2f43-4a17-ae45-9c84b3a10562,2026-08-31T18:24:50.857Z,separate_executor,quote_run_dispatch_probe,200,5170.75,success,,200,success
p3-ex-official-vu200,192f86ff-84cb-46f3-96d7-7e1eada80c50,2026-08-31T18:24:50.951Z,separate_executor,quote_run_dispatch_probe,200,4970.53,success,,200,success
p3-ex-official-vu200,adc035d9-f912-4dcd-9058-a3b463d4c870,2026-08-31T18:24:50.952Z,separate_executor,quote_run_dispatch_probe,200,5315.44,success,,200,success
p3-ex-official-vu200,453064a8-adf3-4966-b3b5-96ccc06258cd,2026-08-31T18:24:50.975Z,separate_executor,quote_run_dispatch_probe,200,5279.36,success,,200,success
p3-ex-official-vu200,84287ed0-788f-44cc-868b-04b6d442e95d,2026-08-31T18:24:50.976Z,separate_executor,quote_run_dispatch_probe,200,4926.89,success,,200,success
p3-ex-official-vu200,b8840e53-b4c9-424d-9c05-c7a10e2cb16e,2026-08-31T18:24:50.992Z,separate_executor,quote_run_dispatch_probe,200,5327.09,success,,200,success
p3-ex-official-vu200,1469610a-3eec-4089-82c1-9440295fdadb,2026-08-31T18:24:51.043Z,separate_executor,quote_run_dispatch_probe,200,5271.13,success,,200,success
p3-ex-official-vu200,b76de2a8-e3ff-4553-9bd7-fe024123c69f,2026-08-31T18:24:51.044Z,separate_executor,quote_run_dispatch_probe,200,5247.35,success,,200,success
p3-ex-official-vu200,97ef63b1-eb54-46d7-9b0e-22e61e00b44b,2026-08-31T18:24:51.069Z,separate_executor,quote_run_dispatch_probe,200,5296.31,success,,200,success
p3-ex-official-vu200,915ad585-ee1f-42c7-907c-290371d3f16a,2026-08-31T18:24:51.086Z,separate_executor,quote_run_dispatch_probe,200,5440.15,success,,200,success
p3-ex-official-vu200,8335cabc-4849-428c-adfc-57f88a05d215,2026-08-31T18:24:51.123Z,separate_executor,quote_run_dispatch_probe,200,5112.28,success,,200,success
p3-ex-official-vu200,118acee7-37b5-4500-ba7e-694b0628a332,2026-08-31T18:24:51.169Z,separate_executor,quote_run_dispatch_probe,200,5216.37,success,,200,success
p3-ex-official-vu200,096eebea-1198-4cb9-8a5d-048c0188ef6b,2026-08-31T18:24:51.170Z,separate_executor,quote_run_dispatch_probe,200,5237.38,success,,200,success
p3-ex-official-vu200,97a2a28d-b3ce-491a-9638-1410dc6e222b,2026-08-31T18:24:51.170Z,separate_executor,quote_run_dispatch_probe,200,5258.08,success,,200,success
p3-ex-official-vu200,3cbe08d9-66e1-498f-8614-80814840d9d2,2026-08-31T18:24:51.170Z,separate_executor,quote_run_dispatch_probe,200,5187.74,success,,200,success
p3-ex-official-vu200,dd147e38-cc9b-40c9-8ec3-16796d080e8a,2026-08-31T18:24:51.191Z,separate_executor,quote_run_dispatch_probe,200,5088.38,success,,200,success
p3-ex-official-vu200,4712fea9-a570-4f0a-86ea-d45e69012138,2026-08-31T18:24:51.241Z,separate_executor,quote_run_dispatch_probe,200,5335.85,success,,200,success
p3-ex-official-vu200,80a94e8c-2757-4ef7-8ead-fbb049aee606,2026-08-31T18:24:51.260Z,separate_executor,quote_run_dispatch_probe,200,5280.88,success,,200,success
p3-ex-official-vu200,48b19192-ded6-4c10-a1cf-9340cf6dd2c6,2026-08-31T18:24:51.329Z,separate_executor,quote_run_dispatch_probe,200,5387.8,success,,200,success
p3-ex-official-vu200,e80a8a5c-9625-4d9f-9682-f18316bbf4de,2026-08-31T18:24:51.396Z,separate_executor,quote_run_dispatch_probe,200,5316.89,success,,200,success
p3-ex-official-vu200,3aecb1fb-986d-4e8d-96d2-179abd36f4e8,2026-08-31T18:24:51.400Z,separate_executor,quote_run_dispatch_probe,200,4932.54,success,,200,success
p3-ex-official-vu200,4c8c791e-8301-41f3-a0f3-1e62a17a625e,2026-08-31T18:24:51.410Z,separate_executor,quote_run_dispatch_probe,200,5385.64,success,,200,success
p3-ex-official-vu200,673c35f7-c7ff-4591-91fa-f5221495db49,2026-08-31T18:24:51.419Z,separate_executor,quote_run_dispatch_probe,200,4649.72,success,,200,success
p3-ex-official-vu200,8e86af2b-1fb7-4f80-aa1b-c9358445653a,2026-08-31T18:24:51.560Z,separate_executor,quote_run_dispatch_probe,200,5511.31,success,,200,success
p3-ex-official-vu200,9d3e4b3b-297f-46e2-a48a-41f42325b6d4,2026-08-31T18:24:51.569Z,separate_executor,quote_run_dispatch_probe,200,4703.6,success,,200,success
p3-ex-official-vu200,4b221880-31ff-4407-94d2-afc9784ccd4e,2026-08-31T18:24:51.577Z,separate_executor,quote_run_dispatch_probe,200,4713.23,success,,200,success
p3-ex-official-vu200,dcaeba7a-dd1b-4e5d-8a4f-891c782ea99f,2026-08-31T18:24:51.612Z,separate_executor,quote_run_dispatch_probe,200,4837.12,success,,200,success
p3-ex-official-vu200,73c3fabc-c651-45d0-aea9-fa17cdc0b06a,2026-08-31T18:24:51.651Z,separate_executor,quote_run_dispatch_probe,200,5184.57,success,,200,success
p3-ex-official-vu200,e95b7f40-8ee4-4291-b6d4-817c0219c230,2026-08-31T18:24:51.668Z,separate_executor,quote_run_dispatch_probe,200,4887.57,success,,200,success
p3-ex-official-vu200,84fb069a-7bc9-482b-a47a-e64fdf5ee7fa,2026-08-31T18:24:51.672Z,separate_executor,quote_run_dispatch_probe,200,4894.12,success,,200,success
p3-ex-official-vu200,76d609cc-9955-4cea-b042-f9128c49e079,2026-08-31T18:24:51.744Z,separate_executor,quote_run_dispatch_probe,200,4964.51,success,,200,success
p3-ex-official-vu200,a6293806-0674-4b87-9322-44fe0e177ff3,2026-08-31T18:24:51.745Z,separate_executor,quote_run_dispatch_probe,200,4975.28,success,,200,success
p3-ex-official-vu200,3143f054-9902-475a-91d4-a83b73e9bf2b,2026-08-31T18:24:51.750Z,separate_executor,quote_run_dispatch_probe,200,4882.46,success,,200,success
p3-ex-official-vu200,3639e980-fea3-455f-8974-5f897ea0bc86,2026-08-31T18:24:51.752Z,separate_executor,quote_run_dispatch_probe,200,4972.1,success,,200,success
p3-ex-official-vu200,c9968ec4-bfa3-42c8-af9e-e003fb10833a,2026-08-31T18:24:51.770Z,separate_executor,quote_run_dispatch_probe,200,5302.61,success,,200,success
p3-ex-official-vu200,ca7ace72-e0be-48d7-af99-a405f1fc9b51,2026-08-31T18:24:51.805Z,separate_executor,quote_run_dispatch_probe,200,5036.41,success,,200,success
p3-ex-official-vu200,808d2771-ec18-40f5-936d-f183ad0f7337,2026-08-31T18:24:51.806Z,separate_executor,quote_run_dispatch_probe,200,4990.94,success,,200,success
p3-ex-official-vu200,6466b1e1-f0cd-42b7-a3a3-118c8831d6ff,2026-08-31T18:24:51.811Z,separate_executor,quote_run_dispatch_probe,200,5031.45,success,,200,success
p3-ex-official-vu200,a2310e94-6136-4640-b0a4-2ed4f181635a,2026-08-31T18:24:51.818Z,separate_executor,quote_run_dispatch_probe,200,5023.03,success,,200,success
p3-ex-official-vu200,21dbb9d1-1202-49b8-a112-ba0bca98fc16,2026-08-31T18:24:51.820Z,separate_executor,quote_run_dispatch_probe,200,5070.49,success,,200,success
p3-ex-official-vu200,20338b6a-274f-461f-9ab1-ac2077986038,2026-08-31T18:24:51.826Z,separate_executor,quote_run_dispatch_probe,200,5059.8,success,,200,success
p3-ex-official-vu200,4c6e05f5-3b2f-4759-b065-3c118d23f7e0,2026-08-31T18:24:51.834Z,separate_executor,quote_run_dispatch_probe,200,4996.88,success,,200,success
p3-ex-official-vu200,49fd6ba3-683b-4a2b-9a56-d4024e440b25,2026-08-31T18:24:51.850Z,separate_executor,quote_run_dispatch_probe,200,5084.05,success,,200,success
p3-ex-official-vu200,69f8be83-789e-4767-ab1e-dd74b49e32b5,2026-08-31T18:24:51.851Z,separate_executor,quote_run_dispatch_probe,200,4984.77,success,,200,success
p3-ex-official-vu200,9c2a7263-d5a7-4e34-a15e-7519fc513c71,2026-08-31T18:24:51.851Z,separate_executor,quote_run_dispatch_probe,200,4998.95,success,,200,success
p3-ex-official-vu200,ce84bb49-4f3c-44cc-ad88-8609b3431733,2026-08-31T18:24:51.877Z,separate_executor,quote_run_dispatch_probe,200,5080.71,success,,200,success
p3-ex-official-vu200,fa2715fa-394b-49ea-9769-240e9e501408,2026-08-31T18:24:51.901Z,separate_executor,quote_run_dispatch_probe,200,5136.37,success,,200,success
p3-ex-official-vu200,3e414a9e-8f6a-451f-b805-a9bf3a42ae76,2026-08-31T18:24:52.088Z,separate_executor,quote_run_dispatch_probe,200,5320.14,success,,200,success
p3-ex-official-vu200,c2e347f7-17b6-478d-8912-667217dfa97a,2026-08-31T18:24:52.097Z,separate_executor,quote_run_dispatch_probe,200,5228.62,success,,200,success
p3-ex-official-vu200,88218c60-a184-493f-a017-36e42f13f9eb,2026-08-31T18:24:52.101Z,separate_executor,quote_run_dispatch_probe,200,5285.63,success,,200,success
p3-ex-official-vu200,b47811dd-e47b-4bf2-9235-0e0b8490772d,2026-08-31T18:24:52.102Z,separate_executor,quote_run_dispatch_probe,200,5291.16,success,,200,success
p3-ex-official-vu200,7c495bfa-084c-4f4b-a3d8-4566cc6b2763,2026-08-31T18:24:52.114Z,separate_executor,quote_run_dispatch_probe,200,5364.92,success,,200,success
p3-ex-official-vu200,ebbb7fcb-58a8-418f-9f5b-078048ec9152,2026-08-31T18:24:52.116Z,separate_executor,quote_run_dispatch_probe,200,5262.37,success,,200,success
p3-ex-official-vu200,1719b203-b580-4e4c-8b92-e327c1ebe8bc,2026-08-31T18:24:52.117Z,separate_executor,quote_run_dispatch_probe,200,5366.42,success,,200,success
p3-ex-official-vu200,aef446d2-fcee-47aa-ab5f-b27e1a8a88b0,2026-08-31T18:24:52.119Z,separate_executor,quote_run_dispatch_probe,200,5306.34,success,,200,success
p3-ex-official-vu200,b5c87be5-0f6e-4ad7-9362-63ca4facc41f,2026-08-31T18:24:52.126Z,separate_executor,quote_run_dispatch_probe,200,5258.74,success,,200,success
p3-ex-official-vu200,5e1d7134-84d4-486c-ac47-7d908e55e826,2026-08-31T18:24:52.130Z,separate_executor,quote_run_dispatch_probe,200,5060.85,success,,200,success
p3-ex-official-vu200,f6d6b1c3-f8f3-41c7-9bdf-ecb1f6adbf8a,2026-08-31T18:24:52.220Z,separate_executor,quote_run_dispatch_probe,200,5404.12,success,,200,success
p3-ex-official-vu200,9bbbbc05-2289-47df-8393-270fbcd4f9f4,2026-08-31T18:24:52.227Z,separate_executor,quote_run_dispatch_probe,200,5413.2,success,,200,success
p3-ex-official-vu200,24451118-4aaf-48ce-9baf-36302197d62f,2026-08-31T18:24:52.227Z,separate_executor,quote_run_dispatch_probe,200,5459.65,success,,200,success
p3-ex-official-vu200,0e431714-3467-49c3-9919-5eb5e526cd92,2026-08-31T18:24:52.234Z,separate_executor,quote_run_dispatch_probe,200,5397.25,success,,200,success
p3-ex-official-vu200,e7b32749-93b0-49ba-8b72-e837fdc7ac9e,2026-08-31T18:24:52.236Z,separate_executor,quote_run_dispatch_probe,200,5465.65,success,,200,success
p3-ex-official-vu200,1dd865c3-b15b-4eba-9edf-ec53a1b84fc2,2026-08-31T18:24:52.236Z,separate_executor,quote_run_dispatch_probe,200,5383.21,success,,200,success
p3-ex-official-vu200,39ea7b15-cdf4-436a-86a9-469b1a8a64a8,2026-08-31T18:24:52.236Z,separate_executor,quote_run_dispatch_probe,200,5486.45,success,,200,success
p3-ex-official-vu200,191363e0-1c0f-4db4-a48a-fbd3b9705e3c,2026-08-31T18:24:52.245Z,separate_executor,quote_run_dispatch_probe,200,5426.78,success,,200,success
p3-ex-official-vu200,c666778f-d055-4944-bc13-e3a3a6032940,2026-08-31T18:24:52.246Z,separate_executor,quote_run_dispatch_probe,200,5429.71,success,,200,success
p3-ex-official-vu200,727752a9-fee2-4932-8a0f-4f95b9b903dc,2026-08-31T18:24:52.247Z,separate_executor,quote_run_dispatch_probe,200,5450.56,success,,200,success
p3-ex-official-vu200,e511afc6-48e7-4650-a836-1210326a2991,2026-08-31T18:24:52.250Z,separate_executor,quote_run_dispatch_probe,200,5380.83,success,,200,success
p3-ex-official-vu200,1ad7c9d5-ad57-48f1-80d4-3f15b8ad1e14,2026-08-31T18:24:52.250Z,separate_executor,quote_run_dispatch_probe,200,5451.05,success,,200,success
p3-ex-official-vu200,a009cf85-84b1-4886-af34-f64ebb66e272,2026-08-31T18:24:52.251Z,separate_executor,quote_run_dispatch_probe,200,5120.24,success,,200,success
p3-ex-official-vu200,ffc72b07-aba3-49f7-8502-b65e281200d1,2026-08-31T18:24:52.251Z,separate_executor,quote_run_dispatch_probe,200,5399.12,success,,200,success
p3-ex-official-vu200,97459afc-a17a-42c0-af1f-f4a6db0f201b,2026-08-31T18:24:52.311Z,separate_executor,quote_run_dispatch_probe,200,5543.91,success,,200,success
p3-ex-official-vu200,38241c0a-b4d7-4570-947f-3ffae3a8935c,2026-08-31T18:24:52.317Z,separate_executor,quote_run_dispatch_probe,200,5500.1,success,,200,success
p3-ex-official-vu200,c558d77d-05c1-4595-b5dc-ffaa9adfdc02,2026-08-31T18:24:52.449Z,separate_executor,quote_run_dispatch_probe,200,5097.84,success,,200,success
p3-ex-official-vu200,2f239fe7-5042-4fe6-8cbd-78abb46a642a,2026-08-31T18:24:52.455Z,separate_executor,quote_run_dispatch_probe,200,5708.29,success,,200,success
p3-ex-official-vu200,da479137-4976-492c-9241-ce67a8899538,2026-08-31T18:24:52.457Z,separate_executor,quote_run_dispatch_probe,200,5096.75,success,,200,success
p3-ex-official-vu200,562ef7c3-241c-4df1-b962-916284741f47,2026-08-31T18:24:52.537Z,separate_executor,quote_run_dispatch_probe,200,5407.98,success,,200,success
p3-ex-official-vu200,e2ad4246-8dee-4685-8fee-a95d52a89d6b,2026-08-31T18:24:52.596Z,separate_executor,quote_run_dispatch_probe,200,5234.28,success,,200,success
p3-ex-official-vu200,8221b00f-172e-43bf-9924-65170f8c2e1d,2026-08-31T18:24:52.669Z,separate_executor,quote_run_dispatch_probe,200,5282.12,success,,200,success
p3-ex-official-vu200,67e55ab5-328f-4f82-8360-997cb30c714e,2026-08-31T18:24:52.712Z,separate_executor,quote_run_dispatch_probe,200,5176.97,success,,200,success
p3-ex-official-vu200,5ede3c7c-9404-4af1-8d0e-9cf11e5cbf27,2026-08-31T18:24:52.745Z,separate_executor,quote_run_dispatch_probe,200,5385.57,success,,200,success
p3-ex-official-vu200,ff8c8f51-610c-4e47-8bd0-5819411b25d0,2026-08-31T18:24:52.793Z,separate_executor,quote_run_dispatch_probe,200,5240.61,success,,200,success
p3-ex-official-vu200,5e39427f-a58e-4438-8969-65a7d7264b95,2026-08-31T18:24:52.864Z,separate_executor,quote_run_dispatch_probe,200,5320.46,success,,200,success
p3-ex-official-vu200,0d9d49d3-faf0-43c6-9afd-1cb1585d0132,2026-08-31T18:24:52.866Z,separate_executor,quote_run_dispatch_probe,200,5314.72,success,,200,success
p3-ex-official-vu200,8b575d19-35f6-4f6c-9eb6-a4cd3483682e,2026-08-31T18:24:52.895Z,separate_executor,quote_run_dispatch_probe,200,5214.76,success,,200,success
p3-ex-official-vu200,b9c36d76-9fe4-482f-9934-a5e0c6a3a739,2026-08-31T18:24:52.897Z,separate_executor,quote_run_dispatch_probe,200,5354.85,success,,200,success
p3-ex-official-vu200,0170ccb6-8930-4664-960d-d30a9b18265a,2026-08-31T18:24:53.051Z,separate_executor,quote_run_dispatch_probe,200,5501.5,success,,200,success
p3-ex-official-vu200,623967a5-cd3a-440c-8efe-819c1c2cfa62,2026-08-31T18:24:53.051Z,separate_executor,quote_run_dispatch_probe,200,5505.89,success,,200,success
p3-ex-official-vu200,e8be894e-dea6-4fc7-83c3-01c036d4811b,2026-08-31T18:24:53.052Z,separate_executor,quote_run_dispatch_probe,200,5336.44,success,,200,success
p3-ex-official-vu200,006efe77-8d1c-41ee-9dec-2c8f6df80572,2026-08-31T18:24:53.052Z,separate_executor,quote_run_dispatch_probe,200,5384.12,success,,200,success
p3-ex-official-vu200,9bfb79a5-8299-4dc4-9b7b-62c9c1e95c87,2026-08-31T18:24:53.064Z,separate_executor,quote_run_dispatch_probe,200,5346.97,success,,200,success
p3-ex-official-vu200,286f4c12-3287-4581-9d02-cd1fb2137b88,2026-08-31T18:24:53.064Z,separate_executor,quote_run_dispatch_probe,200,5512.29,success,,200,success
p3-ex-official-vu200,dc9ed67f-3138-458c-be6a-71fd7ceac280,2026-08-31T18:24:53.076Z,separate_executor,quote_run_dispatch_probe,200,5409.78,success,,200,success
p3-ex-official-vu200,785e3eca-ebaf-4717-8138-bc00289e0a79,2026-08-31T18:24:53.080Z,separate_executor,quote_run_dispatch_probe,200,5383.05,success,,200,success
p3-ex-official-vu200,ab8cc6dc-e86d-4827-a6f8-f29d16cd155e,2026-08-31T18:24:53.135Z,separate_executor,quote_run_dispatch_probe,200,5133.36,success,,200,success
p3-ex-official-vu200,3b3bec84-3b7b-44d6-ab47-8e14469b27bb,2026-08-31T18:24:53.140Z,separate_executor,quote_run_dispatch_probe,200,5071.95,success,,200,success
p3-ex-official-vu200,e4adc4c3-1d2c-41d0-a5a1-83edd960318c,2026-08-31T18:24:53.162Z,separate_executor,quote_run_dispatch_probe,200,5245.6,success,,200,success
p3-ex-official-vu200,c4f6e700-78d6-425b-9f1e-906d9244a0ae,2026-08-31T18:24:53.237Z,separate_executor,quote_run_dispatch_probe,200,5319.96,success,,200,success
p3-ex-official-vu200,fe537f9e-7dfa-4e7d-aad0-2a9607a3cc1e,2026-08-31T18:24:53.244Z,separate_executor,quote_run_dispatch_probe,200,5686,success,,200,success
p3-ex-official-vu200,69064cd1-da29-4b6f-a44d-f6e44ede01cb,2026-08-31T18:24:53.247Z,separate_executor,quote_run_dispatch_probe,200,5696.25,success,,200,success
p3-ex-official-vu200,28a333a2-1cdd-4f91-9538-4490e835c23f,2026-08-31T18:24:53.274Z,separate_executor,quote_run_dispatch_probe,200,5546.08,success,,200,success
p3-ex-official-vu200,b3555961-7edc-4021-99c8-08b01b441f36,2026-08-31T18:24:53.299Z,separate_executor,quote_run_dispatch_probe,200,5321.99,success,,200,success
p3-ex-official-vu200,19bc8304-46d4-45dd-9ac8-a4ed18abc8e1,2026-08-31T18:24:53.312Z,separate_executor,quote_run_dispatch_probe,200,5614.42,success,,200,success
p3-ex-official-vu200,4548284f-eca1-478d-98d7-f440049b551f,2026-08-31T18:24:53.314Z,separate_executor,quote_run_dispatch_probe,200,5251.48,success,,200,success
p3-ex-official-vu200,be126bee-1c9e-414c-b023-74a3a3fae8ee,2026-08-31T18:24:53.315Z,separate_executor,quote_run_dispatch_probe,200,5349.81,success,,200,success
p3-ex-official-vu200,dac810d1-76c3-4c35-a54d-b4e7587f3399,2026-08-31T18:24:53.316Z,separate_executor,quote_run_dispatch_probe,200,5620.25,success,,200,success
p3-ex-official-vu200,3531ec3e-6ce8-420f-bb5e-3239e48e5198,2026-08-31T18:24:53.332Z,separate_executor,quote_run_dispatch_probe,200,5794.84,success,,200,success
p3-ex-official-vu200,1629fb5f-1f6a-484f-8ee8-9b49596cb713,2026-08-31T18:24:53.336Z,separate_executor,quote_run_dispatch_probe,200,5787.61,success,,200,success
p3-ex-official-vu200,0b797a73-046d-46f8-9ccd-86593018b26d,2026-08-31T18:24:53.359Z,separate_executor,quote_run_dispatch_probe,200,5432.87,success,,200,success
p3-ex-official-vu200,9fb1f835-3d3d-4edb-b87e-bd965ebc43cd,2026-08-31T18:24:53.361Z,separate_executor,quote_run_dispatch_probe,200,5446.69,success,,200,success
p3-ex-official-vu200,349899d9-f969-4582-8438-ac362482e502,2026-08-31T18:24:53.381Z,separate_executor,quote_run_dispatch_probe,200,5222.9,success,,200,success
p3-ex-official-vu200,f1b50e3e-eabf-48a3-86ce-9fc581accd18,2026-08-31T18:24:53.399Z,separate_executor,quote_run_dispatch_probe,200,5316.69,success,,200,success
p3-ex-official-vu200,4a8a75c6-427b-4438-bb64-4c78feb7de33,2026-08-31T18:24:53.420Z,separate_executor,quote_run_dispatch_probe,200,5723.73,success,,200,success
p3-ex-official-vu200,89f40dcd-3caf-4974-b051-de4faa42359f,2026-08-31T18:24:53.427Z,separate_executor,quote_run_dispatch_probe,200,5382.38,success,,200,success
p3-ex-official-vu200,64390386-ab6d-40b0-9d86-4267ca6db2c0,2026-08-31T18:24:53.431Z,separate_executor,quote_run_dispatch_probe,200,5423.22,success,,200,success
p3-ex-official-vu200,63b1bdcb-7dd5-4916-b10f-2cee3bad67fa,2026-08-31T18:24:53.584Z,separate_executor,quote_run_dispatch_probe,200,5602.11,success,,200,success
p3-ex-official-vu200,83fe0acb-c6d6-4342-96a2-94f322d8be41,2026-08-31T18:24:53.596Z,separate_executor,quote_run_dispatch_probe,200,5462.7,success,,200,success
p3-ex-official-vu200,73b8c985-9e4b-4ef1-aa7a-1b72c07dd268,2026-08-31T18:24:53.624Z,separate_executor,quote_run_dispatch_probe,200,5662.03,success,,200,success
p3-ex-official-vu200,c2be6570-2572-43f2-b67f-0fc177375215,2026-08-31T18:24:53.625Z,separate_executor,quote_run_dispatch_probe,200,5606.63,success,,200,success
p3-ex-official-vu200,04cc92f3-5587-4016-be24-b2806d1b265b,2026-08-31T18:24:53.668Z,separate_executor,quote_run_dispatch_probe,200,5424.68,success,,200,success
p3-ex-official-vu200,422092f1-bbdc-4871-ace0-ed4ce5b6b6e4,2026-08-31T18:24:53.678Z,separate_executor,quote_run_dispatch_probe,200,5534.57,success,,200,success
p3-ex-official-vu200,402a3d1f-7925-433b-9ec0-337c97d641b9,2026-08-31T18:24:53.694Z,separate_executor,quote_run_dispatch_probe,200,5626.84,success,,200,success
p3-ex-official-vu200,70a224bc-c55d-4faa-bcbd-0312a6e9cb00,2026-08-31T18:24:53.697Z,separate_executor,quote_run_dispatch_probe,200,5628.43,success,,200,success
p3-ex-official-vu200,7d75d2a0-e781-43e9-8482-de10f4f64ae3,2026-08-31T18:24:53.700Z,separate_executor,quote_run_dispatch_probe,200,5513.71,success,,200,success
p3-ex-official-vu200,fa73ecb9-3a4e-41e5-aeca-0b93a0eaf888,2026-08-31T18:24:53.700Z,separate_executor,quote_run_dispatch_probe,200,5540.88,success,,200,success
p3-ex-official-vu200,baed162e-f1ef-410a-84b9-bb4370157f97,2026-08-31T18:24:53.730Z,separate_executor,quote_run_dispatch_probe,200,5168.47,success,,200,success
p3-ex-official-vu200,7c17c349-3ff5-4a1c-95ce-2ba88589c6a0,2026-08-31T18:24:53.847Z,separate_executor,quote_run_dispatch_probe,200,5365.69,success,,200,success
p3-ex-official-vu200,50056441-54b6-41b9-973a-fe67affd6ecb,2026-08-31T18:24:53.848Z,separate_executor,quote_run_dispatch_probe,200,5264.45,success,,200,success
p3-ex-official-vu200,647b0fae-f6dd-4143-8679-08ed0654c2eb,2026-08-31T18:24:53.879Z,separate_executor,quote_run_dispatch_probe,200,5111.78,success,,200,success
p3-ex-official-vu200,a9a8c522-d45a-4fba-8a15-fe4d2cf10aca,2026-08-31T18:24:53.885Z,separate_executor,quote_run_dispatch_probe,200,5315.04,success,,200,success
p3-ex-official-vu200,c45928a2-5b7c-4c9e-bd37-265015354889,2026-08-31T18:24:53.886Z,separate_executor,quote_run_dispatch_probe,200,5639.82,success,,200,success
p3-ex-official-vu200,0c5f7f2f-affe-4982-bff3-e214423ee55a,2026-08-31T18:24:53.894Z,separate_executor,quote_run_dispatch_probe,200,5093.09,success,,200,success
p3-ex-official-vu200,5b44abaa-84fc-458e-8697-4f58122f47c4,2026-08-31T18:24:53.913Z,separate_executor,quote_run_dispatch_probe,200,5997.1,success,,200,success
p3-ex-official-vu200,33cd9c7a-8e37-43f2-add9-8dd128d1fb6f,2026-08-31T18:24:53.936Z,separate_executor,quote_run_dispatch_probe,200,5219.1,success,,200,success
p3-ex-official-vu200,2b590298-9060-4887-8e6b-99aa0db9a713,2026-08-31T18:24:53.952Z,separate_executor,quote_run_dispatch_probe,200,5232.75,success,,200,success
p3-ex-official-vu200,b6a90e97-8a6c-4e61-9467-fd0d2370d3a8,2026-08-31T18:24:53.984Z,separate_executor,quote_run_dispatch_probe,200,5416.48,success,,200,success
p3-ex-official-vu200,18d9d147-6b7a-42ec-b1b3-0602088d26c7,2026-08-31T18:24:54.126Z,separate_executor,quote_run_dispatch_probe,200,5408.18,success,,200,success
p3-ex-official-vu200,b3b85fd4-cc6a-4c43-a011-2f178e7d2361,2026-08-31T18:24:54.152Z,separate_executor,quote_run_dispatch_probe,200,5289.04,success,,200,success
p3-ex-official-vu200,f6cc91e8-b9d3-42a6-b41d-0e843cd681bb,2026-08-31T18:24:54.162Z,separate_executor,quote_run_dispatch_probe,200,5408.79,success,,200,success
p3-ex-official-vu200,78b5e039-fbe3-4814-9286-43e6a59823fd,2026-08-31T18:24:54.212Z,separate_executor,quote_run_dispatch_probe,200,5331.26,success,,200,success
p3-ex-official-vu200,1c149e51-8259-4d8b-9578-d149d53d3b88,2026-08-31T18:24:54.284Z,separate_executor,quote_run_dispatch_probe,200,5436.2,success,,200,success
p3-ex-official-vu200,4f45c307-12ce-4bb0-a31d-bfadfc1e83ef,2026-08-31T18:24:54.310Z,separate_executor,quote_run_dispatch_probe,200,5513.98,success,,200,success
p3-ex-official-vu200,8e373f64-966e-4b3d-ab91-4f4833475a8d,2026-08-31T18:24:54.312Z,separate_executor,quote_run_dispatch_probe,200,5158.56,success,,200,success
p3-ex-official-vu200,88346dc5-4816-4670-acb2-fbda58625af9,2026-08-31T18:24:54.423Z,separate_executor,quote_run_dispatch_probe,200,5657.87,success,,200,success
p3-ex-official-vu200,1d3561d5-1f3e-4726-8c8e-ec1f047acebb,2026-08-31T18:24:54.426Z,separate_executor,quote_run_dispatch_probe,200,5433.82,success,,200,success
p3-ex-official-vu200,8d9c5170-99ba-444c-9784-de0c80eaf9d3,2026-08-31T18:24:54.492Z,separate_executor,quote_run_dispatch_probe,200,5389.04,success,,200,success
p3-ex-official-vu200,747c7b49-115d-4ae6-b85e-2bc6586e38c5,2026-08-31T18:24:54.500Z,separate_executor,quote_run_dispatch_probe,200,5369.77,success,,200,success
p3-ex-official-vu200,12d39c32-f6d0-4877-8a85-78b46e276931,2026-08-31T18:24:54.616Z,separate_executor,quote_run_dispatch_probe,200,5366.24,success,,200,success
p3-ex-official-vu200,d66a2f8c-c599-4675-897e-f9fa97b4adbe,2026-08-31T18:24:54.618Z,separate_executor,quote_run_dispatch_probe,200,5384.09,success,,200,success
p3-ex-official-vu200,1f7601fe-d5f5-4335-b224-c4d2a8f12220,2026-08-31T18:24:54.693Z,separate_executor,quote_run_dispatch_probe,200,5491.1,success,,200,success
p3-ex-official-vu200,c4e2bf7e-beaf-4bd5-bb0c-b09e28f0c5ed,2026-08-31T18:24:54.696Z,separate_executor,quote_run_dispatch_probe,200,5428.02,success,,200,success
p3-ex-official-vu200,04eb90e1-e506-4121-b9f5-126948f618b1,2026-08-31T18:24:54.728Z,separate_executor,quote_run_dispatch_probe,200,5248.55,success,,200,success
p3-ex-official-vu200,80bf7212-3a89-437f-80ab-35a5c10fbb90,2026-08-31T18:24:54.734Z,separate_executor,quote_run_dispatch_probe,200,5235.87,success,,200,success
p3-ex-official-vu200,bf587a0b-8920-4b2a-8584-465ad2f54e65,2026-08-31T18:24:54.826Z,separate_executor,quote_run_dispatch_probe,200,5374.67,success,,200,success
p3-ex-official-vu200,0d393d19-3830-4e67-8c2d-7afaafae8e42,2026-08-31T18:24:54.834Z,separate_executor,quote_run_dispatch_probe,200,5348.51,success,,200,success
p3-ex-official-vu200,7bb48fdf-9166-46ff-90ed-db9b37f682f9,2026-08-31T18:24:54.835Z,separate_executor,quote_run_dispatch_probe,200,5398.16,success,,200,success
p3-ex-official-vu200,4587e5d8-fcd6-4820-8f19-a64bb7a32c36,2026-08-31T18:24:54.859Z,separate_executor,quote_run_dispatch_probe,200,5422.45,success,,200,success
p3-ex-official-vu200,d67e017d-52db-47b7-a8f5-bdeb7f145110,2026-08-31T18:24:54.932Z,separate_executor,quote_run_dispatch_probe,200,5448.65,success,,200,success
p3-ex-official-vu200,64dd4375-b200-408b-ad16-8638998c356a,2026-08-31T18:24:54.932Z,separate_executor,quote_run_dispatch_probe,200,5432.94,success,,200,success
p3-ex-official-vu200,80d55a95-965f-4c0b-a9e1-f5a1d5aa03f8,2026-08-31T18:24:54.943Z,separate_executor,quote_run_dispatch_probe,200,5467.33,success,,200,success
p3-ex-official-vu200,24d857af-8f35-45bb-8967-f11ea7b36434,2026-08-31T18:24:54.943Z,separate_executor,quote_run_dispatch_probe,200,5467.05,success,,200,success
p3-ex-official-vu200,2683decf-d465-4c37-90f8-90f9e0fbbdbc,2026-08-31T18:24:54.960Z,separate_executor,quote_run_dispatch_probe,200,5401.9,success,,200,success
p3-ex-official-vu200,a2bdb333-9a3f-41ba-8348-ab1c2caf5b68,2026-08-31T18:24:55.069Z,separate_executor,quote_run_dispatch_probe,200,5576.65,success,,200,success
p3-ex-official-vu200,ec305b0b-f251-41e8-a981-1cbf55d891d9,2026-08-31T18:24:55.114Z,separate_executor,quote_run_dispatch_probe,200,5214.59,success,,200,success
p3-ex-official-vu200,886afd39-5918-477b-be49-8ded41215b0f,2026-08-31T18:24:55.217Z,separate_executor,quote_run_dispatch_probe,200,5484.81,success,,200,success
p3-ex-official-vu200,213dc86e-23d1-46b3-a56e-3120a0b2432a,2026-08-31T18:24:55.283Z,separate_executor,quote_run_dispatch_probe,200,5423.06,success,,200,success
p3-ex-official-vu200,dd510683-dad0-425f-ad91-ed6df08a24f3,2026-08-31T18:24:55.304Z,separate_executor,quote_run_dispatch_probe,200,5253.58,success,,200,success
p3-ex-official-vu200,90c550b9-735c-4265-91e3-6832da295cfd,2026-08-31T18:24:55.594Z,separate_executor,quote_run_dispatch_probe,200,5579.96,success,,200,success
p3-ex-official-vu200,75bd3dff-bb87-477b-8b2c-d92eef961352,2026-08-31T18:24:55.643Z,separate_executor,quote_run_dispatch_probe,200,5073.92,success,,200,success
p3-ex-official-vu200,9faaed12-5c5b-4658-9bff-c8cb186ea7d3,2026-08-31T18:24:55.646Z,separate_executor,quote_run_dispatch_probe,200,5615.33,success,,200,success
p3-ex-official-vu200,89618eda-da84-497b-9882-6803a8ddcd09,2026-08-31T18:24:55.660Z,separate_executor,quote_run_dispatch_probe,200,5075.62,success,,200,success
p3-ex-official-vu200,829cd3b4-088d-4bf4-9cf1-53931853a819,2026-08-31T18:24:55.683Z,separate_executor,quote_run_dispatch_probe,200,5166.32,success,,200,success
p3-ex-official-vu200,37344135-4e87-45f3-9a12-c2c35d3cd1cb,2026-08-31T18:24:55.709Z,separate_executor,quote_run_dispatch_probe,200,5141.65,success,,200,success
p3-ex-official-vu200,067ceda2-7249-40c5-ad60-c16c45b7db53,2026-08-31T18:24:55.716Z,separate_executor,quote_run_dispatch_probe,200,4969.59,success,,200,success
p3-ex-official-vu200,2c5727a2-d3e9-4666-9c16-0d0a1d552868,2026-08-31T18:24:55.842Z,separate_executor,quote_run_dispatch_probe,200,5094.9,success,,200,success
p3-ex-official-vu200,19a1fdad-0314-4ac9-bc57-0674cc524ccf,2026-08-31T18:24:55.874Z,separate_executor,quote_run_dispatch_probe,200,5197.04,success,,200,success
p3-ex-official-vu200,e6befbf7-95f1-4ce2-8673-80860dfc4035,2026-08-31T18:24:55.888Z,separate_executor,quote_run_dispatch_probe,200,5361.25,success,,200,success
p3-ex-official-vu200,dab52ac1-bb06-462b-b059-6858371521ea,2026-08-31T18:24:55.894Z,separate_executor,quote_run_dispatch_probe,200,5325.99,success,,200,success
p3-ex-official-vu200,cad28333-8aa0-4e14-91fa-85b0760f307a,2026-08-31T18:24:55.902Z,separate_executor,quote_run_dispatch_probe,200,5451.74,success,,200,success
p3-ex-official-vu200,55ed7584-f515-4d95-abfd-10b00d8e4a6b,2026-08-31T18:24:55.903Z,separate_executor,quote_run_dispatch_probe,200,5143.32,success,,200,success
p3-ex-official-vu200,88a89204-b6cb-4165-ad04-caa011f35b5a,2026-08-31T18:24:55.912Z,separate_executor,quote_run_dispatch_probe,200,5158.56,success,,200,success
p3-ex-official-vu200,0437bd47-8cb4-4b8e-8510-a70080dbdc16,2026-08-31T18:24:55.951Z,separate_executor,quote_run_dispatch_probe,200,5431.34,success,,200,success
p3-ex-official-vu200,07dd151b-b4fc-4796-a096-d3bf268eccb5,2026-08-31T18:24:55.992Z,separate_executor,quote_run_dispatch_probe,200,5248.87,success,,200,success
p3-ex-official-vu200,d842e013-2cd4-4e13-b33f-32addb4b2411,2026-08-31T18:24:56.046Z,separate_executor,quote_run_dispatch_probe,200,5294.18,success,,200,success
p3-ex-official-vu200,bfe12e6d-4d21-4d2c-a346-6552b37574d4,2026-08-31T18:24:56.061Z,separate_executor,quote_run_dispatch_probe,200,5266.14,success,,200,success
p3-ex-official-vu200,b29b8785-216c-42be-89dc-0325129c204c,2026-08-31T18:24:56.065Z,separate_executor,quote_run_dispatch_probe,200,5319.37,success,,200,success
p3-ex-official-vu200,18dc5cae-a269-43c0-b3f6-0848d97e61bf,2026-08-31T18:24:56.068Z,separate_executor,quote_run_dispatch_probe,200,5305,success,,200,success
p3-ex-official-vu200,7d9abbb2-3617-4f7d-8e00-0a7a592a7f27,2026-08-31T18:24:56.076Z,separate_executor,quote_run_dispatch_probe,200,5516.04,success,,200,success
p3-ex-official-vu200,88b2154c-a571-4c69-a630-915776cfe3cb,2026-08-31T18:24:56.132Z,separate_executor,quote_run_dispatch_probe,200,5378.4,success,,200,success
p3-ex-official-vu200,a04c0ec1-8e16-4b93-9d36-2e7e3ef7c5b1,2026-08-31T18:24:56.138Z,separate_executor,quote_run_dispatch_probe,200,5308.89,success,,200,success
p3-ex-official-vu200,94ba6cd0-d3f5-41b3-b356-58eca084ac8f,2026-08-31T18:24:56.162Z,separate_executor,quote_run_dispatch_probe,200,5414.17,success,,200,success
p3-ex-official-vu200,930b37aa-5621-4bd8-a64e-09701dfe1470,2026-08-31T18:24:56.189Z,separate_executor,quote_run_dispatch_probe,200,5237.08,success,,200,success
p3-ex-official-vu200,30cd41c9-aac6-43e5-9e39-f699694746cc,2026-08-31T18:24:56.200Z,separate_executor,quote_run_dispatch_probe,200,5223.63,success,,200,success
p3-ex-official-vu200,5bdf53b8-bc5a-4e5f-a050-c0d96aba4978,2026-08-31T18:24:56.203Z,separate_executor,quote_run_dispatch_probe,200,5457.93,success,,200,success
p3-ex-official-vu200,0ccce6c6-f986-46ff-b7bb-6adfbe5f8e8d,2026-08-31T18:24:56.234Z,separate_executor,quote_run_dispatch_probe,200,5477.47,success,,200,success
p3-ex-official-vu200,5f7fef19-24c0-4e55-8404-4a98009e7aef,2026-08-31T18:24:56.236Z,separate_executor,quote_run_dispatch_probe,200,5397.33,success,,200,success
p3-ex-official-vu200,292b381e-d7d1-43ce-9060-bc643b3d347e,2026-08-31T18:24:56.246Z,separate_executor,quote_run_dispatch_probe,200,5451.87,success,,200,success
p3-ex-official-vu200,fb0d3279-1909-43ef-b477-a1d935e42d7f,2026-08-31T18:24:56.249Z,separate_executor,quote_run_dispatch_probe,200,5451.68,success,,200,success
p3-ex-official-vu200,48eace23-3ed6-4ecc-8151-a488aedf9268,2026-08-31T18:24:56.277Z,separate_executor,quote_run_dispatch_probe,200,5154.6,success,,200,success
p3-ex-official-vu200,a3441af1-11df-435a-8bb6-67b0d2d78e3d,2026-08-31T18:24:56.279Z,separate_executor,quote_run_dispatch_probe,200,5286.47,success,,200,success
p3-ex-official-vu200,d81097ac-627d-4713-bb43-943c35b3ac5c,2026-08-31T18:24:56.330Z,separate_executor,quote_run_dispatch_probe,200,5593.46,success,,200,success
p3-ex-official-vu200,ffe5e291-370c-4f33-8a8e-f14bbcef6c33,2026-08-31T18:24:56.336Z,separate_executor,quote_run_dispatch_probe,200,5601.21,success,,200,success
p3-ex-official-vu200,6c4c22f4-71c3-45ac-b6f0-72664fc804af,2026-08-31T18:24:56.339Z,separate_executor,quote_run_dispatch_probe,200,5639.46,success,,200,success
p3-ex-official-vu200,36f4d326-3c6a-46d6-932b-d5da3b780a18,2026-08-31T18:24:56.361Z,separate_executor,quote_run_dispatch_probe,200,5191.96,success,,200,success
p3-ex-official-vu200,b71d4b75-6a4c-4a04-8d3d-4dc37dec22da,2026-08-31T18:24:56.366Z,separate_executor,quote_run_dispatch_probe,200,5415.07,success,,200,success
p3-ex-official-vu200,8c9cfc98-83be-4f71-8204-df86a5434339,2026-08-31T18:24:56.377Z,separate_executor,quote_run_dispatch_probe,200,5519.49,success,,200,success
p3-ex-official-vu200,1ed82a7d-2105-49d3-ac62-0082e9606072,2026-08-31T18:24:56.382Z,separate_executor,quote_run_dispatch_probe,200,5338.37,success,,200,success
p3-ex-official-vu200,2a563655-c7ff-417f-8c8c-d03e6fbeeb35,2026-08-31T18:24:56.524Z,separate_executor,quote_run_dispatch_probe,200,5454.61,success,,200,success
p3-ex-official-vu200,3597e3ef-f643-4d25-88bd-e60cc015b57d,2026-08-31T18:24:56.532Z,separate_executor,quote_run_dispatch_probe,200,5446.85,success,,200,success
p3-ex-official-vu200,5924830f-b520-4e25-8954-f467c2da4fec,2026-08-31T18:24:56.535Z,separate_executor,quote_run_dispatch_probe,200,5293.33,success,,200,success
p3-ex-official-vu200,7f2a12f6-9cee-4e29-b7e5-f4db6c278062,2026-08-31T18:24:56.545Z,separate_executor,quote_run_dispatch_probe,200,5501.53,success,,200,success
p3-ex-official-vu200,79c872d4-6772-44b9-83a5-9f1dfc158a6b,2026-08-31T18:24:56.548Z,separate_executor,quote_run_dispatch_probe,200,5356.35,success,,200,success
p3-ex-official-vu200,82a00e61-d5f0-4ef3-9d2f-bb3c7d106237,2026-08-31T18:24:56.551Z,separate_executor,quote_run_dispatch_probe,200,5132.62,success,,200,success
p3-ex-official-vu200,8b2d927a-1704-4dbd-92fd-6c20660d1fa7,2026-08-31T18:24:56.553Z,separate_executor,quote_run_dispatch_probe,200,5876.73,success,,200,success
p3-ex-official-vu200,ce911c2b-403f-49a1-9cf5-a69a81c0c6cd,2026-08-31T18:24:56.567Z,separate_executor,quote_run_dispatch_probe,200,5397.55,success,,200,success
p3-ex-official-vu200,00295cba-dc4f-4ea7-8293-5833f4963a7f,2026-08-31T18:24:56.581Z,separate_executor,quote_run_dispatch_probe,200,5606.17,success,,200,success
p3-ex-official-vu200,3685ed5d-0a34-45a3-9a5c-641d5831b9a7,2026-08-31T18:24:56.598Z,separate_executor,quote_run_dispatch_probe,200,5028.74,success,,200,success
p3-ex-official-vu200,3831ca89-9613-44a2-a23e-0a4e725f6654,2026-08-31T18:24:56.599Z,separate_executor,quote_run_dispatch_probe,200,5428.8,success,,200,success
p3-ex-official-vu200,90a860fd-8745-43dd-9782-fbe4fcf6e667,2026-08-31T18:24:56.624Z,separate_executor,quote_run_dispatch_probe,200,5364.33,success,,200,success
p3-ex-official-vu200,c4b07b96-8efe-4125-923d-ae57a396e120,2026-08-31T18:24:56.754Z,separate_executor,quote_run_dispatch_probe,200,5344.49,success,,200,success
p3-ex-official-vu200,4999a3e7-7685-4188-9218-220af160b21a,2026-08-31T18:24:56.804Z,separate_executor,quote_run_dispatch_probe,200,5226.56,success,,200,success
p3-ex-official-vu200,315493de-7469-4b72-b1ec-0d080e3d379b,2026-08-31T18:24:56.813Z,separate_executor,quote_run_dispatch_probe,200,5484.1,success,,200,success
p3-ex-official-vu200,96131f23-b4b6-406a-a857-7a3cb605bc55,2026-08-31T18:24:56.841Z,separate_executor,quote_run_dispatch_probe,200,5173.12,success,,200,success
p3-ex-official-vu200,00461c34-cad9-457a-ba3c-4d3f0daa9ec0,2026-08-31T18:24:56.889Z,separate_executor,quote_run_dispatch_probe,200,5492.92,success,,200,success
p3-ex-official-vu200,76cb8048-1b9b-4163-b2d1-bc7e0665b496,2026-08-31T18:24:56.937Z,separate_executor,quote_run_dispatch_probe,200,5768.21,success,,200,success
p3-ex-official-vu200,a7f80769-4379-4a36-aa48-e0040c0703cb,2026-08-31T18:24:56.967Z,separate_executor,quote_run_dispatch_probe,200,5316.34,success,,200,success
p3-ex-official-vu200,0a6d5a34-cbc1-401a-ade5-0e06654dec9e,2026-08-31T18:24:56.985Z,separate_executor,quote_run_dispatch_probe,200,5234.38,success,,200,success
p3-ex-official-vu200,3c4ab196-cb18-441a-8a27-c5c5375aa1e4,2026-08-31T18:24:56.994Z,separate_executor,quote_run_dispatch_probe,200,5241.98,success,,200,success
p3-ex-official-vu200,acc0e802-2c11-4fbe-be88-35531cb80a76,2026-08-31T18:24:56.997Z,separate_executor,quote_run_dispatch_probe,200,5252.21,success,,200,success
p3-ex-official-vu200,ac40bdf1-566d-4379-bdaf-26fec5302411,2026-08-31T18:24:57.015Z,separate_executor,quote_run_dispatch_probe,200,5270.9,success,,200,success
p3-ex-official-vu200,f002dc2a-3177-4a0b-9dba-f84000312e93,2026-08-31T18:24:57.017Z,separate_executor,quote_run_dispatch_probe,200,5616.99,success,,200,success
p3-ex-official-vu200,4a9d384b-f592-413c-800a-c9b429247cbb,2026-08-31T18:24:57.022Z,separate_executor,quote_run_dispatch_probe,200,5217.28,success,,200,success
p3-ex-official-vu200,7e691e59-2a1c-4bee-a0db-e415a09f021a,2026-08-31T18:24:57.032Z,separate_executor,quote_run_dispatch_probe,200,5359.88,success,,200,success
p3-ex-official-vu200,8cfb7ee8-f241-4d4c-967a-75a71964005a,2026-08-31T18:24:57.061Z,separate_executor,quote_run_dispatch_probe,200,5291.51,success,,200,success
p3-ex-official-vu200,391552a8-94c7-4865-8bdd-c7a2ebba3e01,2026-08-31T18:24:57.114Z,separate_executor,quote_run_dispatch_probe,200,5295.35,success,,200,success
p3-ex-official-vu200,746e71fe-fcee-41d9-82a8-646963a77f79,2026-08-31T18:24:57.133Z,separate_executor,quote_run_dispatch_probe,200,5573.29,success,,200,success
p3-ex-official-vu200,b215fc4a-1d33-47ad-9cc0-e5d8be852327,2026-08-31T18:24:57.144Z,separate_executor,quote_run_dispatch_probe,200,5332.56,success,,200,success
p3-ex-official-vu200,062750a4-0a59-45f4-a801-6eb1731eaa8f,2026-08-31T18:24:57.177Z,separate_executor,quote_run_dispatch_probe,200,5564.01,success,,200,success
p3-ex-official-vu200,71a80cf0-7f0b-4c9e-a72c-b14fc3459e7c,2026-08-31T18:24:57.179Z,separate_executor,quote_run_dispatch_probe,200,5345.29,success,,200,success
p3-ex-official-vu200,ec6e99d0-90e5-4f50-b763-ddfe0df6d286,2026-08-31T18:24:57.208Z,separate_executor,quote_run_dispatch_probe,200,5356.5,success,,200,success
p3-ex-official-vu200,486f8c26-30fd-4709-8f78-a6f0ad48a330,2026-08-31T18:24:57.210Z,separate_executor,quote_run_dispatch_probe,200,5403.99,success,,200,success
p3-ex-official-vu200,4bfa17bd-cf85-487b-92bf-6071b8e86b0b,2026-08-31T18:24:57.314Z,separate_executor,quote_run_dispatch_probe,200,5488.27,success,,200,success
p3-ex-official-vu200,3b198b8f-2c6d-4079-ad28-10b2ac72a6e5,2026-08-31T18:24:57.315Z,separate_executor,quote_run_dispatch_probe,200,5495.1,success,,200,success
p3-ex-official-vu200,ab27bebe-1557-4461-b97c-2acf1e18425c,2026-08-31T18:24:57.376Z,separate_executor,quote_run_dispatch_probe,200,5257.02,success,,200,success
p3-ex-official-vu200,a66a785f-17a6-433c-b4d9-5f59983c690d,2026-08-31T18:24:57.377Z,separate_executor,quote_run_dispatch_probe,200,5526.77,success,,200,success
p3-ex-official-vu200,fcf46e3b-bb8e-4517-ac10-0fa2fea894a1,2026-08-31T18:24:57.398Z,separate_executor,quote_run_dispatch_probe,200,5281.18,success,,200,success
p3-ex-official-vu200,cd671d5c-5ad5-4d5e-b337-8f7ccdf64494,2026-08-31T18:24:57.423Z,separate_executor,quote_run_dispatch_probe,200,5320.61,success,,200,success
p3-ex-official-vu200,7284a044-ccd1-4171-a57c-fbaa252c31cc,2026-08-31T18:24:57.427Z,separate_executor,quote_run_dispatch_probe,200,5550.82,success,,200,success
p3-ex-official-vu200,fd0f51f8-3c19-4ddc-90b0-4eee1a7e6431,2026-08-31T18:24:57.433Z,separate_executor,quote_run_dispatch_probe,200,5582,success,,200,success
p3-ex-official-vu200,918d4528-fd69-47da-9acd-7f0d1c653c7d,2026-08-31T18:24:57.463Z,separate_executor,quote_run_dispatch_probe,200,5349.23,success,,200,success
p3-ex-official-vu200,d49410a8-c454-4755-95a2-043cb2175224,2026-08-31T18:24:57.501Z,separate_executor,quote_run_dispatch_probe,200,5412.92,success,,200,success
p3-ex-official-vu200,c1d35306-dd24-4c45-adbe-12f5bfd28ea8,2026-08-31T18:24:57.523Z,separate_executor,quote_run_dispatch_probe,200,5278.04,success,,200,success
p3-ex-official-vu200,efef2b0f-fd06-4f5b-aec6-6e0b0d58e429,2026-08-31T18:24:57.535Z,separate_executor,quote_run_dispatch_probe,200,5405.27,success,,200,success
p3-ex-official-vu200,cde1e3d2-131a-434f-86bf-3ce2fd6bf7ff,2026-08-31T18:24:57.559Z,separate_executor,quote_run_dispatch_probe,200,5457.69,success,,200,success
p3-ex-official-vu200,0cdbda70-2bf1-4484-9d6b-f5fab0cbb015,2026-08-31T18:24:57.625Z,separate_executor,quote_run_dispatch_probe,200,5389.47,success,,200,success
p3-ex-official-vu200,d449bd1a-1c49-45b8-baca-bd85869d3572,2026-08-31T18:24:57.652Z,separate_executor,quote_run_dispatch_probe,200,5203.61,success,,200,success
p3-ex-official-vu200,8553e785-c0f5-4844-bef8-c164f0236ac4,2026-08-31T18:24:57.655Z,separate_executor,quote_run_dispatch_probe,200,5404.2,success,,200,success
p3-ex-official-vu200,884ea7a0-af52-4cf1-849d-d41025a4c5ee,2026-08-31T18:24:57.658Z,separate_executor,quote_run_dispatch_probe,200,5438.07,success,,200,success
p3-ex-official-vu200,f8934c40-b1c2-4915-80bb-b775a25cf6e9,2026-08-31T18:24:57.664Z,separate_executor,quote_run_dispatch_probe,200,5416.68,success,,200,success
p3-ex-official-vu200,bb9ee00b-f187-4039-8432-5044f2857c8e,2026-08-31T18:24:57.665Z,separate_executor,quote_run_dispatch_probe,200,5567.82,success,,200,success
p3-ex-official-vu200,e528bd5e-9a57-4da0-8c69-11acb742441d,2026-08-31T18:24:57.666Z,separate_executor,quote_run_dispatch_probe,200,5415.76,success,,200,success
p3-ex-official-vu200,01bc9705-774b-45e0-8108-fe19fcde8cb4,2026-08-31T18:24:57.681Z,separate_executor,quote_run_dispatch_probe,200,5554.39,success,,200,success
p3-ex-official-vu200,d6a9089c-1839-4f13-b9f4-9cd7bddc752d,2026-08-31T18:24:57.709Z,separate_executor,quote_run_dispatch_probe,200,5472.62,success,,200,success
p3-ex-official-vu200,683ab5b3-cdc6-41dc-b899-d45a726e6173,2026-08-31T18:24:57.746Z,separate_executor,quote_run_dispatch_probe,200,5518.48,success,,200,success
p3-ex-official-vu200,dad0bcd7-cb7d-46e6-be59-1c0a01c1b149,2026-08-31T18:24:57.767Z,separate_executor,quote_run_dispatch_probe,200,5531.14,success,,200,success
p3-ex-official-vu200,7ae05a2f-b2b7-48ce-b4ce-e8f858534a23,2026-08-31T18:24:57.769Z,separate_executor,quote_run_dispatch_probe,200,5523.24,success,,200,success
p3-ex-official-vu200,556f6eba-bea0-4fe8-849b-70eb543e69f4,2026-08-31T18:24:57.771Z,separate_executor,quote_run_dispatch_probe,200,5453.63,success,,200,success
p3-ex-official-vu200,73db58fa-23d8-42f5-aa33-af704ffe80e0,2026-08-31T18:24:57.775Z,separate_executor,quote_run_dispatch_probe,200,5523.7,success,,200,success
p3-ex-official-vu200,8b2fd1c4-9db9-481a-9f0c-5b49b7c8a469,2026-08-31T18:24:57.777Z,separate_executor,quote_run_dispatch_probe,200,5550.51,success,,200,success
p3-ex-official-vu200,b0b8f65b-fcf7-47ef-b072-7abb8839234e,2026-08-31T18:24:57.785Z,separate_executor,quote_run_dispatch_probe,200,5669.34,success,,200,success
p3-ex-official-vu200,3ce01d64-4a92-4c9e-820a-87f339e3af72,2026-08-31T18:24:57.794Z,separate_executor,quote_run_dispatch_probe,200,5560.74,success,,200,success
p3-ex-official-vu200,828bab25-6e96-432b-8ee9-80b736e45be8,2026-08-31T18:24:57.902Z,separate_executor,quote_run_dispatch_probe,200,6000.89,success,,200,success
p3-ex-official-vu200,22fd7d48-fbf9-445a-899d-e8a4ef6559ce,2026-08-31T18:24:57.911Z,separate_executor,quote_run_dispatch_probe,200,5454.07,success,,200,success
p3-ex-official-vu200,76e85760-0ffb-440a-8259-29bdb042ab19,2026-08-31T18:24:57.921Z,separate_executor,quote_run_dispatch_probe,200,5384.04,success,,200,success
p3-ex-official-vu200,6a813c7c-2503-4e93-80c9-d11ef9d83a49,2026-08-31T18:24:57.984Z,separate_executor,quote_run_dispatch_probe,200,5733.24,success,,200,success
p3-ex-official-vu200,2816ba39-618a-4972-aa84-4632d3c0e0dc,2026-08-31T18:24:57.986Z,separate_executor,quote_run_dispatch_probe,200,5674.44,success,,200,success
p3-ex-official-vu200,5098a95d-b0f0-4bea-90c0-908439309730,2026-08-31T18:24:57.987Z,separate_executor,quote_run_dispatch_probe,200,5531.78,success,,200,success
p3-ex-official-vu200,f784c7ea-575e-41a3-ba4d-5db454eaea02,2026-08-31T18:24:58.095Z,separate_executor,quote_run_dispatch_probe,200,5499.49,success,,200,success
p3-ex-official-vu200,5c414b4d-3c11-4d04-904a-d7d7158b9bb5,2026-08-31T18:24:58.097Z,separate_executor,quote_run_dispatch_probe,200,5428.85,success,,200,success
p3-ex-official-vu200,886a9354-767b-4fdf-a266-ba470940e6dd,2026-08-31T18:24:58.126Z,separate_executor,quote_run_dispatch_probe,200,5381.48,success,,200,success
p3-ex-official-vu200,5ea27e70-41f1-43b8-aa0e-ff984b400169,2026-08-31T18:24:58.132Z,separate_executor,quote_run_dispatch_probe,200,5420.1,success,,200,success
p3-ex-official-vu200,6ac3252a-f5be-4c34-bf16-95601d34f452,2026-08-31T18:24:58.232Z,separate_executor,quote_run_dispatch_probe,200,5096.53,success,,200,success
p3-ex-official-vu200,bd20e4a7-b8f6-4913-a780-e87b4a5e533d,2026-08-31T18:24:58.247Z,separate_executor,quote_run_dispatch_probe,200,5106.74,success,,200,success
p3-ex-official-vu200,dd2f0ff6-0080-42c5-9b88-9f2244832aae,2026-08-31T18:24:58.280Z,separate_executor,quote_run_dispatch_probe,200,5414.95,success,,200,success
p3-ex-official-vu200,34462458-b6db-4fbc-be1c-a13e674f1243,2026-08-31T18:24:58.326Z,separate_executor,quote_run_dispatch_probe,200,5532.8,success,,200,success
p3-ex-official-vu200,594aaaa9-a8bb-4760-a4ac-9467b9e5f1f9,2026-08-31T18:24:58.382Z,separate_executor,quote_run_dispatch_probe,200,5486.76,success,,200,success
p3-ex-official-vu200,a5d18310-74e9-4705-a106-634aeea60aa6,2026-08-31T18:24:58.460Z,separate_executor,quote_run_dispatch_probe,200,5380.05,success,,200,success
p3-ex-official-vu200,8f80fa8a-1710-4c07-9b34-4821f1756ab5,2026-08-31T18:24:58.464Z,separate_executor,quote_run_dispatch_probe,200,5567.19,success,,200,success
p3-ex-official-vu200,73335cad-e68a-4395-a516-951985cd6404,2026-08-31T18:24:58.465Z,separate_executor,quote_run_dispatch_probe,200,5303.43,success,,200,success
p3-ex-official-vu200,27e07390-95bd-447a-a200-2c88348e5001,2026-08-31T18:24:58.496Z,separate_executor,quote_run_dispatch_probe,200,5136.66,success,,200,success
p3-ex-official-vu200,1f980381-1f94-4b8b-acb2-51e5b980d088,2026-08-31T18:24:58.503Z,separate_executor,quote_run_dispatch_probe,200,5451.54,success,,200,success
p3-ex-official-vu200,d7390fea-ced6-4035-843c-129d9ea2cc54,2026-08-31T18:24:58.510Z,separate_executor,quote_run_dispatch_probe,200,5644.02,success,,200,success
p3-ex-official-vu200,94c2261e-e6f7-4c3f-af8a-811399e4bc0d,2026-08-31T18:24:58.682Z,separate_executor,quote_run_dispatch_probe,200,5445.58,success,,200,success
p3-ex-official-vu200,61056e9a-f84f-4271-96de-884da9af5af0,2026-08-31T18:24:58.716Z,separate_executor,quote_run_dispatch_probe,200,5665.39,success,,200,success
p3-ex-official-vu200,ff87b497-879c-42d5-b4d0-ffe85e5e8c28,2026-08-31T18:24:58.718Z,separate_executor,quote_run_dispatch_probe,200,5641.52,success,,200,success
p3-ex-official-vu200,d2dd21e2-cb65-43ce-8ab6-c47b2d00148f,2026-08-31T18:24:58.732Z,separate_executor,quote_run_dispatch_probe,200,5680.49,success,,200,success
p3-ex-official-vu200,9efaae6d-0c03-45a4-b5dd-ba1e5a8f804c,2026-08-31T18:24:58.734Z,separate_executor,quote_run_dispatch_probe,200,5669.85,success,,200,success
p3-ex-official-vu200,bc0f70e3-8fe3-40ac-a470-6334aca5c8c9,2026-08-31T18:24:58.743Z,separate_executor,quote_run_dispatch_probe,200,5427.73,success,,200,success
p3-ex-official-vu200,06b44d6e-8019-48e3-8c17-f5c140f1bcbb,2026-08-31T18:24:58.746Z,separate_executor,quote_run_dispatch_probe,200,5434.24,success,,200,success
p3-ex-official-vu200,da2d6e38-ae8b-4d0f-ac12-596754a23b28,2026-08-31T18:24:58.747Z,separate_executor,quote_run_dispatch_probe,200,5502.98,success,,200,success
p3-ex-official-vu200,8cd2f4b8-34e8-4c1f-9c97-003f35f0149b,2026-08-31T18:24:58.755Z,separate_executor,quote_run_dispatch_probe,200,5355.68,success,,200,success
p3-ex-official-vu200,fd9d3dbf-dd8d-429d-957c-7e880b9c3970,2026-08-31T18:24:58.795Z,separate_executor,quote_run_dispatch_probe,200,5742.86,success,,200,success
p3-ex-official-vu200,0c2c7e94-2fa7-4f20-a583-b65446963ce4,2026-08-31T18:24:58.806Z,separate_executor,quote_run_dispatch_probe,200,5425.3,success,,200,success
p3-ex-official-vu200,15b07001-7a98-41d7-8939-1475dd7b7637,2026-08-31T18:24:58.824Z,separate_executor,quote_run_dispatch_probe,200,5508.51,success,,200,success
p3-ex-official-vu200,184ce60e-0b3d-41cb-9935-b3f8fe57db35,2026-08-31T18:24:58.827Z,separate_executor,quote_run_dispatch_probe,200,5096.52,success,,200,success
p3-ex-official-vu200,d63fa05b-5ebd-4c07-9db2-331db460fdcb,2026-08-31T18:24:58.833Z,separate_executor,quote_run_dispatch_probe,200,5209.88,success,,200,success
p3-ex-official-vu200,a3dcc61d-f4ff-4cf8-b92d-1fa992ec8a16,2026-08-31T18:24:58.852Z,separate_executor,quote_run_dispatch_probe,200,5226.92,success,,200,success
p3-ex-official-vu200,c0d8c62b-d9b5-4e11-80cc-fbda6f08d488,2026-08-31T18:24:58.854Z,separate_executor,quote_run_dispatch_probe,200,5789.9,success,,200,success
p3-ex-official-vu200,88aac6c8-f5a4-4fcb-8e0b-c20a361f1413,2026-08-31T18:24:58.860Z,separate_executor,quote_run_dispatch_probe,200,5560.73,success,,200,success
p3-ex-official-vu200,7aeff26b-0854-4eff-9afc-194629df709d,2026-08-31T18:24:58.862Z,separate_executor,quote_run_dispatch_probe,200,5500.28,success,,200,success
p3-ex-official-vu200,e1d36f2e-afe4-42c1-b2e3-3087922de253,2026-08-31T18:24:58.863Z,separate_executor,quote_run_dispatch_probe,200,5549.02,success,,200,success
p3-ex-official-vu200,3842d8c6-b4bc-460b-8493-4d337be81a8f,2026-08-31T18:24:58.880Z,separate_executor,quote_run_dispatch_probe,200,5453.01,success,,200,success
p3-ex-official-vu200,ffb7349c-771d-48a0-b9cf-b31b394c2091,2026-08-31T18:24:58.963Z,separate_executor,quote_run_dispatch_probe,200,5716.07,success,,200,success
p3-ex-official-vu200,097b5f8e-c7d0-4023-835d-998664940d6f,2026-08-31T18:24:58.965Z,separate_executor,quote_run_dispatch_probe,200,5628.81,success,,200,success
p3-ex-official-vu200,6d8accca-4493-42ae-841a-e7784d807216,2026-08-31T18:24:58.969Z,separate_executor,quote_run_dispatch_probe,200,5637.37,success,,200,success
p3-ex-official-vu200,f11054cb-7bfb-49d9-989e-945209125112,2026-08-31T18:24:59.000Z,separate_executor,quote_run_dispatch_probe,200,5120.41,success,,200,success
p3-ex-official-vu200,c84db0a6-ac31-472a-a3bc-218084976043,2026-08-31T18:24:59.003Z,separate_executor,quote_run_dispatch_probe,200,5582.51,success,,200,success
p3-ex-official-vu200,ccc00190-b977-4f0f-9b90-14732ae31ba1,2026-08-31T18:24:59.010Z,separate_executor,quote_run_dispatch_probe,200,5735.89,success,,200,success
p3-ex-official-vu200,2c78d678-819e-4518-8872-3e79c2cd68b0,2026-08-31T18:24:59.027Z,separate_executor,quote_run_dispatch_probe,200,5430.44,success,,200,success
p3-ex-official-vu200,a74671b1-1886-452f-97f9-59cfb405c81d,2026-08-31T18:24:59.039Z,separate_executor,quote_run_dispatch_probe,200,5607.8,success,,200,success
p3-ex-official-vu200,743ca371-3257-4269-bbd5-795945099ae9,2026-08-31T18:24:59.127Z,separate_executor,quote_run_dispatch_probe,200,5432.43,success,,200,success
p3-ex-official-vu200,dbdce5e0-1bae-422b-8b19-829318844479,2026-08-31T18:24:59.165Z,separate_executor,quote_run_dispatch_probe,200,5270.87,success,,200,success
p3-ex-official-vu200,026b2a57-02aa-4900-930e-096428cc37f1,2026-08-31T18:24:59.203Z,separate_executor,quote_run_dispatch_probe,200,5354.66,success,,200,success
p3-ex-official-vu200,d78cf5a4-af46-4b72-95ec-9b2eca5394ff,2026-08-31T18:24:59.229Z,separate_executor,quote_run_dispatch_probe,200,5532.19,success,,200,success
p3-ex-official-vu200,dad06848-3acb-41a8-bcb1-cbd76287f74f,2026-08-31T18:24:59.234Z,separate_executor,quote_run_dispatch_probe,200,5649.74,success,,200,success
p3-ex-official-vu200,7311cbb9-e1f0-4d65-8940-42214ad5fd0e,2026-08-31T18:24:59.249Z,separate_executor,quote_run_dispatch_probe,200,5548.92,success,,200,success
p3-ex-official-vu200,882fd546-41e0-46ca-97ca-3fe3a6f2f8c9,2026-08-31T18:24:59.356Z,separate_executor,quote_run_dispatch_probe,200,5404.76,success,,200,success
p3-ex-official-vu200,a2b54fef-798b-43aa-b36b-134837c3fdcb,2026-08-31T18:24:59.380Z,separate_executor,quote_run_dispatch_probe,200,5253.42,success,,200,success
p3-ex-official-vu200,655f9eba-32fa-4ffa-9721-32bc5111217a,2026-08-31T18:24:59.443Z,separate_executor,quote_run_dispatch_probe,200,5507,success,,200,success
p3-ex-official-vu200,95e9956f-e1ff-4135-a64d-dabf625f34b3,2026-08-31T18:24:59.449Z,separate_executor,quote_run_dispatch_probe,200,5770.3,success,,200,success
p3-ex-official-vu200,6840478c-449f-4058-8825-bb9a62370dec,2026-08-31T18:24:59.452Z,separate_executor,quote_run_dispatch_probe,200,5783.66,success,,200,success
p3-ex-official-vu200,5669d05c-8a31-4db1-b76b-8b7bad4b5c85,2026-08-31T18:24:59.464Z,separate_executor,quote_run_dispatch_probe,200,5616.71,success,,200,success
p3-ex-official-vu200,85d7eefd-1cde-43c3-8ae3-f131f466eca7,2026-08-31T18:24:59.465Z,separate_executor,quote_run_dispatch_probe,200,5764.98,success,,200,success
p3-ex-official-vu200,7a36e093-2ff6-4480-b890-5895954c3a48,2026-08-31T18:24:59.484Z,separate_executor,quote_run_dispatch_probe,200,5332.19,success,,200,success
p3-ex-official-vu200,9ca3e4f5-9c5f-4704-9cb5-7da1cbdeb3b9,2026-08-31T18:24:59.491Z,separate_executor,quote_run_dispatch_probe,200,5507,success,,200,success
p3-ex-official-vu200,f90fac21-3ff2-4a2a-a076-787500ae4b75,2026-08-31T18:24:59.559Z,separate_executor,quote_run_dispatch_probe,200,5674.18,success,,200,success
p3-ex-official-vu200,40dc6275-bf0a-4ec4-8b77-a731e0c4f554,2026-08-31T18:24:59.561Z,separate_executor,quote_run_dispatch_probe,200,5648,success,,200,success
p3-ex-official-vu200,c2769c23-bc66-47db-ae2e-a4bea9604423,2026-08-31T18:24:59.576Z,separate_executor,quote_run_dispatch_probe,200,5363.97,success,,200,success
p3-ex-official-vu200,da6f8879-17b9-450b-b46a-cd307616fcd6,2026-08-31T18:24:59.763Z,separate_executor,quote_run_dispatch_probe,200,5451.18,success,,200,success
p3-ex-official-vu200,8c6eade1-4f0d-47dd-a717-71653d9d4439,2026-08-31T18:24:59.774Z,separate_executor,quote_run_dispatch_probe,200,5888.2,success,,200,success
p3-ex-official-vu200,0a8f380c-1168-4f5c-9d7d-0e736cf97c38,2026-08-31T18:24:59.809Z,separate_executor,quote_run_dispatch_probe,200,5646.79,success,,200,success
p3-ex-official-vu200,9c8c938e-e1b4-4997-a15c-fda14a5903d2,2026-08-31T18:24:59.811Z,separate_executor,quote_run_dispatch_probe,200,5500.33,success,,200,success
p3-ex-official-vu200,3335060c-d867-4447-9b93-2d7e196b831f,2026-08-31T18:24:59.821Z,separate_executor,quote_run_dispatch_probe,200,5537.41,success,,200,success
p3-ex-official-vu200,09d48f82-036c-4f95-91f9-4fb3b17217b8,2026-08-31T18:24:59.992Z,separate_executor,quote_run_dispatch_probe,200,5491.72,success,,200,success
p3-ex-official-vu200,c67eefd9-d856-4cbd-a55b-eb04df9433d9,2026-08-31T18:24:59.996Z,separate_executor,quote_run_dispatch_probe,200,5379.99,success,,200,success
p3-ex-official-vu200,178bbb94-d0e5-4960-9771-41334b16591b,2026-08-31T18:25:00.009Z,separate_executor,quote_run_dispatch_probe,200,5516.96,success,,200,success
p3-ex-official-vu200,a3fe904d-ad1d-41ec-a172-3c0a323b3e90,2026-08-31T18:25:00.026Z,separate_executor,quote_run_dispatch_probe,200,5600.56,success,,200,success
p3-ex-official-vu200,a922378a-250b-4c8d-a077-0d341733b1e9,2026-08-31T18:25:00.029Z,separate_executor,quote_run_dispatch_probe,200,5332.11,success,,200,success
p3-ex-official-vu200,92bcccbe-7b3c-482e-ba1d-e4a6df9a0250,2026-08-31T18:25:00.086Z,separate_executor,quote_run_dispatch_probe,200,5357.38,success,,200,success
p3-ex-official-vu200,c1a2eb75-f05d-4e40-bf45-8e3bc95c603b,2026-08-31T18:25:00.113Z,separate_executor,quote_run_dispatch_probe,200,5494.43,success,,200,success
p3-ex-official-vu200,b1176554-6c74-4795-a637-9ad9238a4267,2026-08-31T18:25:00.148Z,separate_executor,quote_run_dispatch_probe,200,5725.54,success,,200,success
p3-ex-official-vu200,b5e9a6d6-6a5b-46ee-88f8-530036979ffe,2026-08-31T18:25:00.164Z,separate_executor,quote_run_dispatch_probe,200,5471.58,success,,200,success
p3-ex-official-vu200,0d11bb96-d0e8-4178-b0fe-7acd3b4aef69,2026-08-31T18:25:00.195Z,separate_executor,quote_run_dispatch_probe,200,5460.62,success,,200,success
p3-ex-official-vu200,d5d5c1e6-86d8-45dd-b877-32467e43d9b8,2026-08-31T18:25:00.200Z,separate_executor,quote_run_dispatch_probe,200,5085.62,success,,200,success
p3-ex-official-vu200,fd6d3ad2-d592-4a49-824c-e6b4bce8ec1b,2026-08-31T18:25:00.235Z,separate_executor,quote_run_dispatch_probe,200,5400.05,success,,200,success
p3-ex-official-vu200,bc070afe-439d-4e66-ae0c-8d39d2a25d64,2026-08-31T18:25:00.325Z,separate_executor,quote_run_dispatch_probe,200,5490.72,success,,200,success
p3-ex-official-vu200,21f9192f-661b-423e-930a-173d436e036b,2026-08-31T18:25:00.415Z,separate_executor,quote_run_dispatch_probe,200,5556.67,success,,200,success
p3-ex-official-vu200,a15ecb74-ad05-4584-8f8e-134266e30aa9,2026-08-31T18:25:00.446Z,separate_executor,quote_run_dispatch_probe,200,5620.03,success,,200,success
p3-ex-official-vu200,9539fcb7-394b-4482-999a-c2b12cc061d4,2026-08-31T18:25:00.534Z,separate_executor,quote_run_dispatch_probe,200,5591.29,success,,200,success
p3-ex-official-vu200,abb3e4d0-8ac4-4438-ab83-e125edb4fd08,2026-08-31T18:25:00.539Z,separate_executor,quote_run_dispatch_probe,200,5578.84,success,,200,success
p3-ex-official-vu200,7269091e-39b5-43c1-8a35-7419480dfe5f,2026-08-31T18:25:00.567Z,separate_executor,quote_run_dispatch_probe,200,5635.03,success,,200,success
p3-ex-official-vu200,fe952d4e-82ae-4dac-8457-0b1f14160446,2026-08-31T18:25:00.603Z,separate_executor,quote_run_dispatch_probe,200,5386.18,success,,200,success
p3-ex-official-vu200,646f3c8f-6624-40b7-a60c-3173777dad52,2026-08-31T18:25:00.644Z,separate_executor,quote_run_dispatch_probe,200,5701.16,success,,200,success
p3-ex-official-vu200,96b2910b-1006-49d3-8383-cbb64b24ba39,2026-08-31T18:25:00.693Z,separate_executor,quote_run_dispatch_probe,200,5623.96,success,,200,success
p3-ex-official-vu200,4a007a0b-915b-43ea-87dd-cfd8684b997a,2026-08-31T18:25:00.695Z,separate_executor,quote_run_dispatch_probe,200,5763.05,success,,200,success
p3-ex-official-vu200,254a26f0-df6e-4670-acc7-a0aa080b9a68,2026-08-31T18:25:00.728Z,separate_executor,quote_run_dispatch_probe,200,5011.95,success,,200,success
p3-ex-official-vu200,3f160167-7776-4196-93e4-68fb0649b0a7,2026-08-31T18:25:00.749Z,separate_executor,quote_run_dispatch_probe,200,5088.75,success,,200,success
p3-ex-official-vu200,ea41d0c1-07f8-46f3-9349-7fd21fa1d2ec,2026-08-31T18:25:00.830Z,separate_executor,quote_run_dispatch_probe,200,5546.98,success,,200,success
p3-ex-official-vu200,5ff3630d-ba1b-442d-88ec-776a31d7d72a,2026-08-31T18:25:00.952Z,separate_executor,quote_run_dispatch_probe,200,5309.74,success,,200,success
p3-ex-official-vu200,877c0380-8d2c-47e9-a0fa-c9ccdc97ccf9,2026-08-31T18:25:00.968Z,separate_executor,quote_run_dispatch_probe,200,5094.16,success,,200,success
p3-ex-official-vu200,e1df4833-b450-4f55-83d5-e5e501f85951,2026-08-31T18:25:00.969Z,separate_executor,quote_run_dispatch_probe,200,5260.75,success,,200,success
p3-ex-official-vu200,1a4e2e41-65c5-4e96-bbd2-5bd29061d8cd,2026-08-31T18:25:00.992Z,separate_executor,quote_run_dispatch_probe,200,5149.61,success,,200,success
p3-ex-official-vu200,857cb729-f6ec-4e1f-930d-4665207a6366,2026-08-31T18:25:01.081Z,separate_executor,quote_run_dispatch_probe,200,5169.17,success,,200,success
p3-ex-official-vu200,224454ec-f877-4efe-ac1e-6b36f52def2d,2026-08-31T18:25:01.099Z,separate_executor,quote_run_dispatch_probe,200,5211.65,success,,200,success
p3-ex-official-vu200,7bfa1625-beab-4813-8b41-e92834efaffb,2026-08-31T18:25:01.121Z,separate_executor,quote_run_dispatch_probe,200,5227.04,success,,200,success
p3-ex-official-vu200,400ef607-79e7-43a8-9577-9869f8ce1ff9,2026-08-31T18:25:01.124Z,separate_executor,quote_run_dispatch_probe,200,5820.58,success,,200,success
p3-ex-official-vu200,d98575ca-6d81-4f5e-a428-dac62379e129,2026-08-31T18:25:01.166Z,separate_executor,quote_run_dispatch_probe,200,5262.73,success,,200,success
p3-ex-official-vu200,a8c5cd70-1a7f-4a1d-9428-b1dc168afccb,2026-08-31T18:25:01.206Z,separate_executor,quote_run_dispatch_probe,200,5303.78,success,,200,success
p3-ex-official-vu200,9352dc25-c647-4a50-8e1b-60732e043c61,2026-08-31T18:25:01.275Z,separate_executor,quote_run_dispatch_probe,200,5323.96,success,,200,success
p3-ex-official-vu200,e0a146ce-6626-43c1-9773-524b13fcace5,2026-08-31T18:25:01.310Z,separate_executor,quote_run_dispatch_probe,200,5318.12,success,,200,success
p3-ex-official-vu200,f399e3e0-7016-41c2-b390-22748d0772e8,2026-08-31T18:25:01.325Z,separate_executor,quote_run_dispatch_probe,200,5279.45,success,,200,success
p3-ex-official-vu200,0b0f4662-dd0b-4387-b9bd-4bd95f7f465d,2026-08-31T18:25:01.342Z,separate_executor,quote_run_dispatch_probe,200,5273.44,success,,200,success
p3-ex-official-vu200,eab69f08-5379-4568-9224-2f80ae538ecb,2026-08-31T18:25:01.446Z,separate_executor,quote_run_dispatch_probe,200,5852.68,success,,200,success
p3-ex-official-vu200,3af79c80-9485-4877-b60a-99f077db9f94,2026-08-31T18:25:01.447Z,separate_executor,quote_run_dispatch_probe,200,5800.75,success,,200,success
p3-ex-official-vu200,7e2df885-2040-4d1c-9499-d703e2102150,2026-08-31T18:25:01.450Z,separate_executor,quote_run_dispatch_probe,200,5250.15,success,,200,success
p3-ex-official-vu200,7354c288-2130-40e8-ae79-17f92cf8b769,2026-08-31T18:25:01.477Z,separate_executor,quote_run_dispatch_probe,200,5415.93,success,,200,success
p3-ex-official-vu200,df3bf315-ef0d-4114-8d22-2a02f45159d0,2026-08-31T18:25:01.579Z,separate_executor,quote_run_dispatch_probe,200,5502.91,success,,200,success
p3-ex-official-vu200,36c371d6-df26-48da-8c36-fd828757d3fc,2026-08-31T18:25:01.602Z,separate_executor,quote_run_dispatch_probe,200,5536.83,success,,200,success
p3-ex-official-vu200,5804de4e-3433-47b5-928b-1ab26a88a60a,2026-08-31T18:25:01.617Z,separate_executor,quote_run_dispatch_probe,200,5484.9,success,,200,success
p3-ex-official-vu200,48458863-c542-4eb1-88d1-8a28bdfae608,2026-08-31T18:25:01.662Z,separate_executor,quote_run_dispatch_probe,200,5473.09,success,,200,success
p3-ex-official-vu200,d8a6a0c6-023e-4b3a-a346-eb331a553639,2026-08-31T18:25:01.677Z,separate_executor,quote_run_dispatch_probe,200,5994.12,success,,200,success
p3-ex-official-vu200,8c394efc-46a0-4b82-82de-1c2c8623cadd,2026-08-31T18:25:01.744Z,separate_executor,quote_run_dispatch_probe,200,5605.44,success,,200,success
p3-ex-official-vu200,5f1da0e1-c496-4834-a3ff-4a37ff83abf8,2026-08-31T18:25:01.777Z,separate_executor,quote_run_dispatch_probe,200,5528.02,success,,200,success
p3-ex-official-vu200,69939b6c-4fc7-488c-9ad6-ef57a5ab8849,2026-08-31T18:25:01.780Z,separate_executor,quote_run_dispatch_probe,200,5618.18,success,,200,success
p3-ex-official-vu200,0e5a13c9-3c83-4eb2-8437-f93709dce367,2026-08-31T18:25:01.880Z,separate_executor,quote_run_dispatch_probe,200,5601.15,success,,200,success
p3-ex-official-vu200,6422d1a2-8993-4908-a22f-017bdf147c28,2026-08-31T18:25:01.986Z,separate_executor,quote_run_dispatch_probe,200,5752.27,success,,200,success
p3-ex-official-vu200,783c9428-401c-47b8-9eec-afeeccb70355,2026-08-31T18:25:02.119Z,separate_executor,quote_run_dispatch_probe,200,5516.74,success,,200,success
p3-ex-official-vu200,3f96339f-6f3c-450b-8bc7-a5e0175bf440,2026-08-31T18:25:02.121Z,separate_executor,quote_run_dispatch_probe,200,5785.53,success,,200,success
p3-ex-official-vu200,0b7166ed-3f7d-4e11-8418-cfd61ea1991f,2026-08-31T18:25:02.126Z,separate_executor,quote_run_dispatch_probe,200,5848.76,success,,200,success
p3-ex-official-vu200,4f3e21aa-bbaf-45e3-9fee-ff437cf18b9e,2026-08-31T18:25:02.127Z,separate_executor,quote_run_dispatch_probe,200,5924.59,success,,200,success
p3-ex-official-vu200,74b85356-0ab6-4bc1-ac04-170fc7f1c719,2026-08-31T18:25:02.129Z,separate_executor,quote_run_dispatch_probe,200,5882.09,success,,200,success
p3-ex-official-vu200,4f81771b-4326-4716-bd0b-9f80af175eb9,2026-08-31T18:25:02.166Z,separate_executor,quote_run_dispatch_probe,200,5784.02,success,,200,success
p3-ex-official-vu200,8bed1d49-769b-4115-9f98-09e9d5d8ff45,2026-08-31T18:25:02.167Z,separate_executor,quote_run_dispatch_probe,200,5800.5,success,,200,success
p3-ex-official-vu200,1f62adc0-f8c7-4ddc-b587-d76ceee08d03,2026-08-31T18:25:02.174Z,separate_executor,quote_run_dispatch_probe,200,5622.42,success,,200,success
p3-ex-official-vu200,96b8e0fb-48e1-460e-81cc-547b04c57bd2,2026-08-31T18:25:02.175Z,separate_executor,quote_run_dispatch_probe,200,5844.72,success,,200,success
p3-ex-official-vu200,218aa160-4119-471e-88a5-983ab1bfb523,2026-08-31T18:25:02.175Z,separate_executor,quote_run_dispatch_probe,200,5813.69,success,,200,success
p3-ex-official-vu200,d487a43a-c28d-4113-a982-a462eca35ce1,2026-08-31T18:25:02.180Z,separate_executor,quote_run_dispatch_probe,200,5943.96,success,,200,success
p3-ex-official-vu200,7bc96b14-50fc-4437-bb63-ee262a79bc91,2026-08-31T18:25:02.193Z,separate_executor,quote_run_dispatch_probe,200,5669.5,success,,200,success
p3-ex-official-vu200,85ec22bd-909e-4510-b756-baa9ce9d71dc,2026-08-31T18:25:02.202Z,separate_executor,quote_run_dispatch_probe,200,5825.38,success,,200,success
p3-ex-official-vu200,e21b416d-3f64-42f1-8119-f3fb4d37d0fe,2026-08-31T18:25:02.203Z,separate_executor,quote_run_dispatch_probe,200,5864.01,success,,200,success
p3-ex-official-vu200,4684592e-f5ef-4580-9d44-7b1e34a5e50a,2026-08-31T18:25:02.221Z,separate_executor,quote_run_dispatch_probe,200,5640.44,success,,200,success
p3-ex-official-vu200,d0c25874-bd5a-405c-aa36-92cf540e791a,2026-08-31T18:25:02.222Z,separate_executor,quote_run_dispatch_probe,200,5677.52,success,,200,success
p3-ex-official-vu200,ac2a1fdd-d8f3-4906-9ebe-d547259dfe36,2026-08-31T18:25:02.225Z,separate_executor,quote_run_dispatch_probe,200,5690.79,success,,200,success
p3-ex-official-vu200,396b075f-a059-4924-beac-df1f6f070876,2026-08-31T18:25:02.226Z,separate_executor,quote_run_dispatch_probe,200,5693.58,success,,200,success
p3-ex-official-vu200,7b258ba0-9c10-46ee-a8dd-ed4946322ab4,2026-08-31T18:25:02.227Z,separate_executor,quote_run_dispatch_probe,200,5422.92,success,,200,success
p3-ex-official-vu200,a619bed7-9800-45b0-984e-f4e49b302b83,2026-08-31T18:25:02.233Z,separate_executor,quote_run_dispatch_probe,200,5608.45,success,,200,success
p3-ex-official-vu200,37bdf3ef-5e21-4980-aaae-b91cd92afceb,2026-08-31T18:25:02.236Z,separate_executor,quote_run_dispatch_probe,200,5251.23,success,,200,success
p3-ex-official-vu200,f86cafd7-f5eb-4608-a22d-df9a8382509b,2026-08-31T18:25:02.238Z,separate_executor,quote_run_dispatch_probe,200,5670.29,success,,200,success
p3-ex-official-vu200,03ff35f6-8a93-4e5b-bb78-6a72aa7c90bc,2026-08-31T18:25:02.238Z,separate_executor,quote_run_dispatch_probe,200,5690.86,success,,200,success
p3-ex-official-vu200,b7eb9f71-7aa8-454d-8c84-3f3c2a6fe99f,2026-08-31T18:25:02.256Z,separate_executor,quote_run_dispatch_probe,200,5414.83,success,,200,success
p3-ex-official-vu200,d9119a55-77c6-46fe-8357-559c955dad55,2026-08-31T18:25:02.293Z,separate_executor,quote_run_dispatch_probe,200,5325.69,success,,200,success
p3-ex-official-vu200,399a0e90-5e30-4b25-ad8e-0e1b3d7888a0,2026-08-31T18:25:02.335Z,separate_executor,quote_run_dispatch_probe,200,5446.64,success,,200,success
p3-ex-official-vu200,2da1031d-0dcf-4e5a-941a-84e324b41247,2026-08-31T18:25:02.338Z,separate_executor,quote_run_dispatch_probe,200,5320.67,success,,200,success
p3-ex-official-vu200,d0448d70-e1b9-41f7-80a9-760602952e77,2026-08-31T18:25:02.430Z,separate_executor,quote_run_dispatch_probe,200,5407.52,success,,200,success
p3-ex-official-vu200,b399219d-3ed3-46dd-bb67-5d51536bd0a1,2026-08-31T18:25:02.452Z,separate_executor,quote_run_dispatch_probe,200,5437.16,success,,200,success
p3-ex-official-vu200,70d9bd86-56ae-4d90-9e2b-e1fc4795cd76,2026-08-31T18:25:02.479Z,separate_executor,quote_run_dispatch_probe,200,5334.86,success,,200,success
p3-ex-official-vu200,53bd4263-dd7f-460e-88ca-d0ec759c093f,2026-08-31T18:25:02.481Z,separate_executor,quote_run_dispatch_probe,200,5366.98,success,,200,success
p3-ex-official-vu200,d47cee18-c717-401c-9796-cd587adf8164,2026-08-31T18:25:02.494Z,separate_executor,quote_run_dispatch_probe,200,5432.54,success,,200,success
p3-ex-official-vu200,abd8121e-643e-4860-8b6f-3d1873b48ab4,2026-08-31T18:25:02.516Z,separate_executor,quote_run_dispatch_probe,200,5522,success,,200,success
p3-ex-official-vu200,3a8c444c-0067-4c55-bd28-0fb1721093f4,2026-08-31T18:25:02.518Z,separate_executor,quote_run_dispatch_probe,200,5964.66,success,,200,success
p3-ex-official-vu200,00ec8d18-a6bb-4ae4-9385-206369725f53,2026-08-31T18:25:02.518Z,separate_executor,quote_run_dispatch_probe,200,5341.49,success,,200,success
p3-ex-official-vu200,e7e32d04-fc66-4f39-a244-41507bec3d8a,2026-08-31T18:25:02.542Z,separate_executor,quote_run_dispatch_probe,200,5545.28,success,,200,success
p3-ex-official-vu200,a395a9c3-32b9-4781-bd02-3003f4f40a8c,2026-08-31T18:25:02.587Z,separate_executor,quote_run_dispatch_probe,200,5649.64,success,,200,success
p3-ex-official-vu200,c67acd77-969b-4230-8cfd-00ca926c58d2,2026-08-31T18:25:02.594Z,separate_executor,quote_run_dispatch_probe,200,5780.22,success,,200,success
p3-ex-official-vu200,f7bd31f9-5071-473a-aa09-13c36c2174be,2026-08-31T18:25:02.597Z,separate_executor,quote_run_dispatch_probe,200,5387.66,success,,200,success
p3-ex-official-vu200,f2007eb7-2e6c-4c37-9251-2193f593edab,2026-08-31T18:25:02.631Z,separate_executor,quote_run_dispatch_probe,200,5876.63,success,,200,success
p3-ex-official-vu200,fc006f06-ccd3-4865-a465-deb2d1c955f4,2026-08-31T18:25:02.639Z,separate_executor,quote_run_dispatch_probe,200,6040.68,success,,200,success
p3-ex-official-vu200,8aead76d-607c-49cc-9792-bb62902d6516,2026-08-31T18:25:02.693Z,separate_executor,quote_run_dispatch_probe,200,5485.85,success,,200,success
p3-ex-official-vu200,907c4fec-7ffa-4dcc-880d-e8342c5f351a,2026-08-31T18:25:02.709Z,separate_executor,quote_run_dispatch_probe,200,5529.89,success,,200,success
p3-ex-official-vu200,daa0d715-26a2-42a3-9fe7-f8c1140dabcd,2026-08-31T18:25:02.728Z,separate_executor,quote_run_dispatch_probe,200,5695.64,success,,200,success
p3-ex-official-vu200,108b84a5-4749-45f8-b350-260ed9799d21,2026-08-31T18:25:02.735Z,separate_executor,quote_run_dispatch_probe,200,5070.18,success,,200,success
p3-ex-official-vu200,e2b2e6ab-156f-4196-a812-8f02560c39d3,2026-08-31T18:25:02.822Z,separate_executor,quote_run_dispatch_probe,200,5507.93,success,,200,success
p3-ex-official-vu200,1ab23626-3298-4693-be04-00dee16838e7,2026-08-31T18:25:03.012Z,separate_executor,quote_run_dispatch_probe,200,5878.34,success,,200,success
p3-ex-official-vu200,9d8226d6-393c-4def-aa69-0714a9239685,2026-08-31T18:25:03.012Z,separate_executor,quote_run_dispatch_probe,200,5614.47,success,,200,success
p3-ex-official-vu200,022cf20c-e0ee-46bc-85b5-b7a5875af0e3,2026-08-31T18:25:03.109Z,separate_executor,quote_run_dispatch_probe,200,5732.14,success,,200,success
p3-ex-official-vu200,c170973b-cdc5-4019-88a5-94674b5f5f53,2026-08-31T18:25:03.181Z,separate_executor,quote_run_dispatch_probe,200,5528.41,success,,200,success
p3-ex-official-vu200,db25bc6f-20fa-4a26-a563-1f1bd42b10ce,2026-08-31T18:25:03.181Z,separate_executor,quote_run_dispatch_probe,200,5753.84,success,,200,success
p3-ex-official-vu200,38a04610-4ffe-4aed-ad9e-71b166f8b73c,2026-08-31T18:25:03.182Z,separate_executor,quote_run_dispatch_probe,200,5658.78,success,,200,success
p3-ex-official-vu200,c5079da9-57e4-45a7-b11c-3b07d53be606,2026-08-31T18:25:03.209Z,separate_executor,quote_run_dispatch_probe,200,5832.89,success,,200,success
p3-ex-official-vu200,02f2ce58-5482-49b9-98a4-2e58cb131b42,2026-08-31T18:25:03.334Z,separate_executor,quote_run_dispatch_probe,200,5798.8,success,,200,success
p3-ex-official-vu200,fca20b5e-f723-4479-982a-eec9d3fba2ef,2026-08-31T18:25:03.335Z,separate_executor,quote_run_dispatch_probe,200,5775.86,success,,200,success
p3-ex-official-vu200,737c31ed-1ded-422c-925c-9cb7b48d7749,2026-08-31T18:25:03.335Z,separate_executor,quote_run_dispatch_probe,200,5901.48,success,,200,success
p3-ex-official-vu200,cea3762b-f640-4e4a-ac9f-9617e44a69e7,2026-08-31T18:25:03.335Z,separate_executor,quote_run_dispatch_probe,200,5680.43,success,,200,success
p3-ex-official-vu200,c550b7c0-667e-4d22-8e1f-3fa3bb6a0d73,2026-08-31T18:25:03.336Z,separate_executor,quote_run_dispatch_probe,200,5669.74,success,,200,success
p3-ex-official-vu200,eaee3f5a-76be-4d55-accc-39573beeccf1,2026-08-31T18:25:03.350Z,separate_executor,quote_run_dispatch_probe,200,5849.06,success,,200,success
p3-ex-official-vu200,d222d140-61c8-4111-bda1-7dc43cfca5a9,2026-08-31T18:25:03.352Z,separate_executor,quote_run_dispatch_probe,200,5727.4,success,,200,success
p3-ex-official-vu200,cbaa9ee0-317e-49ef-85dd-d051c71a906b,2026-08-31T18:25:03.353Z,separate_executor,quote_run_dispatch_probe,200,5930.39,success,,200,success
p3-ex-official-vu200,ae2a09ba-dd81-4969-84e7-03396ae8f10c,2026-08-31T18:25:03.363Z,separate_executor,quote_run_dispatch_probe,200,5704.78,success,,200,success
p3-ex-official-vu200,4d9bb152-39e5-4e29-8a6c-8ef06b3d0dac,2026-08-31T18:25:03.364Z,separate_executor,quote_run_dispatch_probe,200,6048.72,success,,200,success
p3-ex-official-vu200,4633a9cb-9b03-45a3-8a97-8a1f3671d5e5,2026-08-31T18:25:03.366Z,separate_executor,quote_run_dispatch_probe,200,5598.31,success,,200,success
p3-ex-official-vu200,74f41eb9-3577-48ce-a6c4-9ab451055a0f,2026-08-31T18:25:03.366Z,separate_executor,quote_run_dispatch_probe,200,5902.75,success,,200,success
p3-ex-official-vu200,762bcc86-e17d-456b-8b48-491e93f03d23,2026-08-31T18:25:03.367Z,separate_executor,quote_run_dispatch_probe,200,5686.13,success,,200,success
p3-ex-official-vu200,1defdd0b-d4b2-4416-94c1-23adc2c65cab,2026-08-31T18:25:03.367Z,separate_executor,quote_run_dispatch_probe,200,5456.02,success,,200,success
p3-ex-official-vu200,f10daab8-2010-4b0a-8a1a-cf7f777303a1,2026-08-31T18:25:03.368Z,separate_executor,quote_run_dispatch_probe,200,5446.21,success,,200,success
p3-ex-official-vu200,5256ce2e-54fc-4572-ba3d-4d3c6a1169f3,2026-08-31T18:25:03.376Z,separate_executor,quote_run_dispatch_probe,200,5605.52,success,,200,success
p3-ex-official-vu200,c159e8a7-a9a2-4f94-8a0d-709c6256990b,2026-08-31T18:25:03.403Z,separate_executor,quote_run_dispatch_probe,200,5627.9,success,,200,success
p3-ex-official-vu200,b725b03b-6a9b-42eb-84ee-e03b2e2a87b8,2026-08-31T18:25:03.403Z,separate_executor,quote_run_dispatch_probe,200,5694.2,success,,200,success
p3-ex-official-vu200,3121a451-2771-4d7a-a297-f02031fb3930,2026-08-31T18:25:03.430Z,separate_executor,quote_run_dispatch_probe,200,5766.31,success,,200,success
p3-ex-official-vu200,582a15bb-a6b0-4013-87c5-53f736a11a5e,2026-08-31T18:25:03.513Z,separate_executor,quote_run_dispatch_probe,200,5743.65,success,,200,success
p3-ex-official-vu200,e30bcf05-7235-4432-b94f-d40e95f7e749,2026-08-31T18:25:03.533Z,separate_executor,quote_run_dispatch_probe,200,5755.22,success,,200,success
p3-ex-official-vu200,7fa743dd-a5c1-4452-bddf-d3bcf31e8e06,2026-08-31T18:25:03.568Z,separate_executor,quote_run_dispatch_probe,200,5584.68,success,,200,success
p3-ex-official-vu200,c3db5ae4-2bb6-4cac-9cde-f4182bbaccd6,2026-08-31T18:25:03.578Z,separate_executor,quote_run_dispatch_probe,200,5832.32,success,,200,success
p3-ex-official-vu200,8affb5be-bb2b-4090-a079-ade4b7fcf0c4,2026-08-31T18:25:03.594Z,separate_executor,quote_run_dispatch_probe,200,5607.38,success,,200,success
p3-ex-official-vu200,bf9ace15-b662-433b-a6e2-1734ebb4ac2b,2026-08-31T18:25:03.616Z,separate_executor,quote_run_dispatch_probe,200,5384.06,success,,200,success
p3-ex-official-vu200,218cb983-8788-4f83-8a91-bbd7900b5be4,2026-08-31T18:25:03.633Z,separate_executor,quote_run_dispatch_probe,200,5386.26,success,,200,success
p3-ex-official-vu200,eb6a6002-4a45-43ec-98e5-45c63d09fde0,2026-08-31T18:25:03.635Z,separate_executor,quote_run_dispatch_probe,200,5840.57,success,,200,success
p3-ex-official-vu200,07e2e676-043e-48a3-91a7-fc08fc508f6e,2026-08-31T18:25:03.666Z,separate_executor,quote_run_dispatch_probe,200,5170.15,success,,200,success
p3-ex-official-vu200,6685673b-9b75-430f-8625-c58c0509c28e,2026-08-31T18:25:03.682Z,separate_executor,quote_run_dispatch_probe,200,5897.19,success,,200,success
p3-ex-official-vu200,a972f489-984f-4da8-8d9b-b018cc40f063,2026-08-31T18:25:03.799Z,separate_executor,quote_run_dispatch_probe,200,5703.67,success,,200,success
p3-ex-official-vu200,0989bfdd-f404-4ab4-a4f2-06dfe9cb14ce,2026-08-31T18:25:03.883Z,separate_executor,quote_run_dispatch_probe,200,5980.73,success,,200,success
p3-ex-official-vu200,7d154156-ef3b-4cb7-8095-70d2e52ecd29,2026-08-31T18:25:03.884Z,separate_executor,quote_run_dispatch_probe,200,5757.24,success,,200,success
p3-ex-official-vu200,bd1906cf-5d1e-43f0-a796-4e37e77118f1,2026-08-31T18:25:03.933Z,separate_executor,quote_run_dispatch_probe,200,5653.73,success,,200,success
p3-ex-official-vu200,47c44f40-9f6a-47d7-9eff-b76b59d56e1c,2026-08-31T18:25:03.934Z,separate_executor,quote_run_dispatch_probe,200,5836.58,success,,200,success
p3-ex-official-vu200,49eba262-992b-4dd7-9a89-c1c34fa2066b,2026-08-31T18:25:03.957Z,separate_executor,quote_run_dispatch_probe,200,5971.64,success,,200,success
p3-ex-official-vu200,aab0057b-bfc1-4896-ac2c-d5292c3954dd,2026-08-31T18:25:04.090Z,separate_executor,quote_run_dispatch_probe,200,5579.79,success,,200,success
p3-ex-official-vu200,60671f50-df0c-403c-b687-bbd28b81a07f,2026-08-31T18:25:04.229Z,separate_executor,quote_run_dispatch_probe,200,6096.73,success,,200,success
p3-ex-official-vu200,6d84eb75-dfb4-47da-a5fe-90f16d40a41d,2026-08-31T18:25:04.234Z,separate_executor,quote_run_dispatch_probe,200,5851.65,success,,200,success
p3-ex-official-vu200,6451e0f3-00d8-479a-b77f-08933a06cb81,2026-08-31T18:25:04.235Z,separate_executor,quote_run_dispatch_probe,200,5909.46,success,,200,success
p3-ex-official-vu200,a65353ed-0d48-42b3-a3b3-9066eb3e38c6,2026-08-31T18:25:04.236Z,separate_executor,quote_run_dispatch_probe,200,5771.65,success,,200,success
p3-ex-official-vu200,b9a4af2a-6e2a-4fd7-aee0-a07d16999807,2026-08-31T18:25:04.241Z,separate_executor,quote_run_dispatch_probe,200,5738.59,success,,200,success
p3-ex-official-vu200,d199e374-5ac8-4092-9b9f-524a1bd42c3e,2026-08-31T18:25:04.242Z,separate_executor,quote_run_dispatch_probe,200,5781.74,success,,200,success
p3-ex-official-vu200,efe44ed7-1a91-47ad-a980-b0ec5cb13669,2026-08-31T18:25:04.243Z,separate_executor,quote_run_dispatch_probe,200,5777.75,success,,200,success
p3-ex-official-vu200,86341bf0-f32b-41ac-9867-8a821ba38299,2026-08-31T18:25:04.244Z,separate_executor,quote_run_dispatch_probe,200,5561.28,success,,200,success
p3-ex-official-vu200,f826a89f-3f71-4dcc-936a-ea560b85bdba,2026-08-31T18:25:04.244Z,separate_executor,quote_run_dispatch_probe,200,5501.43,success,,200,success
p3-ex-official-vu200,9fdda4eb-c5aa-46ab-9734-01d9822f89c5,2026-08-31T18:25:04.244Z,separate_executor,quote_run_dispatch_probe,200,5417.2,success,,200,success
p3-ex-official-vu200,909562eb-c44d-4f31-951b-f5ea6ac919d2,2026-08-31T18:25:04.281Z,separate_executor,quote_run_dispatch_probe,200,5419.12,success,,200,success
p3-ex-official-vu200,b83aa337-1607-4451-8a9e-76f3f8683e23,2026-08-31T18:25:04.283Z,separate_executor,quote_run_dispatch_probe,200,5548.88,success,,200,success
p3-ex-official-vu200,e4ccf665-7f0f-4342-8cbd-8a1c6f88ef78,2026-08-31T18:25:04.295Z,separate_executor,quote_run_dispatch_probe,200,5547.05,success,,200,success
p3-ex-official-vu200,b0c2281d-a5ea-421f-9c7b-75801ff551be,2026-08-31T18:25:04.295Z,separate_executor,quote_run_dispatch_probe,200,5540.29,success,,200,success
p3-ex-official-vu200,a9cf4d25-c81f-4688-8275-241635b5115e,2026-08-31T18:25:04.350Z,separate_executor,quote_run_dispatch_probe,200,5350.6,success,,200,success
p3-ex-official-vu200,ccb657cb-a18d-4083-826e-5bb35ced7e89,2026-08-31T18:25:04.351Z,separate_executor,quote_run_dispatch_probe,200,5324.47,success,,200,success
p3-ex-official-vu200,1bfd5ca6-349f-4cc6-b31d-815a33ca41fd,2026-08-31T18:25:04.365Z,separate_executor,quote_run_dispatch_probe,200,5531.01,success,,200,success
p3-ex-official-vu200,be0a1b08-e221-4316-acec-017f0531c2a7,2026-08-31T18:25:04.392Z,separate_executor,quote_run_dispatch_probe,200,5427.36,success,,200,success
p3-ex-official-vu200,613222b7-5a16-4613-9626-0dde340c6a28,2026-08-31T18:25:04.401Z,separate_executor,quote_run_dispatch_probe,200,5538.17,success,,200,success
p3-ex-official-vu200,d34f405c-076b-4e1d-bca3-91fb8cfff2ed,2026-08-31T18:25:04.409Z,separate_executor,quote_run_dispatch_probe,200,5556.28,success,,200,success
p3-ex-official-vu200,775d396f-bea1-432f-b1fc-b368e206a15f,2026-08-31T18:25:04.422Z,separate_executor,quote_run_dispatch_probe,200,5706.22,success,,200,success
p3-ex-official-vu200,4b69f2c4-8aee-42f3-b822-5b7aeafd9632,2026-08-31T18:25:04.425Z,separate_executor,quote_run_dispatch_probe,200,5630.45,success,,200,success
p3-ex-official-vu200,583b7e6f-b913-4c39-846e-cd35c2a96621,2026-08-31T18:25:04.476Z,separate_executor,quote_run_dispatch_probe,200,5670.1,success,,200,success
p3-ex-official-vu200,c0cdb170-b8e1-45c7-9a12-7915b1d32bf9,2026-08-31T18:25:04.480Z,separate_executor,quote_run_dispatch_probe,200,5620.52,success,,200,success
p3-ex-official-vu200,62e2a789-daec-470c-b723-a89689428cab,2026-08-31T18:25:04.482Z,separate_executor,quote_run_dispatch_probe,200,5750.31,success,,200,success
p3-ex-official-vu200,fe12ba84-859a-437a-94f5-589d61979cfc,2026-08-31T18:25:04.672Z,separate_executor,quote_run_dispatch_probe,200,5667.95,success,,200,success
p3-ex-official-vu200,27392774-642c-4f8a-92c9-9db7296a03b9,2026-08-31T18:25:04.746Z,separate_executor,quote_run_dispatch_probe,200,5580.69,success,,200,success
p3-ex-official-vu200,c3964e04-abcc-45d2-94ba-fc4e24eae053,2026-08-31T18:25:04.747Z,separate_executor,quote_run_dispatch_probe,200,6000.23,success,,200,success
p3-ex-official-vu200,a2aaaf02-5c98-42b2-8247-1dc2db641753,2026-08-31T18:25:04.752Z,separate_executor,quote_run_dispatch_probe,200,5782.55,success,,200,success
p3-ex-official-vu200,4bd4341e-b8a3-4360-9556-401771b0264c,2026-08-31T18:25:04.753Z,separate_executor,quote_run_dispatch_probe,200,5898.5,success,,200,success
p3-ex-official-vu200,60d4ab24-27c1-4a34-af34-85835eda734d,2026-08-31T18:25:04.759Z,separate_executor,quote_run_dispatch_probe,200,6041.32,success,,200,success
p3-ex-official-vu200,471d35ec-b2d3-4d61-b299-aeb7c110c8fb,2026-08-31T18:25:04.793Z,separate_executor,quote_run_dispatch_probe,200,5590.26,success,,200,success
p3-ex-official-vu200,f320f17e-fc34-4994-a228-1ca090fff686,2026-08-31T18:25:04.794Z,separate_executor,quote_run_dispatch_probe,200,5970.2,success,,200,success
p3-ex-official-vu200,c15b0edb-7f5b-4b2c-a8d1-75b25cd66ecf,2026-08-31T18:25:04.796Z,separate_executor,quote_run_dispatch_probe,200,5915.37,success,,200,success
p3-ex-official-vu200,fdceb122-5e4e-4bb0-8d87-c7b90b4c4b57,2026-08-31T18:25:04.796Z,separate_executor,quote_run_dispatch_probe,200,5562.24,success,,200,success
p3-ex-official-vu200,7b355867-7553-4850-8bf4-901edc1b8eab,2026-08-31T18:25:04.797Z,separate_executor,quote_run_dispatch_probe,200,5670.13,success,,200,success
p3-ex-official-vu200,8f9bfec7-b35c-4418-b782-061370aedf0c,2026-08-31T18:25:04.816Z,separate_executor,quote_run_dispatch_probe,200,5805.27,success,,200,success
p3-ex-official-vu200,2864f91e-a16b-434f-8d19-a2a9474c7555,2026-08-31T18:25:04.861Z,separate_executor,quote_run_dispatch_probe,200,5417.55,success,,200,success
p3-ex-official-vu200,d8e0abff-ada8-46d8-9e3a-3159d6cbe637,2026-08-31T18:25:04.876Z,separate_executor,quote_run_dispatch_probe,200,5410.98,success,,200,success
p3-ex-official-vu200,b07518d9-5404-4251-a174-80a1e8582ee9,2026-08-31T18:25:04.913Z,separate_executor,quote_run_dispatch_probe,200,5683.5,success,,200,success
p3-ex-official-vu200,503b761b-2d5a-4399-a983-1368a9415a28,2026-08-31T18:25:04.933Z,separate_executor,quote_run_dispatch_probe,200,5576.45,success,,200,success
p3-ex-official-vu200,ad962515-3aa0-4853-b303-0ce013cc9def,2026-08-31T18:25:04.942Z,separate_executor,quote_run_dispatch_probe,200,5693.4,success,,200,success
p3-ex-official-vu200,bd024abe-2d9b-410d-9c3c-e444a9d1b83f,2026-08-31T18:25:04.951Z,separate_executor,quote_run_dispatch_probe,200,5912.19,success,,200,success
p3-ex-official-vu200,b04a9c41-1865-4af4-a4ab-9f2600bf6d5f,2026-08-31T18:25:04.980Z,separate_executor,quote_run_dispatch_probe,200,5600.22,success,,200,success
p3-ex-official-vu200,b20b3280-123a-491f-9f80-30821be998fb,2026-08-31T18:25:04.986Z,separate_executor,quote_run_dispatch_probe,200,6022.9,success,,200,success
p3-ex-official-vu200,c3036b2f-df1f-4287-b2d0-935c39ffe3ed,2026-08-31T18:25:05.002Z,separate_executor,quote_run_dispatch_probe,200,5510.85,success,,200,success
p3-ex-official-vu200,81a60432-effc-4bf8-beb2-cd9f84a90d9f,2026-08-31T18:25:05.011Z,separate_executor,quote_run_dispatch_probe,200,5527.16,success,,200,success
p3-ex-official-vu200,5007e450-650f-46c1-8d58-a67619f78a1f,2026-08-31T18:25:05.050Z,separate_executor,quote_run_dispatch_probe,200,5601.82,success,,200,success
p3-ex-official-vu200,f441f51d-dd1c-4a3e-ace8-fd065bcaf05a,2026-08-31T18:25:05.075Z,separate_executor,quote_run_dispatch_probe,200,5610.69,success,,200,success
p3-ex-official-vu200,63f76a92-cbc6-44ff-9394-6fac7f47d6cc,2026-08-31T18:25:05.137Z,separate_executor,quote_run_dispatch_probe,200,5577.73,success,,200,success
p3-ex-official-vu200,9f370592-01a9-4167-b05a-348411d0ad3b,2026-08-31T18:25:05.174Z,separate_executor,quote_run_dispatch_probe,200,5598.12,success,,200,success
p3-ex-official-vu200,a797237c-2625-4e05-ae55-e54dc6cec256,2026-08-31T18:25:05.199Z,separate_executor,quote_run_dispatch_probe,200,5436.42,success,,200,success
p3-ex-official-vu200,8ac000e3-daa8-4d73-8018-0c3cc6e3e27b,2026-08-31T18:25:05.200Z,separate_executor,quote_run_dispatch_probe,200,5639.59,success,,200,success
p3-ex-official-vu200,2bba8c19-33bc-45c3-a84b-25bb7afbdc98,2026-08-31T18:25:05.416Z,separate_executor,quote_run_dispatch_probe,200,5964.02,success,,200,success
p3-ex-official-vu200,37513019-4f68-469c-97f7-67fba22df65d,2026-08-31T18:25:05.424Z,separate_executor,quote_run_dispatch_probe,200,5224.65,success,,200,success
p3-ex-official-vu200,03c66666-91f3-4a8e-83d6-b3eca7ffc84c,2026-08-31T18:25:05.432Z,separate_executor,quote_run_dispatch_probe,200,5403.17,success,,200,success
p3-ex-official-vu200,000463c3-f2bf-445f-aa02-b6059d735933,2026-08-31T18:25:05.467Z,separate_executor,quote_run_dispatch_probe,200,5474.96,success,,200,success
p3-ex-official-vu200,f079b6ce-0ff4-481c-9cbc-1399f9b6372d,2026-08-31T18:25:05.468Z,separate_executor,quote_run_dispatch_probe,200,5693.41,success,,200,success
p3-ex-official-vu200,7c9f1827-b433-46a1-80fe-6f593cea69e1,2026-08-31T18:25:05.469Z,separate_executor,quote_run_dispatch_probe,200,5647.86,success,,200,success
p3-ex-official-vu200,163ee48c-6f1f-48ac-879d-d37561241721,2026-08-31T18:25:05.474Z,separate_executor,quote_run_dispatch_probe,200,5662.78,success,,200,success
p3-ex-official-vu200,df0d3d2b-0e89-4c9c-a33e-e17e09832f42,2026-08-31T18:25:05.544Z,separate_executor,quote_run_dispatch_probe,200,5735,success,,200,success
p3-ex-official-vu200,e8762bd3-1972-4eca-9eca-45bc53ba8d7e,2026-08-31T18:25:05.547Z,separate_executor,quote_run_dispatch_probe,200,5550.94,success,,200,success
p3-ex-official-vu200,f18d46c1-42f2-4018-8b40-fd26350f4e2d,2026-08-31T18:25:05.585Z,separate_executor,quote_run_dispatch_probe,200,5558.76,success,,200,success
p3-ex-official-vu200,fdb9c892-507b-4167-a30f-6c2ebcb2ab5b,2026-08-31T18:25:05.667Z,separate_executor,quote_run_dispatch_probe,200,5554.4,success,,200,success
p3-ex-official-vu200,7cabc3ef-8872-41bd-b146-0027fa09f882,2026-08-31T18:25:05.677Z,separate_executor,quote_run_dispatch_probe,200,5442.35,success,,200,success
p3-ex-official-vu200,7dcdfb3e-72ac-480e-957b-df07cb2f1e85,2026-08-31T18:25:05.691Z,separate_executor,quote_run_dispatch_probe,200,5605.13,success,,200,success
p3-ex-official-vu200,2349c178-cede-4084-a8a7-624da409b424,2026-08-31T18:25:05.700Z,separate_executor,quote_run_dispatch_probe,200,5535.63,success,,200,success
p3-ex-official-vu200,6df9e13f-ec08-46b5-981a-8028bf67fb2b,2026-08-31T18:25:05.743Z,separate_executor,quote_run_dispatch_probe,200,5734.34,success,,200,success
p3-ex-official-vu200,25667ad9-806c-42ac-a1e2-17ddd463d838,2026-08-31T18:25:05.749Z,separate_executor,quote_run_dispatch_probe,200,5554.22,success,,200,success
p3-ex-official-vu200,8e0d8540-adae-438b-b46e-28549e277480,2026-08-31T18:25:05.959Z,separate_executor,quote_run_dispatch_probe,200,5230.61,success,,200,success
p3-ex-official-vu200,17723ce0-beb4-4154-8ee2-99bef65579d1,2026-08-31T18:25:05.992Z,separate_executor,quote_run_dispatch_probe,200,5546.25,success,,200,success
p3-ex-official-vu200,e8b7093c-2c89-4ebc-9ddd-32845e151c59,2026-08-31T18:25:05.992Z,separate_executor,quote_run_dispatch_probe,200,5389.15,success,,200,success
p3-ex-official-vu200,14d8c2cd-41cd-4215-bbbb-0d40edfacc28,2026-08-31T18:25:06.029Z,separate_executor,quote_run_dispatch_probe,200,5613.86,success,,200,success
p3-ex-official-vu200,52aa7bd3-b84a-406e-aa13-399ecf815c6f,2026-08-31T18:25:06.036Z,separate_executor,quote_run_dispatch_probe,200,5710.68,success,,200,success
p3-ex-official-vu200,c8af269e-ad35-45e5-924f-c7e9d1d233cb,2026-08-31T18:25:06.071Z,separate_executor,quote_run_dispatch_probe,200,5922.18,success,,200,success
p3-ex-official-vu200,2ff09c8b-a38c-4aa6-9c6f-08ea8eb84452,2026-08-31T18:25:06.081Z,separate_executor,quote_run_dispatch_probe,200,5541.9,success,,200,success
p3-ex-official-vu200,c8c3c8fa-0eff-4143-996a-b25ec46216ee,2026-08-31T18:25:06.116Z,separate_executor,quote_run_dispatch_probe,200,5581.45,success,,200,success
p3-ex-official-vu200,81e0e3fd-3e34-42f2-bfd8-1015c5217232,2026-08-31T18:25:06.125Z,separate_executor,quote_run_dispatch_probe,200,5155.31,success,,200,success
p3-ex-official-vu200,d1955b42-9e12-442f-a053-9f114f589263,2026-08-31T18:25:06.125Z,separate_executor,quote_run_dispatch_probe,200,5376.52,success,,200,success
p3-ex-official-vu200,235ccb88-160a-43bd-a464-6e42b71a73a0,2026-08-31T18:25:06.127Z,separate_executor,quote_run_dispatch_probe,200,5174.26,success,,200,success
p3-ex-official-vu200,1e180dd2-6db8-4bb8-98c1-0ebb2774de5d,2026-08-31T18:25:06.259Z,separate_executor,quote_run_dispatch_probe,200,5267.46,success,,200,success
p3-ex-official-vu200,8110056c-a7f8-4fd5-be82-aa112dece332,2026-08-31T18:25:06.270Z,separate_executor,quote_run_dispatch_probe,200,5301.73,success,,200,success
p3-ex-official-vu200,16193b6b-9ff8-444d-bc8f-6ad00f952517,2026-08-31T18:25:06.282Z,separate_executor,quote_run_dispatch_probe,200,5182.84,success,,200,success
p3-ex-official-vu200,df27a902-b493-4432-9c05-861fb4f73cce,2026-08-31T18:25:06.285Z,separate_executor,quote_run_dispatch_probe,200,5164.12,success,,200,success
p3-ex-official-vu200,822466e8-478b-47ad-9c9e-f77d6d634929,2026-08-31T18:25:06.287Z,separate_executor,quote_run_dispatch_probe,200,5720.14,success,,200,success
p3-ex-official-vu200,44971122-2234-4603-8e87-6283b00d8e41,2026-08-31T18:25:06.293Z,separate_executor,quote_run_dispatch_probe,200,5086.85,success,,200,success
p3-ex-official-vu200,2ca84fb8-ffaf-404e-b5d3-09734c9cc273,2026-08-31T18:25:06.297Z,separate_executor,quote_run_dispatch_probe,200,5601.54,success,,200,success
p3-ex-official-vu200,8a2c29e6-e789-4a2c-9f65-6b42323da3f8,2026-08-31T18:25:06.297Z,separate_executor,quote_run_dispatch_probe,200,5604.44,success,,200,success
p3-ex-official-vu200,6d1dde0e-1162-41e0-bc7f-4b2d49bacacd,2026-08-31T18:25:06.415Z,separate_executor,quote_run_dispatch_probe,200,5334.06,success,,200,success
p3-ex-official-vu200,7d438cff-b0dc-4c07-9de8-06778570dec1,2026-08-31T18:25:06.424Z,separate_executor,quote_run_dispatch_probe,200,5780.28,success,,200,success
p3-ex-official-vu200,5aaf1ee1-f0bd-45d3-a26c-f1e7e894ec55,2026-08-31T18:25:06.518Z,separate_executor,quote_run_dispatch_probe,200,5688.69,success,,200,success
p3-ex-official-vu200,3ea871c9-397c-4180-af5b-2d8efe7afa62,2026-08-31T18:25:06.531Z,separate_executor,quote_run_dispatch_probe,200,5256.18,success,,200,success
p3-ex-official-vu200,1c12c81c-4455-44e2-a472-6c6cc67c487b,2026-08-31T18:25:06.532Z,separate_executor,quote_run_dispatch_probe,200,5081.92,success,,200,success
p3-ex-official-vu200,3ddfe24e-3b44-43b6-bf08-505a5ad5ee4b,2026-08-31T18:25:06.604Z,separate_executor,quote_run_dispatch_probe,200,5479.47,success,,200,success
p3-ex-official-vu200,8e072df5-382d-427b-9c05-571899cee4de,2026-08-31T18:25:06.636Z,separate_executor,quote_run_dispatch_probe,200,5310.89,success,,200,success
p3-ex-official-vu200,72f7971a-e7cf-4851-a1ee-2ae052dced80,2026-08-31T18:25:06.653Z,separate_executor,quote_run_dispatch_probe,200,5487.57,success,,200,success
p3-ex-official-vu200,6d47a178-02e8-4ee3-8d57-52efa7b3b7d3,2026-08-31T18:25:06.730Z,separate_executor,quote_run_dispatch_probe,200,5388.36,success,,200,success
p3-ex-official-vu200,05ad9f21-03f0-41d5-a8fe-d68fc6786893,2026-08-31T18:25:06.801Z,separate_executor,quote_run_dispatch_probe,200,5324.27,success,,200,success
p3-ex-official-vu200,85cfbe14-e40b-4821-ae01-e2ca36e4901b,2026-08-31T18:25:06.846Z,separate_executor,quote_run_dispatch_probe,200,5535.54,success,,200,success
p3-ex-official-vu200,7774dd97-38a3-4627-abf7-53a4d8a963f3,2026-08-31T18:25:06.937Z,separate_executor,quote_run_dispatch_probe,200,5491.07,success,,200,success
p3-ex-official-vu200,24475eb8-2d16-4bc7-a930-b31fd33a1f86,2026-08-31T18:25:07.008Z,separate_executor,quote_run_dispatch_probe,200,5390.77,success,,200,success
p3-ex-official-vu200,de0d3379-7522-4f20-8641-09b2eac5158c,2026-08-31T18:25:07.074Z,separate_executor,quote_run_dispatch_probe,200,5472.19,success,,200,success
p3-ex-official-vu200,dcb1dea8-5e76-460f-9689-89d12dbe7c94,2026-08-31T18:25:07.094Z,separate_executor,quote_run_dispatch_probe,200,5514.89,success,,200,success
p3-ex-official-vu200,94378b79-99e1-48e7-abf0-45b41672a2b5,2026-08-31T18:25:07.127Z,separate_executor,quote_run_dispatch_probe,200,5464.8,success,,200,success
p3-ex-official-vu200,b462405d-a781-4525-987b-80bda8094a75,2026-08-31T18:25:07.188Z,separate_executor,quote_run_dispatch_probe,200,5444.29,success,,200,success
p3-ex-official-vu200,2e2965bd-f9e8-4170-b797-e51ac2a49a1a,2026-08-31T18:25:07.196Z,separate_executor,quote_run_dispatch_probe,200,5416.09,success,,200,success
p3-ex-official-vu200,4b23e721-d910-4cd9-8bcc-a83e02b4db17,2026-08-31T18:25:07.295Z,separate_executor,quote_run_dispatch_probe,200,5128.88,success,,200,success
p3-ex-official-vu200,0827d409-a6bd-4b32-ac30-34d6c64bf98c,2026-08-31T18:25:07.310Z,separate_executor,quote_run_dispatch_probe,200,5083.77,success,,200,success
p3-ex-official-vu200,c295ec9a-e080-4e02-b061-74ba63b5ca63,2026-08-31T18:25:07.394Z,separate_executor,quote_run_dispatch_probe,200,5272.78,success,,200,success
p3-ex-official-vu200,ab13ed5f-890b-4503-a3f8-e9259bf4a40e,2026-08-31T18:25:07.395Z,separate_executor,quote_run_dispatch_probe,200,5156.91,success,,200,success
p3-ex-official-vu200,454df84e-f5d6-4cb5-8fd3-7f558701496d,2026-08-31T18:25:07.422Z,separate_executor,quote_run_dispatch_probe,200,5745.31,success,,200,success
p3-ex-official-vu200,6009c6d0-b971-4ecf-b353-7766e9ebfc57,2026-08-31T18:25:07.463Z,separate_executor,quote_run_dispatch_probe,200,5334.72,success,,200,success
p3-ex-official-vu200,94545c82-c7ae-4e33-9319-875a355e1625,2026-08-31T18:25:07.464Z,separate_executor,quote_run_dispatch_probe,200,5478.16,success,,200,success
p3-ex-official-vu200,565e93b0-6ef4-4d4b-9fde-ac1e11ccfe0f,2026-08-31T18:25:07.465Z,separate_executor,quote_run_dispatch_probe,200,5585.56,success,,200,success
p3-ex-official-vu200,e15dcd9e-509c-420c-b933-791a140a2c3c,2026-08-31T18:25:07.469Z,separate_executor,quote_run_dispatch_probe,200,5302.53,success,,200,success
p3-ex-official-vu200,a6d4ecd9-6cf2-4525-b65d-92219b8e8cec,2026-08-31T18:25:07.483Z,separate_executor,quote_run_dispatch_probe,200,6035.81,success,,200,success
p3-ex-official-vu200,a13f04ed-faa6-4e90-835b-5feabd4c9d18,2026-08-31T18:25:07.510Z,separate_executor,quote_run_dispatch_probe,200,5172.17,success,,200,success
p3-ex-official-vu200,b56a3d40-70e8-4255-b3ba-6554ece0870d,2026-08-31T18:25:07.519Z,separate_executor,quote_run_dispatch_probe,200,5391.57,success,,200,success
p3-ex-official-vu200,29d413c6-4aeb-4a34-9bbf-9ee22da7f74b,2026-08-31T18:25:07.550Z,separate_executor,quote_run_dispatch_probe,200,5346.28,success,,200,success
p3-ex-official-vu200,88796e21-2570-459c-b91c-5287992f3404,2026-08-31T18:25:07.579Z,separate_executor,quote_run_dispatch_probe,200,5286.1,success,,200,success
p3-ex-official-vu200,10a395c0-0951-46e6-9d8d-79aef9eb2391,2026-08-31T18:25:07.583Z,separate_executor,quote_run_dispatch_probe,200,5389.22,success,,200,success
p3-ex-official-vu200,085d823b-fca3-4066-8714-783339f64b92,2026-08-31T18:25:07.636Z,separate_executor,quote_run_dispatch_probe,200,5206.21,success,,200,success
p3-ex-official-vu200,097a2cae-ece1-4d3f-9fc0-97f68f4ccb6e,2026-08-31T18:25:07.645Z,separate_executor,quote_run_dispatch_probe,200,5867.9,success,,200,success
p3-ex-official-vu200,f78177f8-f5a3-4bda-a09c-9d9d806c0b8e,2026-08-31T18:25:07.663Z,separate_executor,quote_run_dispatch_probe,200,5543.57,success,,200,success
p3-ex-official-vu200,81181746-dd1f-4737-8745-db91375c0c00,2026-08-31T18:25:07.669Z,separate_executor,quote_run_dispatch_probe,200,5432.56,success,,200,success
p3-ex-official-vu200,9636cc5d-c6e1-4f54-bdde-72c9d35e452f,2026-08-31T18:25:07.678Z,separate_executor,quote_run_dispatch_probe,200,5162.39,success,,200,success
p3-ex-official-vu200,9283ec48-6d2c-46a4-99a7-8aa046c5f810,2026-08-31T18:25:07.693Z,separate_executor,quote_run_dispatch_probe,200,5519.36,success,,200,success
p3-ex-official-vu200,886ccb51-92cc-4ad1-9f80-75eef90efb37,2026-08-31T18:25:07.696Z,separate_executor,quote_run_dispatch_probe,200,5520.66,success,,200,success
p3-ex-official-vu200,3225f015-790e-4e1a-b787-b0c521513e3d,2026-08-31T18:25:07.701Z,separate_executor,quote_run_dispatch_probe,200,5575.05,success,,200,success
p3-ex-official-vu200,09dd1bf7-964c-405c-927f-cc98bddafea3,2026-08-31T18:25:07.717Z,separate_executor,quote_run_dispatch_probe,200,5514.71,success,,200,success
p3-ex-official-vu200,ef145967-840a-48f6-b857-3c585453b42d,2026-08-31T18:25:07.732Z,separate_executor,quote_run_dispatch_probe,200,5509.57,success,,200,success
p3-ex-official-vu200,24c627d7-91c8-417a-b200-e456ec1b4eaf,2026-08-31T18:25:07.764Z,separate_executor,quote_run_dispatch_probe,200,5283.07,success,,200,success
p3-ex-official-vu200,c1eebb28-971c-4427-b9ef-e5ceec85b896,2026-08-31T18:25:07.766Z,separate_executor,quote_run_dispatch_probe,200,5286.98,success,,200,success
p3-ex-official-vu200,45a6a2ef-5cfe-4ecc-8eb2-0b1a77dc986d,2026-08-31T18:25:07.779Z,separate_executor,quote_run_dispatch_probe,200,5552.84,success,,200,success
p3-ex-official-vu200,20b2fbfd-3917-4d42-b440-2c9cb24aa88a,2026-08-31T18:25:07.783Z,separate_executor,quote_run_dispatch_probe,200,5557.48,success,,200,success
p3-ex-official-vu200,457a83c6-df4e-4853-a1bc-fd059c3cb71f,2026-08-31T18:25:07.794Z,separate_executor,quote_run_dispatch_probe,200,5619.11,success,,200,success
p3-ex-official-vu200,4385b454-2df0-44fd-befb-5c1af8bbbbde,2026-08-31T18:25:07.798Z,separate_executor,quote_run_dispatch_probe,200,5280.76,success,,200,success
p3-ex-official-vu200,3a3e9685-137e-49bd-82dd-5145d241166a,2026-08-31T18:25:07.829Z,separate_executor,quote_run_dispatch_probe,200,5493.51,success,,200,success
p3-ex-official-vu200,f517917d-b4b7-43f0-b0ce-ae6146b595dc,2026-08-31T18:25:07.835Z,separate_executor,quote_run_dispatch_probe,200,5292.78,success,,200,success
p3-ex-official-vu200,4f99ef7a-4792-40af-b9ae-b858d26ec523,2026-08-31T18:25:07.862Z,separate_executor,quote_run_dispatch_probe,200,5264.16,success,,200,success
p3-ex-official-vu200,4c2320b5-171e-4953-91d4-3b6b608042f2,2026-08-31T18:25:07.863Z,separate_executor,quote_run_dispatch_probe,200,5624.06,success,,200,success
p3-ex-official-vu200,3a5e221e-43db-4da9-9335-a122c9004849,2026-08-31T18:25:07.878Z,separate_executor,quote_run_dispatch_probe,200,5291.17,success,,200,success
p3-ex-official-vu200,df0c2625-b40f-4cf9-835e-f83ed396070f,2026-08-31T18:25:07.881Z,separate_executor,quote_run_dispatch_probe,200,5427.26,success,,200,success
p3-ex-official-vu200,9c733ec7-c468-4a6a-8d30-c656baf6699b,2026-08-31T18:25:07.882Z,separate_executor,quote_run_dispatch_probe,200,5649.8,success,,200,success
p3-ex-official-vu200,7e9e0cd6-28fc-4e91-8195-262d5998fb40,2026-08-31T18:25:08.049Z,separate_executor,quote_run_dispatch_probe,200,5410.58,success,,200,success
p3-ex-official-vu200,98409656-c2af-48d3-9eab-4c821ecfeec3,2026-08-31T18:25:08.050Z,separate_executor,quote_run_dispatch_probe,200,5870.33,success,,200,success
p3-ex-official-vu200,2aa07902-4a9e-4585-91d8-03667c87369c,2026-08-31T18:25:08.067Z,separate_executor,quote_run_dispatch_probe,200,5573.28,success,,200,success
p3-ex-official-vu200,2b18afdc-6cc9-4e8f-a9cd-ee6e342ded7a,2026-08-31T18:25:08.078Z,separate_executor,quote_run_dispatch_probe,200,5822.05,success,,200,success
p3-ex-official-vu200,f83e644d-ff67-4144-b33d-4ec9d8c0a6cb,2026-08-31T18:25:08.090Z,separate_executor,quote_run_dispatch_probe,200,5868.88,success,,200,success
p3-ex-official-vu200,f771b48d-11d1-406c-9420-652d5826b08f,2026-08-31T18:25:08.121Z,separate_executor,quote_run_dispatch_probe,200,5393.39,success,,200,success
p3-ex-official-vu200,3d49d0ab-bf1d-4587-bd74-7d48c130af0a,2026-08-31T18:25:08.122Z,separate_executor,quote_run_dispatch_probe,200,5013.04,success,,200,success
p3-ex-official-vu200,84ca776b-ae76-4363-a103-6dcad49eb3b4,2026-08-31T18:25:08.132Z,separate_executor,quote_run_dispatch_probe,200,5500.41,success,,200,success
p3-ex-official-vu200,aeab3aa4-f080-4d45-8a9b-3cf51f58a084,2026-08-31T18:25:08.133Z,separate_executor,quote_run_dispatch_probe,200,5439.37,success,,200,success
p3-ex-official-vu200,05812db0-0592-4b3b-a51c-a0a453d91cdf,2026-08-31T18:25:08.169Z,separate_executor,quote_run_dispatch_probe,200,5346.55,success,,200,success
p3-ex-official-vu200,6e4effa9-af1f-438a-ada6-473f45ec1cb8,2026-08-31T18:25:08.179Z,separate_executor,quote_run_dispatch_probe,200,5585.72,success,,200,success
p3-ex-official-vu200,7d636604-7009-4fdd-94ad-2a0bc8f619cf,2026-08-31T18:25:08.184Z,separate_executor,quote_run_dispatch_probe,200,5449.43,success,,200,success
p3-ex-official-vu200,3fb51363-aef1-4b94-8a95-7ee3e12f7f0c,2026-08-31T18:25:08.285Z,separate_executor,quote_run_dispatch_probe,200,5575.37,success,,200,success
p3-ex-official-vu200,2b21e80c-acfa-4d2a-9a52-78897f35d6ca,2026-08-31T18:25:08.379Z,separate_executor,quote_run_dispatch_probe,200,5860.55,success,,200,success
p3-ex-official-vu200,4c0e7f60-ac11-4740-a658-a5a35817c059,2026-08-31T18:25:08.411Z,separate_executor,quote_run_dispatch_probe,200,5398.47,success,,200,success
p3-ex-official-vu200,9ca0718d-1f2b-47b8-bc4d-5f6e999a91fc,2026-08-31T18:25:08.461Z,separate_executor,quote_run_dispatch_probe,200,5268.11,success,,200,success
p3-ex-official-vu200,14d0addd-443a-4623-86df-62070906314d,2026-08-31T18:25:08.575Z,separate_executor,quote_run_dispatch_probe,200,5365.82,success,,200,success
p3-ex-official-vu200,a68c6a68-97ef-488e-8261-8122e5597896,2026-08-31T18:25:08.577Z,separate_executor,quote_run_dispatch_probe,200,5396.16,success,,200,success
p3-ex-official-vu200,5b6b2fc9-6151-42b1-81e8-53b4601957e7,2026-08-31T18:25:08.700Z,separate_executor,quote_run_dispatch_probe,200,5688.68,success,,200,success
p3-ex-official-vu200,c9784475-c111-40ff-ba2a-e417f045cc86,2026-08-31T18:25:08.728Z,separate_executor,quote_run_dispatch_probe,200,5546.82,success,,200,success
p3-ex-official-vu200,eba728cb-fcde-431a-a797-f54a48938a28,2026-08-31T18:25:08.749Z,separate_executor,quote_run_dispatch_probe,200,5385.43,success,,200,success
p3-ex-official-vu200,91082a73-2bcf-437d-8b84-4530d9c7f561,2026-08-31T18:25:08.807Z,separate_executor,quote_run_dispatch_probe,200,5171.97,success,,200,success
p3-ex-official-vu200,a5a0e4ee-477c-47a8-839e-14044a69dd2b,2026-08-31T18:25:08.811Z,separate_executor,quote_run_dispatch_probe,200,5195.04,success,,200,success
p3-ex-official-vu200,37645126-0646-4e63-a269-1ccdef3cd5cb,2026-08-31T18:25:08.812Z,separate_executor,quote_run_dispatch_probe,200,5476.24,success,,200,success
p3-ex-official-vu200,0ce18711-2b85-42b3-bbf4-a824232c4779,2026-08-31T18:25:08.819Z,separate_executor,quote_run_dispatch_probe,200,5466.3,success,,200,success
p3-ex-official-vu200,f786eac1-4c63-4b39-9557-0f20a054892a,2026-08-31T18:25:08.829Z,separate_executor,quote_run_dispatch_probe,200,5146.72,success,,200,success
p3-ex-official-vu200,0002f087-d34a-4ef7-a8a1-9e621759ad63,2026-08-31T18:25:08.838Z,separate_executor,quote_run_dispatch_probe,200,5435.21,success,,200,success
p3-ex-official-vu200,2a581938-689f-4ace-9a71-9614bd5a9558,2026-08-31T18:25:08.841Z,separate_executor,quote_run_dispatch_probe,200,5505.81,success,,200,success
p3-ex-official-vu200,2b514353-312a-435a-a27d-5187e4c230c0,2026-08-31T18:25:08.846Z,separate_executor,quote_run_dispatch_probe,200,5492.35,success,,200,success
p3-ex-official-vu200,970b16fa-c110-47e5-b3b1-1554c4571154,2026-08-31T18:25:08.884Z,separate_executor,quote_run_dispatch_probe,200,5533.46,success,,200,success
p3-ex-official-vu200,87a142d0-ea50-4de4-a768-20c14e85bde0,2026-08-31T18:25:08.894Z,separate_executor,quote_run_dispatch_probe,200,5559.8,success,,200,success
p3-ex-official-vu200,6bc511a6-1309-4075-abd2-7ac0d585389b,2026-08-31T18:25:08.898Z,separate_executor,quote_run_dispatch_probe,200,5531.67,success,,200,success
p3-ex-official-vu200,9b23519d-7ad7-4699-b3d9-0d471e9b9208,2026-08-31T18:25:08.907Z,separate_executor,quote_run_dispatch_probe,200,5543.27,success,,200,success
p3-ex-official-vu200,b397f203-0acd-4494-911a-dbf90041a67b,2026-08-31T18:25:08.926Z,separate_executor,quote_run_dispatch_probe,200,5558.87,success,,200,success
p3-ex-official-vu200,59c15b32-f2db-4d07-8923-a9db10b92404,2026-08-31T18:25:09.026Z,separate_executor,quote_run_dispatch_probe,200,5649.05,success,,200,success
p3-ex-official-vu200,af85cb24-a297-4809-8457-aa63c7d73827,2026-08-31T18:25:09.057Z,separate_executor,quote_run_dispatch_probe,200,5524.31,success,,200,success
p3-ex-official-vu200,3544dae6-5d10-4eb5-84b8-1b54afa3d502,2026-08-31T18:25:09.064Z,separate_executor,quote_run_dispatch_probe,200,5496.11,success,,200,success
p3-ex-official-vu200,f9360380-46e4-40e1-842a-1de0749abda1,2026-08-31T18:25:09.068Z,separate_executor,quote_run_dispatch_probe,200,5701.14,success,,200,success
p3-ex-official-vu200,57e26aa4-2708-43bf-9a02-e791362765e5,2026-08-31T18:25:09.069Z,separate_executor,quote_run_dispatch_probe,200,5703.38,success,,200,success
p3-ex-official-vu200,91c713dc-f6ca-4f21-b868-5e3aa46ecabc,2026-08-31T18:25:09.075Z,separate_executor,quote_run_dispatch_probe,200,5707.14,success,,200,success
p3-ex-official-vu200,5fe70a84-c1fd-4417-b6eb-797ccb100ce1,2026-08-31T18:25:09.086Z,separate_executor,quote_run_dispatch_probe,200,5491.28,success,,200,success
p3-ex-official-vu200,b8b464ae-e8f7-4cca-811a-07c986231786,2026-08-31T18:25:09.087Z,separate_executor,quote_run_dispatch_probe,200,5508.57,success,,200,success
p3-ex-official-vu200,3286742e-a347-4b83-9f82-38343cae3de1,2026-08-31T18:25:09.097Z,separate_executor,quote_run_dispatch_probe,200,5694.41,success,,200,success
p3-ex-official-vu200,878099f2-a180-4b3a-9074-c72ec985302f,2026-08-31T18:25:09.112Z,separate_executor,quote_run_dispatch_probe,200,5599.32,success,,200,success
p3-ex-official-vu200,ff95c852-3e91-475e-acfd-76f6d7a839e8,2026-08-31T18:25:09.138Z,separate_executor,quote_run_dispatch_probe,200,5802.54,success,,200,success
p3-ex-official-vu200,16ae4fae-0375-45bc-97e9-e1486dce7d0a,2026-08-31T18:25:09.192Z,separate_executor,quote_run_dispatch_probe,200,5761.97,success,,200,success
p3-ex-official-vu200,509661e4-d4dd-4dfb-9755-80fc3aa358fb,2026-08-31T18:25:09.200Z,separate_executor,quote_run_dispatch_probe,200,5866.42,success,,200,success
p3-ex-official-vu200,5f01fe2c-71d9-4f46-8216-3bf5a4541eef,2026-08-31T18:25:09.235Z,separate_executor,quote_run_dispatch_probe,200,5568.53,success,,200,success
p3-ex-official-vu200,70c0c9c4-8ee4-44b3-9301-c84d879aa14b,2026-08-31T18:25:09.302Z,separate_executor,quote_run_dispatch_probe,200,5419.31,success,,200,success
p3-ex-official-vu200,bd56d66d-6924-4368-8003-8f4353a2fc10,2026-08-31T18:25:09.315Z,separate_executor,quote_run_dispatch_probe,200,5681.86,success,,200,success
p3-ex-official-vu200,8368572c-be98-4a56-9053-9097429c1645,2026-08-31T18:25:09.361Z,separate_executor,quote_run_dispatch_probe,200,5476.87,success,,200,success
p3-ex-official-vu200,ddd63983-0087-4a51-ac61-02a6ddb5bdee,2026-08-31T18:25:09.381Z,separate_executor,quote_run_dispatch_probe,200,5423.93,success,,200,success
p3-ex-official-vu200,1cb11082-7473-4f56-a3d0-4bb0d870af57,2026-08-31T18:25:09.442Z,separate_executor,quote_run_dispatch_probe,200,5507.85,success,,200,success
p3-ex-official-vu200,eccbf8d7-cd1a-42ba-a1c7-4f702b271443,2026-08-31T18:25:09.445Z,separate_executor,quote_run_dispatch_probe,200,5201.85,success,,200,success
p3-ex-official-vu200,b5b6934f-6359-44a2-8210-22bd62a4c498,2026-08-31T18:25:09.449Z,separate_executor,quote_run_dispatch_probe,200,5650.3,success,,200,success
p3-ex-official-vu200,fcf75771-8906-452f-84d0-51823e41a1ae,2026-08-31T18:25:09.450Z,separate_executor,quote_run_dispatch_probe,200,5208.21,success,,200,success
p3-ex-official-vu200,a4ad0acd-9261-4391-ad15-6da53eae463e,2026-08-31T18:25:09.461Z,separate_executor,quote_run_dispatch_probe,200,5527.28,success,,200,success
p3-ex-official-vu200,a8004a28-90bb-4ab3-9be8-7944238fd547,2026-08-31T18:25:09.580Z,separate_executor,quote_run_dispatch_probe,200,5229.15,success,,200,success
p3-ex-official-vu200,fe813b4c-5433-4788-b64e-60b5cd084e1c,2026-08-31T18:25:09.592Z,separate_executor,quote_run_dispatch_probe,200,5502.21,success,,200,success
p3-ex-official-vu200,b15247fd-2fac-4d4d-b698-eb4c54287cb6,2026-08-31T18:25:09.602Z,separate_executor,quote_run_dispatch_probe,200,5193.14,success,,200,success
p3-ex-official-vu200,50e5455c-53e6-439a-bcc3-4e80f51d8487,2026-08-31T18:25:09.735Z,separate_executor,quote_run_dispatch_probe,200,5370.43,success,,200,success
p3-ex-official-vu200,2c85a086-f4dc-4f3c-a6b7-2fd992f5fdba,2026-08-31T18:25:09.745Z,separate_executor,quote_run_dispatch_probe,200,5394.39,success,,200,success
p3-ex-official-vu200,bccc0dcf-a52d-460a-9ed8-29af5eca7b20,2026-08-31T18:25:09.750Z,separate_executor,quote_run_dispatch_probe,200,5505.68,success,,200,success
p3-ex-official-vu200,9cc8ca87-2e20-4d7f-b643-4298bb18320c,2026-08-31T18:25:09.751Z,separate_executor,quote_run_dispatch_probe,200,5506.81,success,,200,success
p3-ex-official-vu200,bbf3355d-4dcc-44aa-b714-15643cc74602,2026-08-31T18:25:09.779Z,separate_executor,quote_run_dispatch_probe,200,5535.03,success,,200,success
p3-ex-official-vu200,fc2fc18a-a2c4-42ce-947a-87c15ff6b2a6,2026-08-31T18:25:09.827Z,separate_executor,quote_run_dispatch_probe,200,5591.78,success,,200,success
p3-ex-official-vu200,c242d6bb-d308-4f22-b1a9-c499a3496383,2026-08-31T18:25:09.892Z,separate_executor,quote_run_dispatch_probe,200,5611.03,success,,200,success
p3-ex-official-vu200,aecd9df9-807f-4265-8f6d-defe613a0f82,2026-08-31T18:25:09.893Z,separate_executor,quote_run_dispatch_probe,200,5656.85,success,,200,success
p3-ex-official-vu200,80c7ca38-0e31-4b10-a75e-26a50f20377a,2026-08-31T18:25:09.894Z,separate_executor,quote_run_dispatch_probe,200,5599,success,,200,success
p3-ex-official-vu200,edba5762-2624-4c76-8a6b-c83aef5fda10,2026-08-31T18:25:09.895Z,separate_executor,quote_run_dispatch_probe,200,5612.5,success,,200,success
p3-ex-official-vu200,750c7f99-edfc-417d-a38b-14be6a651300,2026-08-31T18:25:09.899Z,separate_executor,quote_run_dispatch_probe,200,5146.92,success,,200,success
p3-ex-official-vu200,ea5425cd-e467-4395-89a1-11297b758770,2026-08-31T18:25:09.900Z,separate_executor,quote_run_dispatch_probe,200,5475.05,success,,200,success
p3-ex-official-vu200,3bf3d3f7-aa3f-42f6-8896-e32c8eb19a02,2026-08-31T18:25:09.906Z,separate_executor,quote_run_dispatch_probe,200,5665.02,success,,200,success
p3-ex-official-vu200,a10dc5fc-3092-4df1-ba13-44757b442094,2026-08-31T18:25:09.909Z,separate_executor,quote_run_dispatch_probe,200,5674.93,success,,200,success
p3-ex-official-vu200,7b68d912-89c0-4084-8c66-25f29a212ca7,2026-08-31T18:25:09.976Z,separate_executor,quote_run_dispatch_probe,200,5553.7,success,,200,success
p3-ex-official-vu200,1cbeede3-04d7-46be-914a-67922673f573,2026-08-31T18:25:09.986Z,separate_executor,quote_run_dispatch_probe,200,5509.49,success,,200,success
p3-ex-official-vu200,16596b3c-105d-4718-bef4-e30f9a259a9b,2026-08-31T18:25:09.990Z,separate_executor,quote_run_dispatch_probe,200,5509.63,success,,200,success
p3-ex-official-vu200,abce9a7b-9c18-4127-b195-f116e80ebcd6,2026-08-31T18:25:09.991Z,separate_executor,quote_run_dispatch_probe,200,5590.41,success,,200,success
p3-ex-official-vu200,aae6cfa5-592c-43b5-8ec3-cb6ff1b8445a,2026-08-31T18:25:09.995Z,separate_executor,quote_run_dispatch_probe,200,5512.67,success,,200,success
p3-ex-official-vu200,66a7bed8-f0ee-4665-90b3-8df39b2f624e,2026-08-31T18:25:09.998Z,separate_executor,quote_run_dispatch_probe,200,5769.32,success,,200,success
p3-ex-official-vu200,9affe78e-a396-4783-96e6-02fcfb193194,2026-08-31T18:25:10.062Z,separate_executor,quote_run_dispatch_probe,200,5669.74,success,,200,success
p3-ex-official-vu200,e159049d-7bdc-423e-95c5-19d3e4f256a0,2026-08-31T18:25:10.068Z,separate_executor,quote_run_dispatch_probe,200,5772.98,success,,200,success
p3-ex-official-vu200,c096c4f3-eacc-4d16-9a6e-18a899a92462,2026-08-31T18:25:10.167Z,separate_executor,quote_run_dispatch_probe,200,5413.98,success,,200,success
p3-ex-official-vu200,01ce2500-3143-4b44-92d7-2fd2c909e7ba,2026-08-31T18:25:10.215Z,separate_executor,quote_run_dispatch_probe,200,5399.42,success,,200,success
p3-ex-official-vu200,52cb177f-08bf-4026-b710-88a57c3d2207,2026-08-31T18:25:10.374Z,separate_executor,quote_run_dispatch_probe,200,5627.98,success,,200,success
p3-ex-official-vu200,fd81d352-6be6-4a00-802e-949a623a9526,2026-08-31T18:25:10.377Z,separate_executor,quote_run_dispatch_probe,200,5579.69,success,,200,success
p3-ex-official-vu200,2007da4e-a729-461e-b1d0-cfe753d6ccde,2026-08-31T18:25:10.393Z,separate_executor,quote_run_dispatch_probe,200,5596.25,success,,200,success
p3-ex-official-vu200,5e20badc-f786-496d-ad24-8ad27f75b17d,2026-08-31T18:25:10.423Z,separate_executor,quote_run_dispatch_probe,200,5443.12,success,,200,success
p3-ex-official-vu200,cfb15a77-6c8e-42e4-895b-ee46c4d51859,2026-08-31T18:25:10.424Z,separate_executor,quote_run_dispatch_probe,200,5491.5,success,,200,success
p3-ex-official-vu200,fc471ffe-2a89-4ca6-989b-800e80f6d51e,2026-08-31T18:25:10.427Z,separate_executor,quote_run_dispatch_probe,200,5754.99,success,,200,success
p3-ex-official-vu200,74a8e0db-b63e-4058-b3c7-6bf741dec301,2026-08-31T18:25:10.430Z,separate_executor,quote_run_dispatch_probe,200,5637.04,success,,200,success
p3-ex-official-vu200,14bfddbe-fef5-43e5-8947-316c9c0a302c,2026-08-31T18:25:10.431Z,separate_executor,quote_run_dispatch_probe,200,5672.1,success,,200,success
p3-ex-official-vu200,135826b4-4e98-4857-baa6-4a2d3722c6d4,2026-08-31T18:25:10.460Z,separate_executor,quote_run_dispatch_probe,200,5583.52,success,,200,success
p3-ex-official-vu200,33375680-9666-4878-bde3-e7917179996e,2026-08-31T18:25:10.463Z,separate_executor,quote_run_dispatch_probe,200,5715.95,success,,200,success
p3-ex-official-vu200,4c483c0a-fe0e-42c8-ad54-8dd93f095d26,2026-08-31T18:25:10.466Z,separate_executor,quote_run_dispatch_probe,200,5480.17,success,,200,success
p3-ex-official-vu200,f8729078-6d87-4fcc-9429-f447a16de0c6,2026-08-31T18:25:10.477Z,separate_executor,quote_run_dispatch_probe,200,5526.32,success,,200,success
p3-ex-official-vu200,e66f6f9b-c22e-4da0-98c3-208ee493c452,2026-08-31T18:25:10.482Z,separate_executor,quote_run_dispatch_probe,200,5282.8,success,,200,success
p3-ex-official-vu200,91bfbaa2-c005-45a4-b6be-feedf58689e7,2026-08-31T18:25:10.489Z,separate_executor,quote_run_dispatch_probe,200,5628.3,success,,200,success
p3-ex-official-vu200,afdb9477-2f2f-4f58-8cf5-94ccfbf3a959,2026-08-31T18:25:10.493Z,separate_executor,quote_run_dispatch_probe,200,5482.09,success,,200,success
p3-ex-official-vu200,880169ae-0e83-4a74-b7ed-157837738192,2026-08-31T18:25:10.494Z,separate_executor,quote_run_dispatch_probe,200,5699.9,success,,200,success
p3-ex-official-vu200,6e8d044d-80cf-4ce5-bd3e-2c21438dfe9a,2026-08-31T18:25:10.513Z,separate_executor,quote_run_dispatch_probe,200,5438.2,success,,200,success
p3-ex-official-vu200,651a5fb4-3b80-45e4-a22a-e04bd1232745,2026-08-31T18:25:10.580Z,separate_executor,quote_run_dispatch_probe,200,5637.75,success,,200,success
p3-ex-official-vu200,996e287c-84e1-48d2-a7a3-9ee382e8768c,2026-08-31T18:25:10.633Z,separate_executor,quote_run_dispatch_probe,200,5496.55,success,,200,success
p3-ex-official-vu200,6311e565-0cd7-4911-b986-137d2f2adcd5,2026-08-31T18:25:10.685Z,separate_executor,quote_run_dispatch_probe,200,5510.6,success,,200,success
p3-ex-official-vu200,6bfdb198-40a9-47d6-b168-7eabea459312,2026-08-31T18:25:10.710Z,separate_executor,quote_run_dispatch_probe,200,5797.01,success,,200,success
p3-ex-official-vu200,fbd077d2-58ee-4b9f-a539-44ef584f60ec,2026-08-31T18:25:10.712Z,separate_executor,quote_run_dispatch_probe,200,5287.86,success,,200,success
p3-ex-official-vu200,8c06cf20-7cd3-4022-98b7-682e336fe29f,2026-08-31T18:25:10.717Z,separate_executor,quote_run_dispatch_probe,200,5714.79,success,,200,success
p3-ex-official-vu200,f7fe369d-ce0a-40db-80e0-176f3b25fd51,2026-08-31T18:25:10.720Z,separate_executor,quote_run_dispatch_probe,200,5924.06,success,,200,success
p3-ex-official-vu200,04e5f07a-5e49-4002-a9fb-7a427679fb70,2026-08-31T18:25:10.723Z,separate_executor,quote_run_dispatch_probe,200,5672.97,success,,200,success
p3-ex-official-vu200,60db14db-cfaa-429c-b52c-7fed59c99037,2026-08-31T18:25:10.775Z,separate_executor,quote_run_dispatch_probe,200,5574.65,success,,200,success
p3-ex-official-vu200,9b901c33-e79a-48ca-942e-a33bf568829f,2026-08-31T18:25:10.858Z,separate_executor,quote_run_dispatch_probe,200,5426.16,success,,200,success
p3-ex-official-vu200,8a065e55-6ac4-4036-af93-941c5c3a4adf,2026-08-31T18:25:10.940Z,separate_executor,quote_run_dispatch_probe,200,5470.13,success,,200,success
p3-ex-official-vu200,89c780a1-aa11-4a48-97c6-9fcd3cd43bbf,2026-08-31T18:25:10.949Z,separate_executor,quote_run_dispatch_probe,200,5401.53,success,,200,success
p3-ex-official-vu200,38eb6bc0-f0c7-43a8-a2da-143ff8b158d4,2026-08-31T18:25:10.953Z,separate_executor,quote_run_dispatch_probe,200,5486.73,success,,200,success
p3-ex-official-vu200,ad759c2a-fd56-4568-8e4d-bc54be5ac20a,2026-08-31T18:25:11.050Z,separate_executor,quote_run_dispatch_probe,200,5582.05,success,,200,success
p3-ex-official-vu200,ecd2ec88-2064-4fee-9e3f-7732c8e5a9ce,2026-08-31T18:25:11.092Z,separate_executor,quote_run_dispatch_probe,200,5547.5,success,,200,success
p3-ex-official-vu200,3eef0cd9-1feb-4c9b-8e3b-152b1cb357a1,2026-08-31T18:25:11.108Z,separate_executor,quote_run_dispatch_probe,200,5430.73,success,,200,success
p3-ex-official-vu200,f8456ea4-7930-47df-a423-bdc3abf5733e,2026-08-31T18:25:11.129Z,separate_executor,quote_run_dispatch_probe,200,5380.03,success,,200,success
p3-ex-official-vu200,e4869761-7860-489b-ac21-27f0ae402fee,2026-08-31T18:25:11.151Z,separate_executor,quote_run_dispatch_probe,200,5483.93,success,,200,success
p3-ex-official-vu200,47702a61-2be3-4513-80e9-ce7402a6c461,2026-08-31T18:25:11.163Z,separate_executor,quote_run_dispatch_probe,200,5577.73,success,,200,success
p3-ex-official-vu200,ad68c625-6e7b-4aac-9634-12060d8fcc43,2026-08-31T18:25:11.225Z,separate_executor,quote_run_dispatch_probe,200,5751.53,success,,200,success
p3-ex-official-vu200,ef7ee3ce-ee7e-4377-acf6-7857e3bab2d9,2026-08-31T18:25:11.263Z,separate_executor,quote_run_dispatch_probe,200,5572.27,success,,200,success
p3-ex-official-vu200,105ca502-0c6f-4198-8d07-bb70147f00e0,2026-08-31T18:25:11.273Z,separate_executor,quote_run_dispatch_probe,200,5146.82,success,,200,success
p3-ex-official-vu200,89c90e77-2171-4531-96a7-64dce43528e9,2026-08-31T18:25:11.324Z,separate_executor,quote_run_dispatch_probe,200,5365.66,success,,200,success
p3-ex-official-vu200,17ef0173-ff53-4bee-b811-11a7d0f2eb58,2026-08-31T18:25:11.335Z,separate_executor,quote_run_dispatch_probe,200,5919.13,success,,200,success
p3-ex-official-vu200,5b60bc11-a2f8-47d8-b0aa-f7d34068cc44,2026-08-31T18:25:11.358Z,separate_executor,quote_run_dispatch_probe,200,5232.46,success,,200,success
p3-ex-official-vu200,59659d65-6ec5-4698-bd63-2bffc9139e72,2026-08-31T18:25:11.367Z,separate_executor,quote_run_dispatch_probe,200,5375.09,success,,200,success
p3-ex-official-vu200,749b550a-4681-4769-aba3-357acb7c6cb0,2026-08-31T18:25:11.446Z,separate_executor,quote_run_dispatch_probe,200,5320.74,success,,200,success
p3-ex-official-vu200,86e829ee-3428-43ef-82eb-c4d4929c8087,2026-08-31T18:25:11.447Z,separate_executor,quote_run_dispatch_probe,200,5417.98,success,,200,success
p3-ex-official-vu200,77b9b986-811b-4126-a1d7-cda5c819a229,2026-08-31T18:25:11.462Z,separate_executor,quote_run_dispatch_probe,200,5469.28,success,,200,success
p3-ex-official-vu200,839d4eae-a7bf-444c-8ea1-746d9aa8ad85,2026-08-31T18:25:11.467Z,separate_executor,quote_run_dispatch_probe,200,5431.61,success,,200,success
p3-ex-official-vu200,93763e9a-d23e-4258-8e6e-d4de502c2447,2026-08-31T18:25:11.523Z,separate_executor,quote_run_dispatch_probe,200,5263.9,success,,200,success
p3-ex-official-vu200,250819a0-3281-462e-8da9-76f688c0ad80,2026-08-31T18:25:11.579Z,separate_executor,quote_run_dispatch_probe,200,5835.76,success,,200,success
p3-ex-official-vu200,4567de5e-363d-482e-b94d-b654b7056480,2026-08-31T18:25:11.630Z,separate_executor,quote_run_dispatch_probe,200,5359.97,success,,200,success
p3-ex-official-vu200,eb7a3e4b-88c1-4efe-b3c4-d25d0f830b61,2026-08-31T18:25:11.631Z,separate_executor,quote_run_dispatch_probe,200,5338.25,success,,200,success
p3-ex-official-vu200,955b8198-efa5-46f3-b9ff-fbedffc7d83d,2026-08-31T18:25:11.649Z,separate_executor,quote_run_dispatch_probe,200,5366.79,success,,200,success
p3-ex-official-vu200,cf80d713-0e03-4f1d-a777-31a1897e0381,2026-08-31T18:25:11.656Z,separate_executor,quote_run_dispatch_probe,200,5370.83,success,,200,success
p3-ex-official-vu200,be7a5217-5a27-4350-b195-7820440e7561,2026-08-31T18:25:11.675Z,separate_executor,quote_run_dispatch_probe,200,5388.3,success,,200,success
p3-ex-official-vu200,5379688e-2b52-4050-a612-10c3abb60035,2026-08-31T18:25:11.677Z,separate_executor,quote_run_dispatch_probe,200,5262.31,success,,200,success
p3-ex-official-vu200,3f1f7e92-e0c3-4396-b1bd-4b3bfd18d348,2026-08-31T18:25:11.682Z,separate_executor,quote_run_dispatch_probe,200,5981.54,success,,200,success
p3-ex-official-vu200,19a6da82-3c24-4604-b72d-d035771209f7,2026-08-31T18:25:11.725Z,separate_executor,quote_run_dispatch_probe,200,5071.09,success,,200,success
p3-ex-official-vu200,691054ae-1819-4529-b15d-63bfef5949bf,2026-08-31T18:25:11.728Z,separate_executor,quote_run_dispatch_probe,200,5195.36,success,,200,success
p3-ex-official-vu200,13d8fb6f-7546-4725-a45f-057ef86a78f4,2026-08-31T18:25:11.740Z,separate_executor,quote_run_dispatch_probe,200,5624.36,success,,200,success
p3-ex-official-vu200,a8f3f6d2-f433-4a15-9984-ed9fd5b277f4,2026-08-31T18:25:11.782Z,separate_executor,quote_run_dispatch_probe,200,5711.11,success,,200,success
p3-ex-official-vu200,cc58732e-e485-46aa-8fb4-c38bc2493f15,2026-08-31T18:25:11.823Z,separate_executor,quote_run_dispatch_probe,200,5291.77,success,,200,success
p3-ex-official-vu200,45883b31-49dd-44c5-bc07-2a8e507584ca,2026-08-31T18:25:11.848Z,separate_executor,quote_run_dispatch_probe,200,5423.37,success,,200,success
p3-ex-official-vu200,e17b5432-0eec-438b-8b87-d279ee9cc14b,2026-08-31T18:25:11.856Z,separate_executor,quote_run_dispatch_probe,200,5559.67,success,,200,success
p3-ex-official-vu200,51d99d11-7978-4928-8a38-265805f566af,2026-08-31T18:25:11.901Z,separate_executor,quote_run_dispatch_probe,200,5820.2,success,,200,success
p3-ex-official-vu200,3cc48e4a-1fdc-48ff-be6e-d8e1965c0f0f,2026-08-31T18:25:11.967Z,separate_executor,quote_run_dispatch_probe,200,5670.31,success,,200,success
p3-ex-official-vu200,add1a059-af7b-4f38-ac78-3d90e7464897,2026-08-31T18:25:12.033Z,separate_executor,quote_run_dispatch_probe,200,5514.64,success,,200,success
p3-ex-official-vu200,2601bd21-d1a2-4ccc-812a-822d920b4fed,2026-08-31T18:25:12.119Z,separate_executor,quote_run_dispatch_probe,200,5317.38,success,,200,success
p3-ex-official-vu200,b78de6b0-c56c-442d-85e5-dada84d0c92d,2026-08-31T18:25:12.194Z,separate_executor,quote_run_dispatch_probe,200,5557.83,success,,200,success
p3-ex-official-vu200,3351c254-7e67-4d33-b61b-12acfcd605b6,2026-08-31T18:25:12.275Z,separate_executor,quote_run_dispatch_probe,200,5267.33,success,,200,success
p3-ex-official-vu200,634b6bb0-1ccb-411a-9441-2b0bae30c0e7,2026-08-31T18:25:12.297Z,separate_executor,quote_run_dispatch_probe,200,5693.42,success,,200,success
p3-ex-official-vu200,a2cc30d3-b638-4a23-be71-f9db84dfebb7,2026-08-31T18:25:12.362Z,separate_executor,quote_run_dispatch_probe,200,5515.68,success,,200,success
p3-ex-official-vu200,bd343bf3-6be8-4b08-a070-88d14c57b674,2026-08-31T18:25:12.397Z,separate_executor,quote_run_dispatch_probe,200,5323.26,success,,200,success
p3-ex-official-vu200,42935e23-0b7a-4ad5-84ae-120e686d3895,2026-08-31T18:25:12.429Z,separate_executor,quote_run_dispatch_probe,200,5698.73,success,,200,success
p3-ex-official-vu200,519fd555-4ff0-440b-9e68-861624d4f28b,2026-08-31T18:25:12.495Z,separate_executor,quote_run_dispatch_probe,200,5367.87,success,,200,success
p3-ex-official-vu200,2c7c6508-3ea1-4d97-9a1e-d31103cbb962,2026-08-31T18:25:12.496Z,separate_executor,quote_run_dispatch_probe,200,5101.32,success,,200,success
p3-ex-official-vu200,a18b9681-2294-4bf9-82cf-ae8172e18cb5,2026-08-31T18:25:12.559Z,separate_executor,quote_run_dispatch_probe,200,5248.97,success,,200,success
p3-ex-official-vu200,60f1817d-7595-4318-a4bc-3bc91ce2c7b3,2026-08-31T18:25:12.582Z,separate_executor,quote_run_dispatch_probe,200,5488.36,success,,200,success
p3-ex-official-vu200,721be4c7-e2c7-4e07-bbc8-edf088177cb8,2026-08-31T18:25:12.642Z,separate_executor,quote_run_dispatch_probe,200,5705.12,success,,200,success
p3-ex-official-vu200,2bea2220-bd84-437d-b498-fbe89894fef8,2026-08-31T18:25:12.644Z,separate_executor,quote_run_dispatch_probe,200,5447.17,success,,200,success
p3-ex-official-vu200,18f32875-f97e-4e99-ae78-f6a86049487e,2026-08-31T18:25:12.646Z,separate_executor,quote_run_dispatch_probe,200,5350.72,success,,200,success
p3-ex-official-vu200,9c6176d6-96e9-4b98-9c26-c2b906a2e28f,2026-08-31T18:25:12.677Z,separate_executor,quote_run_dispatch_probe,200,5203.98,success,,200,success
p3-ex-official-vu200,dedfaf47-bc1f-4a11-9096-69c2688f484c,2026-08-31T18:25:12.745Z,separate_executor,quote_run_dispatch_probe,200,5351.42,success,,200,success
p3-ex-official-vu200,c0ea9439-eac3-418b-8c5b-ee86713a25b5,2026-08-31T18:25:12.757Z,separate_executor,quote_run_dispatch_probe,200,5568.51,success,,200,success
p3-ex-official-vu200,06d0e1e6-23ff-4bac-8fa4-7bb2821c7b19,2026-08-31T18:25:12.763Z,separate_executor,quote_run_dispatch_probe,200,5297.36,success,,200,success
p3-ex-official-vu200,20e02d99-18a3-44bd-bea9-e25ffe26128a,2026-08-31T18:25:12.768Z,separate_executor,quote_run_dispatch_probe,200,5258.51,success,,200,success
p3-ex-official-vu200,e09af60d-3451-45d6-a05f-b2e5cdc0e1c1,2026-08-31T18:25:12.792Z,separate_executor,quote_run_dispatch_probe,200,5155.79,success,,200,success
p3-ex-official-vu200,bacb8313-4489-4354-8c45-a57194895655,2026-08-31T18:25:12.793Z,separate_executor,quote_run_dispatch_probe,200,5328.24,success,,200,success
p3-ex-official-vu200,1bb3a942-a104-42ce-bb6e-426f2133878d,2026-08-31T18:25:12.815Z,separate_executor,quote_run_dispatch_probe,200,5264.97,success,,200,success
p3-ex-official-vu200,c6d667cf-4180-4de3-b89f-876f880f1389,2026-08-31T18:25:12.827Z,separate_executor,quote_run_dispatch_probe,200,5248.1,success,,200,success
p3-ex-official-vu200,9bf4d70d-e6ff-4efe-801a-c56549dabda6,2026-08-31T18:25:12.880Z,separate_executor,quote_run_dispatch_probe,200,5416.61,success,,200,success
p3-ex-official-vu200,5428f764-802b-494e-ac9c-8d3112bf733e,2026-08-31T18:25:12.893Z,separate_executor,quote_run_dispatch_probe,200,5471.12,success,,200,success
p3-ex-official-vu200,8eaa2b1d-2879-49ab-90aa-ebf38d1b924b,2026-08-31T18:25:12.903Z,separate_executor,quote_run_dispatch_probe,200,5224.48,success,,200,success
p3-ex-official-vu200,a393758b-9cc8-4733-a4c0-e398483221f8,2026-08-31T18:25:12.994Z,separate_executor,quote_run_dispatch_probe,200,5131.28,success,,200,success
p3-ex-official-vu200,4da9d78e-8d2e-4ed6-a1f3-d783b1148092,2026-08-31T18:25:12.996Z,separate_executor,quote_run_dispatch_probe,200,5476.88,success,,200,success
p3-ex-official-vu200,43993db0-d087-4c8d-91a9-2949349ad25f,2026-08-31T18:25:13.009Z,separate_executor,quote_run_dispatch_probe,200,5210.8,success,,200,success
p3-ex-official-vu200,ff58faa1-b434-475f-84d3-8d6fff41d36a,2026-08-31T18:25:13.094Z,separate_executor,quote_run_dispatch_probe,200,5258.52,success,,200,success
p3-ex-official-vu200,fba92f95-d90b-413d-a364-c85d6f8907c8,2026-08-31T18:25:13.099Z,separate_executor,quote_run_dispatch_probe,200,5430.27,success,,200,success
p3-ex-official-vu200,acc33f39-33a4-4a44-b517-1bb49ebb241a,2026-08-31T18:25:13.109Z,separate_executor,quote_run_dispatch_probe,200,5526.06,success,,200,success
p3-ex-official-vu200,57fc362d-d1f7-46ac-bb6f-c809b89a99c0,2026-08-31T18:25:13.110Z,separate_executor,quote_run_dispatch_probe,200,5464.34,success,,200,success
p3-ex-official-vu200,bb625ef3-d5d6-4afa-aec3-2b71fe935228,2026-08-31T18:25:13.111Z,separate_executor,quote_run_dispatch_probe,200,5417.62,success,,200,success
p3-ex-official-vu200,f84ee432-2e0c-47dd-82c3-fb67d1a77915,2026-08-31T18:25:13.114Z,separate_executor,quote_run_dispatch_probe,200,5348.31,success,,200,success
p3-ex-official-vu200,55f8ce75-342b-4d52-b6dc-c628a886f698,2026-08-31T18:25:13.117Z,separate_executor,quote_run_dispatch_probe,200,5633.5,success,,200,success
p3-ex-official-vu200,bfcb4275-6322-4478-a50f-2c5f3b63e3f1,2026-08-31T18:25:13.124Z,separate_executor,quote_run_dispatch_probe,200,5262.56,success,,200,success
p3-ex-official-vu200,ab1ba9be-1e9f-4cb7-a6fd-5da2e77f35b5,2026-08-31T18:25:13.178Z,separate_executor,quote_run_dispatch_probe,200,5445.86,success,,200,success
p3-ex-official-vu200,5ce0ebdf-c5b0-4772-a80f-e064807d839f,2026-08-31T18:25:13.180Z,separate_executor,quote_run_dispatch_probe,200,5416.01,success,,200,success
p3-ex-official-vu200,5807c0ff-fcf6-4a63-83c8-84f6b838100c,2026-08-31T18:25:13.191Z,separate_executor,quote_run_dispatch_probe,200,5140.75,success,,200,success
p3-ex-official-vu200,e880ae2c-4cdd-4b0b-bc13-6f6444465442,2026-08-31T18:25:13.231Z,separate_executor,quote_run_dispatch_probe,200,5514.25,success,,200,success
p3-ex-official-vu200,b3c3a9c1-d5eb-40c8-af1f-2c5ac8d8bcf5,2026-08-31T18:25:13.251Z,separate_executor,quote_run_dispatch_probe,200,5372.67,success,,200,success
p3-ex-official-vu200,a6bec921-fff5-45be-9a5b-3bcb166ebc04,2026-08-31T18:25:13.267Z,separate_executor,quote_run_dispatch_probe,200,5565.99,success,,200,success
p3-ex-official-vu200,60058f32-8b10-452b-9407-a230a9dd615f,2026-08-31T18:25:13.273Z,separate_executor,quote_run_dispatch_probe,200,5391.91,success,,200,success
p3-ex-official-vu200,7ab2b715-f17b-4c88-bfc0-246f73783b4f,2026-08-31T18:25:13.275Z,separate_executor,quote_run_dispatch_probe,200,5226.01,success,,200,success
p3-ex-official-vu200,30888e14-a018-4f78-9856-5cb3cc518862,2026-08-31T18:25:13.283Z,separate_executor,quote_run_dispatch_probe,200,5454.14,success,,200,success
p3-ex-official-vu200,cf58d299-57c8-4e3f-8929-22651f25d70a,2026-08-31T18:25:13.309Z,separate_executor,quote_run_dispatch_probe,200,5613.49,success,,200,success
p3-ex-official-vu200,94745a76-5a94-4f1e-b6ff-add74585b977,2026-08-31T18:25:13.312Z,separate_executor,quote_run_dispatch_probe,200,5648.97,success,,200,success
p3-ex-official-vu200,efb19b59-5886-4e3a-928f-1a44ed817ed3,2026-08-31T18:25:13.316Z,separate_executor,quote_run_dispatch_probe,200,5532.69,success,,200,success
p3-ex-official-vu200,987afa50-5c49-4569-8b5e-dc9d42965820,2026-08-31T18:25:13.319Z,separate_executor,quote_run_dispatch_probe,200,5197.69,success,,200,success
p3-ex-official-vu200,698a14c0-f5af-43a7-8cce-13661fa0fc7a,2026-08-31T18:25:13.332Z,separate_executor,quote_run_dispatch_probe,200,5198.71,success,,200,success
p3-ex-official-vu200,e92de946-2c9b-4d71-af98-aaa8bad3adc7,2026-08-31T18:25:13.390Z,separate_executor,quote_run_dispatch_probe,200,5322.71,success,,200,success
p3-ex-official-vu200,eefa6bc7-929d-4257-8097-031d48b9be80,2026-08-31T18:25:13.436Z,separate_executor,quote_run_dispatch_probe,200,5357.35,success,,200,success
p3-ex-official-vu200,269b86d8-6072-4d58-95c3-6edf071dea8d,2026-08-31T18:25:13.475Z,separate_executor,quote_run_dispatch_probe,200,5343.46,success,,200,success
p3-ex-official-vu200,06c8c5b0-81c5-4b1e-8754-fa39a146788f,2026-08-31T18:25:13.562Z,separate_executor,quote_run_dispatch_probe,200,5471.7,success,,200,success
p3-ex-official-vu200,fae1892a-d46b-466b-854c-82628fcc0e6a,2026-08-31T18:25:13.577Z,separate_executor,quote_run_dispatch_probe,200,5397.46,success,,200,success
p3-ex-official-vu200,02b24864-fd47-4338-b058-e218b8ff4e1a,2026-08-31T18:25:13.577Z,separate_executor,quote_run_dispatch_probe,200,5798.26,success,,200,success
p3-ex-official-vu200,209fb737-f95e-4612-a8dc-7c70c9fec485,2026-08-31T18:25:13.595Z,separate_executor,quote_run_dispatch_probe,200,5410.88,success,,200,success
p3-ex-official-vu200,9b368002-1759-4e13-92f5-ee370c461f2e,2026-08-31T18:25:13.605Z,separate_executor,quote_run_dispatch_probe,200,5811.05,success,,200,success
p3-ex-official-vu200,da807d80-bb61-4c77-86ba-0bb4bbe180b6,2026-08-31T18:25:13.610Z,separate_executor,quote_run_dispatch_probe,200,5441.52,success,,200,success
p3-ex-official-vu200,4755b92c-83af-40ad-bd84-6c416e9326a0,2026-08-31T18:25:13.658Z,separate_executor,quote_run_dispatch_probe,200,5372.87,success,,200,success
p3-ex-official-vu200,2886a5ad-760e-4e21-b77c-9a37e135be1b,2026-08-31T18:25:13.731Z,separate_executor,quote_run_dispatch_probe,200,5608.32,success,,200,success
p3-ex-official-vu200,30dcfea8-a774-4daf-8d8c-fa97b04f5413,2026-08-31T18:25:13.842Z,separate_executor,quote_run_dispatch_probe,200,5431.35,success,,200,success
p3-ex-official-vu200,873be41c-b31d-4eb0-932d-097c1056223d,2026-08-31T18:25:13.929Z,separate_executor,quote_run_dispatch_probe,200,6047.02,success,,200,success
p3-ex-official-vu200,9fb559c4-6dfc-458c-9948-af5b803c90b2,2026-08-31T18:25:13.968Z,separate_executor,quote_run_dispatch_probe,200,5393.14,success,,200,success
p3-ex-official-vu200,b1914538-36ef-414e-a70f-2593863708d0,2026-08-31T18:25:14.217Z,separate_executor,quote_run_dispatch_probe,200,5406.36,success,,200,success
p3-ex-official-vu200,4bf45111-d9a6-4c55-84f5-75104f016d38,2026-08-31T18:25:14.218Z,separate_executor,quote_run_dispatch_probe,200,5517.31,success,,200,success
p3-ex-official-vu200,4deaae7c-af7a-4b67-8023-ed8d14f20fca,2026-08-31T18:25:14.218Z,separate_executor,quote_run_dispatch_probe,200,5757.34,success,,200,success
p3-ex-official-vu200,8bf2ff50-f94b-412a-a127-13f84e767679,2026-08-31T18:25:14.223Z,separate_executor,quote_run_dispatch_probe,200,5416.47,success,,200,success
p3-ex-official-vu200,df27c066-7312-4feb-b5f5-06911bb01445,2026-08-31T18:25:14.225Z,separate_executor,quote_run_dispatch_probe,200,5396.36,success,,200,success
p3-ex-official-vu200,6f9847cb-3a54-4b96-bd70-29ad11222730,2026-08-31T18:25:14.226Z,separate_executor,quote_run_dispatch_probe,200,5847,success,,200,success
p3-ex-official-vu200,0c3646ef-899f-4cdb-8d78-edd58e3e096a,2026-08-31T18:25:14.226Z,separate_executor,quote_run_dispatch_probe,200,5414.02,success,,200,success
p3-ex-official-vu200,c06fb546-f9b0-4fad-be26-a3cf3149c4da,2026-08-31T18:25:14.226Z,separate_executor,quote_run_dispatch_probe,200,5342.17,success,,200,success
p3-ex-official-vu200,2a266aed-49be-45e8-a45e-dd2929e0f3bf,2026-08-31T18:25:14.228Z,separate_executor,quote_run_dispatch_probe,200,5479.16,success,,200,success
p3-ex-official-vu200,3bfe1c67-033e-4456-8235-5d4064b82999,2026-08-31T18:25:14.228Z,separate_executor,quote_run_dispatch_probe,200,5389.61,success,,200,success
p3-ex-official-vu200,8c053220-7c67-4cc4-8b66-21f4a281b11f,2026-08-31T18:25:14.228Z,separate_executor,quote_run_dispatch_probe,200,5651.66,success,,200,success
p3-ex-official-vu200,d2394431-dca4-48e1-9095-24acd2b78390,2026-08-31T18:25:14.229Z,separate_executor,quote_run_dispatch_probe,200,5331.6,success,,200,success
p3-ex-official-vu200,e8201914-b0b5-4a58-b5ac-4bf02b429a08,2026-08-31T18:25:14.230Z,separate_executor,quote_run_dispatch_probe,200,5502.3,success,,200,success
p3-ex-official-vu200,6ddfceb6-6235-49e7-8581-65c54238f267,2026-08-31T18:25:14.233Z,separate_executor,quote_run_dispatch_probe,200,5414.21,success,,200,success
p3-ex-official-vu200,ba6b50f7-615c-47de-98e8-b780ad34eedb,2026-08-31T18:25:14.368Z,separate_executor,quote_run_dispatch_probe,200,5461.18,success,,200,success
p3-ex-official-vu200,201393f5-76b7-4a74-ad11-8580444ab65d,2026-08-31T18:25:14.394Z,separate_executor,quote_run_dispatch_probe,200,5325.95,success,,200,success
p3-ex-official-vu200,00a7d5ab-c421-4475-bada-cc706cf693d1,2026-08-31T18:25:14.395Z,separate_executor,quote_run_dispatch_probe,200,5330.8,success,,200,success
p3-ex-official-vu200,63ae2ca1-10da-42c7-bbb9-339c604a6f13,2026-08-31T18:25:14.398Z,separate_executor,quote_run_dispatch_probe,200,5372.04,success,,200,success
p3-ex-official-vu200,32ddf7ae-ec4c-455b-9359-3016cc0f5236,2026-08-31T18:25:14.398Z,separate_executor,quote_run_dispatch_probe,200,5556.83,success,,200,success
p3-ex-official-vu200,1e259a04-5747-4414-af7f-380d5f2f9cc9,2026-08-31T18:25:14.400Z,separate_executor,quote_run_dispatch_probe,200,5343.03,success,,200,success
p3-ex-official-vu200,408937fe-c896-4f63-9703-ac18d1d31b64,2026-08-31T18:25:14.400Z,separate_executor,quote_run_dispatch_probe,200,5505.88,success,,200,success
p3-ex-official-vu200,16a6f741-db51-48f2-88bb-6aebcea64c34,2026-08-31T18:25:14.418Z,separate_executor,quote_run_dispatch_probe,200,5491.89,success,,200,success
p3-ex-official-vu200,375d67b0-3f35-4430-a439-6bc92e8c8929,2026-08-31T18:25:14.458Z,separate_executor,quote_run_dispatch_probe,200,5361.23,success,,200,success
p3-ex-official-vu200,8cb02d5e-4054-48d5-bd5b-36fe43837f6c,2026-08-31T18:25:14.524Z,separate_executor,quote_run_dispatch_probe,200,5454.98,success,,200,success
p3-ex-official-vu200,c45a5a5c-ee76-4f23-9714-2e98fd4fa1ea,2026-08-31T18:25:14.564Z,separate_executor,quote_run_dispatch_probe,200,5426.17,success,,200,success
p3-ex-official-vu200,3b9ad7da-c2e4-4922-8f46-3091ae1af96c,2026-08-31T18:25:14.593Z,separate_executor,quote_run_dispatch_probe,200,5480.43,success,,200,success
p3-ex-official-vu200,585387f4-ea4f-4fad-b4f1-bf6490e550d0,2026-08-31T18:25:14.593Z,separate_executor,quote_run_dispatch_probe,200,5507.87,success,,200,success
p3-ex-official-vu200,e7b43b0a-9f3f-4172-841b-77a0538c44a6,2026-08-31T18:25:14.600Z,separate_executor,quote_run_dispatch_probe,200,5513.13,success,,200,success
p3-ex-official-vu200,5dcf153c-3452-4d56-ab47-7750128a51a3,2026-08-31T18:25:14.609Z,separate_executor,quote_run_dispatch_probe,200,5408.9,success,,200,success
p3-ex-official-vu200,4c2c6ba6-3e84-42fb-aa18-7a9adb653221,2026-08-31T18:25:14.610Z,separate_executor,quote_run_dispatch_probe,200,5308,success,,200,success
p3-ex-official-vu200,77380f90-c224-4933-83fb-40f75d6b183f,2026-08-31T18:25:14.611Z,separate_executor,quote_run_dispatch_probe,200,5536.44,success,,200,success
p3-ex-official-vu200,7e6845f3-0020-4791-af1d-4ff5cdf1e414,2026-08-31T18:25:14.735Z,separate_executor,quote_run_dispatch_probe,200,5373.54,success,,200,success
p3-ex-official-vu200,740353ba-3d05-4277-b45d-c2747b21294f,2026-08-31T18:25:14.745Z,separate_executor,quote_run_dispatch_probe,200,5300.27,success,,200,success
p3-ex-official-vu200,b461f371-1b91-48d4-aa0b-2f806c53c5ce,2026-08-31T18:25:14.777Z,separate_executor,quote_run_dispatch_probe,200,5461.8,success,,200,success
p3-ex-official-vu200,9c85166e-be67-4ef6-ac9d-ac68637ab920,2026-08-31T18:25:14.800Z,separate_executor,quote_run_dispatch_probe,200,5348.9,success,,200,success
p3-ex-official-vu200,ca381bd8-6f30-4217-b987-4a9f0b104535,2026-08-31T18:25:14.842Z,separate_executor,quote_run_dispatch_probe,200,5392.4,success,,200,success
p3-ex-official-vu200,76a52cbb-6e81-4ce3-809d-05b05a514bfd,2026-08-31T18:25:14.916Z,separate_executor,quote_run_dispatch_probe,200,5170.88,success,,200,success
p3-ex-official-vu200,fd3c1043-6fed-4330-b902-cb7158c9c661,2026-08-31T18:25:14.931Z,separate_executor,quote_run_dispatch_probe,200,5489.01,success,,200,success
p3-ex-official-vu200,ae7c29b9-1a10-4ef1-93b8-08dc0affbc7e,2026-08-31T18:25:14.943Z,separate_executor,quote_run_dispatch_probe,200,5560.81,success,,200,success
p3-ex-official-vu200,a4ccd9ad-32cc-45e6-a452-8785ac5d4dce,2026-08-31T18:25:14.945Z,separate_executor,quote_run_dispatch_probe,200,6098.89,success,,200,success
p3-ex-official-vu200,b00b0c37-9b12-4d74-a6db-964e7d756070,2026-08-31T18:25:14.960Z,separate_executor,quote_run_dispatch_probe,200,5767.13,success,,200,success
p3-ex-official-vu200,267e8138-cc1a-4e52-81c6-f6b937be0737,2026-08-31T18:25:15.000Z,separate_executor,quote_run_dispatch_probe,200,5398.02,success,,200,success
p3-ex-official-vu200,052342ca-300b-4d9a-afd7-09083f578fa1,2026-08-31T18:25:15.001Z,separate_executor,quote_run_dispatch_probe,200,5102.09,success,,200,success
p3-ex-official-vu200,c879c3c6-c9c4-49cd-91fb-a0aa9e63057e,2026-08-31T18:25:15.015Z,separate_executor,quote_run_dispatch_probe,200,5422.11,success,,200,success
p3-ex-official-vu200,a3a474f5-8e49-4d10-acf8-1d8e96e865f1,2026-08-31T18:25:15.065Z,separate_executor,quote_run_dispatch_probe,200,5315.13,success,,200,success
p3-ex-official-vu200,df30f66a-cfd4-4969-8ae2-ca77f408d75e,2026-08-31T18:25:15.078Z,separate_executor,quote_run_dispatch_probe,200,5342.38,success,,200,success
p3-ex-official-vu200,e14b884a-c11f-4de6-86fe-0120f5fb3479,2026-08-31T18:25:15.126Z,separate_executor,quote_run_dispatch_probe,200,5544.74,success,,200,success
p3-ex-official-vu200,7501029c-79a8-4a80-bb30-d566ee9e02dc,2026-08-31T18:25:15.210Z,separate_executor,quote_run_dispatch_probe,200,5317.3,success,,200,success
p3-ex-official-vu200,05fab7d1-7c62-4b9c-a516-ef032ffc53e7,2026-08-31T18:25:15.213Z,separate_executor,quote_run_dispatch_probe,200,5312.23,success,,200,success
p3-ex-official-vu200,2d264b38-c4a9-4c6e-9cb7-d12c1c21174f,2026-08-31T18:25:15.327Z,separate_executor,quote_run_dispatch_probe,200,5336.73,success,,200,success
p3-ex-official-vu200,6c95515a-c45c-4715-bcde-1bf39baa21a7,2026-08-31T18:25:15.330Z,separate_executor,quote_run_dispatch_probe,200,5436.36,success,,200,success
p3-ex-official-vu200,3d1cacd3-a663-4cb2-b813-ea342b9af285,2026-08-31T18:25:15.331Z,separate_executor,quote_run_dispatch_probe,200,5436.67,success,,200,success
p3-ex-official-vu200,d3df4c51-c4cb-44d6-9ba4-0506f2abaf5b,2026-08-31T18:25:15.342Z,separate_executor,quote_run_dispatch_probe,200,6106.91,success,,200,success
p3-ex-official-vu200,0634d312-f5b2-4393-bb6a-144feace1a58,2026-08-31T18:25:15.343Z,separate_executor,quote_run_dispatch_probe,200,5515.46,success,,200,success
p3-ex-official-vu200,f1125aae-f9c3-4a4e-b1af-058b373072da,2026-08-31T18:25:15.344Z,separate_executor,quote_run_dispatch_probe,200,5592.1,success,,200,success
p3-ex-official-vu200,f40e49d6-17f1-4b15-8a66-c6be6d7e777f,2026-08-31T18:25:15.354Z,separate_executor,quote_run_dispatch_probe,200,5361.94,success,,200,success
p3-ex-official-vu200,7f8e535d-f330-43fd-88d5-5d5ad335727a,2026-08-31T18:25:15.384Z,separate_executor,quote_run_dispatch_probe,200,5488.8,success,,200,success
p3-ex-official-vu200,fdfc4da5-dd3e-4b9e-8103-1eb1a67d83cd,2026-08-31T18:25:15.449Z,separate_executor,quote_run_dispatch_probe,200,5462.47,success,,200,success
p3-ex-official-vu200,6ddb20d2-069b-4161-8211-2a9f38527d93,2026-08-31T18:25:15.477Z,separate_executor,quote_run_dispatch_probe,200,5309.3,success,,200,success
p3-ex-official-vu200,30ff0941-84fe-4930-baeb-ca637304cd28,2026-08-31T18:25:15.518Z,separate_executor,quote_run_dispatch_probe,200,5449.87,success,,200,success
p3-ex-official-vu200,5ad5d3d0-bda4-45ec-8a88-9848c240d88f,2026-08-31T18:25:15.575Z,separate_executor,quote_run_dispatch_probe,200,5795.33,success,,200,success
p3-ex-official-vu200,643c9792-bdfc-49fd-9f31-1657c6c2c2f1,2026-08-31T18:25:15.575Z,separate_executor,quote_run_dispatch_probe,200,5512.79,success,,200,success
p3-ex-official-vu200,e945689e-8818-4acd-8f55-9765c076f2e0,2026-08-31T18:25:15.597Z,separate_executor,quote_run_dispatch_probe,200,5689.91,success,,200,success
p3-ex-official-vu200,7b72d0e1-a786-46d2-a4ba-f85051c88aa5,2026-08-31T18:25:15.617Z,separate_executor,quote_run_dispatch_probe,200,5401.18,success,,200,success
p3-ex-official-vu200,25cc202d-80aa-48fe-89f6-cd4e96b00ffb,2026-08-31T18:25:15.617Z,separate_executor,quote_run_dispatch_probe,200,5621.69,success,,200,success
p3-ex-official-vu200,a874d6ad-7508-4b43-828e-574d1977204b,2026-08-31T18:25:15.651Z,separate_executor,quote_run_dispatch_probe,200,5741.14,success,,200,success
p3-ex-official-vu200,15e040bf-ce91-4a80-b5fb-756a8c99f63d,2026-08-31T18:25:15.657Z,separate_executor,quote_run_dispatch_probe,200,5680.72,success,,200,success
p3-ex-official-vu200,fe9d57ad-92df-4435-a174-0892de3047d1,2026-08-31T18:25:15.662Z,separate_executor,quote_run_dispatch_probe,200,6201.31,success,,200,success
p3-ex-official-vu200,0e42727b-b86e-49de-bc1a-16d98806e198,2026-08-31T18:25:15.694Z,separate_executor,quote_run_dispatch_probe,200,5316.95,success,,200,success
p3-ex-official-vu200,35e06c0e-1728-4368-85fb-28d32458a32b,2026-08-31T18:25:15.712Z,separate_executor,quote_run_dispatch_probe,200,5229.69,success,,200,success
p3-ex-official-vu200,2e481506-3d82-4a7a-b31b-a02bd433b113,2026-08-31T18:25:15.718Z,separate_executor,quote_run_dispatch_probe,200,5293.37,success,,200,success
p3-ex-official-vu200,c97b24c9-6961-43ba-9f0c-4d9a7587e4bc,2026-08-31T18:25:15.721Z,separate_executor,quote_run_dispatch_probe,200,5722.02,success,,200,success
p3-ex-official-vu200,84bdc658-ba0d-4cb4-a6e6-896b9977bea5,2026-08-31T18:25:15.729Z,separate_executor,quote_run_dispatch_probe,200,5305.55,success,,200,success
p3-ex-official-vu200,f2208c5b-3095-499e-bd0d-6b089471b2b8,2026-08-31T18:25:15.731Z,separate_executor,quote_run_dispatch_probe,200,5337.77,success,,200,success
p3-ex-official-vu200,62527e65-4f1a-46eb-98e6-e908b9f0048c,2026-08-31T18:25:15.844Z,separate_executor,quote_run_dispatch_probe,200,5330.99,success,,200,success
p3-ex-official-vu200,1c3c315c-ef53-4530-a4e4-bac27eab6192,2026-08-31T18:25:15.880Z,separate_executor,quote_run_dispatch_probe,200,5386.28,success,,200,success
p3-ex-official-vu200,acde1427-558f-45b4-9b4e-e93bb59508ee,2026-08-31T18:25:15.881Z,separate_executor,quote_run_dispatch_probe,200,5506.8,success,,200,success
p3-ex-official-vu200,36d2eb70-ad7c-4a95-b8de-bb631f6946af,2026-08-31T18:25:15.928Z,separate_executor,quote_run_dispatch_probe,200,5496.59,success,,200,success
p3-ex-official-vu200,b882a3fe-9d22-48d9-9612-67f7c10248d9,2026-08-31T18:25:15.929Z,separate_executor,quote_run_dispatch_probe,200,5439.87,success,,200,success
p3-ex-official-vu200,cb8a99d1-0b07-428c-9028-d165566b8712,2026-08-31T18:25:15.934Z,separate_executor,quote_run_dispatch_probe,200,5471.06,success,,200,success
p3-ex-official-vu200,f7858bb9-8bb5-4cd1-9cea-ec4c0b0a6d5a,2026-08-31T18:25:15.935Z,separate_executor,quote_run_dispatch_probe,200,5468.65,success,,200,success
p3-ex-official-vu200,adebf951-b5b6-404d-a8dd-74f0b2e60869,2026-08-31T18:25:15.970Z,separate_executor,quote_run_dispatch_probe,200,5257.46,success,,200,success
p3-ex-official-vu200,6c684d69-6991-4744-a6a9-71050fc0cfc5,2026-08-31T18:25:16.021Z,separate_executor,quote_run_dispatch_probe,200,5542.95,success,,200,success
p3-ex-official-vu200,c86daeb9-5ac9-491f-8563-c58373ef5f01,2026-08-31T18:25:16.045Z,separate_executor,quote_run_dispatch_probe,200,5617.89,success,,200,success
p3-ex-official-vu200,20e708ed-41d6-4336-93b5-f81b0ef66a69,2026-08-31T18:25:16.194Z,separate_executor,quote_run_dispatch_probe,200,5699.02,success,,200,success
p3-ex-official-vu200,19b686e7-0345-42ea-ac45-eb2cfe80c382,2026-08-31T18:25:16.198Z,separate_executor,quote_run_dispatch_probe,200,5477.7,success,,200,success
p3-ex-official-vu200,a10c2d00-9bd4-479a-bf2b-afbc5696896c,2026-08-31T18:25:16.199Z,separate_executor,quote_run_dispatch_probe,200,5513.83,success,,200,success
p3-ex-official-vu200,dafa7832-176e-4985-93b3-aea6a4e1ec00,2026-08-31T18:25:16.201Z,separate_executor,quote_run_dispatch_probe,200,5566.92,success,,200,success
p3-ex-official-vu200,f4fcd624-2597-4cc1-9b27-635d46983bea,2026-08-31T18:25:16.210Z,separate_executor,quote_run_dispatch_probe,200,5750.23,success,,200,success
p3-ex-official-vu200,b1dfadab-6971-4b74-b7e6-bc17540531ae,2026-08-31T18:25:16.219Z,separate_executor,quote_run_dispatch_probe,200,5638.68,success,,200,success
p3-ex-official-vu200,bfba335e-62b0-4f68-957f-d20ddc08167b,2026-08-31T18:25:16.235Z,separate_executor,quote_run_dispatch_probe,200,5126.48,success,,200,success
p3-ex-official-vu200,d4035a78-b001-4c38-8a74-35ce99990d02,2026-08-31T18:25:16.252Z,separate_executor,quote_run_dispatch_probe,200,5393.52,success,,200,success
p3-ex-official-vu200,fb19f429-e2a8-4193-9785-a318ef6cca76,2026-08-31T18:25:16.798Z,separate_executor,quote_run_dispatch_probe,200,5473.25,success,,200,success
p3-ex-official-vu200,45a767cb-7343-4afc-928b-ba08b44dae50,2026-08-31T18:25:16.799Z,separate_executor,quote_run_dispatch_probe,200,6081.7,success,,200,success
p3-ex-official-vu200,85385f69-7d0b-4584-8d3b-6ad0cf3f1d07,2026-08-31T18:25:16.800Z,separate_executor,quote_run_dispatch_probe,200,6090.06,success,,200,success
p3-ex-official-vu200,51f8b8a2-f484-4e42-9a5b-cdb97251d0e0,2026-08-31T18:25:16.801Z,separate_executor,quote_run_dispatch_probe,200,5526.8,success,,200,success
p3-ex-official-vu200,4e0b51bb-77ac-4486-ad3c-b501316f4752,2026-08-31T18:25:16.801Z,separate_executor,quote_run_dispatch_probe,200,6025.75,success,,200,success
p3-ex-official-vu200,cf5788b7-4057-4602-bb17-3ba2e11550f1,2026-08-31T18:25:16.801Z,separate_executor,quote_run_dispatch_probe,200,5443.14,success,,200,success
p3-ex-official-vu200,c1d9a95a-716e-46a4-85c2-626c82e203e1,2026-08-31T18:25:16.802Z,separate_executor,quote_run_dispatch_probe,200,5861.65,success,,200,success
p3-ex-official-vu200,4ed767ad-b233-48bc-8134-d346afc295d0,2026-08-31T18:25:16.802Z,separate_executor,quote_run_dispatch_probe,200,5355.78,success,,200,success
p3-ex-official-vu200,1607f4d1-fee0-4be9-8d24-accda6407036,2026-08-31T18:25:16.802Z,separate_executor,quote_run_dispatch_probe,200,6371.19,success,,200,success
p3-ex-official-vu200,732303d6-19e5-44bc-a026-cadf35544888,2026-08-31T18:25:16.803Z,separate_executor,quote_run_dispatch_probe,200,5651,success,,200,success
p3-ex-official-vu200,8635abf0-4501-459d-912a-fe557ab44f79,2026-08-31T18:25:16.808Z,separate_executor,quote_run_dispatch_probe,200,5858.98,success,,200,success
p3-ex-official-vu200,94c67641-3119-4e0d-90c4-4b10c16018e7,2026-08-31T18:25:16.809Z,separate_executor,quote_run_dispatch_probe,200,5645.34,success,,200,success
p3-ex-official-vu200,e71a9c3b-6bf6-48f2-9d02-fa51f6c50ba7,2026-08-31T18:25:16.809Z,separate_executor,quote_run_dispatch_probe,200,5758.77,success,,200,success
p3-ex-official-vu200,e24c7ddf-20f6-4eb6-81e6-4e8755784471,2026-08-31T18:25:16.809Z,separate_executor,quote_run_dispatch_probe,200,5679.65,success,,200,success
p3-ex-official-vu200,6c512280-4281-424d-b00c-ca4344b0dad9,2026-08-31T18:25:16.811Z,separate_executor,quote_run_dispatch_probe,200,6086.7,success,,200,success
p3-ex-official-vu200,2f50f229-7014-48bf-9962-7742458d3627,2026-08-31T18:25:16.811Z,separate_executor,quote_run_dispatch_probe,200,5180.85,success,,200,success
p3-ex-official-vu200,67b4bd89-9122-4616-9d03-e2a1cd91e8f5,2026-08-31T18:25:16.812Z,separate_executor,quote_run_dispatch_probe,200,5857.68,success,,200,success
p3-ex-official-vu200,8fa6411c-77d2-45cc-9a22-5fb656432522,2026-08-31T18:25:16.812Z,separate_executor,quote_run_dispatch_probe,200,5349.51,success,,200,success
p3-ex-official-vu200,1c91e63e-0e65-4d1a-a3d0-cecb8d189ff5,2026-08-31T18:25:16.812Z,separate_executor,quote_run_dispatch_probe,200,5444.82,success,,200,success
p3-ex-official-vu200,3ffd3101-735a-486e-953e-d7eb2eefff24,2026-08-31T18:25:16.813Z,separate_executor,quote_run_dispatch_probe,200,5289.07,success,,200,success
p3-ex-official-vu200,b7b4b7ac-f82c-49cf-bbb1-1dcffbd29e25,2026-08-31T18:25:16.813Z,separate_executor,quote_run_dispatch_probe,200,5181.79,success,,200,success
p3-ex-official-vu200,f7f89c69-1b20-4deb-99a2-cc6b0d1b22db,2026-08-31T18:25:16.813Z,separate_executor,quote_run_dispatch_probe,200,5345.52,success,,200,success
p3-ex-official-vu200,801a54bf-535b-4710-be5f-ea9d11cda8f2,2026-08-31T18:25:16.814Z,separate_executor,quote_run_dispatch_probe,200,5721.65,success,,200,success
p3-ex-official-vu200,79f66e18-79b7-44e4-92df-2e1b4df5b4ce,2026-08-31T18:25:16.814Z,separate_executor,quote_run_dispatch_probe,200,5550.67,success,,200,success
p3-ex-official-vu200,d3511ab6-d57a-4cce-8be1-bef80d2b2df6,2026-08-31T18:25:16.815Z,separate_executor,quote_run_dispatch_probe,200,5588.95,success,,200,success
p3-ex-official-vu200,c9f70d40-8cc2-4271-a46d-b29da6e221b3,2026-08-31T18:25:16.815Z,separate_executor,quote_run_dispatch_probe,200,5478.95,success,,200,success
p3-ex-official-vu200,850e6d13-1f5c-4d7d-9bc8-307e31456620,2026-08-31T18:25:16.815Z,separate_executor,quote_run_dispatch_probe,200,5090.03,success,,200,success
p3-ex-official-vu200,a480f6c6-5851-4c60-93c8-3c877ee646a0,2026-08-31T18:25:16.815Z,separate_executor,quote_run_dispatch_probe,200,5137.54,success,,200,success
p3-ex-official-vu200,832e9e27-b34b-41b2-80aa-3bea1e7d90d1,2026-08-31T18:25:16.827Z,separate_executor,quote_run_dispatch_probe,200,5099.44,success,,200,success
p3-ex-official-vu200,73b91610-3d6c-4802-87f3-921a8bad179b,2026-08-31T18:25:16.835Z,separate_executor,quote_run_dispatch_probe,200,5185.03,success,,200,success
p3-ex-official-vu200,d39e74c7-84f2-41e8-8431-189f95cfb9cc,2026-08-31T18:25:16.870Z,separate_executor,quote_run_dispatch_probe,200,5213.23,success,,200,success
p3-ex-official-vu200,f21ee51b-828a-4920-9a68-4a9e265af4a0,2026-08-31T18:25:16.986Z,separate_executor,quote_run_dispatch_probe,200,5310.03,success,,200,success
p3-ex-official-vu200,82a63f01-ba06-4ffb-a4c5-3e3d3cc515ff,2026-08-31T18:25:16.991Z,separate_executor,quote_run_dispatch_probe,200,5411.61,success,,200,success
p3-ex-official-vu200,fdda3c87-53c1-44e5-8a5c-82b6f9807356,2026-08-31T18:25:17.001Z,separate_executor,quote_run_dispatch_probe,200,5553.66,success,,200,success
p3-ex-official-vu200,8e10351a-2c2c-490a-bf1f-53d1ffd8367e,2026-08-31T18:25:17.016Z,separate_executor,quote_run_dispatch_probe,200,5191.97,success,,200,success
p3-ex-official-vu200,e37a4d8f-18cb-4c28-9ba0-759b35da024e,2026-08-31T18:25:17.040Z,separate_executor,quote_run_dispatch_probe,200,5191.74,success,,200,success
p3-ex-official-vu200,365ea2c0-2eba-4863-8b9d-6b226647559c,2026-08-31T18:25:17.188Z,separate_executor,quote_run_dispatch_probe,200,5505.82,success,,200,success
p3-ex-official-vu200,24c50aeb-6e0f-4bd7-b786-693302ad54db,2026-08-31T18:25:17.196Z,separate_executor,quote_run_dispatch_probe,200,5454.84,success,,200,success
p3-ex-official-vu200,0e84ee71-700a-4160-8872-6032347e745c,2026-08-31T18:25:17.235Z,separate_executor,quote_run_dispatch_probe,200,5201.21,success,,200,success
p3-ex-official-vu200,7cd26acc-b558-4d4c-89b9-95821478bd2f,2026-08-31T18:25:17.257Z,separate_executor,quote_run_dispatch_probe,200,5474.27,success,,200,success
p3-ex-official-vu200,f4e911e4-1a20-4269-a429-1bff5ef075c6,2026-08-31T18:25:17.359Z,separate_executor,quote_run_dispatch_probe,200,5456.53,success,,200,success
p3-ex-official-vu200,bfcb308d-b930-4ca4-b267-a424dac4d003,2026-08-31T18:25:17.376Z,separate_executor,quote_run_dispatch_probe,200,5181.17,success,,200,success
p3-ex-official-vu200,b9f4596a-b8ef-47fd-adee-71ee84a007c5,2026-08-31T18:25:17.376Z,separate_executor,quote_run_dispatch_probe,200,5518.78,success,,200,success
p3-ex-official-vu200,c968b707-a53b-408e-8cf8-33b19ac07145,2026-08-31T18:25:17.429Z,separate_executor,quote_run_dispatch_probe,200,5153.32,success,,200,success
p3-ex-official-vu200,a79d51d1-5c25-4223-ad0f-95adc6a0bb20,2026-08-31T18:25:17.436Z,separate_executor,quote_run_dispatch_probe,200,5316.37,success,,200,success
p3-ex-official-vu200,83c2df8e-5105-4bdb-aa5e-b2df0eee3373,2026-08-31T18:25:17.455Z,separate_executor,quote_run_dispatch_probe,200,5486.74,success,,200,success
p3-ex-official-vu200,d2f54e98-8507-440e-8fab-33d628bb7a9b,2026-08-31T18:25:17.495Z,separate_executor,quote_run_dispatch_probe,200,4998.11,success,,200,success
p3-ex-official-vu200,675f247f-1e40-4511-998f-967e32e1d08b,2026-08-31T18:25:17.649Z,separate_executor,quote_run_dispatch_probe,200,5251.61,success,,200,success
p3-ex-official-vu200,9773a70f-8a78-4186-b9c6-10c3c0c781a9,2026-08-31T18:25:17.677Z,separate_executor,quote_run_dispatch_probe,200,5116.73,success,,200,success
p3-ex-official-vu200,d8847e17-eea4-41f9-846b-d8a9a40f8de4,2026-08-31T18:25:17.738Z,separate_executor,quote_run_dispatch_probe,200,5376.11,success,,200,success
p3-ex-official-vu200,ea785c19-8ee7-4910-98a9-2024710582e9,2026-08-31T18:25:17.827Z,separate_executor,quote_run_dispatch_probe,200,5244.72,success,,200,success
p3-ex-official-vu200,aa36122e-76ba-402b-abf9-e8d6a034a383,2026-08-31T18:25:17.827Z,separate_executor,quote_run_dispatch_probe,200,5081.45,success,,200,success
p3-ex-official-vu200,35f5e7c8-0a97-4889-98b8-87d193c9453f,2026-08-31T18:25:17.827Z,separate_executor,quote_run_dispatch_probe,200,5398,success,,200,success
p3-ex-official-vu200,87490fc0-724b-47e4-bebd-2712a792bda3,2026-08-31T18:25:17.833Z,separate_executor,quote_run_dispatch_probe,200,5186.67,success,,200,success
p3-ex-official-vu200,a853254e-395f-4d45-ac2f-ac161a6abd2a,2026-08-31T18:25:17.857Z,separate_executor,quote_run_dispatch_probe,200,5063.74,success,,200,success
p3-ex-official-vu200,1b47ccb8-6d00-4cd4-a2a3-5ad84d888101,2026-08-31T18:25:17.885Z,separate_executor,quote_run_dispatch_probe,200,5127.5,success,,200,success
p3-ex-official-vu200,2f2568a2-182a-439b-b851-4f8e6be49e8c,2026-08-31T18:25:17.908Z,separate_executor,quote_run_dispatch_probe,200,5230.5,success,,200,success
p3-ex-official-vu200,43eeed8b-e467-47da-b12e-2b3505ff25ad,2026-08-31T18:25:17.908Z,separate_executor,quote_run_dispatch_probe,200,5005.19,success,,200,success
p3-ex-official-vu200,dfc7e8bd-f948-41d2-8045-d607cc864bbf,2026-08-31T18:25:17.909Z,separate_executor,quote_run_dispatch_probe,200,5146.22,success,,200,success
p3-ex-official-vu200,8a57e699-583d-4232-9525-abd0daeb9a10,2026-08-31T18:25:17.922Z,separate_executor,quote_run_dispatch_probe,200,5426.9,success,,200,success
p3-ex-official-vu200,16520ecd-3121-4446-9dfe-cd8421b7db33,2026-08-31T18:25:17.963Z,separate_executor,quote_run_dispatch_probe,200,5135.03,success,,200,success
p3-ex-official-vu200,0ad6b6a6-035d-4363-96b3-9d3fb6548e4b,2026-08-31T18:25:17.963Z,separate_executor,quote_run_dispatch_probe,200,5664.94,success,,200,success
p3-ex-official-vu200,1f769f7d-dc52-430f-b6ff-a0767059d86c,2026-08-31T18:25:18.008Z,separate_executor,quote_run_dispatch_probe,200,4998.52,success,,200,success
p3-ex-official-vu200,330bfdca-e903-4800-bfd3-fd2808093375,2026-08-31T18:25:18.076Z,separate_executor,quote_run_dispatch_probe,200,5182.05,success,,200,success
p3-ex-official-vu200,0a501656-729b-4cdc-88f6-179eebdd136d,2026-08-31T18:25:18.080Z,separate_executor,quote_run_dispatch_probe,200,5311.01,success,,200,success
p3-ex-official-vu200,3b14c1a6-d4b8-42d8-ba29-7f87258093b5,2026-08-31T18:25:18.084Z,separate_executor,quote_run_dispatch_probe,200,5203.64,success,,200,success
p3-ex-official-vu200,a7407f15-c274-4734-99fa-88eba10c0826,2026-08-31T18:25:18.094Z,separate_executor,quote_run_dispatch_probe,200,5000.05,success,,200,success
p3-ex-official-vu200,ef75bc94-6af0-4c6f-9c86-57436ac1f005,2026-08-31T18:25:18.097Z,separate_executor,quote_run_dispatch_probe,200,5304.98,success,,200,success
p3-ex-official-vu200,23723697-e795-41bc-8dfd-b4f9bd77efed,2026-08-31T18:25:18.144Z,separate_executor,quote_run_dispatch_probe,200,5500.18,success,,200,success
p3-ex-official-vu200,7678128e-d0b4-480e-a111-018849d7959a,2026-08-31T18:25:18.176Z,separate_executor,quote_run_dispatch_probe,200,5181.13,success,,200,success
p3-ex-official-vu200,090be6ed-61b4-460f-b235-34a299d6b6f5,2026-08-31T18:25:18.212Z,separate_executor,quote_run_dispatch_probe,200,5396.44,success,,200,success
p3-ex-official-vu200,e3cf87af-e0cf-432d-8a18-0aa227d63cc9,2026-08-31T18:25:18.231Z,separate_executor,quote_run_dispatch_probe,200,5587.65,success,,200,success
p3-ex-official-vu200,d55e0752-43bb-4f2d-90e7-97cfefad3e8e,2026-08-31T18:25:18.310Z,separate_executor,quote_run_dispatch_probe,200,4990.13,success,,200,success
p3-ex-official-vu200,98cc01bc-9f9e-40ee-b874-1f904d0aa762,2026-08-31T18:25:18.316Z,separate_executor,quote_run_dispatch_probe,200,5319.51,success,,200,success
p3-ex-official-vu200,36d3e090-ae25-4c47-b95d-c980318e22cb,2026-08-31T18:25:18.338Z,separate_executor,quote_run_dispatch_probe,200,5106.83,success,,200,success
p3-ex-official-vu200,de01bf34-403a-4d31-bb87-650de978b0b2,2026-08-31T18:25:18.394Z,separate_executor,quote_run_dispatch_probe,200,5279.8,success,,200,success
p3-ex-official-vu200,fc0c1eaa-4607-46a5-82ab-611f6fc34fcd,2026-08-31T18:25:18.397Z,separate_executor,quote_run_dispatch_probe,200,5287.7,success,,200,success
p3-ex-official-vu200,e33c3609-df84-4c35-9726-ba8b4421642e,2026-08-31T18:25:18.413Z,separate_executor,quote_run_dispatch_probe,200,5235.21,success,,200,success
p3-ex-official-vu200,98e9d1d1-80b0-4a94-b040-a0a1d833f1da,2026-08-31T18:25:18.439Z,separate_executor,quote_run_dispatch_probe,200,5247.14,success,,200,success
p3-ex-official-vu200,611d4253-e546-438f-8b76-164187425e92,2026-08-31T18:25:18.447Z,separate_executor,quote_run_dispatch_probe,200,5114.45,success,,200,success
p3-ex-official-vu200,64e52c17-4a1c-41f5-99e2-3efc950cb865,2026-08-31T18:25:18.449Z,separate_executor,quote_run_dispatch_probe,200,5337.76,success,,200,success
p3-ex-official-vu200,962b572a-eaf5-42ef-945d-d7839f5946a0,2026-08-31T18:25:18.474Z,separate_executor,quote_run_dispatch_probe,200,5157.47,success,,200,success
p3-ex-official-vu200,9a6c1487-c5b1-46ec-8413-9f19b80b87f3,2026-08-31T18:25:18.475Z,separate_executor,quote_run_dispatch_probe,200,5224.21,success,,200,success
p3-ex-official-vu200,cb921800-55b1-414c-9803-171029a53b0a,2026-08-31T18:25:18.476Z,separate_executor,quote_run_dispatch_probe,200,5199.76,success,,200,success
p3-ex-official-vu200,e0c860b9-33dc-4c55-97b6-ea4e06aba080,2026-08-31T18:25:18.478Z,separate_executor,quote_run_dispatch_probe,200,5352.88,success,,200,success
p3-ex-official-vu200,53aa867e-bb49-4a7e-8781-32f237af437c,2026-08-31T18:25:18.484Z,separate_executor,quote_run_dispatch_probe,200,5048.36,success,,200,success
p3-ex-official-vu200,81b7c303-9aaa-4d2a-9e51-9c88fc1764b5,2026-08-31T18:25:18.495Z,separate_executor,quote_run_dispatch_probe,200,5377.49,success,,200,success
p3-ex-official-vu200,26c2535c-5fec-4ce4-adbf-b69b4056c60f,2026-08-31T18:25:18.505Z,separate_executor,quote_run_dispatch_probe,200,5221.45,success,,200,success
p3-ex-official-vu200,f7b45348-79a9-4f8d-a7eb-fe0c4e04cc0b,2026-08-31T18:25:18.556Z,separate_executor,quote_run_dispatch_probe,200,5456.65,success,,200,success
p3-ex-official-vu200,4c3d5d7e-e27c-452e-a4b2-00ea29936d4c,2026-08-31T18:25:18.564Z,separate_executor,quote_run_dispatch_probe,200,5453.9,success,,200,success
p3-ex-official-vu200,d62fe7ec-4eb9-4859-b76c-9da5014b5944,2026-08-31T18:25:18.567Z,separate_executor,quote_run_dispatch_probe,200,5386.8,success,,200,success
p3-ex-official-vu200,e9fc7061-2f3f-40c1-a65e-ba45ab3d1b26,2026-08-31T18:25:18.578Z,separate_executor,quote_run_dispatch_probe,200,5310.01,success,,200,success
p3-ex-official-vu200,000a45eb-66af-41ed-b915-f8d919a99bc4,2026-08-31T18:25:18.608Z,separate_executor,quote_run_dispatch_probe,200,5334.36,success,,200,success
p3-ex-official-vu200,fd87db05-d7c1-49bf-989b-79260bc56ca7,2026-08-31T18:25:18.659Z,separate_executor,quote_run_dispatch_probe,200,5348.62,success,,200,success
p3-ex-official-vu200,ba8c4bcd-f396-43ce-80ac-bba038f9f451,2026-08-31T18:25:18.696Z,separate_executor,quote_run_dispatch_probe,200,5220.47,success,,200,success
p3-ex-official-vu200,a6e899b0-3b95-4d13-9e3d-6657e8d2b1db,2026-08-31T18:25:18.750Z,separate_executor,quote_run_dispatch_probe,200,5187.49,success,,200,success
p3-ex-official-vu200,caae1504-9905-45ae-839b-d881902b6795,2026-08-31T18:25:18.778Z,separate_executor,quote_run_dispatch_probe,200,5167.01,success,,200,success
p3-ex-official-vu200,dadfc823-7762-4685-8b52-5254b19c1e3b,2026-08-31T18:25:18.778Z,separate_executor,quote_run_dispatch_probe,200,5387.51,success,,200,success
p3-ex-official-vu200,9ec351ea-955e-4395-8423-0664f3228c67,2026-08-31T18:25:18.838Z,separate_executor,quote_run_dispatch_probe,200,5180.25,success,,200,success
p3-ex-official-vu200,d097b48f-0723-4e61-8742-cf8eecbf610c,2026-08-31T18:25:18.839Z,separate_executor,quote_run_dispatch_probe,200,5108.21,success,,200,success
p3-ex-official-vu200,cf1bcbf5-ae47-446f-939c-5ffc425f3c95,2026-08-31T18:25:18.868Z,separate_executor,quote_run_dispatch_probe,200,5262.24,success,,200,success
p3-ex-official-vu200,d69b11e3-23cb-49cb-964e-b61a192086fc,2026-08-31T18:25:18.872Z,separate_executor,quote_run_dispatch_probe,200,5559.03,success,,200,success
p3-ex-official-vu200,1f4db2ac-9eca-4679-9000-c2014955c233,2026-08-31T18:25:18.879Z,separate_executor,quote_run_dispatch_probe,200,5283.4,success,,200,success
p3-ex-official-vu200,4b055315-2af1-4a5e-a28b-85e1b0928845,2026-08-31T18:25:19.002Z,separate_executor,quote_run_dispatch_probe,200,5424.66,success,,200,success
p3-ex-official-vu200,c0e1215e-4e55-440d-9c48-6f42a6d69abc,2026-08-31T18:25:19.027Z,separate_executor,quote_run_dispatch_probe,200,5184.37,success,,200,success
p3-ex-official-vu200,b1a2b6eb-182a-4e29-84a2-d5f8ebd55e17,2026-08-31T18:25:19.044Z,separate_executor,quote_run_dispatch_probe,200,4826.1,success,,200,success
p3-ex-official-vu200,19b08488-ffde-414c-b96a-bea504383eb6,2026-08-31T18:25:19.045Z,separate_executor,quote_run_dispatch_probe,200,5076.93,success,,200,success
p3-ex-official-vu200,1b5d68ce-a8eb-45ba-9e9e-34f8af828729,2026-08-31T18:25:19.126Z,separate_executor,quote_run_dispatch_probe,200,4899.52,success,,200,success
p3-ex-official-vu200,d3458bf1-3d6c-4bcb-a011-7c4d1d1c0950,2026-08-31T18:25:19.291Z,separate_executor,quote_run_dispatch_probe,200,5361,success,,200,success
p3-ex-official-vu200,204ba890-b0b2-47f2-a07d-b3dfb6f0ce47,2026-08-31T18:25:19.335Z,separate_executor,quote_run_dispatch_probe,200,5103.83,success,,200,success
p3-ex-official-vu200,28870fe7-c927-4908-8817-5acb3b5cb5e6,2026-08-31T18:25:19.335Z,separate_executor,quote_run_dispatch_probe,200,5757.78,success,,200,success
p3-ex-official-vu200,bec04a82-13c5-4ac4-a652-e3ab4bd6221f,2026-08-31T18:25:19.335Z,separate_executor,quote_run_dispatch_probe,200,5106.6,success,,200,success
p3-ex-official-vu200,a88254b7-01ef-42ee-ab55-6895b0e0224c,2026-08-31T18:25:19.375Z,separate_executor,quote_run_dispatch_probe,200,5141.29,success,,200,success
p3-ex-official-vu200,a4ad57a1-c960-49b1-a07e-cab1b0c3bee9,2026-08-31T18:25:19.393Z,separate_executor,quote_run_dispatch_probe,200,5174.3,success,,200,success
p3-ex-official-vu200,ff2acb8d-49f0-4370-af85-e42432f59f5d,2026-08-31T18:25:19.393Z,separate_executor,quote_run_dispatch_probe,200,5166.38,success,,200,success
p3-ex-official-vu200,31485b3a-7126-4339-8094-8bbc18ad8322,2026-08-31T18:25:19.393Z,separate_executor,quote_run_dispatch_probe,200,5175.11,success,,200,success
p3-ex-official-vu200,f2623866-4675-40fa-97a8-b022bab7fabf,2026-08-31T18:25:19.393Z,separate_executor,quote_run_dispatch_probe,200,4974.34,success,,200,success
p3-ex-official-vu200,a93d5cd4-781e-43c5-9156-78c0cd1aa540,2026-08-31T18:25:19.398Z,separate_executor,quote_run_dispatch_probe,200,5169.21,success,,200,success
p3-ex-official-vu200,d9d7b526-1e4a-4c82-9bde-7ce24c9b0513,2026-08-31T18:25:19.398Z,separate_executor,quote_run_dispatch_probe,200,5170.19,success,,200,success
p3-ex-official-vu200,530a915f-29c5-4960-a113-bccc439c5d81,2026-08-31T18:25:19.411Z,separate_executor,quote_run_dispatch_probe,200,5185.54,success,,200,success
p3-ex-official-vu200,5020c8aa-1b26-47bd-8147-c1fdca785b24,2026-08-31T18:25:19.411Z,separate_executor,quote_run_dispatch_probe,200,5010.95,success,,200,success
p3-ex-official-vu200,82d3a221-5047-4bf1-bd96-3878364ff293,2026-08-31T18:25:19.471Z,separate_executor,quote_run_dispatch_probe,200,5070.26,success,,200,success
p3-ex-official-vu200,81e2ddb3-6fb2-452c-bce1-5e709e816ffb,2026-08-31T18:25:19.471Z,separate_executor,quote_run_dispatch_probe,200,4725.63,success,,200,success
p3-ex-official-vu200,5a2b8376-9bc9-417f-a3f4-33e07a62fa44,2026-08-31T18:25:19.498Z,separate_executor,quote_run_dispatch_probe,200,5274.47,success,,200,success
p3-ex-official-vu200,4a69509a-e683-4ea4-ad23-9d07d8c26ae0,2026-08-31T18:25:19.502Z,separate_executor,quote_run_dispatch_probe,200,5043.67,success,,200,success
p3-ex-official-vu200,321dfd35-7248-4579-8ffe-0778f680b1a8,2026-08-31T18:25:19.503Z,separate_executor,quote_run_dispatch_probe,200,4892.93,success,,200,success
p3-ex-official-vu200,9d338004-674a-4622-9613-65bed1e81333,2026-08-31T18:25:19.506Z,separate_executor,quote_run_dispatch_probe,200,5276.18,success,,200,success
p3-ex-official-vu200,72ef1e31-1b4e-4767-ab51-029f08ff34c7,2026-08-31T18:25:19.522Z,separate_executor,quote_run_dispatch_probe,200,5153.35,success,,200,success
p3-ex-official-vu200,5347b695-d275-4bf2-996f-f8d2922976d8,2026-08-31T18:25:19.526Z,separate_executor,quote_run_dispatch_probe,200,5127.8,success,,200,success
p3-ex-official-vu200,2cb578d4-2c68-4999-a9a7-d69cdeb48265,2026-08-31T18:25:19.533Z,separate_executor,quote_run_dispatch_probe,200,5138.62,success,,200,success
p3-ex-official-vu200,19d130b3-8bdb-4a82-abd4-148f8e5e3018,2026-08-31T18:25:19.536Z,separate_executor,quote_run_dispatch_probe,200,5137.9,success,,200,success
p3-ex-official-vu200,eca493ec-184a-4e38-adeb-ba1c1ef8ce1c,2026-08-31T18:25:19.541Z,separate_executor,quote_run_dispatch_probe,200,5016.05,success,,200,success
p3-ex-official-vu200,4996c153-86c2-4bae-9326-bd016a97bb6d,2026-08-31T18:25:19.589Z,separate_executor,quote_run_dispatch_probe,200,4673.38,success,,200,success
p3-ex-official-vu200,7009a324-92e2-4f61-a9df-55dcef705293,2026-08-31T18:25:19.594Z,separate_executor,quote_run_dispatch_probe,200,4993.82,success,,200,success
p3-ex-official-vu200,61d99322-b09d-4068-8e61-a2ba56c68c3c,2026-08-31T18:25:19.601Z,separate_executor,quote_run_dispatch_probe,200,5205.54,success,,200,success
p3-ex-official-vu200,c1292162-83aa-4d09-aeeb-ad83fc406189,2026-08-31T18:25:19.621Z,separate_executor,quote_run_dispatch_probe,200,4779.15,success,,200,success
p3-ex-official-vu200,f7bb560f-a411-4ebc-abcb-9ea6d32aad72,2026-08-31T18:25:19.669Z,separate_executor,quote_run_dispatch_probe,200,4737.42,success,,200,success
p3-ex-official-vu200,7a450eae-5db9-4c20-a75b-336ce053bc65,2026-08-31T18:25:19.670Z,separate_executor,quote_run_dispatch_probe,200,5105.86,success,,200,success
p3-ex-official-vu200,f6643349-a1aa-4936-8f97-2a66c98bf3de,2026-08-31T18:25:19.673Z,separate_executor,quote_run_dispatch_probe,200,5062.4,success,,200,success
p3-ex-official-vu200,edf7cee0-44d9-4604-8d41-9b7d8c0a0561,2026-08-31T18:25:19.680Z,separate_executor,quote_run_dispatch_probe,200,4679.8,success,,200,success
p3-ex-official-vu200,6baeb6c8-51ac-436e-b0d6-8fb542174c9d,2026-08-31T18:25:19.692Z,separate_executor,quote_run_dispatch_probe,200,4749.4,success,,200,success
p3-ex-official-vu200,c276f015-18b0-48d2-b184-b3953763bfef,2026-08-31T18:25:19.692Z,separate_executor,quote_run_dispatch_probe,200,5099.05,success,,200,success
p3-ex-official-vu200,c6161c1c-0cd1-4c4c-86bd-4033e0237531,2026-08-31T18:25:19.698Z,separate_executor,quote_run_dispatch_probe,200,5103.8,success,,200,success
p3-ex-official-vu200,44b4d695-ec47-4cb2-9dba-a1fa3b7e01c6,2026-08-31T18:25:19.698Z,separate_executor,quote_run_dispatch_probe,200,4696.63,success,,200,success
p3-ex-official-vu200,3383e8b4-5943-4123-8453-80b7a7776ef0,2026-08-31T18:25:19.703Z,separate_executor,quote_run_dispatch_probe,200,5091.7,success,,200,success
p3-ex-official-vu200,7be40675-d7a7-4ab0-9dee-80cdf19f69a0,2026-08-31T18:25:19.705Z,separate_executor,quote_run_dispatch_probe,200,4970.13,success,,200,success
p3-ex-official-vu200,11b4457c-5704-4015-945d-a8ceef54d821,2026-08-31T18:25:19.718Z,separate_executor,quote_run_dispatch_probe,200,4639.84,success,,200,success
p3-ex-official-vu200,0c421ac8-6c16-42e4-86f0-64d653c9f310,2026-08-31T18:25:19.765Z,separate_executor,quote_run_dispatch_probe,200,4639.58,success,,200,success
p3-ex-official-vu200,3aacf714-9b58-4f43-bc13-aa50cd3f3e01,2026-08-31T18:25:19.816Z,separate_executor,quote_run_dispatch_probe,200,4800.64,success,,200,success
p3-ex-official-vu200,ef4ec048-8e4b-4d08-9a77-616e5d452c1e,2026-08-31T18:25:19.878Z,separate_executor,quote_run_dispatch_probe,200,4918.13,success,,200,success
p3-ex-official-vu200,9449b68a-1b5d-4911-b883-89790a61010d,2026-08-31T18:25:19.925Z,separate_executor,quote_run_dispatch_probe,200,5125.06,success,,200,success
p3-ex-official-vu200,fc83d6da-51d6-4aca-8ec0-9d6c896451b9,2026-08-31T18:25:19.943Z,separate_executor,quote_run_dispatch_probe,200,5165.19,success,,200,success
p3-ex-official-vu200,8f5f06eb-829b-493b-9f01-33c8dfc20422,2026-08-31T18:25:19.948Z,separate_executor,quote_run_dispatch_probe,200,4499.34,success,,200,success
p3-ex-official-vu200,6169c45a-3cd0-4705-b7e0-ea371363744d,2026-08-31T18:25:19.972Z,separate_executor,quote_run_dispatch_probe,200,5746.23,success,,200,success
p3-ex-official-vu200,ad29d387-a3db-4af4-9de7-db97e05c8e49,2026-08-31T18:25:19.986Z,separate_executor,quote_run_dispatch_probe,200,4655.81,success,,200,success
p3-ex-official-vu200,99658c6d-a7ef-4bc2-865f-dd8fac21caa5,2026-08-31T18:25:19.986Z,separate_executor,quote_run_dispatch_probe,200,4772.72,success,,200,success
p3-ex-official-vu200,17101b09-19da-4b5e-8e51-7aa187d3ee3b,2026-08-31T18:25:19.986Z,separate_executor,quote_run_dispatch_probe,200,4920.54,success,,200,success
p3-ex-official-vu200,185cfdb4-1f9c-405f-bde2-56666b9a7b5c,2026-08-31T18:25:19.986Z,separate_executor,quote_run_dispatch_probe,200,5040.65,success,,200,success
p3-ex-official-vu200,3f74a5a3-8af0-4428-966c-330785156cb4,2026-08-31T18:25:20.009Z,separate_executor,quote_run_dispatch_probe,200,4677.83,success,,200,success
p3-ex-official-vu200,5391a8bf-e1f2-4384-a6f4-0bea07c59006,2026-08-31T18:25:20.009Z,separate_executor,quote_run_dispatch_probe,200,4799.06,success,,200,success
p3-ex-official-vu200,e9c6eb8f-f2d8-4d36-9c71-bdfa395c5661,2026-08-31T18:25:20.009Z,separate_executor,quote_run_dispatch_probe,200,4624.28,success,,200,success
p3-ex-official-vu200,0fcaf535-f6ca-4d3e-b7a0-4445334a6192,2026-08-31T18:25:20.009Z,separate_executor,quote_run_dispatch_probe,200,4681.36,success,,200,success
p3-ex-official-vu200,dd644927-e55a-4c4c-9160-df69585efbbb,2026-08-31T18:25:20.009Z,separate_executor,quote_run_dispatch_probe,200,4665.15,success,,200,success
p3-ex-official-vu200,a8138c4d-dd8a-47c4-9322-f3fa08c527d1,2026-08-31T18:25:20.015Z,separate_executor,quote_run_dispatch_probe,200,4671.82,success,,200,success
p3-ex-official-vu200,01fc237a-19e9-432b-8151-6a23e6af0fbf,2026-08-31T18:25:20.050Z,separate_executor,quote_run_dispatch_probe,200,4320.85,success,,200,success
p3-ex-official-vu200,84c8301e-b6ea-4e9e-9e99-de9d9a513e2f,2026-08-31T18:25:20.076Z,separate_executor,quote_run_dispatch_probe,200,4722.08,success,,200,success
p3-ex-official-vu200,c81e6330-33b9-4f0f-bca6-acd1644fe74b,2026-08-31T18:25:20.076Z,separate_executor,quote_run_dispatch_probe,200,4599.36,success,,200,success
p3-ex-official-vu200,7d1d93db-dfcd-4eed-9ce6-0d41086e04d4,2026-08-31T18:25:20.099Z,separate_executor,quote_run_dispatch_probe,200,4254.01,success,,200,success
p3-ex-official-vu200,83d8f950-bdee-4d76-9c1a-3985474751ac,2026-08-31T18:25:20.110Z,separate_executor,quote_run_dispatch_probe,200,4392.2,success,,200,success
p3-ex-official-vu200,b949bc35-fa5e-447e-bfed-27538d3de296,2026-08-31T18:25:20.143Z,separate_executor,quote_run_dispatch_probe,200,4430.6,success,,200,success
p3-ex-official-vu200,c398aab7-b2ef-416f-91d4-1c9978bae116,2026-08-31T18:25:20.143Z,separate_executor,quote_run_dispatch_probe,200,4801.08,success,,200,success
p3-ex-official-vu200,e4cbc190-ef2b-4b73-a50b-13ba63e15550,2026-08-31T18:25:20.144Z,separate_executor,quote_run_dispatch_probe,200,4486.41,success,,200,success
p3-ex-official-vu200,db4a1f4b-a01d-48e2-8bc8-635f9c2272e5,2026-08-31T18:25:20.144Z,separate_executor,quote_run_dispatch_probe,200,4450.36,success,,200,success
p3-ex-official-vu200,fc73a710-09b8-488e-b190-497f7e0393e1,2026-08-31T18:25:20.147Z,separate_executor,quote_run_dispatch_probe,200,4571.47,success,,200,success
p3-ex-official-vu200,ab40d927-5279-496f-b640-659c75aa69e9,2026-08-31T18:25:20.149Z,separate_executor,quote_run_dispatch_probe,200,4418.14,success,,200,success
p3-ex-official-vu200,a94d5d7a-89c9-4ff4-b5d2-8ecca8e1a540,2026-08-31T18:25:20.150Z,separate_executor,quote_run_dispatch_probe,200,4179.64,success,,200,success
p3-ex-official-vu200,5db9fefb-3739-4ee6-af1e-d94a8c431f8a,2026-08-31T18:25:20.165Z,separate_executor,quote_run_dispatch_probe,200,4590.35,success,,200,success
p3-ex-official-vu200,ee6beb71-04b6-45fc-8771-07d519330eff,2026-08-31T18:25:20.183Z,separate_executor,quote_run_dispatch_probe,200,4664.76,success,,200,success
p3-ex-official-vu200,aeb34074-f62b-4592-819c-9a59d0de768a,2026-08-31T18:25:20.194Z,separate_executor,quote_run_dispatch_probe,200,4543.09,success,,200,success
p3-ex-official-vu200,d763c5b4-e5dd-4eb1-84e9-57b5a34ec249,2026-08-31T18:25:20.194Z,separate_executor,quote_run_dispatch_probe,200,4531.21,success,,200,success
p3-ex-official-vu200,b5295d0e-a083-4b12-9657-b9064462c987,2026-08-31T18:25:20.194Z,separate_executor,quote_run_dispatch_probe,200,4312.63,success,,200,success
p3-ex-official-vu200,776c03d3-4110-4bc9-b35a-401701e2a072,2026-08-31T18:25:20.200Z,separate_executor,quote_run_dispatch_probe,200,4602.69,success,,200,success
p3-ex-official-vu200,4ea7016a-2682-4e7c-82b5-564d6da0b7a1,2026-08-31T18:25:20.200Z,separate_executor,quote_run_dispatch_probe,200,4270.33,success,,200,success
p3-ex-official-vu200,7aba57f1-14ae-45a3-a666-aa22378cd99f,2026-08-31T18:25:20.202Z,separate_executor,quote_run_dispatch_probe,200,4585.45,success,,200,success
p3-ex-official-vu200,5d850099-8b36-40e9-88fe-74479d09fd84,2026-08-31T18:25:20.285Z,separate_executor,quote_run_dispatch_probe,200,4564.02,success,,200,success
p3-ex-official-vu200,5b602434-5627-4a32-937e-fa44c5e1be5d,2026-08-31T18:25:20.289Z,separate_executor,quote_run_dispatch_probe,200,4070.32,success,,200,success
p3-ex-official-vu200,2e391075-542b-4448-8341-4f62a82489da,2026-08-31T18:25:20.292Z,separate_executor,quote_run_dispatch_probe,200,4090.93,success,,200,success
p3-ex-official-vu200,50b8b952-5a24-41f9-85d3-dd442e18650e,2026-08-31T18:25:20.294Z,separate_executor,quote_run_dispatch_probe,200,4676.72,success,,200,success
p3-ex-official-vu200,505bc701-40f1-4a5c-88c7-536dca5387b0,2026-08-31T18:25:20.294Z,separate_executor,quote_run_dispatch_probe,200,4360.03,success,,200,success
p3-ex-official-vu200,d859579e-c462-47eb-8c83-aaf542cc26f5,2026-08-31T18:25:20.294Z,separate_executor,quote_run_dispatch_probe,200,3493.89,success,,200,success
p3-ex-official-vu200,4db8056d-987d-4d5f-9d07-6910aac19254,2026-08-31T18:25:20.300Z,separate_executor,quote_run_dispatch_probe,200,4064.75,success,,200,success
p3-ex-official-vu200,ff4d3fa1-a3bd-41e7-859b-7aead8333873,2026-08-31T18:25:20.302Z,separate_executor,quote_run_dispatch_probe,200,4422.23,success,,200,success
p3-ex-official-vu200,51501990-728d-484f-b109-d85a162c538a,2026-08-31T18:25:20.306Z,separate_executor,quote_run_dispatch_probe,200,4377.38,success,,200,success
p3-ex-official-vu200,21b0d436-da85-461f-973e-1a78cc3d2551,2026-08-31T18:25:20.310Z,separate_executor,quote_run_dispatch_probe,200,4264.29,success,,200,success
p3-ex-official-vu200,b66f5505-b4bd-4121-8074-87d776b61b4c,2026-08-31T18:25:20.312Z,separate_executor,quote_run_dispatch_probe,200,4117.99,success,,200,success
p3-ex-official-vu200,c98354cb-ad5a-45eb-a7af-111e8bad6027,2026-08-31T18:25:20.314Z,separate_executor,quote_run_dispatch_probe,200,4292.63,success,,200,success
p3-ex-official-vu200,45b09786-ce36-4709-b1f9-a7d55f558c93,2026-08-31T18:25:20.349Z,separate_executor,quote_run_dispatch_probe,200,3535.64,success,,200,success
p3-ex-official-vu200,166f16c6-9910-4fe4-ba73-15572cd687a9,2026-08-31T18:25:20.359Z,separate_executor,quote_run_dispatch_probe,200,3558.01,success,,200,success
p3-ex-official-vu200,a4618e33-253d-4219-b8eb-e8ecbc2be525,2026-08-31T18:25:20.360Z,separate_executor,quote_run_dispatch_probe,200,3558.4,success,,200,success
p3-ex-official-vu200,2a2bcfcf-d203-46b3-989f-56030e8cf9f7,2026-08-31T18:25:20.363Z,separate_executor,quote_run_dispatch_probe,200,3548.37,success,,200,success
p3-ex-official-vu200,d1832341-0681-4f72-a911-1aba828e6365,2026-08-31T18:25:20.363Z,separate_executor,quote_run_dispatch_probe,200,3555.85,success,,200,success
p3-ex-official-vu200,bdf248c6-5b36-45dc-917e-5c47b9b8974a,2026-08-31T18:25:20.363Z,separate_executor,quote_run_dispatch_probe,200,3535.65,success,,200,success
p3-ex-official-vu200,9e428065-ba2b-4e1e-9c26-34ce2046c2f9,2026-08-31T18:25:20.369Z,separate_executor,quote_run_dispatch_probe,200,3554.7,success,,200,success
p3-ex-official-vu200,68bfa48c-8df7-4eb4-a4f0-118d437f7583,2026-08-31T18:25:20.370Z,separate_executor,quote_run_dispatch_probe,200,3499.97,success,,200,success
p3-ex-official-vu200,07a433c1-8ec7-4b8b-8c76-29a0f26f8536,2026-08-31T18:25:20.372Z,separate_executor,quote_run_dispatch_probe,200,3570.16,success,,200,success
p3-ex-official-vu200,be71c159-21e5-41d3-8455-6d8bbe12cb31,2026-08-31T18:25:20.372Z,separate_executor,quote_run_dispatch_probe,200,3570.32,success,,200,success
p3-ex-official-vu200,d0d72395-33e7-432d-8877-0b97222aa417,2026-08-31T18:25:20.376Z,separate_executor,quote_run_dispatch_probe,200,4178.36,success,,200,success
p3-ex-official-vu200,7cb82c53-31f4-4e74-9e3a-106ac54cb863,2026-08-31T18:25:20.377Z,separate_executor,quote_run_dispatch_probe,200,4166.78,success,,200,success
p3-ex-official-vu200,027d93ee-908c-43f2-bede-331b0f44220c,2026-08-31T18:25:20.385Z,separate_executor,quote_run_dispatch_probe,200,3574.1,success,,200,success
p3-ex-official-vu200,eb9ecbe9-89a5-419d-a567-9bca28ac3a6c,2026-08-31T18:25:20.391Z,separate_executor,quote_run_dispatch_probe,200,4191.87,success,,200,success
p3-ex-official-vu200,5c8fd15a-6edf-4158-a2d4-9059600980bf,2026-08-31T18:25:20.391Z,separate_executor,quote_run_dispatch_probe,200,4139.25,success,,200,success
p3-ex-official-vu200,ec799672-19b8-4522-876c-de7a4ad6122b,2026-08-31T18:25:20.399Z,separate_executor,quote_run_dispatch_probe,200,4463.45,success,,200,success
p3-ex-official-vu200,55f05c25-c0de-4531-9d13-1c2057631649,2026-08-31T18:25:20.401Z,separate_executor,quote_run_dispatch_probe,200,3588.67,success,,200,success
p3-ex-official-vu200,b8b3b870-475d-48e7-b33c-0426f9e9dc19,2026-08-31T18:25:20.404Z,separate_executor,quote_run_dispatch_probe,200,3569.05,success,,200,success
p3-ex-official-vu200,a2f67616-b36e-476c-a64d-20a1ea2890d5,2026-08-31T18:25:20.408Z,separate_executor,quote_run_dispatch_probe,200,3599.16,success,,200,success
p3-ex-official-vu200,8b1c5aba-9cbe-4324-88e2-78e817056694,2026-08-31T18:25:20.408Z,separate_executor,quote_run_dispatch_probe,200,3596.76,success,,200,success
p3-ex-official-vu200,37a27cc9-0dcb-4a34-bb46-d46825e3e1be,2026-08-31T18:25:20.414Z,separate_executor,quote_run_dispatch_probe,200,3601.79,success,,200,success
p3-ex-official-vu200,060f2ca8-7a7f-41fd-a4f2-f75ff0fc0083,2026-08-31T18:25:20.419Z,separate_executor,quote_run_dispatch_probe,200,3609.77,success,,200,success
p3-ex-official-vu200,105e492a-3791-4adc-8230-7b395b1837d7,2026-08-31T18:25:20.422Z,separate_executor,quote_run_dispatch_probe,200,3406.28,success,,200,success
p3-ex-official-vu200,fe289dd5-4123-4d0a-91aa-15d366eb0af8,2026-08-31T18:25:20.422Z,separate_executor,quote_run_dispatch_probe,200,3621.2,success,,200,success
p3-ex-official-vu200,16ab3605-815f-4acb-ad48-c062c48342d4,2026-08-31T18:25:20.441Z,separate_executor,quote_run_dispatch_probe,200,3627.91,success,,200,success
p3-ex-official-vu200,8e027c36-faf2-459b-bfcd-4c3d532c7b5d,2026-08-31T18:25:20.441Z,separate_executor,quote_run_dispatch_probe,200,3455.76,success,,200,success
p3-ex-official-vu200,d85ea286-de9c-4b10-b17b-c5c084a09d62,2026-08-31T18:25:20.451Z,separate_executor,quote_run_dispatch_probe,200,3651.55,success,,200,success
p3-ex-official-vu200,6a0348dd-44e9-4490-9390-3aab6e2f0819,2026-08-31T18:25:20.457Z,separate_executor,quote_run_dispatch_probe,200,3642.04,success,,200,success
p3-ex-official-vu200,f2ac51b0-949e-4eb2-947c-95f35e0e84d9,2026-08-31T18:25:20.457Z,separate_executor,quote_run_dispatch_probe,200,3642.34,success,,200,success
p3-ex-official-vu200,bdb63347-0053-4325-9488-6bb9e4bbc38c,2026-08-31T18:25:20.461Z,separate_executor,quote_run_dispatch_probe,200,3651.26,success,,200,success
p3-ex-official-vu200,dda6143b-affe-477e-825e-1605c2b339fc,2026-08-31T18:25:20.462Z,separate_executor,quote_run_dispatch_probe,200,3205.47,success,,200,success
p3-ex-official-vu200,0f21e754-35f9-4c77-9971-3e89bfa4d18e,2026-08-31T18:25:20.474Z,separate_executor,quote_run_dispatch_probe,200,3659.16,success,,200,success
p3-ex-official-vu200,e53c1ac5-f31f-4433-9985-b8ca74603810,2026-08-31T18:25:20.476Z,separate_executor,quote_run_dispatch_probe,200,3240.91,success,,200,success
p3-ex-official-vu200,29d1c9a7-f962-4d0b-b310-5afcd27d9aa8,2026-08-31T18:25:20.478Z,separate_executor,quote_run_dispatch_probe,200,3675.96,success,,200,success
p3-ex-official-vu200,54067674-ea5d-46b8-b99e-b718aa88e50b,2026-08-31T18:25:20.491Z,separate_executor,quote_run_dispatch_probe,200,3683.31,success,,200,success
p3-ex-official-vu200,04a2a8bd-d365-443d-afc6-50e02880da44,2026-08-31T18:25:20.492Z,separate_executor,quote_run_dispatch_probe,200,3303.45,success,,200,success
p3-ex-official-vu200,db236a04-0409-445b-8769-a58311f43196,2026-08-31T18:25:20.501Z,separate_executor,quote_run_dispatch_probe,200,3689.42,success,,200,success
p3-ex-official-vu200,d72abc28-2af4-47f0-8f03-cfb6977a3e08,2026-08-31T18:25:20.501Z,separate_executor,quote_run_dispatch_probe,200,3499.98,success,,200,success
p3-ex-official-vu200,716cb376-61ec-4391-a399-0565beeafc61,2026-08-31T18:25:20.502Z,separate_executor,quote_run_dispatch_probe,200,3703.18,success,,200,success
p3-ex-official-vu200,c335977e-0ace-4a27-aa72-415032c6fa27,2026-08-31T18:25:20.516Z,separate_executor,quote_run_dispatch_probe,200,3700.4,success,,200,success
p3-ex-official-vu200,143326db-f150-4688-afea-8d614f727f71,2026-08-31T18:25:20.517Z,separate_executor,quote_run_dispatch_probe,200,3526.31,success,,200,success
p3-ex-official-vu200,c852375d-27a7-4daa-b479-5da8029ee63b,2026-08-31T18:25:20.517Z,separate_executor,quote_run_dispatch_probe,200,3477.46,success,,200,success
p3-ex-official-vu200,6650e6d0-ee70-4df7-ac35-c08bff2a6c89,2026-08-31T18:25:20.525Z,separate_executor,quote_run_dispatch_probe,200,3166.85,success,,200,success
p3-ex-official-vu200,275a57c5-7b4c-4ffa-b487-1fe0e44c3bc0,2026-08-31T18:25:20.531Z,separate_executor,quote_run_dispatch_probe,200,3719.71,success,,200,success
p3-ex-official-vu200,c692d0ab-408d-403a-9b16-4db204c15f61,2026-08-31T18:25:20.543Z,separate_executor,quote_run_dispatch_probe,200,3347.24,success,,200,success
