run_id,sample_id,utc_time,gate,operation,vu_tier,elapsed_ms,outcome,error_class,http_status,expected_outcome
p3-ex-official-vu50,0997f215-35aa-4bcc-85e6-069cb897c855,2026-08-31T18:19:11.681Z,separate_executor,quote_run_dispatch_probe,50,930.21,success,,200,success
p3-ex-official-vu50,702aad8f-a805-4e95-a97f-1f683c52a4a2,2026-08-31T18:19:12.250Z,separate_executor,quote_run_dispatch_probe,50,684.84,success,,200,success
p3-ex-official-vu50,f6b962d1-5fa3-413b-aa5a-9429d4d1a86a,2026-08-31T18:19:12.569Z,separate_executor,quote_run_dispatch_probe,50,854.47,success,,200,success
p3-ex-official-vu50,72d5cf9c-4c7e-4ee1-8a24-cbc7887778b5,2026-08-31T18:19:13.232Z,separate_executor,quote_run_dispatch_probe,50,981.63,success,,200,success
p3-ex-official-vu50,6dd5d32d-f624-4626-a9d6-8ce2b9921a3d,2026-08-31T18:19:13.500Z,separate_executor,quote_run_dispatch_probe,50,931.8,success,,200,success
p3-ex-official-vu50,f91c5fde-5a8a-4ba7-aeea-3d0d63d432d9,2026-08-31T18:19:13.506Z,separate_executor,quote_run_dispatch_probe,50,1440.09,success,,200,success
p3-ex-official-vu50,84fe4da8-b773-4b66-aa37-d44ff755a539,2026-08-31T18:19:13.508Z,separate_executor,quote_run_dispatch_probe,50,938.88,success,,200,success
p3-ex-official-vu50,c76f73f7-ead7-48ae-af85-576b369454b1,2026-08-31T18:19:14.282Z,separate_executor,quote_run_dispatch_probe,50,1106.06,success,,200,success
p3-ex-official-vu50,fa8837aa-cf0d-46b3-ac46-2cf8242d9092,2026-08-31T18:19:14.299Z,separate_executor,quote_run_dispatch_probe,50,1066.84,success,,200,success
p3-ex-official-vu50,887eb832-77f0-428f-9045-4b366e39b6fc,2026-08-31T18:19:14.392Z,separate_executor,quote_run_dispatch_probe,50,892.68,success,,200,success
p3-ex-official-vu50,97076cdd-19a9-45d3-b18e-603c1ccc7ad0,2026-08-31T18:19:14.469Z,separate_executor,quote_run_dispatch_probe,50,962.37,success,,200,success
p3-ex-official-vu50,e2eba541-017c-4f74-ad26-430f3c441e4f,2026-08-31T18:19:14.728Z,separate_executor,quote_run_dispatch_probe,50,1220.87,success,,200,success
p3-ex-official-vu50,b9ec29b2-2765-4ace-a770-52d70bb89c1d,2026-08-31T18:19:14.884Z,separate_executor,quote_run_dispatch_probe,50,1074.23,success,,200,success
p3-ex-official-vu50,4c02ed70-9ad9-464a-a365-4c1d62d3f24f,2026-08-31T18:19:15.600Z,separate_executor,quote_run_dispatch_probe,50,1318.28,success,,200,success
p3-ex-official-vu50,e74ab9d6-74f6-4535-ae67-52dec3b01d0d,2026-08-31T18:19:15.742Z,separate_executor,quote_run_dispatch_probe,50,1272.67,success,,200,success
p3-ex-official-vu50,0c24deab-492c-4a00-b288-b751693bb07c,2026-08-31T18:19:15.759Z,separate_executor,quote_run_dispatch_probe,50,1404.39,success,,200,success
p3-ex-official-vu50,21a9dbb5-b39c-4f8b-b2da-be6952811e24,2026-08-31T18:19:15.770Z,separate_executor,quote_run_dispatch_probe,50,1377.35,success,,200,success
p3-ex-official-vu50,a2165717-3ff2-4ecf-baf3-ed0d9393a48a,2026-08-31T18:19:15.772Z,separate_executor,quote_run_dispatch_probe,50,1472.93,success,,200,success
p3-ex-official-vu50,84036e9c-ba92-4e46-99d6-2659c523e25b,2026-08-31T18:19:15.779Z,separate_executor,quote_run_dispatch_probe,50,895.26,success,,200,success
p3-ex-official-vu50,3409fed8-4768-4fa9-8539-a7e20b87f0ca,2026-08-31T18:19:15.789Z,separate_executor,quote_run_dispatch_probe,50,1060.37,success,,200,success
p3-ex-official-vu50,5cf90ceb-8365-4e5b-8270-0854dd3dda91,2026-08-31T18:19:16.218Z,separate_executor,quote_run_dispatch_probe,50,619.48,success,,200,success
p3-ex-official-vu50,01b25ab4-21c3-4bad-b037-787a0958a848,2026-08-31T18:19:16.303Z,separate_executor,quote_run_dispatch_probe,50,531.31,success,,200,success
p3-ex-official-vu50,9b95f65d-83fa-4917-a1d3-965793b93d23,2026-08-31T18:19:16.808Z,separate_executor,quote_run_dispatch_probe,50,1019.27,success,,200,success
p3-ex-official-vu50,36488b7d-da28-41ad-8ca2-ae737dd48cb4,2026-08-31T18:19:16.830Z,separate_executor,quote_run_dispatch_probe,50,1229.88,success,,200,success
p3-ex-official-vu50,f6361b8a-8cfa-495a-b4b9-5e08fc8074f0,2026-08-31T18:19:16.835Z,separate_executor,quote_run_dispatch_probe,50,1065.51,success,,200,success
p3-ex-official-vu50,6701eee4-4398-4603-950e-fc683c4b0d07,2026-08-31T18:19:16.852Z,separate_executor,quote_run_dispatch_probe,50,1072.58,success,,200,success
p3-ex-official-vu50,4c4c08bf-3852-4ca3-9bb0-34c92b5477fa,2026-08-31T18:19:16.853Z,separate_executor,quote_run_dispatch_probe,50,1094.15,success,,200,success
p3-ex-official-vu50,a2b77d58-21a5-4294-9795-1ee24c69e90f,2026-08-31T18:19:16.861Z,separate_executor,quote_run_dispatch_probe,50,1850.99,success,,200,success
p3-ex-official-vu50,11463bcf-2333-47f1-ae72-45cc12d30140,2026-08-31T18:19:16.862Z,separate_executor,quote_run_dispatch_probe,50,1120.6,success,,200,success
p3-ex-official-vu50,511020e1-74cf-4b23-a921-8c6828e5a304,2026-08-31T18:19:16.879Z,separate_executor,quote_run_dispatch_probe,50,575.75,success,,200,success
p3-ex-official-vu50,b64b4bbf-0f60-40c1-9b44-6045342ce0f0,2026-08-31T18:19:16.881Z,separate_executor,quote_run_dispatch_probe,50,663.49,success,,200,success
p3-ex-official-vu50,aa383823-d04a-4de9-8aab-79ef8bb833b7,2026-08-31T18:19:17.273Z,separate_executor,quote_run_dispatch_probe,50,1094.4,success,,200,success
p3-ex-official-vu50,bc50887a-0563-4060-93bc-af41f6aa4ad3,2026-08-31T18:19:17.351Z,separate_executor,quote_run_dispatch_probe,50,499.63,success,,200,success
p3-ex-official-vu50,5ad48b54-98a9-4039-9c90-59733f9e2a80,2026-08-31T18:19:17.488Z,separate_executor,quote_run_dispatch_probe,50,652.48,success,,200,success
p3-ex-official-vu50,136008d5-f510-4efa-a646-2cb561c4e846,2026-08-31T18:19:17.492Z,separate_executor,quote_run_dispatch_probe,50,700.55,success,,200,success
p3-ex-official-vu50,b8498767-5e7c-401d-baf3-ba4524781ae0,2026-08-31T18:19:17.537Z,separate_executor,quote_run_dispatch_probe,50,728.44,success,,200,success
p3-ex-official-vu50,d01364b4-8669-4c6c-93f1-9f3d86579356,2026-08-31T18:19:17.562Z,separate_executor,quote_run_dispatch_probe,50,682.46,success,,200,success
p3-ex-official-vu50,665b0ae5-cb77-403c-b9b8-900bde756a7b,2026-08-31T18:19:17.567Z,separate_executor,quote_run_dispatch_probe,50,705.97,success,,200,success
p3-ex-official-vu50,34cfbfff-7c0e-44cd-8644-5c0d2d1e1adc,2026-08-31T18:19:17.569Z,separate_executor,quote_run_dispatch_probe,50,715.51,success,,200,success
p3-ex-official-vu50,d09e94ff-ea5d-4337-8111-25ca769e0333,2026-08-31T18:19:17.693Z,separate_executor,quote_run_dispatch_probe,50,862.94,success,,200,success
p3-ex-official-vu50,5b106991-de24-4e16-aeae-19baaf3d9eff,2026-08-31T18:19:17.834Z,separate_executor,quote_run_dispatch_probe,50,971.66,success,,200,success
p3-ex-official-vu50,a67d7dde-1c01-45b3-adca-8308bd4c8ca5,2026-08-31T18:19:17.859Z,separate_executor,quote_run_dispatch_probe,50,977.85,success,,200,success
p3-ex-official-vu50,09501f57-31ec-4b2b-a58e-cd996902906a,2026-08-31T18:19:17.873Z,separate_executor,quote_run_dispatch_probe,50,524.79,success,,200,success
p3-ex-official-vu50,d214086a-6fe3-439b-8c00-e2c08e0604ea,2026-08-31T18:19:18.023Z,separate_executor,quote_run_dispatch_probe,50,749.8,success,,200,success
p3-ex-official-vu50,45a0cc2b-00a5-46c6-8c48-30b0d357a471,2026-08-31T18:19:18.085Z,separate_executor,quote_run_dispatch_probe,50,597.13,success,,200,success
p3-ex-official-vu50,978c255e-a1e8-48cb-8ee3-ca875bb29eaf,2026-08-31T18:19:18.155Z,separate_executor,quote_run_dispatch_probe,50,662.67,success,,200,success
p3-ex-official-vu50,db1271b6-3176-425d-993a-b24641a9067b,2026-08-31T18:19:18.207Z,separate_executor,quote_run_dispatch_probe,50,670.61,success,,200,success
p3-ex-official-vu50,fafb3033-9d10-449c-bce3-b0a3a47b2c67,2026-08-31T18:19:18.232Z,separate_executor,quote_run_dispatch_probe,50,664.71,success,,200,success
p3-ex-official-vu50,91dfb358-699c-4626-84ba-645df54b8029,2026-08-31T18:19:18.239Z,separate_executor,quote_run_dispatch_probe,50,677.66,success,,200,success
p3-ex-official-vu50,37b27403-7e2e-49b0-8661-86795ea4c2ac,2026-08-31T18:19:18.241Z,separate_executor,quote_run_dispatch_probe,50,672.85,success,,200,success
p3-ex-official-vu50,b9cc0198-4788-4604-ad9c-5c5f2732f20f,2026-08-31T18:19:18.277Z,separate_executor,quote_run_dispatch_probe,50,584.66,success,,200,success
p3-ex-official-vu50,0329e2bf-64ef-4680-a29c-70d968d501ff,2026-08-31T18:19:18.349Z,separate_executor,quote_run_dispatch_probe,50,475.11,success,,200,success
p3-ex-official-vu50,c509ec5d-efd3-4d3e-962d-9200827692e6,2026-08-31T18:19:18.444Z,separate_executor,quote_run_dispatch_probe,50,1092.15,success,,200,success
p3-ex-official-vu50,30f84c32-d90b-4f67-b3f1-42508b7c4b0c,2026-08-31T18:19:18.613Z,separate_executor,quote_run_dispatch_probe,50,754.43,success,,200,success
p3-ex-official-vu50,0251a86e-c6e5-4974-b26c-725c70658b21,2026-08-31T18:19:18.676Z,separate_executor,quote_run_dispatch_probe,50,590.55,success,,200,success
p3-ex-official-vu50,dda01ecf-3f8b-490b-9c12-9e9f79401ffc,2026-08-31T18:19:18.683Z,separate_executor,quote_run_dispatch_probe,50,849.5,success,,200,success
p3-ex-official-vu50,d22e4f01-4b12-4d62-bdbb-de887a8968fc,2026-08-31T18:19:18.746Z,separate_executor,quote_run_dispatch_probe,50,789.29,success,,200,success
p3-ex-official-vu50,f05a713b-f245-4881-a693-6356d2d64a17,2026-08-31T18:19:18.775Z,separate_executor,quote_run_dispatch_probe,50,567.53,success,,200,success
p3-ex-official-vu50,66444e23-616a-43de-b764-270e44006c90,2026-08-31T18:19:18.783Z,separate_executor,quote_run_dispatch_probe,50,759.93,success,,200,success
p3-ex-official-vu50,779047df-fab5-4b83-a1e3-c16febb21f11,2026-08-31T18:19:19.008Z,separate_executor,quote_run_dispatch_probe,50,768.3,success,,200,success
p3-ex-official-vu50,b32d6e3c-5780-463d-a71f-6505be363057,2026-08-31T18:19:19.017Z,separate_executor,quote_run_dispatch_probe,50,739.97,success,,200,success
p3-ex-official-vu50,1eca6ffb-b8a4-48a8-86cf-6d6fcd8da873,2026-08-31T18:19:19.022Z,separate_executor,quote_run_dispatch_probe,50,867.28,success,,200,success
p3-ex-official-vu50,7443d9c1-23af-4291-b808-667f9cbd934d,2026-08-31T18:19:19.028Z,separate_executor,quote_run_dispatch_probe,50,679.53,success,,200,success
p3-ex-official-vu50,5fede6ab-8717-42df-ac00-b46c127f84a1,2026-08-31T18:19:19.033Z,separate_executor,quote_run_dispatch_probe,50,800.69,success,,200,success
p3-ex-official-vu50,b44309ed-dc02-4529-bc13-ab0493ea04d2,2026-08-31T18:19:19.042Z,separate_executor,quote_run_dispatch_probe,50,800.98,success,,200,success
p3-ex-official-vu50,ec474dab-09f7-4e3f-b8d9-dc73697988fa,2026-08-31T18:19:19.278Z,separate_executor,quote_run_dispatch_probe,50,532,success,,200,success
p3-ex-official-vu50,fcab5903-6c94-466e-9bb4-2d5638296087,2026-08-31T18:19:19.279Z,separate_executor,quote_run_dispatch_probe,50,603.82,success,,200,success
p3-ex-official-vu50,d52a9e76-e6bc-47d7-a625-4cb277574584,2026-08-31T18:19:19.352Z,separate_executor,quote_run_dispatch_probe,50,577.22,success,,200,success
p3-ex-official-vu50,4b780bc5-aff8-45ab-9bfd-066c5e0e2f3b,2026-08-31T18:19:19.359Z,separate_executor,quote_run_dispatch_probe,50,798.08,success,,200,success
p3-ex-official-vu50,74a677e5-57f7-4836-bcb8-5d28532f7b44,2026-08-31T18:19:19.375Z,separate_executor,quote_run_dispatch_probe,50,761.21,success,,200,success
p3-ex-official-vu50,8c3d38ce-df27-4adf-9bbd-0fc7d96ffc16,2026-08-31T18:19:19.384Z,separate_executor,quote_run_dispatch_probe,50,700.25,success,,200,success
p3-ex-official-vu50,6b17869d-6904-4570-858b-69b55ad7d6f3,2026-08-31T18:19:19.417Z,separate_executor,quote_run_dispatch_probe,50,973.78,success,,200,success
p3-ex-official-vu50,598516c8-5220-4272-9af6-a7a82ee56c06,2026-08-31T18:19:19.491Z,separate_executor,quote_run_dispatch_probe,50,708.08,success,,200,success
p3-ex-official-vu50,35bb51ec-e16a-49d9-a133-bed74c6ef35e,2026-08-31T18:19:19.548Z,separate_executor,quote_run_dispatch_probe,50,519.74,success,,200,success
p3-ex-official-vu50,8ca5ff57-041d-45a8-b2bf-5305f3b3aab0,2026-08-31T18:19:19.639Z,separate_executor,quote_run_dispatch_probe,50,631.67,success,,200,success
p3-ex-official-vu50,74d70698-4289-446d-9033-91987d9eaf06,2026-08-31T18:19:19.679Z,separate_executor,quote_run_dispatch_probe,50,646.15,success,,200,success
p3-ex-official-vu50,3ccb7917-141e-4dee-ac16-467166c47c68,2026-08-31T18:19:19.698Z,separate_executor,quote_run_dispatch_probe,50,675.73,success,,200,success
p3-ex-official-vu50,c329c80c-467b-4799-a92f-be4025028aba,2026-08-31T18:19:19.767Z,separate_executor,quote_run_dispatch_probe,50,749.3,success,,200,success
p3-ex-official-vu50,250efc20-7d07-41fd-88af-dc486c026087,2026-08-31T18:19:19.798Z,separate_executor,quote_run_dispatch_probe,50,640.12,success,,200,success
p3-ex-official-vu50,5d63c5f6-108e-4aa6-b905-395f58685bbb,2026-08-31T18:19:19.802Z,separate_executor,quote_run_dispatch_probe,50,759.59,success,,200,success
p3-ex-official-vu50,93629b1a-54b1-4b18-8dbf-53fc75eb7bb3,2026-08-31T18:19:19.875Z,separate_executor,quote_run_dispatch_probe,50,597.12,success,,200,success
p3-ex-official-vu50,32a9fd7b-557e-4d08-bfe0-fbd6be4bfbf8,2026-08-31T18:19:19.903Z,separate_executor,quote_run_dispatch_probe,50,623.33,success,,200,success
p3-ex-official-vu50,f3f891df-2b52-49f8-9a8c-44cdc3d43556,2026-08-31T18:19:19.928Z,separate_executor,quote_run_dispatch_probe,50,575.98,success,,200,success
p3-ex-official-vu50,dd343b7d-f889-4297-ad28-83bc2348adb6,2026-08-31T18:19:20.022Z,separate_executor,quote_run_dispatch_probe,50,662.32,success,,200,success
p3-ex-official-vu50,0ff75e1d-d682-4024-b756-4dc8e5926e68,2026-08-31T18:19:20.059Z,separate_executor,quote_run_dispatch_probe,50,510.94,success,,200,success
p3-ex-official-vu50,51404dec-ed97-4905-b409-33d3dbfb27cd,2026-08-31T18:19:20.101Z,separate_executor,quote_run_dispatch_probe,50,716.88,success,,200,success
p3-ex-official-vu50,989d670e-a728-4e31-a3c0-47692c50ad44,2026-08-31T18:19:20.111Z,separate_executor,quote_run_dispatch_probe,50,736.83,success,,200,success
p3-ex-official-vu50,4fc98747-5ee6-4295-a7a6-73aeaf570c22,2026-08-31T18:19:20.184Z,separate_executor,quote_run_dispatch_probe,50,692.17,success,,200,success
p3-ex-official-vu50,cf446bab-2058-4ca1-a80b-7d05aba865dc,2026-08-31T18:19:20.199Z,separate_executor,quote_run_dispatch_probe,50,781.49,success,,200,success
p3-ex-official-vu50,ca343bc4-b7ca-4120-8d3b-fd09daba4fbe,2026-08-31T18:19:20.315Z,separate_executor,quote_run_dispatch_probe,50,512.74,success,,200,success
p3-ex-official-vu50,4c574635-3600-4952-87fc-187c9674f9de,2026-08-31T18:19:20.330Z,separate_executor,quote_run_dispatch_probe,50,690.92,success,,200,success
p3-ex-official-vu50,b44755b3-14b6-43c2-8d43-a1145ced2ccb,2026-08-31T18:19:20.523Z,separate_executor,quote_run_dispatch_probe,50,843.97,success,,200,success
p3-ex-official-vu50,73ce5991-82bd-4f10-ae08-c1eef8f1df97,2026-08-31T18:19:20.939Z,separate_executor,quote_run_dispatch_probe,50,1240.38,success,,200,success
p3-ex-official-vu50,f7eb0d0e-1f51-451e-b86a-224db55f363e,2026-08-31T18:19:21.009Z,separate_executor,quote_run_dispatch_probe,50,1106.6,success,,200,success
p3-ex-official-vu50,d2a916b6-6bb7-48f3-a80e-f3a459ae7087,2026-08-31T18:19:21.019Z,separate_executor,quote_run_dispatch_probe,50,1251.84,success,,200,success
p3-ex-official-vu50,de9188f7-0783-4209-929a-8137c626e133,2026-08-31T18:19:21.030Z,separate_executor,quote_run_dispatch_probe,50,1155.09,success,,200,success
p3-ex-official-vu50,9a62e9d4-a0cf-4067-a10a-33a0437f1f8f,2026-08-31T18:19:21.031Z,separate_executor,quote_run_dispatch_probe,50,1272.71,success,,200,success
p3-ex-official-vu50,faff9c9a-8848-4fc3-b554-08bb08d0f60b,2026-08-31T18:19:21.033Z,separate_executor,quote_run_dispatch_probe,50,1235.07,success,,200,success
p3-ex-official-vu50,766d9e44-6aba-4c9e-b984-cd5637b58eda,2026-08-31T18:19:21.034Z,separate_executor,quote_run_dispatch_probe,50,975.34,success,,200,success
p3-ex-official-vu50,c9ec4996-ecb4-4759-82b4-ead2fa2fb35b,2026-08-31T18:19:21.036Z,separate_executor,quote_run_dispatch_probe,50,924.27,success,,200,success
p3-ex-official-vu50,10c5bdbf-7e8f-400a-8ff9-e498f3b2c98d,2026-08-31T18:19:21.042Z,separate_executor,quote_run_dispatch_probe,50,858.78,success,,200,success
p3-ex-official-vu50,c00a4e66-bb49-4a01-bb98-7442f28aec68,2026-08-31T18:19:21.198Z,separate_executor,quote_run_dispatch_probe,50,1269.81,success,,200,success
p3-ex-official-vu50,d7c3e621-1f97-4c54-af8f-6cb4cd4b9b69,2026-08-31T18:19:21.384Z,separate_executor,quote_run_dispatch_probe,50,1069.01,success,,200,success
p3-ex-official-vu50,7612917d-25c4-4b9f-a15f-9608824b97af,2026-08-31T18:19:21.409Z,separate_executor,quote_run_dispatch_probe,50,1387.52,success,,200,success
p3-ex-official-vu50,eb1492f9-e990-4544-bb52-68b092909485,2026-08-31T18:19:21.411Z,separate_executor,quote_run_dispatch_probe,50,1310.57,success,,200,success
p3-ex-official-vu50,d435e771-f384-4125-9985-0be760aa50e3,2026-08-31T18:19:21.415Z,separate_executor,quote_run_dispatch_probe,50,1085.08,success,,200,success
p3-ex-official-vu50,cca84f83-583c-43b9-ac44-002291b26cf5,2026-08-31T18:19:21.419Z,separate_executor,quote_run_dispatch_probe,50,1220.29,success,,200,success
p3-ex-official-vu50,4561aa68-a5e4-46c7-bf4f-4f3ea237c0df,2026-08-31T18:19:21.420Z,separate_executor,quote_run_dispatch_probe,50,897.53,success,,200,success
p3-ex-official-vu50,59aa029b-2d53-4cb9-afef-681e00a8cf31,2026-08-31T18:19:21.592Z,separate_executor,quote_run_dispatch_probe,50,565.23,success,,200,success
p3-ex-official-vu50,4bcc20df-bc9c-4ac7-971a-aa79c426def4,2026-08-31T18:19:21.603Z,separate_executor,quote_run_dispatch_probe,50,1223.5,success,,200,success
p3-ex-official-vu50,caa7e794-b1b5-4d83-ab37-7cabc80518af,2026-08-31T18:19:21.618Z,separate_executor,quote_run_dispatch_probe,50,607.84,success,,200,success
p3-ex-official-vu50,c11c9731-bb06-406d-8169-5e5db91259b3,2026-08-31T18:19:21.629Z,separate_executor,quote_run_dispatch_probe,50,626.46,success,,200,success
p3-ex-official-vu50,37ca67af-344f-4489-9968-088ccfe401ca,2026-08-31T18:19:21.659Z,separate_executor,quote_run_dispatch_probe,50,628.46,success,,200,success
p3-ex-official-vu50,706c4377-5e8b-4241-9f77-6a50d995584c,2026-08-31T18:19:21.660Z,separate_executor,quote_run_dispatch_probe,50,617.73,success,,200,success
p3-ex-official-vu50,b2f8c934-fd0d-4411-abdb-aebe04da4122,2026-08-31T18:19:21.701Z,separate_executor,quote_run_dispatch_probe,50,762.19,success,,200,success
p3-ex-official-vu50,661cea03-7f40-4808-9d17-482cfb08443a,2026-08-31T18:19:21.764Z,separate_executor,quote_run_dispatch_probe,50,729.58,success,,200,success
p3-ex-official-vu50,b33a49a6-0e64-408f-afb3-6f3712f33c2e,2026-08-31T18:19:21.799Z,separate_executor,quote_run_dispatch_probe,50,763.17,success,,200,success
p3-ex-official-vu50,9b5340e7-6676-4431-996d-8c1fd5f8d3d4,2026-08-31T18:19:21.814Z,separate_executor,quote_run_dispatch_probe,50,782.85,success,,200,success
p3-ex-official-vu50,a223ba4c-781f-42e8-9da4-9ae111887be6,2026-08-31T18:19:21.875Z,separate_executor,quote_run_dispatch_probe,50,491.43,success,,200,success
p3-ex-official-vu50,5942ea76-e217-421e-95c8-9fce0fe3cf8f,2026-08-31T18:19:21.907Z,separate_executor,quote_run_dispatch_probe,50,497.56,success,,200,success
p3-ex-official-vu50,f5e68495-5746-45a9-afbe-0738a5a38135,2026-08-31T18:19:21.920Z,separate_executor,quote_run_dispatch_probe,50,887.19,success,,200,success
p3-ex-official-vu50,ead5d087-f676-4ada-9c74-080796651557,2026-08-31T18:19:21.951Z,separate_executor,quote_run_dispatch_probe,50,752.6,success,,200,success
p3-ex-official-vu50,d626f4bc-251d-40ac-9a53-9e8ae583a969,2026-08-31T18:19:22.057Z,separate_executor,quote_run_dispatch_probe,50,641.66,success,,200,success
p3-ex-official-vu50,1564b2f7-3394-4e0b-94e5-906e57f4ee6b,2026-08-31T18:19:22.122Z,separate_executor,quote_run_dispatch_probe,50,530.06,success,,200,success
p3-ex-official-vu50,cb07e084-c622-4b1b-a9f4-c8ae3d3db08b,2026-08-31T18:19:22.145Z,separate_executor,quote_run_dispatch_probe,50,542.21,success,,200,success
p3-ex-official-vu50,88187c93-a0fb-4ed8-b589-62c4b768aa8f,2026-08-31T18:19:22.252Z,separate_executor,quote_run_dispatch_probe,50,592.36,success,,200,success
p3-ex-official-vu50,29075bd6-5653-4fd2-9000-90cf64168869,2026-08-31T18:19:22.256Z,separate_executor,quote_run_dispatch_probe,50,638.55,success,,200,success
p3-ex-official-vu50,2efb27a8-f242-4878-a1dc-250bedc07d03,2026-08-31T18:19:22.278Z,separate_executor,quote_run_dispatch_probe,50,858.69,success,,200,success
p3-ex-official-vu50,e0417a6f-e752-4087-8081-76fc20d8a163,2026-08-31T18:19:22.324Z,separate_executor,quote_run_dispatch_probe,50,903.82,success,,200,success
p3-ex-official-vu50,27e88549-f7be-4ba1-b1cc-2e7d349b5af2,2026-08-31T18:19:22.406Z,separate_executor,quote_run_dispatch_probe,50,746.75,success,,200,success
p3-ex-official-vu50,caab8117-e8b4-4058-9e60-5b26d54f5c66,2026-08-31T18:19:22.407Z,separate_executor,quote_run_dispatch_probe,50,777.76,success,,200,success
p3-ex-official-vu50,2030a931-de1a-4d3b-b578-c888d77aa4b9,2026-08-31T18:19:22.443Z,separate_executor,quote_run_dispatch_probe,50,1032.1,success,,200,success
p3-ex-official-vu50,466fc9ec-dc44-4725-8c81-061de177fbb4,2026-08-31T18:19:22.444Z,separate_executor,quote_run_dispatch_probe,50,568.63,success,,200,success
p3-ex-official-vu50,60a9f7e0-512e-4d58-8fce-e0400ee1845f,2026-08-31T18:19:22.448Z,separate_executor,quote_run_dispatch_probe,50,872.59,success,,200,success
p3-ex-official-vu50,7d10f0ea-3c00-47be-bf9e-9cf60c028007,2026-08-31T18:19:22.448Z,separate_executor,quote_run_dispatch_probe,50,541.12,success,,200,success
p3-ex-official-vu50,99dc8730-f415-452a-aacb-d8ce856f7512,2026-08-31T18:19:22.451Z,separate_executor,quote_run_dispatch_probe,50,749.93,success,,200,success
p3-ex-official-vu50,9fa6e132-1a09-45d5-b41f-9f51743d09b6,2026-08-31T18:19:22.517Z,separate_executor,quote_run_dispatch_probe,50,702.54,success,,200,success
p3-ex-official-vu50,3a46c8cd-4bcf-4f8a-bfa4-3c6a946566ce,2026-08-31T18:19:22.565Z,separate_executor,quote_run_dispatch_probe,50,800.92,success,,200,success
p3-ex-official-vu50,42796298-6946-4ba6-bbf8-4246f4439506,2026-08-31T18:19:22.581Z,separate_executor,quote_run_dispatch_probe,50,629.99,success,,200,success
p3-ex-official-vu50,639ea2e4-3e29-4937-a9db-3c079af5c89e,2026-08-31T18:19:22.659Z,separate_executor,quote_run_dispatch_probe,50,859.85,success,,200,success
p3-ex-official-vu50,70e6ad8f-fff1-41af-9e8f-936f32299e11,2026-08-31T18:19:22.683Z,separate_executor,quote_run_dispatch_probe,50,538.85,success,,200,success
p3-ex-official-vu50,0f336c0f-72ae-46de-8fdd-af54ce17fce0,2026-08-31T18:19:22.712Z,separate_executor,quote_run_dispatch_probe,50,589.76,success,,200,success
p3-ex-official-vu50,f370685a-5365-4ef1-94da-4c7c1c4c2723,2026-08-31T18:19:22.713Z,separate_executor,quote_run_dispatch_probe,50,656.23,success,,200,success
p3-ex-official-vu50,3e571fff-2175-4f9c-ae80-dc29639fa61b,2026-08-31T18:19:22.840Z,separate_executor,quote_run_dispatch_probe,50,694.55,success,,200,success
p3-ex-official-vu50,899fe8bb-1682-4508-a120-bd75640ad039,2026-08-31T18:19:22.856Z,separate_executor,quote_run_dispatch_probe,50,935.91,success,,200,success
p3-ex-official-vu50,791993fb-1815-40d4-b4bf-81f5598f25df,2026-08-31T18:19:23.083Z,separate_executor,quote_run_dispatch_probe,50,830.52,success,,200,success
p3-ex-official-vu50,7e7f6850-c950-4109-9c82-c3d02b51b5e0,2026-08-31T18:19:23.113Z,separate_executor,quote_run_dispatch_probe,50,665,success,,200,success
p3-ex-official-vu50,3f03efc7-e406-43e4-8293-66a224548397,2026-08-31T18:19:23.120Z,separate_executor,quote_run_dispatch_probe,50,864.02,success,,200,success
p3-ex-official-vu50,f8a9e036-56cb-4ab8-b5e7-f0cd5b162800,2026-08-31T18:19:23.129Z,separate_executor,quote_run_dispatch_probe,50,685.06,success,,200,success
p3-ex-official-vu50,85a86bee-9101-44c0-b7ba-9679ce98135c,2026-08-31T18:19:23.130Z,separate_executor,quote_run_dispatch_probe,50,805.62,success,,200,success
p3-ex-official-vu50,95f25394-0d77-4206-a351-1c4d05812656,2026-08-31T18:19:23.133Z,separate_executor,quote_run_dispatch_probe,50,854.84,success,,200,success
p3-ex-official-vu50,2c02cfa5-b2a4-4f22-8e04-2d46cda7b956,2026-08-31T18:19:23.133Z,separate_executor,quote_run_dispatch_probe,50,727.55,success,,200,success
p3-ex-official-vu50,f3c2cbb8-dd03-4430-8eef-ccaf6208dc3d,2026-08-31T18:19:23.136Z,separate_executor,quote_run_dispatch_probe,50,685.52,success,,200,success
p3-ex-official-vu50,1a435045-1dc9-4fad-b0e3-45f5d2312066,2026-08-31T18:19:23.329Z,separate_executor,quote_run_dispatch_probe,50,748.62,success,,200,success
p3-ex-official-vu50,7dc65e31-9470-4021-8ee5-bff7c82cced6,2026-08-31T18:19:23.330Z,separate_executor,quote_run_dispatch_probe,50,647.18,success,,200,success
p3-ex-official-vu50,a9a50263-98e4-4398-967b-7696cde80970,2026-08-31T18:19:23.331Z,separate_executor,quote_run_dispatch_probe,50,814.18,success,,200,success
p3-ex-official-vu50,d7a36b2b-7696-4de3-ab28-5a4c214a5d6e,2026-08-31T18:19:23.332Z,separate_executor,quote_run_dispatch_probe,50,618.22,success,,200,success
p3-ex-official-vu50,69e4f26d-99fe-480c-b422-71797f298ec7,2026-08-31T18:19:23.399Z,separate_executor,quote_run_dispatch_probe,50,955.78,success,,200,success
p3-ex-official-vu50,991d7643-39e7-470e-85dc-e72490f40add,2026-08-31T18:19:23.412Z,separate_executor,quote_run_dispatch_probe,50,963.53,success,,200,success
p3-ex-official-vu50,f102ecf6-6ab4-42bc-969a-898e5895b3d2,2026-08-31T18:19:23.413Z,separate_executor,quote_run_dispatch_probe,50,556.43,success,,200,success
p3-ex-official-vu50,f05208e9-ac95-4f26-8f83-55802bcb74e9,2026-08-31T18:19:23.416Z,separate_executor,quote_run_dispatch_probe,50,851.46,success,,200,success
p3-ex-official-vu50,42f999c4-06a5-44d8-9971-b285d18f7fef,2026-08-31T18:19:23.467Z,separate_executor,quote_run_dispatch_probe,50,755.21,success,,200,success
p3-ex-official-vu50,72ee008c-79ea-4b82-b2a8-8fb2043cd81f,2026-08-31T18:19:23.522Z,separate_executor,quote_run_dispatch_probe,50,863.63,success,,200,success
p3-ex-official-vu50,33588ad2-f83a-42be-9b21-7c45c7bc9824,2026-08-31T18:19:23.750Z,separate_executor,quote_run_dispatch_probe,50,617.19,success,,200,success
p3-ex-official-vu50,6402d2aa-adb7-4814-8292-816809fab0d2,2026-08-31T18:19:23.751Z,separate_executor,quote_run_dispatch_probe,50,668.2,success,,200,success
p3-ex-official-vu50,7e54abf4-16ec-4a64-8ec1-43246f16ed99,2026-08-31T18:19:23.827Z,separate_executor,quote_run_dispatch_probe,50,987.01,success,,200,success
p3-ex-official-vu50,d3da87b4-2319-4455-97d0-bb20f1c578b6,2026-08-31T18:19:23.829Z,separate_executor,quote_run_dispatch_probe,50,695.96,success,,200,success
p3-ex-official-vu50,49b9af16-1e5a-4cde-a7a6-67630d7f464a,2026-08-31T18:19:24.297Z,separate_executor,quote_run_dispatch_probe,50,1167.97,success,,200,success
p3-ex-official-vu50,a922df16-6c74-4813-a9d1-a72cd66e0c3f,2026-08-31T18:19:24.330Z,separate_executor,quote_run_dispatch_probe,50,1536.22,success,,200,success
p3-ex-official-vu50,d9c757fe-2479-467f-b7de-f98c42b55317,2026-08-31T18:19:24.335Z,separate_executor,quote_run_dispatch_probe,50,1222.8,success,,200,success
p3-ex-official-vu50,60f9f927-8200-4b5b-ad96-d499101a2e45,2026-08-31T18:19:24.336Z,separate_executor,quote_run_dispatch_probe,50,1215.33,success,,200,success
p3-ex-official-vu50,b38fa532-be1c-4ea0-91f6-e0d929b768b4,2026-08-31T18:19:24.336Z,separate_executor,quote_run_dispatch_probe,50,1923.63,success,,200,success
p3-ex-official-vu50,d9e45bae-0016-46da-a3e9-c4856a844d86,2026-08-31T18:19:24.340Z,separate_executor,quote_run_dispatch_probe,50,1210.15,success,,200,success
p3-ex-official-vu50,15107933-0431-4ee5-902f-f38342ded9b1,2026-08-31T18:19:24.340Z,separate_executor,quote_run_dispatch_probe,50,927.82,success,,200,success
p3-ex-official-vu50,9531a081-652d-49b2-b684-9b1c97499ec4,2026-08-31T18:19:24.341Z,separate_executor,quote_run_dispatch_probe,50,941.72,success,,200,success
p3-ex-official-vu50,96cc7280-ce30-40cb-929a-b549aaf1f4c8,2026-08-31T18:19:24.345Z,separate_executor,quote_run_dispatch_probe,50,1209.23,success,,200,success
p3-ex-official-vu50,479ed701-4ce4-4039-9f9a-3430a2bfc09f,2026-08-31T18:19:24.353Z,separate_executor,quote_run_dispatch_probe,50,1022.28,success,,200,success
p3-ex-official-vu50,0c1a2a8d-ee6f-4a5f-b7cc-ff3305bc4455,2026-08-31T18:19:24.355Z,separate_executor,quote_run_dispatch_probe,50,956.08,success,,200,success
p3-ex-official-vu50,bd538dfc-9c2c-4470-8f61-e9aa970f3e39,2026-08-31T18:19:24.360Z,separate_executor,quote_run_dispatch_probe,50,893.17,success,,200,success
p3-ex-official-vu50,4504022a-5476-47ee-b3e3-c4afb94f1998,2026-08-31T18:19:24.399Z,separate_executor,quote_run_dispatch_probe,50,982.79,success,,200,success
p3-ex-official-vu50,d0231eea-1a7d-4ca2-a031-a9fbdb1526a1,2026-08-31T18:19:24.402Z,separate_executor,quote_run_dispatch_probe,50,650.76,success,,200,success
p3-ex-official-vu50,dcca19ea-284c-4473-bf7d-2dbdbe5afdef,2026-08-31T18:19:24.402Z,separate_executor,quote_run_dispatch_probe,50,990.86,success,,200,success
p3-ex-official-vu50,3d80abce-00df-49cc-b9d1-404fb9ab5edb,2026-08-31T18:19:24.405Z,separate_executor,quote_run_dispatch_probe,50,1073.91,success,,200,success
p3-ex-official-vu50,7149f28e-f90c-4c12-9014-e4b665c769fc,2026-08-31T18:19:24.407Z,separate_executor,quote_run_dispatch_probe,50,1077.74,success,,200,success
p3-ex-official-vu50,e569f70e-8ddc-4655-a5d8-efcbe3779c50,2026-08-31T18:19:24.796Z,separate_executor,quote_run_dispatch_probe,50,966.91,success,,200,success
p3-ex-official-vu50,befcd102-2774-4ee2-87e9-a13c4d6c53ba,2026-08-31T18:19:24.823Z,separate_executor,quote_run_dispatch_probe,50,1492.45,success,,200,success
p3-ex-official-vu50,19172f1a-dcc7-4e4b-9d7f-55c933d049d3,2026-08-31T18:19:24.851Z,separate_executor,quote_run_dispatch_probe,50,1328.79,success,,200,success
p3-ex-official-vu50,cb5d546f-a348-409f-bc19-586f71cd92b7,2026-08-31T18:19:24.856Z,separate_executor,quote_run_dispatch_probe,50,1105.71,success,,200,success
p3-ex-official-vu50,6833047f-dbb1-4411-84cc-146276f43a63,2026-08-31T18:19:24.866Z,separate_executor,quote_run_dispatch_probe,50,1039.55,success,,200,success
p3-ex-official-vu50,56d2bb88-9426-42a3-beae-4ec2be709348,2026-08-31T18:19:24.978Z,separate_executor,quote_run_dispatch_probe,50,575.89,success,,200,success
p3-ex-official-vu50,69761d7e-a63d-4001-b293-53bb83fe3e0e,2026-08-31T18:19:24.979Z,separate_executor,quote_run_dispatch_probe,50,571.8,success,,200,success
p3-ex-official-vu50,dced07d1-c3ed-47fe-b684-f71fcaeddeb6,2026-08-31T18:19:24.994Z,separate_executor,quote_run_dispatch_probe,50,657.82,success,,200,success
p3-ex-official-vu50,cdcaac27-1a11-47c8-9c67-61d5bf360e57,2026-08-31T18:19:24.995Z,separate_executor,quote_run_dispatch_probe,50,640.5,success,,200,success
p3-ex-official-vu50,f1b0a71f-2f1a-4c22-966f-9b87abf753f2,2026-08-31T18:19:25.017Z,separate_executor,quote_run_dispatch_probe,50,656.92,success,,200,success
p3-ex-official-vu50,624549d1-b9f1-46c8-b4e2-8c45914ee7fc,2026-08-31T18:19:25.036Z,separate_executor,quote_run_dispatch_probe,50,683.04,success,,200,success
p3-ex-official-vu50,c240fb3e-1223-4c3f-819b-eb2a28abcaa4,2026-08-31T18:19:25.039Z,separate_executor,quote_run_dispatch_probe,50,693.91,success,,200,success
p3-ex-official-vu50,7baa1ebf-0e40-4411-985f-b2d3cb2a3871,2026-08-31T18:19:25.045Z,separate_executor,quote_run_dispatch_probe,50,704.76,success,,200,success
p3-ex-official-vu50,54dc31ee-c655-43e4-910f-7b5f202b8a0d,2026-08-31T18:19:25.056Z,separate_executor,quote_run_dispatch_probe,50,758.5,success,,200,success
p3-ex-official-vu50,3fef6fa7-48bb-46e1-b648-000b8e264a25,2026-08-31T18:19:25.183Z,separate_executor,quote_run_dispatch_probe,50,851.06,success,,200,success
p3-ex-official-vu50,52d53937-cd93-4e25-8a5f-5f184375f7a3,2026-08-31T18:19:25.189Z,separate_executor,quote_run_dispatch_probe,50,853.32,success,,200,success
p3-ex-official-vu50,ca96c846-a701-4926-ad9e-c3d57a1880d1,2026-08-31T18:19:25.195Z,separate_executor,quote_run_dispatch_probe,50,789.84,success,,200,success
p3-ex-official-vu50,b1b39594-4f32-44ca-b3e9-8f6f1a3c0f9a,2026-08-31T18:19:25.199Z,separate_executor,quote_run_dispatch_probe,50,862.94,success,,200,success
p3-ex-official-vu50,b6168574-c7d2-4cc0-99e1-62a2d9eb16c8,2026-08-31T18:19:25.200Z,separate_executor,quote_run_dispatch_probe,50,859.36,success,,200,success
p3-ex-official-vu50,f0867ec3-513b-4f06-868d-86a0586040d1,2026-08-31T18:19:25.209Z,separate_executor,quote_run_dispatch_probe,50,809.97,success,,200,success
p3-ex-official-vu50,e6f42db9-8c7d-4133-9090-451d28e01f46,2026-08-31T18:19:25.212Z,separate_executor,quote_run_dispatch_probe,50,809.44,success,,200,success
p3-ex-official-vu50,b59bdd6a-a0db-4e7b-a52c-9db495315a3f,2026-08-31T18:19:25.251Z,separate_executor,quote_run_dispatch_probe,50,910.2,success,,200,success
p3-ex-official-vu50,af17e6b2-00da-4a39-9d32-e030cad3cb50,2026-08-31T18:19:25.485Z,separate_executor,quote_run_dispatch_probe,50,633.55,success,,200,success
p3-ex-official-vu50,960f2faa-8dbe-42c5-bfab-a55ddc86c62c,2026-08-31T18:19:25.486Z,separate_executor,quote_run_dispatch_probe,50,491.75,success,,200,success
p3-ex-official-vu50,7fd14701-f3d0-4718-ad25-1e992f3b22c5,2026-08-31T18:19:25.580Z,separate_executor,quote_run_dispatch_probe,50,829.96,success,,200,success
p3-ex-official-vu50,d38e0697-997a-451d-81e2-1865a5c97628,2026-08-31T18:19:25.581Z,separate_executor,quote_run_dispatch_probe,50,569.84,success,,200,success
p3-ex-official-vu50,bdbee301-1feb-46a1-99a6-520b7de4aa15,2026-08-31T18:19:25.582Z,separate_executor,quote_run_dispatch_probe,50,603.27,success,,200,success
p3-ex-official-vu50,323cb22b-832d-4208-9bd1-61939c5d514c,2026-08-31T18:19:25.584Z,separate_executor,quote_run_dispatch_probe,50,567.09,success,,200,success
p3-ex-official-vu50,6e2d6547-024a-40b5-a259-b059db5a0092,2026-08-31T18:19:25.596Z,separate_executor,quote_run_dispatch_probe,50,618.44,success,,200,success
p3-ex-official-vu50,82bb99dd-a4a8-4fe5-9dc6-666d683b4a76,2026-08-31T18:19:25.697Z,separate_executor,quote_run_dispatch_probe,50,658.03,success,,200,success
p3-ex-official-vu50,ce656b23-6d7a-4790-9c64-9a688a59d40e,2026-08-31T18:19:25.710Z,separate_executor,quote_run_dispatch_probe,50,886.47,success,,200,success
p3-ex-official-vu50,ded01215-377e-4ff0-a99e-3ec4b578a007,2026-08-31T18:19:25.721Z,separate_executor,quote_run_dispatch_probe,50,924.92,success,,200,success
p3-ex-official-vu50,6bdfe454-7a4d-430d-aecc-608c2b421d80,2026-08-31T18:19:25.722Z,separate_executor,quote_run_dispatch_probe,50,686.45,success,,200,success
p3-ex-official-vu50,cc1f74c8-381e-4a87-85e6-2b2e39f5a76e,2026-08-31T18:19:26.129Z,separate_executor,quote_run_dispatch_probe,50,945.48,success,,200,success
p3-ex-official-vu50,957e3dbb-5139-4a44-9b38-f5aacfef1139,2026-08-31T18:19:26.146Z,separate_executor,quote_run_dispatch_probe,50,946.23,success,,200,success
p3-ex-official-vu50,deef2888-dc7a-467f-bfb1-0daa9ef84aeb,2026-08-31T18:19:26.171Z,separate_executor,quote_run_dispatch_probe,50,982.43,success,,200,success
p3-ex-official-vu50,15a43dfd-9520-4428-9f01-febbfb7bd006,2026-08-31T18:19:26.179Z,separate_executor,quote_run_dispatch_probe,50,1123.4,success,,200,success
p3-ex-official-vu50,393a4800-5339-4d8a-8cc5-fca566ac17f3,2026-08-31T18:19:26.180Z,separate_executor,quote_run_dispatch_probe,50,1313.36,success,,200,success
p3-ex-official-vu50,63d29ae2-9a50-4708-8b42-d48a66505435,2026-08-31T18:19:26.181Z,separate_executor,quote_run_dispatch_probe,50,1136,success,,200,success
p3-ex-official-vu50,4809f8b3-218f-4d11-949b-9e34c74c3597,2026-08-31T18:19:26.181Z,separate_executor,quote_run_dispatch_probe,50,2187.56,success,,200,success
p3-ex-official-vu50,38e5be61-4585-4cb9-91a7-6af3a27d9568,2026-08-31T18:19:26.182Z,separate_executor,quote_run_dispatch_probe,50,983.02,success,,200,success
p3-ex-official-vu50,b5ce8544-982a-4c50-803c-f26cdd2f3907,2026-08-31T18:19:26.182Z,separate_executor,quote_run_dispatch_probe,50,970.21,success,,200,success
p3-ex-official-vu50,6382e86e-7438-4322-b2bc-7a75c370a23e,2026-08-31T18:19:26.189Z,separate_executor,quote_run_dispatch_probe,50,994.05,success,,200,success
p3-ex-official-vu50,c2c6cde7-e1f8-4eaf-86ba-f8d25c8d9bd0,2026-08-31T18:19:26.192Z,separate_executor,quote_run_dispatch_probe,50,1336.46,success,,200,success
p3-ex-official-vu50,de00596b-60f3-40aa-ac38-62c89b39be6c,2026-08-31T18:19:26.193Z,separate_executor,quote_run_dispatch_probe,50,942.36,success,,200,success
p3-ex-official-vu50,4e9e03b1-7fde-4af4-98be-bd72367cee1d,2026-08-31T18:19:26.194Z,separate_executor,quote_run_dispatch_probe,50,709.25,success,,200,success
p3-ex-official-vu50,995c307a-1df6-4d93-ad90-2c63b790e7df,2026-08-31T18:19:26.195Z,separate_executor,quote_run_dispatch_probe,50,709.33,success,,200,success
p3-ex-official-vu50,7f2d37ce-93fe-423b-a850-bf57a16355aa,2026-08-31T18:19:26.196Z,separate_executor,quote_run_dispatch_probe,50,1042.41,success,,200,success
p3-ex-official-vu50,81f5ae45-8aa7-4405-8bf0-39825a0e69d1,2026-08-31T18:19:26.196Z,separate_executor,quote_run_dispatch_probe,50,615.11,success,,200,success
p3-ex-official-vu50,5737e5bc-bd7c-45b8-ad99-fd89d008c0c5,2026-08-31T18:19:26.217Z,separate_executor,quote_run_dispatch_probe,50,632.41,success,,200,success
p3-ex-official-vu50,e02d43e2-29e1-4916-83a9-ba89bb9968d8,2026-08-31T18:19:26.217Z,separate_executor,quote_run_dispatch_probe,50,620.8,success,,200,success
p3-ex-official-vu50,60017b5d-c195-4400-b2eb-45800ad0f6d2,2026-08-31T18:19:26.218Z,separate_executor,quote_run_dispatch_probe,50,1008.63,success,,200,success
p3-ex-official-vu50,af52883b-e3a6-4e66-ae5a-cc853ea5f4cb,2026-08-31T18:19:26.218Z,separate_executor,quote_run_dispatch_probe,50,637.95,success,,200,success
p3-ex-official-vu50,767aa684-ea4f-45fc-8173-23ce84dab81c,2026-08-31T18:19:26.219Z,separate_executor,quote_run_dispatch_probe,50,636.5,success,,200,success
p3-ex-official-vu50,8df24bd2-8e4e-45ba-8d3e-c9e67f56903c,2026-08-31T18:19:26.633Z,separate_executor,quote_run_dispatch_probe,50,912.17,success,,200,success
p3-ex-official-vu50,69ed1eee-af66-4c90-af72-cdb8cadacd4f,2026-08-31T18:19:26.634Z,separate_executor,quote_run_dispatch_probe,50,924.17,success,,200,success
p3-ex-official-vu50,85492ddc-22e0-4f42-be17-724d4a84c776,2026-08-31T18:19:26.936Z,separate_executor,quote_run_dispatch_probe,50,1238.17,success,,200,success
p3-ex-official-vu50,b3856d7a-c46f-4eb6-850b-afebb0cdbf78,2026-08-31T18:19:26.988Z,separate_executor,quote_run_dispatch_probe,50,1266.24,success,,200,success
p3-ex-official-vu50,7533d2cd-b393-465a-a74f-9048e4a80007,2026-08-31T18:19:27.011Z,separate_executor,quote_run_dispatch_probe,50,792.87,success,,200,success
p3-ex-official-vu50,f88db2b2-f521-4788-b113-57ecc214c553,2026-08-31T18:19:27.013Z,separate_executor,quote_run_dispatch_probe,50,818.79,success,,200,success
p3-ex-official-vu50,a0834b36-549c-46a4-9a45-4ebea6a9154a,2026-08-31T18:19:27.014Z,separate_executor,quote_run_dispatch_probe,50,796.35,success,,200,success
p3-ex-official-vu50,4118be68-6ead-4dd3-b893-0b83fb4e61d8,2026-08-31T18:19:27.014Z,separate_executor,quote_run_dispatch_probe,50,821.94,success,,200,success
p3-ex-official-vu50,e07f31d4-3ce4-499b-a80b-42239a69057f,2026-08-31T18:19:27.015Z,separate_executor,quote_run_dispatch_probe,50,825.28,success,,200,success
p3-ex-official-vu50,e93f9ee2-5236-41a3-9704-b54e33cf5c6f,2026-08-31T18:19:27.015Z,separate_executor,quote_run_dispatch_probe,50,797.38,success,,200,success
p3-ex-official-vu50,62e87344-0376-4bb4-9e9b-606d62c83c76,2026-08-31T18:19:27.015Z,separate_executor,quote_run_dispatch_probe,50,834.63,success,,200,success
p3-ex-official-vu50,17c73a08-9139-44e0-96cd-7c18446f4ad3,2026-08-31T18:19:27.016Z,separate_executor,quote_run_dispatch_probe,50,822.83,success,,200,success
p3-ex-official-vu50,f941d10e-84b6-4fbb-9870-e3fa1c762d29,2026-08-31T18:19:27.117Z,separate_executor,quote_run_dispatch_probe,50,987.74,success,,200,success
p3-ex-official-vu50,fb64eb6d-d4d3-4d15-8ce3-eff534b669ef,2026-08-31T18:19:27.134Z,separate_executor,quote_run_dispatch_probe,50,938.47,success,,200,success
p3-ex-official-vu50,8e3c7737-0e41-42ef-8af1-581bd616f2b6,2026-08-31T18:19:27.206Z,separate_executor,quote_run_dispatch_probe,50,1034.44,success,,200,success
p3-ex-official-vu50,01fb4959-2b98-4a15-a13a-0109a8fcd25b,2026-08-31T18:19:27.229Z,separate_executor,quote_run_dispatch_probe,50,1012.41,success,,200,success
p3-ex-official-vu50,7eaff593-6ed8-4636-b1c9-5980b196e7e7,2026-08-31T18:19:27.241Z,separate_executor,quote_run_dispatch_probe,50,1061.38,success,,200,success
p3-ex-official-vu50,a46297ba-548e-4db6-bb56-bb9c17cf4b61,2026-08-31T18:19:27.246Z,separate_executor,quote_run_dispatch_probe,50,1063.65,success,,200,success
p3-ex-official-vu50,ca957d88-70b4-4f68-b2b2-5fd78776d856,2026-08-31T18:19:27.251Z,separate_executor,quote_run_dispatch_probe,50,1071,success,,200,success
p3-ex-official-vu50,83aff4fc-34bc-4a5c-886f-cd581e62bd7d,2026-08-31T18:19:27.251Z,separate_executor,quote_run_dispatch_probe,50,1055.13,success,,200,success
p3-ex-official-vu50,d091e6c9-33e9-4cee-9d19-2a42767fffda,2026-08-31T18:19:27.257Z,separate_executor,quote_run_dispatch_probe,50,1038.36,success,,200,success
p3-ex-official-vu50,33f7cc36-c1a9-4535-b35e-5e0af9da0f43,2026-08-31T18:19:27.258Z,separate_executor,quote_run_dispatch_probe,50,1112.42,success,,200,success
p3-ex-official-vu50,990ab210-25ed-4038-88d7-5febf8fab420,2026-08-31T18:19:27.260Z,separate_executor,quote_run_dispatch_probe,50,1497.75,success,,200,success
p3-ex-official-vu50,99b8d6ca-4681-47ab-a547-dacd9765c539,2026-08-31T18:19:27.261Z,separate_executor,quote_run_dispatch_probe,50,1065.11,success,,200,success
p3-ex-official-vu50,568e2013-5ecf-400d-80fe-e67dd9bb97e2,2026-08-31T18:19:27.262Z,separate_executor,quote_run_dispatch_probe,50,1080.47,success,,200,success
p3-ex-official-vu50,fd1f0a6b-d2e2-4a9d-a353-88d4b29128a8,2026-08-31T18:19:27.327Z,separate_executor,quote_run_dispatch_probe,50,693.31,success,,200,success
p3-ex-official-vu50,b9fd59a1-5699-468d-9c10-b3f8db4e17a8,2026-08-31T18:19:27.328Z,separate_executor,quote_run_dispatch_probe,50,1145.81,success,,200,success
p3-ex-official-vu50,ba830d2b-2893-4a57-b9f9-eda962209b81,2026-08-31T18:19:27.413Z,separate_executor,quote_run_dispatch_probe,50,779.32,success,,200,success
p3-ex-official-vu50,354c5218-7dc9-4e67-945f-210a08179b9d,2026-08-31T18:19:27.538Z,separate_executor,quote_run_dispatch_probe,50,522.73,success,,200,success
p3-ex-official-vu50,0811b0bd-aac7-402a-a324-e611cdb2b6ac,2026-08-31T18:19:27.539Z,separate_executor,quote_run_dispatch_probe,50,524.61,success,,200,success
p3-ex-official-vu50,a32db91b-c60d-4b15-af79-b6cd73a70e2c,2026-08-31T18:19:27.619Z,separate_executor,quote_run_dispatch_probe,50,603.72,success,,200,success
p3-ex-official-vu50,eb0c2820-74cb-4686-bcef-104059f61a0d,2026-08-31T18:19:27.622Z,separate_executor,quote_run_dispatch_probe,50,608.69,success,,200,success
p3-ex-official-vu50,438fe1c0-97f2-4312-8c1a-f8dcc9f5c81f,2026-08-31T18:19:27.672Z,separate_executor,quote_run_dispatch_probe,50,660.59,success,,200,success
p3-ex-official-vu50,8cd62e91-ea3f-415e-bec8-38cce90c8c0f,2026-08-31T18:19:27.704Z,separate_executor,quote_run_dispatch_probe,50,689.44,success,,200,success
p3-ex-official-vu50,c5a34c7d-53f3-46bb-b0f5-0c1dd8dcd88b,2026-08-31T18:19:27.829Z,separate_executor,quote_run_dispatch_probe,50,1471.12,success,,200,success
p3-ex-official-vu50,8ea6610c-7602-4b77-8f4a-6c18b362c07c,2026-08-31T18:19:27.849Z,separate_executor,quote_run_dispatch_probe,50,836.45,success,,200,success
p3-ex-official-vu50,20cb6a3a-4ad6-48cb-b737-34846b6548a1,2026-08-31T18:19:27.850Z,separate_executor,quote_run_dispatch_probe,50,833.94,success,,200,success
p3-ex-official-vu50,e6624ac6-35ff-418a-aa64-7f6e12572276,2026-08-31T18:19:27.893Z,separate_executor,quote_run_dispatch_probe,50,758.97,success,,200,success
p3-ex-official-vu50,547a08a3-5346-497a-bccf-d0d11a0c2c20,2026-08-31T18:19:27.893Z,separate_executor,quote_run_dispatch_probe,50,957.59,success,,200,success
p3-ex-official-vu50,adf02fa4-03d2-486b-9411-5b1059256fb7,2026-08-31T18:19:27.911Z,separate_executor,quote_run_dispatch_probe,50,960.98,success,,200,success
p3-ex-official-vu50,d4bd8182-3068-4368-bd34-dccc52d399cb,2026-08-31T18:19:28.056Z,separate_executor,quote_run_dispatch_probe,50,938.95,success,,200,success
p3-ex-official-vu50,8c70c913-27e7-4bc7-9043-e7896a8a4e7b,2026-08-31T18:19:29.179Z,separate_executor,quote_run_dispatch_probe,50,1918.1,success,,200,success
p3-ex-official-vu50,04b741e8-bdb5-446e-9bfa-bd8c9e45ae28,2026-08-31T18:19:29.181Z,separate_executor,quote_run_dispatch_probe,50,1929.74,success,,200,success
p3-ex-official-vu50,49460df2-9c38-46ff-abf5-80d2a2592c77,2026-08-31T18:19:29.193Z,separate_executor,quote_run_dispatch_probe,50,1934.13,success,,200,success
p3-ex-official-vu50,73a7c589-98a3-4926-9e3c-1af7c6e4fd66,2026-08-31T18:19:29.221Z,separate_executor,quote_run_dispatch_probe,50,1683.58,success,,200,success
p3-ex-official-vu50,0a88484f-296e-48f9-8a58-a787e34960ca,2026-08-31T18:19:29.223Z,separate_executor,quote_run_dispatch_probe,50,1684.65,success,,200,success
p3-ex-official-vu50,89d883cc-5d48-4dd5-a83e-573086f4c325,2026-08-31T18:19:29.269Z,separate_executor,quote_run_dispatch_probe,50,2063.62,success,,200,success
p3-ex-official-vu50,1c217111-b2d4-442b-8db8-1acc135a8680,2026-08-31T18:19:29.283Z,separate_executor,quote_run_dispatch_probe,50,2053.75,success,,200,success
p3-ex-official-vu50,0d9defcb-4ffc-4184-b78e-c93dc0321719,2026-08-31T18:19:29.295Z,separate_executor,quote_run_dispatch_probe,50,2033.49,success,,200,success
p3-ex-official-vu50,28b88c38-bf2f-4227-b7e0-19909780fbb3,2026-08-31T18:19:29.316Z,separate_executor,quote_run_dispatch_probe,50,2065.23,success,,200,success
p3-ex-official-vu50,557ddb5d-0864-411a-9625-d97c7a2cd1bb,2026-08-31T18:19:29.352Z,separate_executor,quote_run_dispatch_probe,50,2024,success,,200,success
p3-ex-official-vu50,de4eed82-66db-48ee-a8f3-2055d320919d,2026-08-31T18:19:29.361Z,separate_executor,quote_run_dispatch_probe,50,1739.03,success,,200,success
p3-ex-official-vu50,bcc83459-68b9-4ce6-90f3-3b5aad18cfe3,2026-08-31T18:19:29.362Z,separate_executor,quote_run_dispatch_probe,50,2121.65,success,,200,success
p3-ex-official-vu50,f2118716-6c5a-4b2e-b1b1-c7bd5daf21b4,2026-08-31T18:19:29.368Z,separate_executor,quote_run_dispatch_probe,50,2111.25,success,,200,success
p3-ex-official-vu50,5ccb4446-995c-4aa4-9110-e1db6fdd4364,2026-08-31T18:19:29.375Z,separate_executor,quote_run_dispatch_probe,50,1961.3,success,,200,success
p3-ex-official-vu50,093a1fa5-1990-4c96-b98b-bf478246955d,2026-08-31T18:19:29.376Z,separate_executor,quote_run_dispatch_probe,50,1756.56,success,,200,success
p3-ex-official-vu50,975d590d-7014-4608-ba1b-cb1b8e732114,2026-08-31T18:19:29.377Z,separate_executor,quote_run_dispatch_probe,50,2049.9,success,,200,success
p3-ex-official-vu50,ce1e53ba-c097-4be5-9903-3b83fb504699,2026-08-31T18:19:29.380Z,separate_executor,quote_run_dispatch_probe,50,2391.56,success,,200,success
p3-ex-official-vu50,022f646a-9ca5-4379-8b74-099b98b0ddb9,2026-08-31T18:19:29.384Z,separate_executor,quote_run_dispatch_probe,50,2123.71,success,,200,success
p3-ex-official-vu50,ffa93c39-0843-43c3-8917-85ff7fa42de2,2026-08-31T18:19:29.389Z,separate_executor,quote_run_dispatch_probe,50,1716.98,success,,200,success
p3-ex-official-vu50,7aa978ef-c1c0-4ea2-bde1-acf908ab163e,2026-08-31T18:19:29.413Z,separate_executor,quote_run_dispatch_probe,50,1584.34,success,,200,success
p3-ex-official-vu50,7e28e37e-24fa-4ad4-b048-75423fb024bf,2026-08-31T18:19:29.419Z,separate_executor,quote_run_dispatch_probe,50,1569.69,success,,200,success
p3-ex-official-vu50,91fd07f2-9bfa-4f1b-97fa-bde1e2698935,2026-08-31T18:19:29.423Z,separate_executor,quote_run_dispatch_probe,50,1530.81,success,,200,success
p3-ex-official-vu50,206eab9a-bd30-4580-a3bb-484cc16d3298,2026-08-31T18:19:29.432Z,separate_executor,quote_run_dispatch_probe,50,1521.29,success,,200,success
p3-ex-official-vu50,090fff13-79c0-4752-835b-fc1d249cfbfe,2026-08-31T18:19:29.433Z,separate_executor,quote_run_dispatch_probe,50,1377.13,success,,200,success
p3-ex-official-vu50,15c7bd4a-2b49-44a2-9678-a944e9f5bfe7,2026-08-31T18:19:29.461Z,separate_executor,quote_run_dispatch_probe,50,2215.24,success,,200,success
p3-ex-official-vu50,15923495-281c-4527-9a54-002da123e392,2026-08-31T18:19:29.462Z,separate_executor,quote_run_dispatch_probe,50,1757.99,success,,200,success
p3-ex-official-vu50,5b2d64e2-ba69-45a7-b113-f1fe8ffb7fda,2026-08-31T18:19:29.474Z,separate_executor,quote_run_dispatch_probe,50,1925.41,success,,200,success
p3-ex-official-vu50,d7a0ce3b-7e9f-4b24-803c-07c6632b3597,2026-08-31T18:19:29.498Z,separate_executor,quote_run_dispatch_probe,50,1647.66,success,,200,success
p3-ex-official-vu50,6e28d17d-0505-408e-ab35-77d5555d9580,2026-08-31T18:19:29.610Z,separate_executor,quote_run_dispatch_probe,50,1716.26,success,,200,success
p3-ex-official-vu50,67788d09-42b0-47c9-8421-9ac79c35b115,2026-08-31T18:19:29.774Z,separate_executor,quote_run_dispatch_probe,50,944.73,success,,200,success
p3-ex-official-vu50,645e223c-3972-4238-9faf-c8750e31fb2c,2026-08-31T18:19:30.110Z,separate_executor,quote_run_dispatch_probe,50,886.93,success,,200,success
p3-ex-official-vu50,aed533f6-364c-4be6-95b0-11cd29b99d14,2026-08-31T18:19:30.130Z,separate_executor,quote_run_dispatch_probe,50,754.47,success,,200,success
p3-ex-official-vu50,50a8f990-351d-4058-aa43-03f5c4fc14de,2026-08-31T18:19:30.180Z,separate_executor,quote_run_dispatch_probe,50,805.13,success,,200,success
p3-ex-official-vu50,2c69066b-c2d1-404a-a93c-d007fec56470,2026-08-31T18:19:30.181Z,separate_executor,quote_run_dispatch_probe,50,988,success,,200,success
p3-ex-official-vu50,74d4d800-2184-498d-86de-8b8a570fdb0c,2026-08-31T18:19:30.229Z,separate_executor,quote_run_dispatch_probe,50,947.21,success,,200,success
p3-ex-official-vu50,d380c7fa-eed6-47ad-a79a-418e96bb7ef2,2026-08-31T18:19:30.229Z,separate_executor,quote_run_dispatch_probe,50,1047.37,success,,200,success
p3-ex-official-vu50,960a6d22-0e84-4af6-9591-8f56459c1711,2026-08-31T18:19:30.229Z,separate_executor,quote_run_dispatch_probe,50,1007.92,success,,200,success
p3-ex-official-vu50,032ec533-3e54-4598-8d5e-4be69a4868c4,2026-08-31T18:19:30.242Z,separate_executor,quote_run_dispatch_probe,50,1063.25,success,,200,success
p3-ex-official-vu50,c70aafb7-7448-4435-9ff7-08dd30b36903,2026-08-31T18:19:30.263Z,separate_executor,quote_run_dispatch_probe,50,967.79,success,,200,success
p3-ex-official-vu50,d1e649c8-9ffe-49fd-82da-460620ee7621,2026-08-31T18:19:30.296Z,separate_executor,quote_run_dispatch_probe,50,919.4,success,,200,success
p3-ex-official-vu50,d45e2398-e9a0-4291-b143-490369d12c87,2026-08-31T18:19:31.518Z,separate_executor,quote_run_dispatch_probe,50,2155.96,success,,200,success
p3-ex-official-vu50,794916bc-9391-450b-9b40-b7f168338bda,2026-08-31T18:19:31.538Z,separate_executor,quote_run_dispatch_probe,50,2158.37,success,,200,success
p3-ex-official-vu50,a8494d4a-36a9-4d5a-a389-e72930e707cf,2026-08-31T18:19:31.540Z,separate_executor,quote_run_dispatch_probe,50,2151.02,success,,200,success
p3-ex-official-vu50,9f19c502-1b10-40a6-b1b5-2d062723b3e5,2026-08-31T18:19:31.557Z,separate_executor,quote_run_dispatch_probe,50,2173.55,success,,200,success
p3-ex-official-vu50,ecfe07d8-2b72-4175-b6db-3f9fa64034c1,2026-08-31T18:19:31.650Z,separate_executor,quote_run_dispatch_probe,50,2367.42,success,,200,success
p3-ex-official-vu50,13b01cbd-b947-4330-87b4-5628171da911,2026-08-31T18:19:31.696Z,separate_executor,quote_run_dispatch_probe,50,2234.59,success,,200,success
p3-ex-official-vu50,089a1170-20d8-4abc-8897-ff3631bf4532,2026-08-31T18:19:31.857Z,separate_executor,quote_run_dispatch_probe,50,2488.92,success,,200,success
p3-ex-official-vu50,2048e673-4a1b-4541-b04d-fe77e844ab1e,2026-08-31T18:19:31.858Z,separate_executor,quote_run_dispatch_probe,50,2506.48,success,,200,success
p3-ex-official-vu50,3bde8876-459f-4173-a772-3cfbd32d7dbb,2026-08-31T18:19:31.872Z,separate_executor,quote_run_dispatch_probe,50,2556.19,success,,200,success
p3-ex-official-vu50,580d5a92-3949-4c2b-8d20-0132ec15a018,2026-08-31T18:19:31.925Z,separate_executor,quote_run_dispatch_probe,50,2451.73,success,,200,success
p3-ex-official-vu50,e1894bad-83dd-415e-99ed-17a21a74f9af,2026-08-31T18:19:31.927Z,separate_executor,quote_run_dispatch_probe,50,2507.55,success,,200,success
p3-ex-official-vu50,43620fc7-736e-4440-a0c6-b2922548547b,2026-08-31T18:19:31.952Z,separate_executor,quote_run_dispatch_probe,50,2590.9,success,,200,success
p3-ex-official-vu50,78bd0f75-29ae-48af-84d6-122f5eff519c,2026-08-31T18:19:31.986Z,separate_executor,quote_run_dispatch_probe,50,3827.39,success,,200,success
p3-ex-official-vu50,a7e0864f-f467-410e-98fd-99df182aed99,2026-08-31T18:19:32.019Z,separate_executor,quote_run_dispatch_probe,50,2576.49,success,,200,success
p3-ex-official-vu50,fb377d5b-5314-4fd8-808a-74231f12e4b5,2026-08-31T18:19:32.071Z,separate_executor,quote_run_dispatch_probe,50,2638.09,success,,200,success
p3-ex-official-vu50,11cff13d-35e7-4e0f-87b0-fdeb2508fc9c,2026-08-31T18:19:32.095Z,separate_executor,quote_run_dispatch_probe,50,1964.67,success,,200,success
p3-ex-official-vu50,10cc2188-4663-4b89-a12c-4a6ec0e184d4,2026-08-31T18:19:32.133Z,separate_executor,quote_run_dispatch_probe,50,2358.88,success,,200,success
p3-ex-official-vu50,8534087b-c0f6-420e-b544-7fb35e9f03c8,2026-08-31T18:19:32.176Z,separate_executor,quote_run_dispatch_probe,50,2065.51,success,,200,success
p3-ex-official-vu50,f61f1f3c-4467-41a2-92e2-87c0064e4960,2026-08-31T18:19:32.177Z,separate_executor,quote_run_dispatch_probe,50,1881.19,success,,200,success
p3-ex-official-vu50,62c7fd2c-92e4-4f30-a253-03ae4aa86ac4,2026-08-31T18:19:32.201Z,separate_executor,quote_run_dispatch_probe,50,2021.16,success,,200,success
p3-ex-official-vu50,14477219-6a9c-44b0-a81d-50eedf03270c,2026-08-31T18:19:32.257Z,separate_executor,quote_run_dispatch_probe,50,2759.55,success,,200,success
p3-ex-official-vu50,96962d21-bc55-4b34-b066-539ec857f266,2026-08-31T18:19:32.259Z,separate_executor,quote_run_dispatch_probe,50,2030.68,success,,200,success
p3-ex-official-vu50,fe9aae75-b7c9-4fce-b71f-35b4ba212ac4,2026-08-31T18:19:32.260Z,separate_executor,quote_run_dispatch_probe,50,2031.23,success,,200,success
p3-ex-official-vu50,ddfcc106-05ea-4f36-8945-7076379baa8f,2026-08-31T18:19:32.401Z,separate_executor,quote_run_dispatch_probe,50,2977.63,success,,200,success
p3-ex-official-vu50,43882658-5b8e-421b-a67b-1857b4dad560,2026-08-31T18:19:32.598Z,separate_executor,quote_run_dispatch_probe,50,3126.14,success,,200,success
p3-ex-official-vu50,97177d35-2951-4583-a21c-ca06588fbc74,2026-08-31T18:19:32.606Z,separate_executor,quote_run_dispatch_probe,50,3192.46,success,,200,success
p3-ex-official-vu50,7d3385f1-7a82-41bd-83e5-30616a727cd4,2026-08-31T18:19:32.614Z,separate_executor,quote_run_dispatch_probe,50,3181.8,success,,200,success
p3-ex-official-vu50,5842020b-7dfb-4c7a-a864-0c4d401ff585,2026-08-31T18:19:32.621Z,separate_executor,quote_run_dispatch_probe,50,2357.79,success,,200,success
p3-ex-official-vu50,be59f499-4b81-45a8-b53e-0469d2256ec7,2026-08-31T18:19:32.627Z,separate_executor,quote_run_dispatch_probe,50,2446.37,success,,200,success
p3-ex-official-vu50,642f32c8-297d-4fc5-9f3a-6907d912a242,2026-08-31T18:19:32.631Z,separate_executor,quote_run_dispatch_probe,50,2401.29,success,,200,success
p3-ex-official-vu50,879abcba-9414-42f4-a713-d058a5c51911,2026-08-31T18:19:33.007Z,separate_executor,quote_run_dispatch_probe,50,3372.36,success,,200,success
p3-ex-official-vu50,5c906f01-7ffb-4063-9eec-3641aefa7697,2026-08-31T18:19:33.007Z,separate_executor,quote_run_dispatch_probe,50,2764.95,success,,200,success
p3-ex-official-vu50,10475448-3bfe-45b3-978f-02941b8f1a1e,2026-08-31T18:19:33.533Z,separate_executor,quote_run_dispatch_probe,50,2506.03,success,,200,success
p3-ex-official-vu50,4d2b7223-a4d5-41a5-99f2-f68f58faf959,2026-08-31T18:19:34.127Z,separate_executor,quote_run_dispatch_probe,50,4078.22,success,,200,success
p3-ex-official-vu50,87e70ad5-d7db-4516-aeb9-700fdeeeecc3,2026-08-31T18:19:34.484Z,separate_executor,quote_run_dispatch_probe,50,2965.46,success,,200,success
p3-ex-official-vu50,3530598f-4ac0-42e6-8427-e0defca3c0e3,2026-08-31T18:19:34.609Z,separate_executor,quote_run_dispatch_probe,50,3070.57,success,,200,success
p3-ex-official-vu50,f5efca85-8d28-4d29-b961-617f61709d07,2026-08-31T18:19:34.957Z,separate_executor,quote_run_dispatch_probe,50,3207.25,success,,200,success
p3-ex-official-vu50,752da41b-aafe-4882-a72a-133c30772301,2026-08-31T18:19:34.958Z,separate_executor,quote_run_dispatch_probe,50,3031.35,success,,200,success
p3-ex-official-vu50,2afb13a8-0e57-4a14-a95f-4db8d7df9237,2026-08-31T18:19:34.982Z,separate_executor,quote_run_dispatch_probe,50,3109.65,success,,200,success
p3-ex-official-vu50,590998b3-6799-4ed8-ba71-ffa02874f0fa,2026-08-31T18:19:35.001Z,separate_executor,quote_run_dispatch_probe,50,3144.23,success,,200,success
p3-ex-official-vu50,ac141f6b-3e56-4f60-bab7-2ed354464e6b,2026-08-31T18:19:35.016Z,separate_executor,quote_run_dispatch_probe,50,3158.19,success,,200,success
p3-ex-official-vu50,de843f99-ba71-441c-9745-9f2bf3802454,2026-08-31T18:19:35.018Z,separate_executor,quote_run_dispatch_probe,50,3220.92,success,,200,success
p3-ex-official-vu50,7f7a9aef-9534-4c0c-8e4f-1dc6fdf9263b,2026-08-31T18:19:35.019Z,separate_executor,quote_run_dispatch_probe,50,3461.25,success,,200,success
p3-ex-official-vu50,2737ac4c-d062-4706-8119-95adf732a7d4,2026-08-31T18:19:35.051Z,separate_executor,quote_run_dispatch_probe,50,3400.43,success,,200,success
p3-ex-official-vu50,d4b90530-5df6-4be8-9d28-0a39e4e1c017,2026-08-31T18:19:35.052Z,separate_executor,quote_run_dispatch_probe,50,3511.94,success,,200,success
p3-ex-official-vu50,07aea234-1711-4cde-86f9-3b36f9bba883,2026-08-31T18:19:35.064Z,separate_executor,quote_run_dispatch_probe,50,3368.14,success,,200,success
p3-ex-official-vu50,b0e38f27-d844-4edd-9782-2a11bec46d73,2026-08-31T18:19:35.065Z,separate_executor,quote_run_dispatch_probe,50,3139.93,success,,200,success
p3-ex-official-vu50,fe66a65a-c09d-4310-8289-b2c957cb544a,2026-08-31T18:19:35.077Z,separate_executor,quote_run_dispatch_probe,50,2943.73,success,,200,success
p3-ex-official-vu50,9596ab6b-5153-405b-928e-1580d3d7e8c7,2026-08-31T18:19:35.087Z,separate_executor,quote_run_dispatch_probe,50,3016.23,success,,200,success
p3-ex-official-vu50,51658415-1ba7-496f-bb7a-d31a343487b1,2026-08-31T18:19:35.102Z,separate_executor,quote_run_dispatch_probe,50,2925.85,success,,200,success
p3-ex-official-vu50,c6c7acd9-367a-4ce9-ac9b-1928cb0835ae,2026-08-31T18:19:35.142Z,separate_executor,quote_run_dispatch_probe,50,3190.01,success,,200,success
p3-ex-official-vu50,d823c44d-96c7-464c-9d88-56970b2d8e3d,2026-08-31T18:19:35.149Z,separate_executor,quote_run_dispatch_probe,50,3130.16,success,,200,success
p3-ex-official-vu50,811530c3-3baa-4c15-8b40-b67549a23f81,2026-08-31T18:19:35.159Z,separate_executor,quote_run_dispatch_probe,50,3064.09,success,,200,success
p3-ex-official-vu50,40624ab8-25e7-4fb8-81c7-3d780c19946d,2026-08-31T18:19:35.161Z,separate_executor,quote_run_dispatch_probe,50,3174.29,success,,200,success
p3-ex-official-vu50,1c53b63d-2ce1-4f8c-b131-403458cb107c,2026-08-31T18:19:35.170Z,separate_executor,quote_run_dispatch_probe,50,2993.12,success,,200,success
p3-ex-official-vu50,eff42e50-1827-4cb8-a253-937a57452220,2026-08-31T18:19:35.177Z,separate_executor,quote_run_dispatch_probe,50,2975.58,success,,200,success
p3-ex-official-vu50,f77a2337-7208-4ed1-8ab3-c6d06bcdce32,2026-08-31T18:19:35.194Z,separate_executor,quote_run_dispatch_probe,50,2793.04,success,,200,success
p3-ex-official-vu50,abe01ab3-b1dd-472a-8a00-81efc60eb15c,2026-08-31T18:19:35.196Z,separate_executor,quote_run_dispatch_probe,50,2577.19,success,,200,success
p3-ex-official-vu50,f136cc56-5351-4066-af90-a0a48fb454a2,2026-08-31T18:19:35.208Z,separate_executor,quote_run_dispatch_probe,50,2610.7,success,,200,success
p3-ex-official-vu50,1755c293-c28e-4bd8-885c-e1a242886896,2026-08-31T18:19:35.216Z,separate_executor,quote_run_dispatch_probe,50,2958.13,success,,200,success
p3-ex-official-vu50,3454c0c2-ecb6-4444-8440-7029c1089c3d,2026-08-31T18:19:35.217Z,separate_executor,quote_run_dispatch_probe,50,2821.57,success,,200,success
p3-ex-official-vu50,d1c7775f-7c56-46dd-af0f-471d61e943b9,2026-08-31T18:19:35.223Z,separate_executor,quote_run_dispatch_probe,50,2617.29,success,,200,success
p3-ex-official-vu50,f749825f-007b-41f0-9bf6-702e6cec3c7a,2026-08-31T18:19:35.230Z,separate_executor,quote_run_dispatch_probe,50,2223.66,success,,200,success
p3-ex-official-vu50,5d41982e-d711-450a-b7f4-ba66e4e196f4,2026-08-31T18:19:35.235Z,separate_executor,quote_run_dispatch_probe,50,2975.35,success,,200,success
p3-ex-official-vu50,d4188b32-fc6e-4169-9b4d-e62d6f6a6d55,2026-08-31T18:19:35.236Z,separate_executor,quote_run_dispatch_probe,50,2975.45,success,,200,success
p3-ex-official-vu50,0a7e8a22-5238-414e-ad72-ddf46daa2d6a,2026-08-31T18:19:35.246Z,separate_executor,quote_run_dispatch_probe,50,2615.26,success,,200,success
p3-ex-official-vu50,e9a5365d-b4dc-43a0-8fc5-3fcbe7a7a9b4,2026-08-31T18:19:35.253Z,separate_executor,quote_run_dispatch_probe,50,2632.48,success,,200,success
p3-ex-official-vu50,c7ad70a0-5c93-409e-857e-6e685f8e15ed,2026-08-31T18:19:35.261Z,separate_executor,quote_run_dispatch_probe,50,2633.72,success,,200,success
p3-ex-official-vu50,e963dde2-a4b6-434e-b160-388aa20bc726,2026-08-31T18:19:35.263Z,separate_executor,quote_run_dispatch_probe,50,2255.29,success,,200,success
p3-ex-official-vu50,9856b49f-14bb-4e46-9c74-98f76392668e,2026-08-31T18:19:35.268Z,separate_executor,quote_run_dispatch_probe,50,1732.11,success,,200,success
p3-ex-official-vu50,6a485478-e28e-4065-8df1-efa9310a6801,2026-08-31T18:19:35.302Z,separate_executor,quote_run_dispatch_probe,50,818.08,success,,200,success
p3-ex-official-vu50,ab993970-ebf3-4de5-b1c4-6cbed323fd1b,2026-08-31T18:19:35.316Z,separate_executor,quote_run_dispatch_probe,50,1188.39,success,,200,success
p3-ex-official-vu50,111d1484-a028-4aa9-b3ea-f3d23e073c8b,2026-08-31T18:19:35.529Z,separate_executor,quote_run_dispatch_probe,50,919.97,success,,200,success
p3-ex-official-vu50,9c5ef7d3-6970-4db9-b7c5-776f0568484b,2026-08-31T18:19:35.754Z,separate_executor,quote_run_dispatch_probe,50,822.32,success,,200,success
p3-ex-official-vu50,da64aa3c-bec5-4133-8ec9-8bb3633da753,2026-08-31T18:19:35.794Z,separate_executor,quote_run_dispatch_probe,50,741.91,success,,200,success
p3-ex-official-vu50,1c0f7af7-5f68-40b0-a980-b210ee46347a,2026-08-31T18:19:35.880Z,separate_executor,quote_run_dispatch_probe,50,947.67,success,,200,success
p3-ex-official-vu50,6be3c0b5-08b6-40c0-ac26-168324eb16b7,2026-08-31T18:19:35.882Z,separate_executor,quote_run_dispatch_probe,50,794.56,success,,200,success
p3-ex-official-vu50,f32cee62-fee7-459d-b8d2-7f26ec0fdbe9,2026-08-31T18:19:35.911Z,separate_executor,quote_run_dispatch_probe,50,892.95,success,,200,success
p3-ex-official-vu50,713ba786-f107-44ed-bf7a-2b4705abc068,2026-08-31T18:19:35.926Z,separate_executor,quote_run_dispatch_probe,50,874.74,success,,200,success
p3-ex-official-vu50,0608a8b9-9cf2-4fb7-85f1-bb96bf2fbefc,2026-08-31T18:19:35.941Z,separate_executor,quote_run_dispatch_probe,50,876.87,success,,200,success
p3-ex-official-vu50,e1655aea-6b8c-4f90-8b02-c111144acd8d,2026-08-31T18:19:36.999Z,separate_executor,quote_run_dispatch_probe,50,2042.36,success,,200,success
p3-ex-official-vu50,e8ea2e5a-6e31-4f5d-9efb-53ffe067deec,2026-08-31T18:19:37.001Z,separate_executor,quote_run_dispatch_probe,50,1962.55,success,,200,success
p3-ex-official-vu50,48d8b1cd-58a9-42d2-9ac9-265a203326c6,2026-08-31T18:19:37.019Z,separate_executor,quote_run_dispatch_probe,50,2117.7,success,,200,success
p3-ex-official-vu50,e0442668-8581-42b3-ae20-5f084fd33434,2026-08-31T18:19:37.215Z,separate_executor,quote_run_dispatch_probe,50,2257.25,success,,200,success
p3-ex-official-vu50,35b7e46b-2299-4df5-8ffd-018b30c87ab4,2026-08-31T18:19:37.266Z,separate_executor,quote_run_dispatch_probe,50,2264.66,success,,200,success
p3-ex-official-vu50,7af2629e-fb8e-4d62-834a-5ea1c79df9f5,2026-08-31T18:19:37.267Z,separate_executor,quote_run_dispatch_probe,50,2285.39,success,,200,success
p3-ex-official-vu50,aa0b92a7-70cc-4ee6-8a32-f28de1dd56b5,2026-08-31T18:19:37.279Z,separate_executor,quote_run_dispatch_probe,50,2044.35,success,,200,success
p3-ex-official-vu50,a28d87a8-69c6-4597-b1e5-cc575867d45d,2026-08-31T18:19:37.332Z,separate_executor,quote_run_dispatch_probe,50,2123.77,success,,200,success
p3-ex-official-vu50,43fc0e80-51e8-4266-8a6d-de0380fd96a2,2026-08-31T18:19:37.342Z,separate_executor,quote_run_dispatch_probe,50,2325.66,success,,200,success
p3-ex-official-vu50,f9e6b82e-af2c-474a-a048-9584dfd20821,2026-08-31T18:19:37.362Z,separate_executor,quote_run_dispatch_probe,50,2212.73,success,,200,success
p3-ex-official-vu50,cdb62ec5-1b84-4883-9092-1d23240e23cc,2026-08-31T18:19:37.364Z,separate_executor,quote_run_dispatch_probe,50,2298.08,success,,200,success
p3-ex-official-vu50,1a57bfd1-9829-47e9-a053-bd364930da3e,2026-08-31T18:19:37.445Z,separate_executor,quote_run_dispatch_probe,50,2367.76,success,,200,success
p3-ex-official-vu50,a7826651-c544-47a6-a5e6-e41ef3fe2639,2026-08-31T18:19:37.447Z,separate_executor,quote_run_dispatch_probe,50,2276.4,success,,200,success
p3-ex-official-vu50,50da5960-f7ad-4e53-bf3f-f541ff6de34e,2026-08-31T18:19:37.475Z,separate_executor,quote_run_dispatch_probe,50,2268,success,,200,success
p3-ex-official-vu50,abf549da-710c-491b-8e26-05d8af4de555,2026-08-31T18:19:37.515Z,separate_executor,quote_run_dispatch_probe,50,2372.83,success,,200,success
p3-ex-official-vu50,500e28e1-3b1f-4d3a-ae50-981adbf36ffe,2026-08-31T18:19:37.577Z,separate_executor,quote_run_dispatch_probe,50,2383.15,success,,200,success
p3-ex-official-vu50,7fa99c2d-8cef-46c3-a56c-51c024968e50,2026-08-31T18:19:37.579Z,separate_executor,quote_run_dispatch_probe,50,2311.43,success,,200,success
p3-ex-official-vu50,94f23761-c3b6-4265-b619-e0cc772699ae,2026-08-31T18:19:37.603Z,separate_executor,quote_run_dispatch_probe,50,2367.29,success,,200,success
p3-ex-official-vu50,91d6c1a5-a727-4af8-adcd-b17d8ef8137e,2026-08-31T18:19:37.610Z,separate_executor,quote_run_dispatch_probe,50,2433.23,success,,200,success
p3-ex-official-vu50,7c1b8252-c1a5-4766-acf1-87edff8e943d,2026-08-31T18:19:37.632Z,separate_executor,quote_run_dispatch_probe,50,2386.36,success,,200,success
p3-ex-official-vu50,23d234fc-07e7-4bd8-9ae5-93b40a29fab0,2026-08-31T18:19:37.633Z,separate_executor,quote_run_dispatch_probe,50,2331.39,success,,200,success
p3-ex-official-vu50,c24c187a-3cdb-492e-ad79-073a8cafac88,2026-08-31T18:19:37.665Z,separate_executor,quote_run_dispatch_probe,50,2136.5,success,,200,success
p3-ex-official-vu50,a923ed40-e3b4-4e97-984b-4fa001731763,2026-08-31T18:19:37.682Z,separate_executor,quote_run_dispatch_probe,50,1887.47,success,,200,success
p3-ex-official-vu50,a2e2c63f-109f-4eb2-9f9a-413c50631dc6,2026-08-31T18:19:37.683Z,separate_executor,quote_run_dispatch_probe,50,1928.97,success,,200,success
p3-ex-official-vu50,ce0ea478-2623-4b93-9867-11b089d20267,2026-08-31T18:19:37.684Z,separate_executor,quote_run_dispatch_probe,50,1758.41,success,,200,success
p3-ex-official-vu50,3f3fc70d-54eb-47a5-9c9f-281e15ebb2f7,2026-08-31T18:19:37.700Z,separate_executor,quote_run_dispatch_probe,50,1758.84,success,,200,success
p3-ex-official-vu50,3ba68701-92f4-4e9b-9456-19b297760f17,2026-08-31T18:19:37.701Z,separate_executor,quote_run_dispatch_probe,50,1790.43,success,,200,success
p3-ex-official-vu50,970f72b5-9c93-4e86-aa1e-2a17f81ccbc5,2026-08-31T18:19:37.702Z,separate_executor,quote_run_dispatch_probe,50,1822.1,success,,200,success
p3-ex-official-vu50,83f05a74-3631-46ff-9df0-96bcbd7ec33c,2026-08-31T18:19:37.731Z,separate_executor,quote_run_dispatch_probe,50,4197.63,success,,200,success
p3-ex-official-vu50,8bf27a4d-c4ce-455d-8c7d-45984c3a8920,2026-08-31T18:19:37.732Z,separate_executor,quote_run_dispatch_probe,50,2572.56,success,,200,success
p3-ex-official-vu50,83531279-0008-486e-ac19-7d29d0bf3c7e,2026-08-31T18:19:37.742Z,separate_executor,quote_run_dispatch_probe,50,2640.46,success,,200,success
p3-ex-official-vu50,ca976e91-b9c7-4aa7-9704-8920ae81aecf,2026-08-31T18:19:37.743Z,separate_executor,quote_run_dispatch_probe,50,2513.06,success,,200,success
p3-ex-official-vu50,df1bbee4-b71c-4a2f-b131-25afeda7df94,2026-08-31T18:19:37.754Z,separate_executor,quote_run_dispatch_probe,50,2538.4,success,,200,success
p3-ex-official-vu50,35cab615-cf12-4b14-b9de-298a15229b78,2026-08-31T18:19:37.756Z,separate_executor,quote_run_dispatch_probe,50,2502.38,success,,200,success
p3-ex-official-vu50,aa1512b5-6f17-4308-a133-2bbde69a19bb,2026-08-31T18:19:37.757Z,separate_executor,quote_run_dispatch_probe,50,2496.19,success,,200,success
p3-ex-official-vu50,43c4434c-5b2a-494b-9bbe-83b261ccee67,2026-08-31T18:19:37.759Z,separate_executor,quote_run_dispatch_probe,50,2541.81,success,,200,success
p3-ex-official-vu50,60192763-9672-4a09-b634-9cde41968d33,2026-08-31T18:19:37.759Z,separate_executor,quote_run_dispatch_probe,50,2598.78,success,,200,success
p3-ex-official-vu50,674db49c-2e28-405c-ada2-443af60f66e8,2026-08-31T18:19:37.760Z,separate_executor,quote_run_dispatch_probe,50,2536.73,success,,200,success
p3-ex-official-vu50,45b05137-4f26-4897-8ad6-0c2586feff32,2026-08-31T18:19:37.776Z,separate_executor,quote_run_dispatch_probe,50,2513.8,success,,200,success
p3-ex-official-vu50,f94d676b-7b0c-4f8f-9baf-4fdff3c9978b,2026-08-31T18:19:37.778Z,separate_executor,quote_run_dispatch_probe,50,2417.1,success,,200,success
p3-ex-official-vu50,091b8d8a-526e-420a-ae3c-68cce990dfbb,2026-08-31T18:19:37.794Z,separate_executor,quote_run_dispatch_probe,50,2478.19,success,,200,success
p3-ex-official-vu50,f8ff2349-97fe-49df-b5b4-67701e2862f1,2026-08-31T18:19:37.811Z,separate_executor,quote_run_dispatch_probe,50,1929.47,success,,200,success
p3-ex-official-vu50,9f0e3b2c-3674-4f66-9397-75e6aad3662a,2026-08-31T18:19:38.001Z,separate_executor,quote_run_dispatch_probe,50,1062.34,success,,200,success
p3-ex-official-vu50,3d4f5d58-405e-4868-a56e-3dc75148d793,2026-08-31T18:19:38.010Z,separate_executor,quote_run_dispatch_probe,50,1010.81,success,,200,success
p3-ex-official-vu50,338b1b6c-ebf4-4392-928f-a291571d17f1,2026-08-31T18:19:38.018Z,separate_executor,quote_run_dispatch_probe,50,1017.73,success,,200,success
p3-ex-official-vu50,d8b07743-03d7-45c9-8e78-0389c8e3aa75,2026-08-31T18:19:38.023Z,separate_executor,quote_run_dispatch_probe,50,1004.06,success,,200,success
p3-ex-official-vu50,ef5fa1f1-fcd2-4041-b787-f2ead78aecf9,2026-08-31T18:19:38.051Z,separate_executor,quote_run_dispatch_probe,50,784.91,success,,200,success
p3-ex-official-vu50,7ea66181-1280-4401-820b-e99d9a7e59ce,2026-08-31T18:19:38.054Z,separate_executor,quote_run_dispatch_probe,50,855.3,success,,200,success
p3-ex-official-vu50,517bbbab-a4b9-4daa-91c5-46f8c21ab47a,2026-08-31T18:19:38.065Z,separate_executor,quote_run_dispatch_probe,50,849.9,success,,200,success
p3-ex-official-vu50,fccdeab4-11da-4bd8-831b-c7c4dc9fb1d9,2026-08-31T18:19:38.088Z,separate_executor,quote_run_dispatch_probe,50,808.9,success,,200,success
p3-ex-official-vu50,ed579562-518e-4b74-81d0-054ee46d1470,2026-08-31T18:19:38.212Z,separate_executor,quote_run_dispatch_probe,50,944.79,success,,200,success
p3-ex-official-vu50,4a7252a8-e255-405b-8b79-8145c94b9aa0,2026-08-31T18:19:38.243Z,separate_executor,quote_run_dispatch_probe,50,796.07,success,,200,success
p3-ex-official-vu50,23d6f229-16b7-4520-b8fc-559dae61dd66,2026-08-31T18:19:38.246Z,separate_executor,quote_run_dispatch_probe,50,771.53,success,,200,success
p3-ex-official-vu50,17ffe844-f156-4984-b54b-5098a69e42a8,2026-08-31T18:19:38.265Z,separate_executor,quote_run_dispatch_probe,50,932.84,success,,200,success
p3-ex-official-vu50,17f1680a-09ae-4efc-a7a0-70127fad88c9,2026-08-31T18:19:38.285Z,separate_executor,quote_run_dispatch_probe,50,921.57,success,,200,success
p3-ex-official-vu50,c9f8d468-c950-47f3-a77a-0dde84e2a131,2026-08-31T18:19:38.341Z,separate_executor,quote_run_dispatch_probe,50,895.6,success,,200,success
p3-ex-official-vu50,44091487-e558-40b0-9a7e-8eed8d34146f,2026-08-31T18:19:38.459Z,separate_executor,quote_run_dispatch_probe,50,1116.7,success,,200,success
p3-ex-official-vu50,e88d4171-c733-481b-bbb1-2f560a5e02d3,2026-08-31T18:19:38.469Z,separate_executor,quote_run_dispatch_probe,50,953.54,success,,200,success
p3-ex-official-vu50,03779847-54ba-4157-88d1-d3369384d550,2026-08-31T18:19:38.483Z,separate_executor,quote_run_dispatch_probe,50,1120.51,success,,200,success
p3-ex-official-vu50,4492fd7f-5661-4b86-a1a4-9669ae7d4519,2026-08-31T18:19:38.493Z,separate_executor,quote_run_dispatch_probe,50,860.9,success,,200,success
p3-ex-official-vu50,d1da1b19-7649-4fc1-9178-2793adb20073,2026-08-31T18:19:38.556Z,separate_executor,quote_run_dispatch_probe,50,952.6,success,,200,success
p3-ex-official-vu50,8d90a563-a63e-4de6-8510-6d224727e550,2026-08-31T18:19:38.736Z,separate_executor,quote_run_dispatch_probe,50,1034.88,success,,200,success
p3-ex-official-vu50,3eb3b0cf-65f9-4e43-86c9-a2338d9d6c1e,2026-08-31T18:19:38.741Z,separate_executor,quote_run_dispatch_probe,50,1163.09,success,,200,success
p3-ex-official-vu50,3dd90d80-9e02-42dc-88ef-15951dfe0f6c,2026-08-31T18:19:38.751Z,separate_executor,quote_run_dispatch_probe,50,991.93,success,,200,success
p3-ex-official-vu50,b0865b88-a069-4117-8c08-9eb1d992371d,2026-08-31T18:19:38.756Z,separate_executor,quote_run_dispatch_probe,50,1176.89,success,,200,success
p3-ex-official-vu50,3ff95cf8-030a-421c-af28-5d42d8b1a5aa,2026-08-31T18:19:39.502Z,separate_executor,quote_run_dispatch_probe,50,1758.56,success,,200,success
p3-ex-official-vu50,0063126e-f84f-44ef-bddb-81187eedeb92,2026-08-31T18:19:39.517Z,separate_executor,quote_run_dispatch_probe,50,1883.6,success,,200,success
p3-ex-official-vu50,98a6bcfe-e91f-48c7-b450-8a5e09a359fc,2026-08-31T18:19:39.862Z,separate_executor,quote_run_dispatch_probe,50,2180.69,success,,200,success
p3-ex-official-vu50,4959152e-04ba-4a8b-869c-f37bc52cf4a2,2026-08-31T18:19:39.863Z,separate_executor,quote_run_dispatch_probe,50,2104.41,success,,200,success
p3-ex-official-vu50,6d30508b-4ec8-4c88-9e90-532156873c07,2026-08-31T18:19:39.864Z,separate_executor,quote_run_dispatch_probe,50,2161.77,success,,200,success
p3-ex-official-vu50,678a86bf-dec9-475a-875b-09c7c6ce2e16,2026-08-31T18:19:39.866Z,separate_executor,quote_run_dispatch_probe,50,2109.3,success,,200,success
p3-ex-official-vu50,2aba3fd4-57a3-483d-a557-e1246c5fb6e1,2026-08-31T18:19:39.867Z,separate_executor,quote_run_dispatch_probe,50,2182.82,success,,200,success
p3-ex-official-vu50,f430ecf4-8e44-4693-8e1f-cb74497ccbe1,2026-08-31T18:19:39.867Z,separate_executor,quote_run_dispatch_probe,50,2125.19,success,,200,success
p3-ex-official-vu50,32fa4707-c066-404b-809f-2bc9bec005e3,2026-08-31T18:19:39.868Z,separate_executor,quote_run_dispatch_probe,50,3913.33,success,,200,success
p3-ex-official-vu50,cf65f350-2e09-4965-91f7-424a765bfe3e,2026-08-31T18:19:39.870Z,separate_executor,quote_run_dispatch_probe,50,2139.08,success,,200,success
p3-ex-official-vu50,37cf1755-829a-40eb-965c-e5ab5f10a6a9,2026-08-31T18:19:39.874Z,separate_executor,quote_run_dispatch_probe,50,2005.88,success,,200,success
p3-ex-official-vu50,a8e65ab3-039f-4377-9682-e38e0aa9524b,2026-08-31T18:19:39.877Z,separate_executor,quote_run_dispatch_probe,50,2144.94,success,,200,success
p3-ex-official-vu50,03dab563-e4bb-4587-8c26-a40f465f0927,2026-08-31T18:19:39.878Z,separate_executor,quote_run_dispatch_probe,50,1789.87,success,,200,success
p3-ex-official-vu50,9a0a6007-02b7-4f5e-979c-76cdd4cab8d9,2026-08-31T18:19:39.879Z,separate_executor,quote_run_dispatch_probe,50,1632.78,success,,200,success
p3-ex-official-vu50,024fbdd5-2afb-42d4-9a34-61bdaa993d9e,2026-08-31T18:19:39.880Z,separate_executor,quote_run_dispatch_probe,50,1814.87,success,,200,success
p3-ex-official-vu50,e9e3961c-d830-4bcd-bc52-6e042f96c2b9,2026-08-31T18:19:39.897Z,separate_executor,quote_run_dispatch_probe,50,2197.12,success,,200,success
p3-ex-official-vu50,092fff2a-b506-4c44-8f87-6064fcf34863,2026-08-31T18:19:39.897Z,separate_executor,quote_run_dispatch_probe,50,2287.47,success,,200,success
p3-ex-official-vu50,5d896ff5-d1e8-4dcd-b0fe-eb9de5856f3b,2026-08-31T18:19:39.898Z,separate_executor,quote_run_dispatch_probe,50,2141.77,success,,200,success
p3-ex-official-vu50,ab5ce9be-2312-4b21-96f0-e05218b4d3e2,2026-08-31T18:19:39.898Z,separate_executor,quote_run_dispatch_probe,50,2215.24,success,,200,success
p3-ex-official-vu50,7bf4f4df-6fec-45a9-91fe-9f931e1c0b97,2026-08-31T18:19:39.900Z,separate_executor,quote_run_dispatch_probe,50,2146.07,success,,200,success
p3-ex-official-vu50,e7b1b478-0bbe-47da-9e40-6043091a14d9,2026-08-31T18:19:39.905Z,separate_executor,quote_run_dispatch_probe,50,2127.2,success,,200,success
p3-ex-official-vu50,7b3b378c-ec5a-4f78-ab9f-7954ad66be0a,2026-08-31T18:19:40.012Z,separate_executor,quote_run_dispatch_probe,50,2252.32,success,,200,success
p3-ex-official-vu50,b0d98ba3-b897-40d1-a49e-f8afc308740e,2026-08-31T18:19:40.039Z,separate_executor,quote_run_dispatch_probe,50,2373.35,success,,200,success
p3-ex-official-vu50,7b9c1f21-8eae-435f-bc61-88929de4e4cc,2026-08-31T18:19:40.046Z,separate_executor,quote_run_dispatch_probe,50,2269.73,success,,200,success
p3-ex-official-vu50,efe17f42-6b2e-4a30-8e13-f5992d2a9088,2026-08-31T18:19:40.047Z,separate_executor,quote_run_dispatch_probe,50,2028.32,success,,200,success
p3-ex-official-vu50,9b18d6df-b017-4d26-b8e4-a023ec5746ce,2026-08-31T18:19:40.047Z,separate_executor,quote_run_dispatch_probe,50,2045.55,success,,200,success
p3-ex-official-vu50,7c6ee3d5-7915-47e3-9461-9a6d9683773d,2026-08-31T18:19:40.047Z,separate_executor,quote_run_dispatch_probe,50,1835.2,success,,200,success
p3-ex-official-vu50,203e4523-c838-4c09-ae42-d723e642981e,2026-08-31T18:19:40.048Z,separate_executor,quote_run_dispatch_probe,50,1993.49,success,,200,success
p3-ex-official-vu50,11ebb79a-676b-47ac-93ce-c08ade911f5e,2026-08-31T18:19:40.062Z,separate_executor,quote_run_dispatch_probe,50,1819.2,success,,200,success
p3-ex-official-vu50,72656535-d036-47b9-abca-b2be5f46b645,2026-08-31T18:19:40.063Z,separate_executor,quote_run_dispatch_probe,50,2052.8,success,,200,success
p3-ex-official-vu50,54d34698-ebeb-4aed-91b4-3f254535c382,2026-08-31T18:19:40.069Z,separate_executor,quote_run_dispatch_probe,50,1512.85,success,,200,success
p3-ex-official-vu50,bcfd284f-7e8a-46ad-9d85-59fa6dc08361,2026-08-31T18:19:40.070Z,separate_executor,quote_run_dispatch_probe,50,1729.65,success,,200,success
p3-ex-official-vu50,7f66c862-8a4f-4c20-b3fd-ba57c87fab68,2026-08-31T18:19:40.071Z,separate_executor,quote_run_dispatch_probe,50,2019.91,success,,200,success
p3-ex-official-vu50,27b1a07c-ec6f-4362-81d2-005abfa0c26a,2026-08-31T18:19:40.071Z,separate_executor,quote_run_dispatch_probe,50,1806.34,success,,200,success
p3-ex-official-vu50,bc16d255-e10f-408e-a5ec-8265a700b5b6,2026-08-31T18:19:40.072Z,separate_executor,quote_run_dispatch_probe,50,1589.31,success,,200,success
p3-ex-official-vu50,9c0b0123-aef1-42d8-8c56-669077df5c6b,2026-08-31T18:19:40.078Z,separate_executor,quote_run_dispatch_probe,50,1793.08,success,,200,success
p3-ex-official-vu50,a91ad05d-b58b-4471-8d1c-cad35c280524,2026-08-31T18:19:40.080Z,separate_executor,quote_run_dispatch_probe,50,1610.73,success,,200,success
p3-ex-official-vu50,cc1bce8b-18c7-45c7-8d2f-8735a76ce1aa,2026-08-31T18:19:40.090Z,separate_executor,quote_run_dispatch_probe,50,2295.46,success,,200,success
p3-ex-official-vu50,60fb0b09-20ae-469b-8aab-2c43a80f1c31,2026-08-31T18:19:40.096Z,separate_executor,quote_run_dispatch_probe,50,2284.53,success,,200,success
p3-ex-official-vu50,bf1ff3e3-014a-4c5c-a6ca-1e56752493c1,2026-08-31T18:19:40.128Z,separate_executor,quote_run_dispatch_probe,50,1634.5,success,,200,success
p3-ex-official-vu50,373830ea-39e4-4484-9e4f-6c617b4ce013,2026-08-31T18:19:40.141Z,separate_executor,quote_run_dispatch_probe,50,2118.09,success,,200,success
p3-ex-official-vu50,72b516ba-e50e-47bb-928e-5420e76d6f9d,2026-08-31T18:19:40.147Z,separate_executor,quote_run_dispatch_probe,50,1410.88,success,,200,success
p3-ex-official-vu50,7f411ea3-9687-424a-a258-62069bc78e9c,2026-08-31T18:19:40.152Z,separate_executor,quote_run_dispatch_probe,50,1798.52,success,,200,success
p3-ex-official-vu50,ea5aa1b8-7c7c-420c-b1b8-757c462bd92c,2026-08-31T18:19:40.152Z,separate_executor,quote_run_dispatch_probe,50,1400.73,success,,200,success
p3-ex-official-vu50,f681ee23-524b-472c-9c8c-8d3a5f179ad3,2026-08-31T18:19:40.161Z,separate_executor,quote_run_dispatch_probe,50,1701.95,success,,200,success
p3-ex-official-vu50,989eadf2-9ef4-4e76-93bf-306afe02697a,2026-08-31T18:19:40.278Z,separate_executor,quote_run_dispatch_probe,50,1537.44,success,,200,success
p3-ex-official-vu50,2219f3f0-3a2a-4a30-9f28-fd83c3b49a9d,2026-08-31T18:19:40.282Z,separate_executor,quote_run_dispatch_probe,50,1525.81,success,,200,success
p3-ex-official-vu50,ab70ad33-24c1-4e09-9bbb-96caacc814dd,2026-08-31T18:19:40.283Z,separate_executor,quote_run_dispatch_probe,50,1332.2,success,,200,success
p3-ex-official-vu50,98723344-c946-452d-9e17-9c696bb9a58f,2026-08-31T18:19:40.284Z,separate_executor,quote_run_dispatch_probe,50,781.58,success,,200,success
p3-ex-official-vu50,669b8bb5-5b1e-4aee-b5df-85b97b360376,2026-08-31T18:19:40.294Z,separate_executor,quote_run_dispatch_probe,50,777.15,success,,200,success
p3-ex-official-vu50,ea9ee01a-0a9b-45ca-8a57-262d00c4f097,2026-08-31T18:19:40.634Z,separate_executor,quote_run_dispatch_probe,50,754.69,success,,200,success
p3-ex-official-vu50,988bdff0-40aa-46fd-85a4-c303935920e4,2026-08-31T18:19:40.657Z,separate_executor,quote_run_dispatch_probe,50,758.58,success,,200,success
p3-ex-official-vu50,83eb3472-8ead-4ab4-a668-c6b6559d639f,2026-08-31T18:19:40.675Z,separate_executor,quote_run_dispatch_probe,50,796.85,success,,200,success
p3-ex-official-vu50,006a0d99-45f5-44a1-abcc-8a69f041bfdc,2026-08-31T18:19:40.759Z,separate_executor,quote_run_dispatch_probe,50,895.16,success,,200,success
p3-ex-official-vu50,6bd7f02b-09b6-4bcd-9a6d-296de65ccde4,2026-08-31T18:19:40.785Z,separate_executor,quote_run_dispatch_probe,50,879.96,success,,200,success
p3-ex-official-vu50,04c4b687-5193-48f6-a542-9929b270c664,2026-08-31T18:19:41.032Z,separate_executor,quote_run_dispatch_probe,50,1151.37,success,,200,success
p3-ex-official-vu50,407129fd-322b-466c-b19d-fa6130cd2135,2026-08-31T18:19:41.032Z,separate_executor,quote_run_dispatch_probe,50,1165.38,success,,200,success
p3-ex-official-vu50,368da9c3-4394-442c-9ea7-7557065c92ab,2026-08-31T18:19:41.034Z,separate_executor,quote_run_dispatch_probe,50,1184.11,success,,200,success
p3-ex-official-vu50,80e16f2f-9af4-4f34-87bd-7bccf7944470,2026-08-31T18:19:41.035Z,separate_executor,quote_run_dispatch_probe,50,1137.93,success,,200,success
p3-ex-official-vu50,df3b013c-1074-47f0-9ddd-b338d0c87994,2026-08-31T18:19:41.042Z,separate_executor,quote_run_dispatch_probe,50,1165.03,success,,200,success
p3-ex-official-vu50,46c667f5-ecbf-4aa7-8ca7-5c451bdfc1be,2026-08-31T18:19:41.073Z,separate_executor,quote_run_dispatch_probe,50,1198.57,success,,200,success
p3-ex-official-vu50,e1dccdc6-a60d-4dab-a928-ab01d88ad750,2026-08-31T18:19:41.084Z,separate_executor,quote_run_dispatch_probe,50,1220.56,success,,200,success
p3-ex-official-vu50,6c97a35b-f1d6-41d3-a9ad-1b0d7e03a1a2,2026-08-31T18:19:41.133Z,separate_executor,quote_run_dispatch_probe,50,1263.77,success,,200,success
p3-ex-official-vu50,be5f3238-06e1-4f82-b11f-3ba19ec3bfcd,2026-08-31T18:19:41.144Z,separate_executor,quote_run_dispatch_probe,50,1276.1,success,,200,success
p3-ex-official-vu50,c0e08215-7d60-4ee3-8d66-caf39ca92173,2026-08-31T18:19:41.148Z,separate_executor,quote_run_dispatch_probe,50,1058.27,success,,200,success
p3-ex-official-vu50,8d35b7c4-ed58-4255-8c26-6d58351542e3,2026-08-31T18:19:41.154Z,separate_executor,quote_run_dispatch_probe,50,1291.83,success,,200,success
p3-ex-official-vu50,07a80225-3eef-41b7-a505-760310786d88,2026-08-31T18:19:41.175Z,separate_executor,quote_run_dispatch_probe,50,1104.72,success,,200,success
p3-ex-official-vu50,928fa0c6-ac5f-4c62-bc92-83e0512e99b2,2026-08-31T18:19:41.178Z,separate_executor,quote_run_dispatch_probe,50,1309.34,success,,200,success
p3-ex-official-vu50,7a83f224-f609-43f8-8148-e474bce89a0c,2026-08-31T18:19:41.179Z,separate_executor,quote_run_dispatch_probe,50,1281.79,success,,200,success
p3-ex-official-vu50,a71e9850-c7fe-454e-b3ed-70b00527f559,2026-08-31T18:19:41.474Z,separate_executor,quote_run_dispatch_probe,50,1395.27,success,,200,success
p3-ex-official-vu50,6601744b-487c-4f91-b87c-8886c795c503,2026-08-31T18:19:41.475Z,separate_executor,quote_run_dispatch_probe,50,1576.91,success,,200,success
p3-ex-official-vu50,4d6aad8f-f3d3-4077-9aca-1e82f9a54344,2026-08-31T18:19:41.491Z,separate_executor,quote_run_dispatch_probe,50,1624.96,success,,200,success
p3-ex-official-vu50,db2b32b0-d2e9-480f-9a92-b700ca206e00,2026-08-31T18:19:41.630Z,separate_executor,quote_run_dispatch_probe,50,1550.21,success,,200,success
p3-ex-official-vu50,b66110fb-f999-4ce6-ade9-8c6988c1a21e,2026-08-31T18:19:41.630Z,separate_executor,quote_run_dispatch_probe,50,1618.16,success,,200,success
p3-ex-official-vu50,984f7572-b618-4047-82f1-5bd0f9b495ae,2026-08-31T18:19:41.638Z,separate_executor,quote_run_dispatch_probe,50,1560.85,success,,200,success
p3-ex-official-vu50,8f3777ca-dfdc-45e6-b547-241970c8da03,2026-08-31T18:19:42.170Z,separate_executor,quote_run_dispatch_probe,50,2122.09,success,,200,success
p3-ex-official-vu50,da3a1e3e-4492-47c1-8313-52bce48eef8a,2026-08-31T18:19:42.194Z,separate_executor,quote_run_dispatch_probe,50,2131.7,success,,200,success
p3-ex-official-vu50,2e7a1f36-438b-4bfb-b395-cd6844ec3b11,2026-08-31T18:19:42.317Z,separate_executor,quote_run_dispatch_probe,50,2417.31,success,,200,success
p3-ex-official-vu50,3a70800e-5b73-4fef-a70b-28df18e43b19,2026-08-31T18:19:42.318Z,separate_executor,quote_run_dispatch_probe,50,2190.54,success,,200,success
p3-ex-official-vu50,5a4938a1-38f4-4930-8ef4-bea3a6ff83b0,2026-08-31T18:19:42.427Z,separate_executor,quote_run_dispatch_probe,50,2275.77,success,,200,success
p3-ex-official-vu50,c1ea3b32-8052-4cc6-8ad4-e90ba1fb3641,2026-08-31T18:19:42.515Z,separate_executor,quote_run_dispatch_probe,50,2444.5,success,,200,success
p3-ex-official-vu50,01d5a8b5-1bb9-40e4-8ab0-f1820091afb6,2026-08-31T18:19:42.677Z,separate_executor,quote_run_dispatch_probe,50,2630.53,success,,200,success
p3-ex-official-vu50,953c1565-cf0a-4d5f-abce-5885da0f46ec,2026-08-31T18:19:42.678Z,separate_executor,quote_run_dispatch_probe,50,2526.36,success,,200,success
p3-ex-official-vu50,5b619467-92d2-4e8e-84c0-05ec3fdbcf07,2026-08-31T18:19:42.679Z,separate_executor,quote_run_dispatch_probe,50,2531.78,success,,200,success
p3-ex-official-vu50,e571df78-8514-438b-9959-5b6ea436bf13,2026-08-31T18:19:42.783Z,separate_executor,quote_run_dispatch_probe,50,2736.95,success,,200,success
p3-ex-official-vu50,aa40ed55-c574-45ca-b4db-09710e575502,2026-08-31T18:19:42.784Z,separate_executor,quote_run_dispatch_probe,50,2736.32,success,,200,success
p3-ex-official-vu50,eb5e99ad-ff28-49e8-a804-7249a6da4c67,2026-08-31T18:19:42.784Z,separate_executor,quote_run_dispatch_probe,50,2688.14,success,,200,success
p3-ex-official-vu50,de674cb0-41b8-4328-bd2d-e058696b369f,2026-08-31T18:19:42.785Z,separate_executor,quote_run_dispatch_probe,50,2644.14,success,,200,success
p3-ex-official-vu50,8ca6c1c3-a510-43dd-bc44-28c3edc036eb,2026-08-31T18:19:42.789Z,separate_executor,quote_run_dispatch_probe,50,2717.25,success,,200,success
p3-ex-official-vu50,ba8b1d0f-3c38-422c-b26f-d582a4f171e2,2026-08-31T18:19:42.790Z,separate_executor,quote_run_dispatch_probe,50,2743.16,success,,200,success
p3-ex-official-vu50,15d15ba7-c0b3-4dc1-8d2b-642c9f848116,2026-08-31T18:19:42.790Z,separate_executor,quote_run_dispatch_probe,50,2721.8,success,,200,success
p3-ex-official-vu50,4ef1e48c-a942-459f-ba0a-fe45698ed63b,2026-08-31T18:19:42.791Z,separate_executor,quote_run_dispatch_probe,50,2508.63,success,,200,success
p3-ex-official-vu50,0501b241-fe4b-4844-aaa8-1f26726dcaf7,2026-08-31T18:19:42.792Z,separate_executor,quote_run_dispatch_probe,50,2517.09,success,,200,success
p3-ex-official-vu50,e5f5379b-c50a-4b69-aeda-8c43d97cb309,2026-08-31T18:19:42.793Z,separate_executor,quote_run_dispatch_probe,50,2754.62,success,,200,success
p3-ex-official-vu50,76baaf61-9764-42bf-b82b-c4dd6fc9bbba,2026-08-31T18:19:42.795Z,separate_executor,quote_run_dispatch_probe,50,2161.09,success,,200,success
p3-ex-official-vu50,0e0da85d-240b-42e4-87e7-363383f2367f,2026-08-31T18:19:42.795Z,separate_executor,quote_run_dispatch_probe,50,2138.83,success,,200,success
p3-ex-official-vu50,def07149-a315-4888-852e-ea53035bcc12,2026-08-31T18:19:42.797Z,separate_executor,quote_run_dispatch_probe,50,2012.6,success,,200,success
p3-ex-official-vu50,5f1c4ee6-fd4f-4ead-9eae-185e790e14c3,2026-08-31T18:19:42.798Z,separate_executor,quote_run_dispatch_probe,50,2123.68,success,,200,success
p3-ex-official-vu50,41a01195-c872-409f-9e0c-3ef02d900746,2026-08-31T18:19:42.807Z,separate_executor,quote_run_dispatch_probe,50,2744.33,success,,200,success
p3-ex-official-vu50,44b3c20f-9673-4c86-9d54-3b7c63e150f0,2026-08-31T18:19:42.809Z,separate_executor,quote_run_dispatch_probe,50,2647.89,success,,200,success
p3-ex-official-vu50,ac3fbc8d-f72e-4f56-bd1e-2dce7e0c3535,2026-08-31T18:19:42.809Z,separate_executor,quote_run_dispatch_probe,50,2531.06,success,,200,success
p3-ex-official-vu50,2134e030-e8fc-4aea-90fd-1cbeb6c71fe1,2026-08-31T18:19:42.810Z,separate_executor,quote_run_dispatch_probe,50,2526.01,success,,200,success
p3-ex-official-vu50,dbeb92ab-4d6b-497f-a6a4-06397c2d3423,2026-08-31T18:19:42.810Z,separate_executor,quote_run_dispatch_probe,50,2050.87,success,,200,success
p3-ex-official-vu50,1c010717-0b6f-4833-91f9-8c9c6adf6395,2026-08-31T18:19:42.810Z,separate_executor,quote_run_dispatch_probe,50,1635,success,,200,success
p3-ex-official-vu50,c46d6d9d-4040-4fd1-a5c4-a28f7caa8da3,2026-08-31T18:19:42.813Z,separate_executor,quote_run_dispatch_probe,50,1664.45,success,,200,success
p3-ex-official-vu50,084ff3c9-f60d-43a3-8f1c-ec4955dc9734,2026-08-31T18:19:42.813Z,separate_executor,quote_run_dispatch_probe,50,1740.45,success,,200,success
p3-ex-official-vu50,f4abd193-85ac-4f3f-a286-8d88cc435522,2026-08-31T18:19:42.814Z,separate_executor,quote_run_dispatch_probe,50,1782.01,success,,200,success
p3-ex-official-vu50,cffd9083-769e-4f60-840a-1523ed60ddad,2026-08-31T18:19:42.814Z,separate_executor,quote_run_dispatch_probe,50,1772.12,success,,200,success
p3-ex-official-vu50,84728137-f11a-444e-bfc3-f3a18cb9ef8c,2026-08-31T18:19:42.815Z,separate_executor,quote_run_dispatch_probe,50,1780.41,success,,200,success
p3-ex-official-vu50,743d8aff-182e-40a0-9a79-77af074bc684,2026-08-31T18:19:42.815Z,separate_executor,quote_run_dispatch_probe,50,1783.21,success,,200,success
p3-ex-official-vu50,2bd9b799-5ab8-485d-b918-cd1cd959a0f4,2026-08-31T18:19:42.816Z,separate_executor,quote_run_dispatch_probe,50,1732.52,success,,200,success
p3-ex-official-vu50,823d670d-f1d6-4a18-9765-5325342bd271,2026-08-31T18:19:42.817Z,separate_executor,quote_run_dispatch_probe,50,1672.94,success,,200,success
p3-ex-official-vu50,67dd713a-9c28-40d5-bf06-2e3f32436d52,2026-08-31T18:19:42.817Z,separate_executor,quote_run_dispatch_probe,50,1662.77,success,,200,success
p3-ex-official-vu50,f2f9799f-8ddb-4c6b-affd-60e5a373603d,2026-08-31T18:19:42.817Z,separate_executor,quote_run_dispatch_probe,50,1683.82,success,,200,success
p3-ex-official-vu50,0b10eff2-e419-4fa6-8ee7-50210d57a074,2026-08-31T18:19:42.818Z,separate_executor,quote_run_dispatch_probe,50,1639.64,success,,200,success
p3-ex-official-vu50,1cb4b8c4-767c-4355-831b-832e104db4d3,2026-08-31T18:19:42.818Z,separate_executor,quote_run_dispatch_probe,50,1639.6,success,,200,success
p3-ex-official-vu50,2990dfa2-0b5e-4a4f-a52e-70e4f415cb11,2026-08-31T18:19:42.821Z,separate_executor,quote_run_dispatch_probe,50,1347.85,success,,200,success
p3-ex-official-vu50,83c9b2da-3644-4c95-adfd-1438e81c0a92,2026-08-31T18:19:42.826Z,separate_executor,quote_run_dispatch_probe,50,2543.72,success,,200,success
p3-ex-official-vu50,73e83888-0c56-44e2-8de2-a5e6fdff72c1,2026-08-31T18:19:42.827Z,separate_executor,quote_run_dispatch_probe,50,2533.2,success,,200,success
p3-ex-official-vu50,339703c6-fe9b-41e0-9855-3cd32fc83eb5,2026-08-31T18:19:42.828Z,separate_executor,quote_run_dispatch_probe,50,1792.32,success,,200,success
p3-ex-official-vu50,11c5937c-2ce5-42f9-a275-c8babd572e5e,2026-08-31T18:19:42.828Z,separate_executor,quote_run_dispatch_probe,50,1353.33,success,,200,success
p3-ex-official-vu50,05508195-8195-4b76-83a9-73fb07a7bf85,2026-08-31T18:19:42.828Z,separate_executor,quote_run_dispatch_probe,50,1336.96,success,,200,success
p3-ex-official-vu50,e5061031-7ea0-466b-8c36-2e97344b9e56,2026-08-31T18:19:42.828Z,separate_executor,quote_run_dispatch_probe,50,1198.03,success,,200,success
p3-ex-official-vu50,56f7d239-3bbe-4151-bb68-c7bd1dc81d4b,2026-08-31T18:19:42.829Z,separate_executor,quote_run_dispatch_probe,50,1199.1,success,,200,success
p3-ex-official-vu50,70e45551-60ad-4799-bc10-e83ef8d3c59e,2026-08-31T18:19:42.829Z,separate_executor,quote_run_dispatch_probe,50,511.7,success,,200,success
p3-ex-official-vu50,1aa24e0e-2be1-4698-8307-7e2ad128f533,2026-08-31T18:19:42.830Z,separate_executor,quote_run_dispatch_probe,50,1192.29,success,,200,success
p3-ex-official-vu50,bd480cc8-7b3a-4848-8aa2-b6dab07e75bb,2026-08-31T18:19:42.832Z,separate_executor,quote_run_dispatch_probe,50,638.1,success,,200,success
p3-ex-official-vu50,b320f9b6-7526-49b4-9835-cbf0cc701102,2026-08-31T18:19:42.836Z,separate_executor,quote_run_dispatch_probe,50,517.45,success,,200,success
p3-ex-official-vu50,dc9ec5db-2767-4cf6-b802-ac297359926f,2026-08-31T18:19:42.882Z,separate_executor,quote_run_dispatch_probe,50,712.55,success,,200,success
p3-ex-official-vu50,9889746a-34ff-469d-befd-0d0f03a828ea,2026-08-31T18:19:42.943Z,separate_executor,quote_run_dispatch_probe,50,515.86,success,,200,success
p3-ex-official-vu50,af5b4242-cfa2-4280-89dc-9ca8ff5ad480,2026-08-31T18:19:42.949Z,separate_executor,quote_run_dispatch_probe,50,434.31,success,,200,success
p3-ex-official-vu50,afad743a-63be-4bb6-af33-bf9b7d4ab4bf,2026-08-31T18:19:43.711Z,separate_executor,quote_run_dispatch_probe,50,1032.35,success,,200,success
p3-ex-official-vu50,6aa7ea81-5402-4aa6-8a7b-2d7da2911986,2026-08-31T18:19:43.849Z,separate_executor,quote_run_dispatch_probe,50,1170.31,success,,200,success
p3-ex-official-vu50,ce5e802c-46f2-49f2-a0c7-749524fd104d,2026-08-31T18:19:43.909Z,separate_executor,quote_run_dispatch_probe,50,1231.52,success,,200,success
p3-ex-official-vu50,13729f56-a163-4213-8c3a-e71325513a3a,2026-08-31T18:19:43.964Z,separate_executor,quote_run_dispatch_probe,50,1148.6,success,,200,success
p3-ex-official-vu50,69751860-04f7-41c4-89ff-5d5ab3c4e4d4,2026-08-31T18:19:43.965Z,separate_executor,quote_run_dispatch_probe,50,1156.49,success,,200,success
p3-ex-official-vu50,3b9f98ff-d5ed-4e58-a614-7692f9be0c19,2026-08-31T18:19:44.125Z,separate_executor,quote_run_dispatch_probe,50,1312.21,success,,200,success
p3-ex-official-vu50,1bd53398-03ea-45d4-b646-3e05f3633548,2026-08-31T18:19:44.264Z,separate_executor,quote_run_dispatch_probe,50,1468.35,success,,200,success
p3-ex-official-vu50,64926ffa-e3fe-4b3c-883a-86dece2d5a34,2026-08-31T18:19:44.264Z,separate_executor,quote_run_dispatch_probe,50,1428.68,success,,200,success
p3-ex-official-vu50,94ddf404-e116-49c5-94b5-6f7ba6c875a9,2026-08-31T18:19:44.265Z,separate_executor,quote_run_dispatch_probe,50,1470.08,success,,200,success
p3-ex-official-vu50,5ab26d69-596f-4104-b33f-75e42cd69c5f,2026-08-31T18:19:44.265Z,separate_executor,quote_run_dispatch_probe,50,1480.1,success,,200,success
p3-ex-official-vu50,bcdbf91d-bd03-4da6-8488-437281273bdf,2026-08-31T18:19:44.267Z,separate_executor,quote_run_dispatch_probe,50,1440.47,success,,200,success
p3-ex-official-vu50,61099eb6-909f-4f87-8c76-eb750f5b1091,2026-08-31T18:19:44.267Z,separate_executor,quote_run_dispatch_probe,50,1450.53,success,,200,success
p3-ex-official-vu50,90be6f50-cd0d-444c-a72b-594533a0e1cd,2026-08-31T18:19:44.268Z,separate_executor,quote_run_dispatch_probe,50,1385.64,success,,200,success
p3-ex-official-vu50,d443dd31-0d67-479f-bb5b-77aff3edd21b,2026-08-31T18:19:44.268Z,separate_executor,quote_run_dispatch_probe,50,1440.37,success,,200,success
p3-ex-official-vu50,50ee5f49-2158-44ec-a15a-86287eb4a8fe,2026-08-31T18:19:44.278Z,separate_executor,quote_run_dispatch_probe,50,1461.49,success,,200,success
p3-ex-official-vu50,d8804b8d-311e-4677-af0c-c05e33ac232b,2026-08-31T18:19:44.278Z,separate_executor,quote_run_dispatch_probe,50,1468.23,success,,200,success
p3-ex-official-vu50,897bbd2c-e415-4a86-837f-a6cc99e45bf7,2026-08-31T18:19:44.279Z,separate_executor,quote_run_dispatch_probe,50,1495.23,success,,200,success
p3-ex-official-vu50,a6a3a957-3c59-42a7-b30f-74778007f14f,2026-08-31T18:19:44.280Z,separate_executor,quote_run_dispatch_probe,50,1463.12,success,,200,success
p3-ex-official-vu50,264b6a56-e7af-44ad-90f5-0b534222d911,2026-08-31T18:19:44.280Z,separate_executor,quote_run_dispatch_probe,50,1330.93,success,,200,success
p3-ex-official-vu50,3ddbb6f4-cb6e-43b3-b6fd-11017c1a753f,2026-08-31T18:19:44.280Z,separate_executor,quote_run_dispatch_probe,50,1451.46,success,,200,success
p3-ex-official-vu50,f8d74783-e03d-46ee-bcce-4bf957220732,2026-08-31T18:19:44.281Z,separate_executor,quote_run_dispatch_probe,50,1470.42,success,,200,success
p3-ex-official-vu50,4e3e3787-4d0a-40e3-bfba-af1e665489cd,2026-08-31T18:19:44.282Z,separate_executor,quote_run_dispatch_probe,50,1498.43,success,,200,success
p3-ex-official-vu50,9add63d4-e400-4ddd-8f82-dab5e2d46905,2026-08-31T18:19:44.283Z,separate_executor,quote_run_dispatch_probe,50,1465.29,success,,200,success
p3-ex-official-vu50,a7986a5d-a7d0-4786-aff6-8482e2f8b49b,2026-08-31T18:19:44.283Z,separate_executor,quote_run_dispatch_probe,50,1465.96,success,,200,success
p3-ex-official-vu50,32a8eda1-9cbe-4fe4-a3a2-01aac9376cc8,2026-08-31T18:19:44.284Z,separate_executor,quote_run_dispatch_probe,50,1340.59,success,,200,success
p3-ex-official-vu50,d4de897e-d07c-4f3b-9abb-8dd4d887e0df,2026-08-31T18:19:44.285Z,separate_executor,quote_run_dispatch_probe,50,1492.62,success,,200,success
p3-ex-official-vu50,bdfbc6c8-72bd-4cc8-bcb8-f1fd3a142e47,2026-08-31T18:19:44.290Z,separate_executor,quote_run_dispatch_probe,50,1499.36,success,,200,success
p3-ex-official-vu50,621fef8a-a962-43fc-a39a-35475cff2401,2026-08-31T18:19:44.292Z,separate_executor,quote_run_dispatch_probe,50,1464.15,success,,200,success
p3-ex-official-vu50,0ad935b4-1ae2-431a-9c7d-f18f2b5932cc,2026-08-31T18:19:44.293Z,separate_executor,quote_run_dispatch_probe,50,1504.02,success,,200,success
p3-ex-official-vu50,441c807d-73e1-417a-9445-da2d41e7fe90,2026-08-31T18:19:44.293Z,separate_executor,quote_run_dispatch_probe,50,1478.58,success,,200,success
p3-ex-official-vu50,54c898e2-970a-460f-9ab3-7912d9c73fae,2026-08-31T18:19:44.294Z,separate_executor,quote_run_dispatch_probe,50,1510.04,success,,200,success
p3-ex-official-vu50,2164c3e3-c08c-4c88-9dcb-56aa43c7d1f1,2026-08-31T18:19:44.294Z,separate_executor,quote_run_dispatch_probe,50,1495.75,success,,200,success
p3-ex-official-vu50,802960b5-832d-4a69-a9da-8a823033a8a4,2026-08-31T18:19:44.295Z,separate_executor,quote_run_dispatch_probe,50,1466.93,success,,200,success
p3-ex-official-vu50,c3142ecd-2476-4ce5-be59-f04b947bdf07,2026-08-31T18:19:44.296Z,separate_executor,quote_run_dispatch_probe,50,1505.32,success,,200,success
p3-ex-official-vu50,2c6247c2-1aa7-4c71-9758-716e098d5fb2,2026-08-31T18:19:44.296Z,separate_executor,quote_run_dispatch_probe,50,1489.2,success,,200,success
p3-ex-official-vu50,90d79c24-4ecb-4b8a-895b-1e0ca3ecd4f5,2026-08-31T18:19:44.297Z,separate_executor,quote_run_dispatch_probe,50,1507.29,success,,200,success
p3-ex-official-vu50,23d9dd6d-5060-44b6-9e66-a822b9e8d105,2026-08-31T18:19:44.298Z,separate_executor,quote_run_dispatch_probe,50,1504.08,success,,200,success
p3-ex-official-vu50,8b90f9a6-a83c-4deb-877d-924f88662a91,2026-08-31T18:19:44.298Z,separate_executor,quote_run_dispatch_probe,50,1484.87,success,,200,success
p3-ex-official-vu50,01cf3d53-1556-450c-b805-afb5cd1536a9,2026-08-31T18:19:44.298Z,separate_executor,quote_run_dispatch_probe,50,1480.19,success,,200,success
p3-ex-official-vu50,16ab85be-a408-4ada-8f09-e6070a692c85,2026-08-31T18:19:44.299Z,separate_executor,quote_run_dispatch_probe,50,1477.38,success,,200,success
p3-ex-official-vu50,ef5a498e-c692-4863-b123-204ad90ffe3a,2026-08-31T18:19:44.299Z,separate_executor,quote_run_dispatch_probe,50,1469.78,success,,200,success
p3-ex-official-vu50,db2fc181-a545-4094-993c-3198d045f21c,2026-08-31T18:19:44.299Z,separate_executor,quote_run_dispatch_probe,50,1489.71,success,,200,success
p3-ex-official-vu50,89767a89-7324-4b24-ab6e-9665990ba0d1,2026-08-31T18:19:44.300Z,separate_executor,quote_run_dispatch_probe,50,1490.38,success,,200,success
p3-ex-official-vu50,002b66a7-6e26-46cc-a5c8-d1890d647f54,2026-08-31T18:19:44.300Z,separate_executor,quote_run_dispatch_probe,50,1469.51,success,,200,success
p3-ex-official-vu50,350bb88b-4e14-4617-b1cc-2da3d1b4284d,2026-08-31T18:19:44.301Z,separate_executor,quote_run_dispatch_probe,50,1503.35,success,,200,success
p3-ex-official-vu50,99764444-7eea-44e0-8f3b-3ed16e7b18e1,2026-08-31T18:19:44.301Z,separate_executor,quote_run_dispatch_probe,50,1472.5,success,,200,success
p3-ex-official-vu50,9a3607ef-a93f-4cfc-bbb8-7bf3ba8fd54a,2026-08-31T18:19:44.301Z,separate_executor,quote_run_dispatch_probe,50,1469.31,success,,200,success
p3-ex-official-vu50,f3840229-599b-45ee-b401-0bca4aaad193,2026-08-31T18:19:44.302Z,separate_executor,quote_run_dispatch_probe,50,1488.23,success,,200,success
p3-ex-official-vu50,5d4bfff4-d3d3-4fc1-8dd4-dba7b4ca31b6,2026-08-31T18:19:44.309Z,separate_executor,quote_run_dispatch_probe,50,1482.31,success,,200,success
p3-ex-official-vu50,51aecc22-6e2a-42f8-a9ed-76acd5a32900,2026-08-31T18:19:44.543Z,separate_executor,quote_run_dispatch_probe,50,578.86,success,,200,success
p3-ex-official-vu50,4120d630-bae0-4673-95e9-607e9199357a,2026-08-31T18:19:44.548Z,separate_executor,quote_run_dispatch_probe,50,1733.75,success,,200,success
p3-ex-official-vu50,4ab03e3c-23a1-4205-80fe-76f544873cea,2026-08-31T18:19:44.613Z,separate_executor,quote_run_dispatch_probe,50,902.13,success,,200,success
p3-ex-official-vu50,c85e85ac-8eea-495c-8780-fb4551eba1ca,2026-08-31T18:19:44.707Z,separate_executor,quote_run_dispatch_probe,50,858.35,success,,200,success
p3-ex-official-vu50,d9c58866-2375-4bfe-8b69-e3a68afbb765,2026-08-31T18:19:44.862Z,separate_executor,quote_run_dispatch_probe,50,737.32,success,,200,success
p3-ex-official-vu50,16a40f91-0a69-4d36-85a0-4f8c4f45d1b2,2026-08-31T18:19:44.895Z,separate_executor,quote_run_dispatch_probe,50,929.55,success,,200,success
p3-ex-official-vu50,9a4dd4e9-385e-4824-ab3b-792e369c49bc,2026-08-31T18:19:45.166Z,separate_executor,quote_run_dispatch_probe,50,1257.02,success,,200,success
p3-ex-official-vu50,da6419d4-3434-4b5c-a5b1-05a03d9e8c97,2026-08-31T18:19:45.263Z,separate_executor,quote_run_dispatch_probe,50,973.09,success,,200,success
p3-ex-official-vu50,dc0f8961-7e67-4a7d-afef-cf74ebb28dd7,2026-08-31T18:19:45.374Z,separate_executor,quote_run_dispatch_probe,50,1093.26,success,,200,success
p3-ex-official-vu50,3c73383e-7113-4283-89e6-b460cc995470,2026-08-31T18:19:45.391Z,separate_executor,quote_run_dispatch_probe,50,1093.68,success,,200,success
p3-ex-official-vu50,c1a3cdbc-fa29-4bc6-846e-32d281699f1b,2026-08-31T18:19:45.445Z,separate_executor,quote_run_dispatch_probe,50,1180.22,success,,200,success
p3-ex-official-vu50,79484dd5-4061-4c02-b34a-42fa243dd76d,2026-08-31T18:19:45.445Z,separate_executor,quote_run_dispatch_probe,50,1147.3,success,,200,success
p3-ex-official-vu50,6964528b-4c51-4ffe-87f8-cd2f47523a15,2026-08-31T18:19:45.460Z,separate_executor,quote_run_dispatch_probe,50,1176.42,success,,200,success
p3-ex-official-vu50,3185460d-5bc9-42bc-b1c7-15879591dbaa,2026-08-31T18:19:45.470Z,separate_executor,quote_run_dispatch_probe,50,1187.13,success,,200,success
p3-ex-official-vu50,f8f2e440-8a67-42ee-88c6-d923f8e05738,2026-08-31T18:19:45.497Z,separate_executor,quote_run_dispatch_probe,50,1231.89,success,,200,success
p3-ex-official-vu50,f973ee5d-0efc-4f8e-91e6-5a99b50c09bc,2026-08-31T18:19:45.498Z,separate_executor,quote_run_dispatch_probe,50,1217.56,success,,200,success
p3-ex-official-vu50,e6ab504e-bbf2-4f44-8043-168bd8c72afc,2026-08-31T18:19:45.508Z,separate_executor,quote_run_dispatch_probe,50,1227.52,success,,200,success
p3-ex-official-vu50,ac198942-542f-4c89-9f53-eb4b939b6bf7,2026-08-31T18:19:45.510Z,separate_executor,quote_run_dispatch_probe,50,1228.39,success,,200,success
p3-ex-official-vu50,1fe8f2d6-c21e-47ec-909d-0f560d4fa5f3,2026-08-31T18:19:45.537Z,separate_executor,quote_run_dispatch_probe,50,1272.13,success,,200,success
p3-ex-official-vu50,c90be3c1-3f90-455e-a15a-1dd036814144,2026-08-31T18:19:45.539Z,separate_executor,quote_run_dispatch_probe,50,1253.67,success,,200,success
p3-ex-official-vu50,4e567128-fbb0-4f79-a3de-dd029bbd3c73,2026-08-31T18:19:45.564Z,separate_executor,quote_run_dispatch_probe,50,1270.95,success,,200,success
p3-ex-official-vu50,add1239e-d3a9-4610-9c63-368e4035ec1d,2026-08-31T18:19:45.582Z,separate_executor,quote_run_dispatch_probe,50,1282.41,success,,200,success
p3-ex-official-vu50,fe9fc7f5-4721-4429-a958-ef43c1db3d7f,2026-08-31T18:19:45.611Z,separate_executor,quote_run_dispatch_probe,50,1315.61,success,,200,success
p3-ex-official-vu50,60def3bb-dc3a-41a2-a6ad-e8288ca8abdd,2026-08-31T18:19:45.622Z,separate_executor,quote_run_dispatch_probe,50,1354.72,success,,200,success
p3-ex-official-vu50,2340127b-feb1-4ed3-a853-f1ffcc549bc6,2026-08-31T18:19:45.626Z,separate_executor,quote_run_dispatch_probe,50,1328.48,success,,200,success
p3-ex-official-vu50,91a3c956-e05f-4ced-91c8-7d54f854a81d,2026-08-31T18:19:45.626Z,separate_executor,quote_run_dispatch_probe,50,1358.33,success,,200,success
p3-ex-official-vu50,a943e4f8-d760-46a5-8c78-7037d68a67bd,2026-08-31T18:19:45.627Z,separate_executor,quote_run_dispatch_probe,50,1317.15,success,,200,success
p3-ex-official-vu50,34abf8ad-5d0f-4f13-8173-a23691b884c6,2026-08-31T18:19:45.627Z,separate_executor,quote_run_dispatch_probe,50,1326.32,success,,200,success
p3-ex-official-vu50,75117467-4aff-49d9-a601-bea755880139,2026-08-31T18:19:45.627Z,separate_executor,quote_run_dispatch_probe,50,1332.1,success,,200,success
p3-ex-official-vu50,a7663e9c-ee21-4139-8bd5-cf01fdafbf5b,2026-08-31T18:19:45.628Z,separate_executor,quote_run_dispatch_probe,50,1325.87,success,,200,success
p3-ex-official-vu50,10dd2c6c-752e-4366-b927-4174d80e4687,2026-08-31T18:19:45.628Z,separate_executor,quote_run_dispatch_probe,50,1326.93,success,,200,success
p3-ex-official-vu50,56d1d463-1218-4b83-972c-ede705c93973,2026-08-31T18:19:45.628Z,separate_executor,quote_run_dispatch_probe,50,1334.41,success,,200,success
p3-ex-official-vu50,c1678feb-c83b-495c-a595-918201de52f7,2026-08-31T18:19:45.629Z,separate_executor,quote_run_dispatch_probe,50,1337.1,success,,200,success
p3-ex-official-vu50,7dce8499-9c58-4573-bac1-1ae123473ec4,2026-08-31T18:19:45.629Z,separate_executor,quote_run_dispatch_probe,50,1335.05,success,,200,success
p3-ex-official-vu50,6b2b0be4-562d-4554-b73e-64339232e1cd,2026-08-31T18:19:45.630Z,separate_executor,quote_run_dispatch_probe,50,1331.33,success,,200,success
p3-ex-official-vu50,8f02b1ae-2faf-4c95-91ab-ddec1108e18b,2026-08-31T18:19:45.638Z,separate_executor,quote_run_dispatch_probe,50,1354.32,success,,200,success
p3-ex-official-vu50,807820f5-cb93-4e37-adff-e959dc72b5ff,2026-08-31T18:19:45.644Z,separate_executor,quote_run_dispatch_probe,50,1347.3,success,,200,success
p3-ex-official-vu50,8f869b5b-0874-4afe-bfe5-9886f57c26f8,2026-08-31T18:19:45.650Z,separate_executor,quote_run_dispatch_probe,50,1386.01,success,,200,success
p3-ex-official-vu50,e0c94044-c69f-4bf0-a03c-90221c3fe0e2,2026-08-31T18:19:45.651Z,separate_executor,quote_run_dispatch_probe,50,1372.15,success,,200,success
p3-ex-official-vu50,decc0eb9-d498-4e01-8595-054960a41999,2026-08-31T18:19:45.652Z,separate_executor,quote_run_dispatch_probe,50,1383.45,success,,200,success
p3-ex-official-vu50,8ee628aa-d872-40dd-9bb6-b9eea59bd2fb,2026-08-31T18:19:45.661Z,separate_executor,quote_run_dispatch_probe,50,1361.6,success,,200,success
p3-ex-official-vu50,a8c998ec-ec62-4c74-8e57-e4913141a96c,2026-08-31T18:19:45.674Z,separate_executor,quote_run_dispatch_probe,50,1130.94,success,,200,success
p3-ex-official-vu50,c803987d-f0f3-4493-aa20-cb4d10bdb7f9,2026-08-31T18:19:45.676Z,separate_executor,quote_run_dispatch_probe,50,1376.3,success,,200,success
p3-ex-official-vu50,c0666e95-6161-4530-82ee-754606141b32,2026-08-31T18:19:45.690Z,separate_executor,quote_run_dispatch_probe,50,1423.32,success,,200,success
p3-ex-official-vu50,c742459b-320a-475d-9101-f7b7741f5a18,2026-08-31T18:19:45.724Z,separate_executor,quote_run_dispatch_probe,50,1445.81,success,,200,success
p3-ex-official-vu50,dde48e03-96c2-4655-9242-88d9bab96c0d,2026-08-31T18:19:45.725Z,separate_executor,quote_run_dispatch_probe,50,1445.4,success,,200,success
p3-ex-official-vu50,054aa40d-6980-449e-a1ae-5438f9671f24,2026-08-31T18:19:45.726Z,separate_executor,quote_run_dispatch_probe,50,1432.12,success,,200,success
p3-ex-official-vu50,eb071a59-4f09-4656-8539-1fc5985e9a9b,2026-08-31T18:19:45.726Z,separate_executor,quote_run_dispatch_probe,50,1425.15,success,,200,success
p3-ex-official-vu50,2edb6bd4-5f91-412d-b0a0-139e10bc8a11,2026-08-31T18:19:45.727Z,separate_executor,quote_run_dispatch_probe,50,1448.48,success,,200,success
p3-ex-official-vu50,a4a4edf0-2205-4493-9ad8-f4250ded6f44,2026-08-31T18:19:45.727Z,separate_executor,quote_run_dispatch_probe,50,1428.49,success,,200,success
p3-ex-official-vu50,db0a01fa-68c0-44f8-a739-48b9dd779e3b,2026-08-31T18:19:45.817Z,separate_executor,quote_run_dispatch_probe,50,1110.12,success,,200,success
p3-ex-official-vu50,ebab4790-da87-4a3b-b0f9-635db886b08a,2026-08-31T18:19:45.845Z,separate_executor,quote_run_dispatch_probe,50,1545.78,success,,200,success
p3-ex-official-vu50,6e344b5e-c733-43ea-91cc-ea1fa7d6660e,2026-08-31T18:19:45.860Z,separate_executor,quote_run_dispatch_probe,50,964.93,success,,200,success
p3-ex-official-vu50,26ae7ee6-50e7-419b-a9af-869c3b0f3759,2026-08-31T18:19:45.899Z,separate_executor,quote_run_dispatch_probe,50,1036.75,success,,200,success
p3-ex-official-vu50,81208acb-8087-4bd2-af48-dd2e127e5c60,2026-08-31T18:19:45.906Z,separate_executor,quote_run_dispatch_probe,50,1292.78,success,,200,success
p3-ex-official-vu50,4d533846-f732-44c1-916e-05f29c6d294a,2026-08-31T18:19:45.935Z,separate_executor,quote_run_dispatch_probe,50,1387.39,success,,200,success
p3-ex-official-vu50,7a889939-2f82-4fff-a192-1e374fd88854,2026-08-31T18:19:46.227Z,separate_executor,quote_run_dispatch_probe,50,963.65,success,,200,success
p3-ex-official-vu50,0dcb101d-5691-4537-ba30-f26b10ea55da,2026-08-31T18:19:46.397Z,separate_executor,quote_run_dispatch_probe,50,1005.5,success,,200,success
p3-ex-official-vu50,a31fa2fd-a733-49a7-9ecc-dfcd52a7fbc1,2026-08-31T18:19:46.458Z,separate_executor,quote_run_dispatch_probe,50,1084.04,success,,200,success
p3-ex-official-vu50,6f698bd0-fc74-4da1-9dae-51e700f0a553,2026-08-31T18:19:46.563Z,separate_executor,quote_run_dispatch_probe,50,1102.3,success,,200,success
p3-ex-official-vu50,e3f1615f-6524-468e-b9cc-60bb82a0d1c9,2026-08-31T18:19:46.691Z,separate_executor,quote_run_dispatch_probe,50,1180.31,success,,200,success
p3-ex-official-vu50,343547d3-1747-4804-a787-c6dbcba53830,2026-08-31T18:19:46.697Z,separate_executor,quote_run_dispatch_probe,50,1198.7,success,,200,success
p3-ex-official-vu50,d9c75fcb-be22-4259-b5a4-9216390e959a,2026-08-31T18:19:46.702Z,separate_executor,quote_run_dispatch_probe,50,1256.95,success,,200,success
p3-ex-official-vu50,e10fa6bf-63c7-49d7-9c04-8fd0ed4bdc40,2026-08-31T18:19:46.709Z,separate_executor,quote_run_dispatch_probe,50,1211.87,success,,200,success
p3-ex-official-vu50,0958542e-a31a-4d73-af0b-d20de59eafb5,2026-08-31T18:19:46.711Z,separate_executor,quote_run_dispatch_probe,50,1545.04,success,,200,success
p3-ex-official-vu50,05aa0365-013d-49e3-9569-80cb0bdb8f60,2026-08-31T18:19:46.714Z,separate_executor,quote_run_dispatch_probe,50,1269.04,success,,200,success
p3-ex-official-vu50,ea71acde-ee88-4aef-8d01-1311d9bf945a,2026-08-31T18:19:46.775Z,separate_executor,quote_run_dispatch_probe,50,1305.76,success,,200,success
p3-ex-official-vu50,6323abb2-fae2-401a-8f5e-8f75af93b7ac,2026-08-31T18:19:46.792Z,separate_executor,quote_run_dispatch_probe,50,1164.34,success,,200,success
p3-ex-official-vu50,1827b5ec-5f34-498f-94cb-b64ea268be4f,2026-08-31T18:19:46.795Z,separate_executor,quote_run_dispatch_probe,50,1120.86,success,,200,success
p3-ex-official-vu50,de8524f5-5552-427a-b6a9-c095bb275509,2026-08-31T18:19:46.797Z,separate_executor,quote_run_dispatch_probe,50,1289.21,success,,200,success
p3-ex-official-vu50,5c15d371-1790-4386-b466-2bccb8681c2a,2026-08-31T18:19:46.826Z,separate_executor,quote_run_dispatch_probe,50,1197.94,success,,200,success
p3-ex-official-vu50,ce3dc3e8-6522-472b-9528-05cfd2180f7d,2026-08-31T18:19:46.834Z,separate_executor,quote_run_dispatch_probe,50,1297.77,success,,200,success
p3-ex-official-vu50,b8e2f041-9d13-4ff7-a38f-df4e4e64b5e2,2026-08-31T18:19:46.862Z,separate_executor,quote_run_dispatch_probe,50,1232.36,success,,200,success
p3-ex-official-vu50,094ab861-7d56-4520-b93f-68db95213648,2026-08-31T18:19:46.863Z,separate_executor,quote_run_dispatch_probe,50,1236.2,success,,200,success
p3-ex-official-vu50,b39e2670-a904-481b-a765-28f9ea2ed78f,2026-08-31T18:19:46.898Z,separate_executor,quote_run_dispatch_probe,50,1237.09,success,,200,success
p3-ex-official-vu50,de5f8ad8-bd4c-4561-8b5b-289f01f8380b,2026-08-31T18:19:46.898Z,separate_executor,quote_run_dispatch_probe,50,1270.19,success,,200,success
p3-ex-official-vu50,244d20e7-8eb9-449e-85e9-40d114b2674a,2026-08-31T18:19:46.899Z,separate_executor,quote_run_dispatch_probe,50,1222.79,success,,200,success
p3-ex-official-vu50,0d068855-9d23-4b96-a89a-b157153a8fa7,2026-08-31T18:19:46.906Z,separate_executor,quote_run_dispatch_probe,50,1294.77,success,,200,success
p3-ex-official-vu50,1816a400-823f-4f70-8c44-5456bbd59e0a,2026-08-31T18:19:46.907Z,separate_executor,quote_run_dispatch_probe,50,1342.85,success,,200,success
p3-ex-official-vu50,aad8fa6c-eacb-4689-9a6e-603833bfe127,2026-08-31T18:19:46.907Z,separate_executor,quote_run_dispatch_probe,50,1280.01,success,,200,success
p3-ex-official-vu50,ee139bfb-549e-473c-aaf4-5858a2513586,2026-08-31T18:19:46.917Z,separate_executor,quote_run_dispatch_probe,50,1288.25,success,,200,success
p3-ex-official-vu50,38b99c7d-b315-4ff6-b46d-65b3ed1f24fa,2026-08-31T18:19:46.929Z,separate_executor,quote_run_dispatch_probe,50,1277.5,success,,200,success
p3-ex-official-vu50,65e67621-0959-4ee9-8324-bdd798fb30fd,2026-08-31T18:19:46.946Z,separate_executor,quote_run_dispatch_probe,50,1364.26,success,,200,success
p3-ex-official-vu50,d13052ab-3d7f-4a41-8e83-9f257f60ef21,2026-08-31T18:19:46.947Z,separate_executor,quote_run_dispatch_probe,50,1303.54,success,,200,success
p3-ex-official-vu50,1b90852b-38ba-443f-9aba-63892d7418b7,2026-08-31T18:19:46.965Z,separate_executor,quote_run_dispatch_probe,50,1315.14,success,,200,success
p3-ex-official-vu50,a0a68a74-d318-4190-8d41-227a174711ab,2026-08-31T18:19:46.976Z,separate_executor,quote_run_dispatch_probe,50,1353.56,success,,200,success
p3-ex-official-vu50,5427b25b-46ef-49e2-9ff8-f391d49a59e0,2026-08-31T18:19:46.999Z,separate_executor,quote_run_dispatch_probe,50,1372.38,success,,200,success
p3-ex-official-vu50,602a5cff-f6cf-409d-8370-41393827c3ab,2026-08-31T18:19:46.999Z,separate_executor,quote_run_dispatch_probe,50,1460.8,success,,200,success
p3-ex-official-vu50,bfe7301a-b8d0-4700-a6d7-80bb48619bf5,2026-08-31T18:19:47.002Z,separate_executor,quote_run_dispatch_probe,50,1376.03,success,,200,success
p3-ex-official-vu50,c10b72af-e856-40c2-8dbc-8f0732058250,2026-08-31T18:19:47.008Z,separate_executor,quote_run_dispatch_probe,50,1148.39,success,,200,success
p3-ex-official-vu50,3eeb3aa0-4561-4bf2-a052-019802419e32,2026-08-31T18:19:47.009Z,separate_executor,quote_run_dispatch_probe,50,1380.53,success,,200,success
p3-ex-official-vu50,d324cf39-39da-4b56-b061-51088485fdce,2026-08-31T18:19:47.010Z,separate_executor,quote_run_dispatch_probe,50,1283.26,success,,200,success
p3-ex-official-vu50,ed746553-6eef-48b4-8673-3dbae1fa52d7,2026-08-31T18:19:47.018Z,separate_executor,quote_run_dispatch_probe,50,1294.01,success,,200,success
p3-ex-official-vu50,dca62736-72ae-4758-873a-373be60f36c0,2026-08-31T18:19:47.027Z,separate_executor,quote_run_dispatch_probe,50,1336.29,success,,200,success
p3-ex-official-vu50,6ea78379-4a42-4f29-89a2-ac0d4d824d16,2026-08-31T18:19:47.049Z,separate_executor,quote_run_dispatch_probe,50,1150,success,,200,success
p3-ex-official-vu50,43ed4eb6-6902-4dc3-a5d2-d2b3002b77a9,2026-08-31T18:19:47.050Z,separate_executor,quote_run_dispatch_probe,50,1323.57,success,,200,success
p3-ex-official-vu50,a4558cd5-d546-4f05-8faa-8358243be6ca,2026-08-31T18:19:47.051Z,separate_executor,quote_run_dispatch_probe,50,1398.9,success,,200,success
p3-ex-official-vu50,f963a7ab-71f3-4d81-88f4-268437323e4f,2026-08-31T18:19:47.072Z,separate_executor,quote_run_dispatch_probe,50,1346.12,success,,200,success
p3-ex-official-vu50,b463a9f6-6f67-47d0-a14e-8409e1d37dc8,2026-08-31T18:19:47.080Z,separate_executor,quote_run_dispatch_probe,50,1441.71,success,,200,success
p3-ex-official-vu50,5df3fb85-ea37-4d75-99e8-e8905508a906,2026-08-31T18:19:47.154Z,separate_executor,quote_run_dispatch_probe,50,1336.74,success,,200,success
p3-ex-official-vu50,98898acd-0252-45b8-afc4-b3c51766bad1,2026-08-31T18:19:47.156Z,separate_executor,quote_run_dispatch_probe,50,1528.33,success,,200,success
p3-ex-official-vu50,1244bb82-a4f5-4e86-aac3-eb750e857988,2026-08-31T18:19:47.180Z,separate_executor,quote_run_dispatch_probe,50,1452.28,success,,200,success
p3-ex-official-vu50,d25e93c8-c36f-493f-b278-2c7c300b79ff,2026-08-31T18:19:47.217Z,separate_executor,quote_run_dispatch_probe,50,1491.66,success,,200,success
p3-ex-official-vu50,085a9e7e-ef15-48c1-ae0b-37cdbfec8fa1,2026-08-31T18:19:47.247Z,separate_executor,quote_run_dispatch_probe,50,1402.43,success,,200,success
p3-ex-official-vu50,4d836529-82c5-4b09-8343-9abfc23da527,2026-08-31T18:19:47.260Z,separate_executor,quote_run_dispatch_probe,50,1353.35,success,,200,success
p3-ex-official-vu50,8924c465-a12d-4f07-8839-d18c0f375ce8,2026-08-31T18:19:47.345Z,separate_executor,quote_run_dispatch_probe,50,1118.05,success,,200,success
p3-ex-official-vu50,0b15fde5-f250-4056-81eb-5518ef368491,2026-08-31T18:19:47.400Z,separate_executor,quote_run_dispatch_probe,50,1003.33,success,,200,success
p3-ex-official-vu50,65c3e557-d4f7-4a48-9428-c75c951e87f5,2026-08-31T18:19:47.462Z,separate_executor,quote_run_dispatch_probe,50,1526.99,success,,200,success
p3-ex-official-vu50,d0e1d354-dd3a-4eaa-9a17-c40e4dd955c5,2026-08-31T18:19:47.557Z,separate_executor,quote_run_dispatch_probe,50,994.56,success,,200,success
p3-ex-official-vu50,4ed271a7-9a24-4935-b4db-9766b10aa5c9,2026-08-31T18:19:47.611Z,separate_executor,quote_run_dispatch_probe,50,1152.95,success,,200,success
p3-ex-official-vu50,84dbabb3-acdf-4e99-8e05-e53cd2585df1,2026-08-31T18:19:47.903Z,separate_executor,quote_run_dispatch_probe,50,1108.43,success,,200,success
p3-ex-official-vu50,a31418a7-5518-43e6-ad2b-4da0c0148a52,2026-08-31T18:19:47.907Z,separate_executor,quote_run_dispatch_probe,50,1115.65,success,,200,success
p3-ex-official-vu50,f17088f3-c58d-4af6-96a2-458b0e2849f5,2026-08-31T18:19:47.908Z,separate_executor,quote_run_dispatch_probe,50,1193.82,success,,200,success
p3-ex-official-vu50,01c0c1c9-0c53-4551-9795-5dd5c9f4805a,2026-08-31T18:19:47.982Z,separate_executor,quote_run_dispatch_probe,50,1279.88,success,,200,success
p3-ex-official-vu50,6a04c775-2d79-4f59-86e9-0f189c851801,2026-08-31T18:19:47.998Z,separate_executor,quote_run_dispatch_probe,50,1222.28,success,,200,success
p3-ex-official-vu50,c048a5f7-c640-41e3-b87a-17ff74ae75fc,2026-08-31T18:19:47.998Z,separate_executor,quote_run_dispatch_probe,50,1172.72,success,,200,success
p3-ex-official-vu50,97105c7a-c5e0-4a93-bd59-bf1a7dc502f1,2026-08-31T18:19:48.367Z,separate_executor,quote_run_dispatch_probe,50,1655.92,success,,200,success
p3-ex-official-vu50,6b1cef7d-7b60-4657-9c47-6ee7817dfbf9,2026-08-31T18:19:48.368Z,separate_executor,quote_run_dispatch_probe,50,1671.06,success,,200,success
p3-ex-official-vu50,4c0233ee-c6cb-4640-ae44-41cc8afd5adf,2026-08-31T18:19:48.683Z,separate_executor,quote_run_dispatch_probe,50,1992.19,success,,200,success
p3-ex-official-vu50,4ea2a97b-1287-47c9-9561-e052c312c11a,2026-08-31T18:19:48.832Z,separate_executor,quote_run_dispatch_probe,50,1933.84,success,,200,success
p3-ex-official-vu50,10185638-aac5-4476-a226-b0c635d48a8d,2026-08-31T18:19:48.834Z,separate_executor,quote_run_dispatch_probe,50,1927.59,success,,200,success
p3-ex-official-vu50,29a470c7-a285-45b0-9dde-9856d0d8c731,2026-08-31T18:19:48.842Z,separate_executor,quote_run_dispatch_probe,50,2045.37,success,,200,success
p3-ex-official-vu50,f2669d5b-d65f-412f-acb2-1c169bf9f759,2026-08-31T18:19:48.857Z,separate_executor,quote_run_dispatch_probe,50,1957.75,success,,200,success
p3-ex-official-vu50,5e56dc8f-901c-4315-88ad-44a0c666f617,2026-08-31T18:19:48.867Z,separate_executor,quote_run_dispatch_probe,50,1959.57,success,,200,success
p3-ex-official-vu50,7faee02e-6601-4ef2-998a-8cac12b7a2f1,2026-08-31T18:19:48.890Z,separate_executor,quote_run_dispatch_probe,50,2055.91,success,,200,success
p3-ex-official-vu50,2dc472db-4abd-43ee-b7a1-4ccd156e567c,2026-08-31T18:19:48.892Z,separate_executor,quote_run_dispatch_probe,50,1926.87,success,,200,success
p3-ex-official-vu50,0fdbd1b0-d63e-4287-b9ea-f816cc0f8e89,2026-08-31T18:19:48.896Z,separate_executor,quote_run_dispatch_probe,50,1869.69,success,,200,success
p3-ex-official-vu50,c1ee09c3-936a-459e-bef6-b6eb10696e16,2026-08-31T18:19:48.898Z,separate_executor,quote_run_dispatch_probe,50,1922.1,success,,200,success
p3-ex-official-vu50,5580dbd1-7270-4cb1-b2ab-165beab78023,2026-08-31T18:19:48.899Z,separate_executor,quote_run_dispatch_probe,50,1827.39,success,,200,success
p3-ex-official-vu50,664662d5-f688-4f67-a30e-8ee024ee22fc,2026-08-31T18:19:48.901Z,separate_executor,quote_run_dispatch_probe,50,1972.43,success,,200,success
p3-ex-official-vu50,e09e7b72-4ac1-48fb-8a1d-f4fe2333c618,2026-08-31T18:19:48.914Z,separate_executor,quote_run_dispatch_probe,50,1912.1,success,,200,success
p3-ex-official-vu50,1d9b85e5-a08f-4191-8f5d-134e71415d21,2026-08-31T18:19:48.915Z,separate_executor,quote_run_dispatch_probe,50,1570.33,success,,200,success
p3-ex-official-vu50,06a4f7ec-ccfd-4750-a92c-02bb4888e05a,2026-08-31T18:19:48.916Z,separate_executor,quote_run_dispatch_probe,50,1917.34,success,,200,success
p3-ex-official-vu50,48be9ea6-d96c-4a5d-98f1-a0f9c0035e55,2026-08-31T18:19:48.933Z,separate_executor,quote_run_dispatch_probe,50,2071.24,success,,200,success
p3-ex-official-vu50,84540e2f-8ab2-4428-966c-4dc1edfcdea9,2026-08-31T18:19:48.942Z,separate_executor,quote_run_dispatch_probe,50,2079.15,success,,200,success
p3-ex-official-vu50,28ce56fd-370b-4f83-9379-495df8e204c7,2026-08-31T18:19:48.944Z,separate_executor,quote_run_dispatch_probe,50,1996.71,success,,200,success
p3-ex-official-vu50,11d9eb16-1372-4ca0-bcee-e62b65a46caf,2026-08-31T18:19:48.948Z,separate_executor,quote_run_dispatch_probe,50,2041.43,success,,200,success
p3-ex-official-vu50,2e5c1705-abbc-4bef-a252-6b5ff1d99418,2026-08-31T18:19:48.949Z,separate_executor,quote_run_dispatch_probe,50,2240.43,success,,200,success
p3-ex-official-vu50,59c6d60b-069c-41b3-8c69-227f27ce415b,2026-08-31T18:19:48.951Z,separate_executor,quote_run_dispatch_probe,50,1902.2,success,,200,success
p3-ex-official-vu50,0c44af39-2a34-49e9-bb9e-be6565760159,2026-08-31T18:19:48.959Z,separate_executor,quote_run_dispatch_probe,50,2060.43,success,,200,success
p3-ex-official-vu50,3b72d99b-b891-479b-8389-99e4243be042,2026-08-31T18:19:48.962Z,separate_executor,quote_run_dispatch_probe,50,1954.22,success,,200,success
p3-ex-official-vu50,83447530-01b4-4a01-881d-cfa0d7a23ef9,2026-08-31T18:19:48.967Z,separate_executor,quote_run_dispatch_probe,50,1967.47,success,,200,success
p3-ex-official-vu50,b80633c8-0b68-4c58-bee5-df81f3b55055,2026-08-31T18:19:48.970Z,separate_executor,quote_run_dispatch_probe,50,2052.61,success,,200,success
p3-ex-official-vu50,a59aa34a-575d-4066-a307-34ffa4080784,2026-08-31T18:19:48.973Z,separate_executor,quote_run_dispatch_probe,50,2026.75,success,,200,success
p3-ex-official-vu50,925b4a28-305b-4fc9-9bb2-a1df27b3a24b,2026-08-31T18:19:48.974Z,separate_executor,quote_run_dispatch_probe,50,1923.89,success,,200,success
p3-ex-official-vu50,c6219494-eccf-433f-a333-45a8bdd8e95f,2026-08-31T18:19:48.977Z,separate_executor,quote_run_dispatch_probe,50,1966.66,success,,200,success
p3-ex-official-vu50,612ed991-825d-4d26-8e51-e50f3bc76831,2026-08-31T18:19:48.979Z,separate_executor,quote_run_dispatch_probe,50,1969.06,success,,200,success
p3-ex-official-vu50,813a8525-6fb0-43ba-8096-c2a29253594c,2026-08-31T18:19:48.980Z,separate_executor,quote_run_dispatch_probe,50,1800.08,success,,200,success
p3-ex-official-vu50,8d85ca20-3304-4e38-9e5d-fc26d8ac8ade,2026-08-31T18:19:48.981Z,separate_executor,quote_run_dispatch_probe,50,1733.61,success,,200,success
p3-ex-official-vu50,93551375-77e9-4409-8ebb-f5948eb9b784,2026-08-31T18:19:48.982Z,separate_executor,quote_run_dispatch_probe,50,1828.02,success,,200,success
p3-ex-official-vu50,e9c34948-917f-4bab-b3ee-900867311905,2026-08-31T18:19:48.983Z,separate_executor,quote_run_dispatch_probe,50,1932.2,success,,200,success
p3-ex-official-vu50,610d1042-78ac-4f9c-9cca-909ea0949396,2026-08-31T18:19:48.984Z,separate_executor,quote_run_dispatch_probe,50,1827.36,success,,200,success
p3-ex-official-vu50,21426110-77e0-4fe3-8ba1-020f0605e497,2026-08-31T18:19:48.985Z,separate_executor,quote_run_dispatch_probe,50,1967.78,success,,200,success
p3-ex-official-vu50,afa3ec0b-d6ab-47b6-a2db-eda7a8fcfdc2,2026-08-31T18:19:48.988Z,separate_executor,quote_run_dispatch_probe,50,1908.55,success,,200,success
p3-ex-official-vu50,754e9fae-932a-4e28-b79d-aa411a563cda,2026-08-31T18:19:48.990Z,separate_executor,quote_run_dispatch_probe,50,1432.37,success,,200,success
p3-ex-official-vu50,d1e1a204-8a06-4260-87e1-68e20cd86e9e,2026-08-31T18:19:48.991Z,separate_executor,quote_run_dispatch_probe,50,1379.69,success,,200,success
p3-ex-official-vu50,23ad2928-24f8-4352-b29b-f05e30dce790,2026-08-31T18:19:48.992Z,separate_executor,quote_run_dispatch_probe,50,1775.38,success,,200,success
p3-ex-official-vu50,e62a7c3b-64df-41e1-8902-3ccd038c7fd2,2026-08-31T18:19:48.993Z,separate_executor,quote_run_dispatch_probe,50,1090.15,success,,200,success
p3-ex-official-vu50,4a913bd1-ebf7-4e46-bd37-8a43882c12c6,2026-08-31T18:19:48.997Z,separate_executor,quote_run_dispatch_probe,50,1596.55,success,,200,success
p3-ex-official-vu50,d7748c69-6cdb-46bc-9335-50f30e27c935,2026-08-31T18:19:48.998Z,separate_executor,quote_run_dispatch_probe,50,1738.14,success,,200,success
p3-ex-official-vu50,5967df68-bbad-4108-ae24-0a9486a63ee5,2026-08-31T18:19:49.009Z,separate_executor,quote_run_dispatch_probe,50,1100.64,success,,200,success
p3-ex-official-vu50,126aaf49-76dd-4b4e-a448-fd53fab3745b,2026-08-31T18:19:49.010Z,separate_executor,quote_run_dispatch_probe,50,1548.29,success,,200,success
p3-ex-official-vu50,7171755c-b8d3-4b94-9124-f18ff54477d4,2026-08-31T18:19:49.011Z,separate_executor,quote_run_dispatch_probe,50,1104.13,success,,200,success
p3-ex-official-vu50,89d131d3-fe24-43f2-8c69-62d8f900496f,2026-08-31T18:19:49.012Z,separate_executor,quote_run_dispatch_probe,50,1014,success,,200,success
p3-ex-official-vu50,31fda2d4-64bf-4273-9777-c358ed4d42f0,2026-08-31T18:19:49.013Z,separate_executor,quote_run_dispatch_probe,50,1030.83,success,,200,success
p3-ex-official-vu50,35d5d343-4e58-4333-8b22-6aa6aca9c266,2026-08-31T18:19:49.014Z,separate_executor,quote_run_dispatch_probe,50,1016.49,success,,200,success
p3-ex-official-vu50,51fe496a-13f6-4fed-a850-3f8410f91e17,2026-08-31T18:19:49.016Z,separate_executor,quote_run_dispatch_probe,50,648.73,success,,200,success
p3-ex-official-vu50,598eddf9-b559-4a5f-9cf1-ac504e5ee926,2026-08-31T18:19:49.017Z,separate_executor,quote_run_dispatch_probe,50,649.07,success,,200,success
p3-ex-official-vu50,cc478bd7-22a8-49b7-84ba-f7424d3296f6,2026-08-31T18:19:49.627Z,separate_executor,quote_run_dispatch_probe,50,944.04,success,,200,success
p3-ex-official-vu50,83a0907b-f5ca-45f6-b94b-6289506dd741,2026-08-31T18:19:49.829Z,separate_executor,quote_run_dispatch_probe,50,986.75,success,,200,success
p3-ex-official-vu50,5eed9335-1fa2-46ff-8126-239cedb60d86,2026-08-31T18:19:49.836Z,separate_executor,quote_run_dispatch_probe,50,920.58,success,,200,success
p3-ex-official-vu50,2eb7b72d-6219-4217-b576-58cd20d4cf6a,2026-08-31T18:19:49.942Z,separate_executor,quote_run_dispatch_probe,50,1028.08,success,,200,success
p3-ex-official-vu50,d0d9dff1-9bf0-4580-8fca-32a272de47c9,2026-08-31T18:19:49.978Z,separate_executor,quote_run_dispatch_probe,50,1028.25,success,,200,success
p3-ex-official-vu50,a98b49dc-be93-4ef7-a187-a13acebf7c3e,2026-08-31T18:19:50.032Z,separate_executor,quote_run_dispatch_probe,50,1198.36,success,,200,success
p3-ex-official-vu50,73a4c589-f65f-4a09-8f4d-522c1a586b81,2026-08-31T18:19:50.047Z,separate_executor,quote_run_dispatch_probe,50,1099.57,success,,200,success
p3-ex-official-vu50,7cb125ca-d340-4b1d-8ec6-e0e9952da208,2026-08-31T18:19:50.050Z,separate_executor,quote_run_dispatch_probe,50,1116.88,success,,200,success
p3-ex-official-vu50,9283ebb6-285f-4146-a7d5-77e58a82b8ba,2026-08-31T18:19:50.055Z,separate_executor,quote_run_dispatch_probe,50,1065.47,success,,200,success
p3-ex-official-vu50,e14a70ed-1e6d-4705-87f8-b42fe8578091,2026-08-31T18:19:50.068Z,separate_executor,quote_run_dispatch_probe,50,1166.74,success,,200,success
p3-ex-official-vu50,24031562-2482-4e62-9108-272925aabe18,2026-08-31T18:19:50.113Z,separate_executor,quote_run_dispatch_probe,50,1245.84,success,,200,success
p3-ex-official-vu50,96133cf3-7fd1-4246-9de8-5a057bb89587,2026-08-31T18:19:50.117Z,separate_executor,quote_run_dispatch_probe,50,1259.89,success,,200,success
p3-ex-official-vu50,6be02e50-5cd6-4182-a15f-d5ad87204579,2026-08-31T18:19:50.119Z,separate_executor,quote_run_dispatch_probe,50,1130.69,success,,200,success
p3-ex-official-vu50,b6aadad7-3d42-4cc2-b4bd-4917c0c14e07,2026-08-31T18:19:50.122Z,separate_executor,quote_run_dispatch_probe,50,1136.3,success,,200,success
p3-ex-official-vu50,8019d844-af29-4e63-b659-e22b0c7dd0e5,2026-08-31T18:19:50.128Z,separate_executor,quote_run_dispatch_probe,50,1150.85,success,,200,success
p3-ex-official-vu50,bd7de1b8-0079-4a70-a219-746dd47f9603,2026-08-31T18:19:50.139Z,separate_executor,quote_run_dispatch_probe,50,1165.47,success,,200,success
p3-ex-official-vu50,d1f5ca7f-2ab1-4834-a0f3-588e0982a009,2026-08-31T18:19:50.156Z,separate_executor,quote_run_dispatch_probe,50,1174,success,,200,success
p3-ex-official-vu50,1c2629ed-1cd3-4b9b-9563-94c54349c698,2026-08-31T18:19:50.158Z,separate_executor,quote_run_dispatch_probe,50,1326.06,success,,200,success
p3-ex-official-vu50,f9a70b34-1811-46d7-887e-5d2e09ce59df,2026-08-31T18:19:50.174Z,separate_executor,quote_run_dispatch_probe,50,1222.48,success,,200,success
p3-ex-official-vu50,dc84b499-a60f-480c-ad46-150113f7cd8a,2026-08-31T18:19:50.183Z,separate_executor,quote_run_dispatch_probe,50,1283.76,success,,200,success
p3-ex-official-vu50,98b8df01-2349-4b6a-8ac4-b80489fbf976,2026-08-31T18:19:50.191Z,separate_executor,quote_run_dispatch_probe,50,1207.14,success,,200,success
p3-ex-official-vu50,558f282e-b66e-4eba-9e46-46209c37458a,2026-08-31T18:19:50.202Z,separate_executor,quote_run_dispatch_probe,50,1304.18,success,,200,success
p3-ex-official-vu50,0f0986e7-d4a8-436c-82da-36113e1024f2,2026-08-31T18:19:50.214Z,separate_executor,quote_run_dispatch_probe,50,1232.62,success,,200,success
p3-ex-official-vu50,ae995c37-799e-4f41-9da3-503c83dc29a2,2026-08-31T18:19:50.217Z,separate_executor,quote_run_dispatch_probe,50,1326.28,success,,200,success
p3-ex-official-vu50,bbaac047-4d1c-4b4d-96f6-f938f4d67d5d,2026-08-31T18:19:50.218Z,separate_executor,quote_run_dispatch_probe,50,1219.91,success,,200,success
p3-ex-official-vu50,52c96874-dc1a-4de6-93fd-c1fa048118fc,2026-08-31T18:19:50.225Z,separate_executor,quote_run_dispatch_probe,50,1216.82,success,,200,success
p3-ex-official-vu50,acfdc227-366f-4ba7-a5e6-9d551ce614be,2026-08-31T18:19:50.229Z,separate_executor,quote_run_dispatch_probe,50,1258.52,success,,200,success
p3-ex-official-vu50,94fd2082-67c5-4240-bcca-717ca0cd8154,2026-08-31T18:19:50.248Z,separate_executor,quote_run_dispatch_probe,50,1305.38,success,,200,success
p3-ex-official-vu50,e53a428c-d7fe-4d10-af39-da38b231181a,2026-08-31T18:19:50.257Z,separate_executor,quote_run_dispatch_probe,50,1294.22,success,,200,success
p3-ex-official-vu50,004a0813-e1ee-4e97-9269-3c8291c31364,2026-08-31T18:19:50.258Z,separate_executor,quote_run_dispatch_probe,50,1245.36,success,,200,success
p3-ex-official-vu50,e24a172c-8837-4214-8ff2-cbdd1a521253,2026-08-31T18:19:50.259Z,separate_executor,quote_run_dispatch_probe,50,1367,success,,200,success
p3-ex-official-vu50,6cdb3862-6857-4c8d-96f0-e576c968f7b4,2026-08-31T18:19:50.275Z,separate_executor,quote_run_dispatch_probe,50,1302.02,success,,200,success
p3-ex-official-vu50,17e16d12-064e-430a-a740-a0cc165f2704,2026-08-31T18:19:50.279Z,separate_executor,quote_run_dispatch_probe,50,1382.36,success,,200,success
p3-ex-official-vu50,a6a9b65f-6b5f-443b-9d4e-259e96bbbd0b,2026-08-31T18:19:50.292Z,separate_executor,quote_run_dispatch_probe,50,1308.97,success,,200,success
p3-ex-official-vu50,cbc67ebb-1df4-4132-9ccd-7b4d8409caee,2026-08-31T18:19:50.294Z,separate_executor,quote_run_dispatch_probe,50,1278.55,success,,200,success
p3-ex-official-vu50,6344ad5a-d7cb-4b1c-b611-6483b4c247c8,2026-08-31T18:19:50.296Z,separate_executor,quote_run_dispatch_probe,50,1305.48,success,,200,success
p3-ex-official-vu50,0e54a09c-4775-4e9c-a6a6-363f2aab71ed,2026-08-31T18:19:50.346Z,separate_executor,quote_run_dispatch_probe,50,1353.89,success,,200,success
p3-ex-official-vu50,161ce975-27d6-4a6b-b6af-9b807e318f4a,2026-08-31T18:19:50.348Z,separate_executor,quote_run_dispatch_probe,50,1334.72,success,,200,success
p3-ex-official-vu50,a84e8630-ffcd-4a5d-ba17-1e0b1512604f,2026-08-31T18:19:50.378Z,separate_executor,quote_run_dispatch_probe,50,1461.82,success,,200,success
p3-ex-official-vu50,cff7cd0f-f4e6-48b4-a998-572755f5af53,2026-08-31T18:19:50.395Z,separate_executor,quote_run_dispatch_probe,50,1415.99,success,,200,success
p3-ex-official-vu50,1d85fac1-720f-43fc-af7e-43c565aa3e73,2026-08-31T18:19:50.396Z,separate_executor,quote_run_dispatch_probe,50,1384.73,success,,200,success
p3-ex-official-vu50,6b391ed4-f2c7-4bf5-8abe-b217cd327d72,2026-08-31T18:19:50.416Z,separate_executor,quote_run_dispatch_probe,50,1422.16,success,,200,success
p3-ex-official-vu50,85d1cff9-1487-4c3a-b890-fef76b6a7678,2026-08-31T18:19:50.438Z,separate_executor,quote_run_dispatch_probe,50,1427.41,success,,200,success
p3-ex-official-vu50,17bfce84-e9fc-47da-93c5-39cb3b43173b,2026-08-31T18:19:50.540Z,separate_executor,quote_run_dispatch_probe,50,1560.33,success,,200,success
p3-ex-official-vu50,0ecf2787-7ec9-4c8a-a4e0-8abaec7c1c49,2026-08-31T18:19:50.593Z,separate_executor,quote_run_dispatch_probe,50,1634.54,success,,200,success
p3-ex-official-vu50,c73ae0e4-14a5-43c6-a4ea-a5acd676fd21,2026-08-31T18:19:50.606Z,separate_executor,quote_run_dispatch_probe,50,1591.18,success,,200,success
p3-ex-official-vu50,bf8487f8-9295-437e-ad22-400ac5d3c305,2026-08-31T18:19:50.650Z,separate_executor,quote_run_dispatch_probe,50,1683.05,success,,200,success
p3-ex-official-vu50,7b3ca65a-7bb4-46b1-9ae5-ffba0d8b1ab7,2026-08-31T18:19:50.681Z,separate_executor,quote_run_dispatch_probe,50,1664.31,success,,200,success
p3-ex-official-vu50,039d536a-06cb-4e81-bdd4-7e07c204628e,2026-08-31T18:19:50.725Z,separate_executor,quote_run_dispatch_probe,50,1728.58,success,,200,success
p3-ex-official-vu50,bdc04fca-5d53-41e3-b57a-ee5fb4a99792,2026-08-31T18:19:50.764Z,separate_executor,quote_run_dispatch_probe,50,1816.16,success,,200,success
p3-ex-official-vu50,7bb9f2da-2bed-4ff5-acf8-c79fe987452b,2026-08-31T18:19:50.801Z,separate_executor,quote_run_dispatch_probe,50,965.19,success,,200,success
p3-ex-official-vu50,b6486c95-1aa5-42d4-9516-f5f56c27e2be,2026-08-31T18:19:50.896Z,separate_executor,quote_run_dispatch_probe,50,953.83,success,,200,success
p3-ex-official-vu50,48e899f5-774e-4e72-badd-c29f85f90cd0,2026-08-31T18:19:50.969Z,separate_executor,quote_run_dispatch_probe,50,1140.27,success,,200,success
p3-ex-official-vu50,86fecdf2-8ff6-465d-a4cc-8e4f9921bee7,2026-08-31T18:19:51.030Z,separate_executor,quote_run_dispatch_probe,50,910.68,success,,200,success
p3-ex-official-vu50,adb4f50b-58c5-40b9-a1ab-7f5b57109478,2026-08-31T18:19:51.053Z,separate_executor,quote_run_dispatch_probe,50,1075.68,success,,200,success
p3-ex-official-vu50,5d9fdd95-a28b-4a75-b2a9-0a464fd7c8fd,2026-08-31T18:19:51.059Z,separate_executor,quote_run_dispatch_probe,50,1432.27,success,,200,success
p3-ex-official-vu50,6c51c2d9-329d-49c1-836f-756f65d59aa2,2026-08-31T18:19:51.105Z,separate_executor,quote_run_dispatch_probe,50,983.68,success,,200,success
p3-ex-official-vu50,08a16a74-9b56-4fd2-ae5d-09cb52285a89,2026-08-31T18:19:51.122Z,separate_executor,quote_run_dispatch_probe,50,982.02,success,,200,success
p3-ex-official-vu50,91f56df3-2b95-4d62-abe5-114b729feefd,2026-08-31T18:19:51.145Z,separate_executor,quote_run_dispatch_probe,50,1098.13,success,,200,success
p3-ex-official-vu50,64a68305-95ac-47c1-bdf5-7128d49269cf,2026-08-31T18:19:51.253Z,separate_executor,quote_run_dispatch_probe,50,1202.72,success,,200,success
p3-ex-official-vu50,f10b7e6f-18e8-478b-bd74-128690ba3532,2026-08-31T18:19:51.255Z,separate_executor,quote_run_dispatch_probe,50,1199.93,success,,200,success
p3-ex-official-vu50,e4417d11-21e0-4de7-b7bb-a0ea75a30fca,2026-08-31T18:19:51.278Z,separate_executor,quote_run_dispatch_probe,50,1120.53,success,,200,success
p3-ex-official-vu50,258268d7-a296-4f76-a184-97fb26575252,2026-08-31T18:19:51.290Z,separate_executor,quote_run_dispatch_probe,50,1258.26,success,,200,success
p3-ex-official-vu50,61512aae-a36d-4cd7-ba90-7b571628cce6,2026-08-31T18:19:51.296Z,separate_executor,quote_run_dispatch_probe,50,1070.51,success,,200,success
p3-ex-official-vu50,923cb29f-b6ca-4a4c-a0cd-e9e93f8048fe,2026-08-31T18:19:51.341Z,separate_executor,quote_run_dispatch_probe,50,1224.58,success,,200,success
p3-ex-official-vu50,c3371f2e-54b5-4b52-b85b-65cdbbf0d7b5,2026-08-31T18:19:51.343Z,separate_executor,quote_run_dispatch_probe,50,1215.54,success,,200,success
p3-ex-official-vu50,853ede4b-ea4a-46a9-8433-c3bf63e6251f,2026-08-31T18:19:51.387Z,separate_executor,quote_run_dispatch_probe,50,1185.3,success,,200,success
p3-ex-official-vu50,7cf05b9f-1209-4c8a-af06-81a04cead51b,2026-08-31T18:19:51.396Z,separate_executor,quote_run_dispatch_probe,50,1283.23,success,,200,success
p3-ex-official-vu50,0e9b7e82-ba08-4306-9fba-a5aa7f60c3f0,2026-08-31T18:19:51.411Z,separate_executor,quote_run_dispatch_probe,50,1236.92,success,,200,success
p3-ex-official-vu50,06e04d8e-749a-45e0-8f66-27f03d279cad,2026-08-31T18:19:51.425Z,separate_executor,quote_run_dispatch_probe,50,1234.2,success,,200,success
p3-ex-official-vu50,e51b415c-7055-44e9-ab68-238f4dadaea6,2026-08-31T18:19:51.462Z,separate_executor,quote_run_dispatch_probe,50,1393.85,success,,200,success
p3-ex-official-vu50,f674a44b-6d91-4323-bf27-45d0c34d183f,2026-08-31T18:19:51.463Z,separate_executor,quote_run_dispatch_probe,50,1280.11,success,,200,success
p3-ex-official-vu50,443a54f8-e330-4ba6-85ae-698eeb070c22,2026-08-31T18:19:51.505Z,separate_executor,quote_run_dispatch_probe,50,1348.52,success,,200,success
p3-ex-official-vu50,68e3fbd2-c366-469d-93fa-add82d7b6a2b,2026-08-31T18:19:51.526Z,separate_executor,quote_run_dispatch_probe,50,1266.67,success,,200,success
p3-ex-official-vu50,e303bf6e-b7ac-47f0-a453-5ab3b3bd0efc,2026-08-31T18:19:51.527Z,separate_executor,quote_run_dispatch_probe,50,1269.16,success,,200,success
p3-ex-official-vu50,d2a804f9-de67-4768-9f98-6be5a02c12f3,2026-08-31T18:19:51.529Z,separate_executor,quote_run_dispatch_probe,50,1311.24,success,,200,success
p3-ex-official-vu50,1117cb44-6a2e-48ee-ad11-bd3a848807b0,2026-08-31T18:19:51.541Z,separate_executor,quote_run_dispatch_probe,50,1327.26,success,,200,success
p3-ex-official-vu50,99997632-426d-4a33-b09c-15575b810e6a,2026-08-31T18:19:51.597Z,separate_executor,quote_run_dispatch_probe,50,1367.89,success,,200,success
p3-ex-official-vu50,3772b0ac-f812-4388-a363-e9509f9e8237,2026-08-31T18:19:51.606Z,separate_executor,quote_run_dispatch_probe,50,1311.73,success,,200,success
p3-ex-official-vu50,5881774b-4c5e-495d-b34c-28f8fb7c5382,2026-08-31T18:19:51.611Z,separate_executor,quote_run_dispatch_probe,50,1264.7,success,,200,success
p3-ex-official-vu50,d358cb12-a651-47ea-bad4-9b04cfdca358,2026-08-31T18:19:51.613Z,separate_executor,quote_run_dispatch_probe,50,1337.56,success,,200,success
p3-ex-official-vu50,8e7c585e-6a21-4c44-94d5-1d70fa9705c6,2026-08-31T18:19:51.639Z,separate_executor,quote_run_dispatch_probe,50,1422.28,success,,200,success
p3-ex-official-vu50,a39b3083-a8f1-48d0-9f93-a77b32fa8d52,2026-08-31T18:19:51.664Z,separate_executor,quote_run_dispatch_probe,50,1415.92,success,,200,success
p3-ex-official-vu50,ec927223-4695-4d7c-8d73-d53036667b46,2026-08-31T18:19:51.666Z,separate_executor,quote_run_dispatch_probe,50,1373.9,success,,200,success
p3-ex-official-vu50,365acb80-c847-4894-b9c7-995608bae015,2026-08-31T18:19:51.668Z,separate_executor,quote_run_dispatch_probe,50,1371.64,success,,200,success
p3-ex-official-vu50,82edb728-a5b0-4c57-b87b-943291d6a555,2026-08-31T18:19:51.683Z,separate_executor,quote_run_dispatch_probe,50,1334.74,success,,200,success
p3-ex-official-vu50,42e71241-413d-4b03-918d-99a2f81d43b2,2026-08-31T18:19:51.692Z,separate_executor,quote_run_dispatch_probe,50,1276.44,success,,200,success
p3-ex-official-vu50,e6e564f7-f2ab-4f37-8c52-8eb7564ecc55,2026-08-31T18:19:51.697Z,separate_executor,quote_run_dispatch_probe,50,1418.62,success,,200,success
p3-ex-official-vu50,596eefbd-6390-49bf-834d-3d0c46394466,2026-08-31T18:19:51.725Z,separate_executor,quote_run_dispatch_probe,50,1330.66,success,,200,success
p3-ex-official-vu50,fbd35f15-fec6-4e92-9ce1-278e2444a5bc,2026-08-31T18:19:51.740Z,separate_executor,quote_run_dispatch_probe,50,1343.56,success,,200,success
p3-ex-official-vu50,fc492846-a7e4-44fa-8a40-35c7a9954b45,2026-08-31T18:19:51.742Z,separate_executor,quote_run_dispatch_probe,50,1363.74,success,,200,success
p3-ex-official-vu50,95f89669-02c5-4284-ae4b-f2cfb0ad5f6f,2026-08-31T18:19:51.800Z,separate_executor,quote_run_dispatch_probe,50,1361.76,success,,200,success
p3-ex-official-vu50,b0579989-6107-4949-9444-af74032d87b2,2026-08-31T18:19:51.874Z,separate_executor,quote_run_dispatch_probe,50,1617.46,success,,200,success
p3-ex-official-vu50,75f226e0-84f4-40c0-b51c-a687a06b0722,2026-08-31T18:19:51.885Z,separate_executor,quote_run_dispatch_probe,50,1084.05,success,,200,success
p3-ex-official-vu50,61b13ed5-a50a-4d08-8e70-e49f9fe68555,2026-08-31T18:19:51.893Z,separate_executor,quote_run_dispatch_probe,50,1287.19,success,,200,success
p3-ex-official-vu50,54255a38-bcf0-46a9-9090-2b73cc4294db,2026-08-31T18:19:52.004Z,separate_executor,quote_run_dispatch_probe,50,1108.11,success,,200,success
p3-ex-official-vu50,e8f90a82-43be-45c4-a2ee-ce29318d4603,2026-08-31T18:19:52.006Z,separate_executor,quote_run_dispatch_probe,50,1355.53,success,,200,success
p3-ex-official-vu50,8525a03d-7a23-4f5c-8e6e-7e3b0d8aaf9a,2026-08-31T18:19:52.030Z,separate_executor,quote_run_dispatch_probe,50,1265.6,success,,200,success
p3-ex-official-vu50,7dbcb64e-9571-45c5-befd-bf9868d4ad3a,2026-08-31T18:19:52.072Z,separate_executor,quote_run_dispatch_probe,50,1478.98,success,,200,success
p3-ex-official-vu50,62d1a76e-4542-4a8c-a706-2d0dfbcf3116,2026-08-31T18:19:52.076Z,separate_executor,quote_run_dispatch_probe,50,1350.16,success,,200,success
p3-ex-official-vu50,d4424813-bec6-4cd1-a667-bd09207369fe,2026-08-31T18:19:52.101Z,separate_executor,quote_run_dispatch_probe,50,1047.28,success,,200,success
p3-ex-official-vu50,4297102d-522f-48a9-b0cb-59bc3f2b8e16,2026-08-31T18:19:52.132Z,separate_executor,quote_run_dispatch_probe,50,1591.74,success,,200,success
p3-ex-official-vu50,96ee905b-e495-4adb-91a2-8d116e70e10d,2026-08-31T18:19:52.187Z,separate_executor,quote_run_dispatch_probe,50,1157.67,success,,200,success
p3-ex-official-vu50,c55b4636-e19d-4912-932c-ba1bbbe293f3,2026-08-31T18:19:52.194Z,separate_executor,quote_run_dispatch_probe,50,1224.56,success,,200,success
p3-ex-official-vu50,7d4f2223-1b9a-481a-b0e2-a6690193aea1,2026-08-31T18:19:52.253Z,separate_executor,quote_run_dispatch_probe,50,1147.44,success,,200,success
p3-ex-official-vu50,0f062ecd-3f71-4e56-ab79-426d16740b75,2026-08-31T18:19:52.274Z,separate_executor,quote_run_dispatch_probe,50,1593.07,success,,200,success
p3-ex-official-vu50,224f8f35-0440-466c-b40e-a75aa0129170,2026-08-31T18:19:52.318Z,separate_executor,quote_run_dispatch_probe,50,1196.36,success,,200,success
p3-ex-official-vu50,40d7fd27-6d17-44a7-8d97-39b256c5c201,2026-08-31T18:19:52.353Z,separate_executor,quote_run_dispatch_probe,50,1293.88,success,,200,success
p3-ex-official-vu50,30519992-651f-4e82-bc8e-f06c057d97ec,2026-08-31T18:19:52.358Z,separate_executor,quote_run_dispatch_probe,50,1213.11,success,,200,success
p3-ex-official-vu50,e599179f-2c56-4f21-81c0-7694eb6d0303,2026-08-31T18:19:52.381Z,separate_executor,quote_run_dispatch_probe,50,1102.76,success,,200,success
p3-ex-official-vu50,c4cf8e64-a413-4713-af75-3e46209ba58e,2026-08-31T18:19:52.423Z,separate_executor,quote_run_dispatch_probe,50,1169.6,success,,200,success
p3-ex-official-vu50,f229bcd4-ab7e-4d89-bd0c-a632e5f7260e,2026-08-31T18:19:52.462Z,separate_executor,quote_run_dispatch_probe,50,1165.81,success,,200,success
p3-ex-official-vu50,2faf9b63-5f0f-419a-a79b-eff2cc7295e5,2026-08-31T18:19:52.463Z,separate_executor,quote_run_dispatch_probe,50,1207.9,success,,200,success
p3-ex-official-vu50,6e63ef80-762d-4697-ab47-e506e6428fbc,2026-08-31T18:19:52.538Z,separate_executor,quote_run_dispatch_probe,50,1247.18,success,,200,success
p3-ex-official-vu50,e97fe227-af21-4d52-a2b4-e859d9530835,2026-08-31T18:19:52.629Z,separate_executor,quote_run_dispatch_probe,50,1285.74,success,,200,success
p3-ex-official-vu50,d74727eb-15fd-4302-8da8-1e8e3789672f,2026-08-31T18:19:52.693Z,separate_executor,quote_run_dispatch_probe,50,1305.43,success,,200,success
p3-ex-official-vu50,034a672c-28af-40ae-bc7b-e1ef6a735666,2026-08-31T18:19:52.706Z,separate_executor,quote_run_dispatch_probe,50,1310.53,success,,200,success
p3-ex-official-vu50,0ee5771e-9ade-4909-b750-fd6f5de86f5d,2026-08-31T18:19:52.714Z,separate_executor,quote_run_dispatch_probe,50,1188.19,success,,200,success
p3-ex-official-vu50,025ee602-4d04-418c-8dcb-a255bfe663ea,2026-08-31T18:19:52.751Z,separate_executor,quote_run_dispatch_probe,50,1287.49,success,,200,success
p3-ex-official-vu50,cbc4f28e-7711-44ad-813b-65f2e62e0622,2026-08-31T18:19:52.764Z,separate_executor,quote_run_dispatch_probe,50,1339.08,success,,200,success
p3-ex-official-vu50,cd3ab993-d8d4-4a81-86c0-a10c4e106609,2026-08-31T18:19:52.771Z,separate_executor,quote_run_dispatch_probe,50,1266.59,success,,200,success
p3-ex-official-vu50,48e5baa6-07fc-4cfa-904c-37413f86ad4f,2026-08-31T18:19:52.773Z,separate_executor,quote_run_dispatch_probe,50,1246.25,success,,200,success
p3-ex-official-vu50,d0b7fefc-de9c-4b17-a83f-2e6d2d4ff070,2026-08-31T18:19:52.784Z,separate_executor,quote_run_dispatch_probe,50,1443.02,success,,200,success
p3-ex-official-vu50,d82bfca7-b1e2-40a0-9333-96c056e7bc32,2026-08-31T18:19:52.807Z,separate_executor,quote_run_dispatch_probe,50,1396.85,success,,200,success
p3-ex-official-vu50,8da7bf7e-d041-4d65-8db3-a97cbe321f4a,2026-08-31T18:19:52.808Z,separate_executor,quote_run_dispatch_probe,50,1346.25,success,,200,success
p3-ex-official-vu50,f92cd1da-b922-48ea-9c44-c0f43d609851,2026-08-31T18:19:52.832Z,separate_executor,quote_run_dispatch_probe,50,1290.69,success,,200,success
p3-ex-official-vu50,cf5156d3-5142-4be8-a4e2-3e70ccebd343,2026-08-31T18:19:52.875Z,separate_executor,quote_run_dispatch_probe,50,1208.66,success,,200,success
p3-ex-official-vu50,f463c15e-9de8-4079-ad95-db2e1146ff0e,2026-08-31T18:19:52.896Z,separate_executor,quote_run_dispatch_probe,50,1285.59,success,,200,success
p3-ex-official-vu50,b9357d20-6bf3-44c7-9763-ea859f7b4a21,2026-08-31T18:19:52.944Z,separate_executor,quote_run_dispatch_probe,50,1338.04,success,,200,success
p3-ex-official-vu50,5b058c0a-1bc3-444d-90b4-7d0c2dd3e441,2026-08-31T18:19:52.957Z,separate_executor,quote_run_dispatch_probe,50,1343.8,success,,200,success
p3-ex-official-vu50,d2258016-5191-41a0-b0dc-b68fe55d6499,2026-08-31T18:19:52.987Z,separate_executor,quote_run_dispatch_probe,50,1303.86,success,,200,success
p3-ex-official-vu50,b7984fe7-4532-43ab-8095-a02ebe66b30c,2026-08-31T18:19:52.990Z,separate_executor,quote_run_dispatch_probe,50,1461.34,success,,200,success
p3-ex-official-vu50,bd1c78f7-3a38-43c1-9bca-69df2f88cb21,2026-08-31T18:19:52.999Z,separate_executor,quote_run_dispatch_probe,50,1113.3,success,,200,success
p3-ex-official-vu50,5e413294-06b3-4a34-8934-225f7e3d77e4,2026-08-31T18:19:53.012Z,separate_executor,quote_run_dispatch_probe,50,1343.7,success,,200,success
p3-ex-official-vu50,075de9dd-b3fa-4530-a5e2-a0f95351f8fa,2026-08-31T18:19:53.018Z,separate_executor,quote_run_dispatch_probe,50,1325.81,success,,200,success
p3-ex-official-vu50,72209afe-a533-4152-ad06-112b14c0256c,2026-08-31T18:19:53.031Z,separate_executor,quote_run_dispatch_probe,50,1366.99,success,,200,success
p3-ex-official-vu50,ae1565c0-dbf7-423d-b291-8abdb7f6963d,2026-08-31T18:19:53.045Z,separate_executor,quote_run_dispatch_probe,50,1448.22,success,,200,success
p3-ex-official-vu50,6c64328c-6ae6-4048-b8d6-3ee5bb2100c7,2026-08-31T18:19:53.046Z,separate_executor,quote_run_dispatch_probe,50,1246.26,success,,200,success
p3-ex-official-vu50,4eb19592-d152-4bd0-9c9b-cd12bee6517e,2026-08-31T18:19:53.048Z,separate_executor,quote_run_dispatch_probe,50,1323.11,success,,200,success
p3-ex-official-vu50,49d380e4-3d99-4dc3-9285-7622efb5a287,2026-08-31T18:19:53.109Z,separate_executor,quote_run_dispatch_probe,50,1469.81,success,,200,success
p3-ex-official-vu50,cfce113d-8aba-4569-b85c-d7cf64915399,2026-08-31T18:19:53.115Z,separate_executor,quote_run_dispatch_probe,50,1375.56,success,,200,success
p3-ex-official-vu50,d53e9c6f-365e-4032-a23c-a928c3b6e396,2026-08-31T18:19:53.142Z,separate_executor,quote_run_dispatch_probe,50,1400.15,success,,200,success
p3-ex-official-vu50,f5799207-d6d7-470e-8b4b-4b63df0e95b4,2026-08-31T18:19:53.178Z,separate_executor,quote_run_dispatch_probe,50,1077.42,success,,200,success
p3-ex-official-vu50,0781b7a8-95a7-4e64-b239-fef7f52b1bc0,2026-08-31T18:19:53.184Z,separate_executor,quote_run_dispatch_probe,50,1486.39,success,,200,success
p3-ex-official-vu50,34130d33-80ca-4738-a235-2aa1406bcf16,2026-08-31T18:19:53.239Z,separate_executor,quote_run_dispatch_probe,50,1234.96,success,,200,success
p3-ex-official-vu50,9be9dfab-f4d7-49cd-be96-0dce413ff12e,2026-08-31T18:19:53.275Z,separate_executor,quote_run_dispatch_probe,50,957.4,success,,200,success
p3-ex-official-vu50,ad0a2415-39b2-4254-9886-69ecee953290,2026-08-31T18:19:53.307Z,separate_executor,quote_run_dispatch_probe,50,1414,success,,200,success
p3-ex-official-vu50,70da133f-f554-4371-824f-b56390c59838,2026-08-31T18:19:53.310Z,separate_executor,quote_run_dispatch_probe,50,1056.96,success,,200,success
p3-ex-official-vu50,a5161e39-4b6d-460a-a51e-ba9c37ef27bb,2026-08-31T18:19:53.315Z,separate_executor,quote_run_dispatch_probe,50,1127.45,success,,200,success
p3-ex-official-vu50,de025dbc-39de-43e8-9f2c-51a7bdbdf6b6,2026-08-31T18:19:53.326Z,separate_executor,quote_run_dispatch_probe,50,1253.96,success,,200,success
p3-ex-official-vu50,6bb9762d-9c19-4313-b827-14cc0c86d4e2,2026-08-31T18:19:53.392Z,separate_executor,quote_run_dispatch_probe,50,1198.36,success,,200,success
p3-ex-official-vu50,fda5f126-7f45-455c-bdbc-600322d6caeb,2026-08-31T18:19:53.394Z,separate_executor,quote_run_dispatch_probe,50,1318.68,success,,200,success
p3-ex-official-vu50,b48f62b7-f848-437b-9ebc-70b599600a07,2026-08-31T18:19:53.406Z,separate_executor,quote_run_dispatch_probe,50,1375.99,success,,200,success
p3-ex-official-vu50,c7c2bcf1-2a04-46f7-9dfd-a0aa8d6a71d7,2026-08-31T18:19:53.422Z,separate_executor,quote_run_dispatch_probe,50,1040.74,success,,200,success
p3-ex-official-vu50,b9e30b9e-8ed3-4506-ae6a-bce648dfbeed,2026-08-31T18:19:53.429Z,separate_executor,quote_run_dispatch_probe,50,1423.25,success,,200,success
p3-ex-official-vu50,8e38cf72-b1ba-4315-8ab8-1f52a8c61278,2026-08-31T18:19:53.463Z,separate_executor,quote_run_dispatch_probe,50,999.68,success,,200,success
p3-ex-official-vu50,0a372c2a-82b9-498e-be30-2f759355ed7e,2026-08-31T18:19:53.488Z,separate_executor,quote_run_dispatch_probe,50,1129.52,success,,200,success
p3-ex-official-vu50,0ffda0fe-826e-489a-a30a-930dc05be42e,2026-08-31T18:19:53.500Z,separate_executor,quote_run_dispatch_probe,50,1037.79,success,,200,success
p3-ex-official-vu50,1d529ee5-80f5-471c-8daa-637c5c47e5f2,2026-08-31T18:19:53.591Z,separate_executor,quote_run_dispatch_probe,50,1716.62,success,,200,success
p3-ex-official-vu50,a7defa36-14f4-46f7-872d-ed2bb3251630,2026-08-31T18:19:53.636Z,separate_executor,quote_run_dispatch_probe,50,1213.35,success,,200,success
p3-ex-official-vu50,ce7c33cd-712f-472a-a973-a544668645e3,2026-08-31T18:19:53.638Z,separate_executor,quote_run_dispatch_probe,50,1505.92,success,,200,success
p3-ex-official-vu50,afb49b37-dec7-4bbf-ae19-4394082141f5,2026-08-31T18:19:53.798Z,separate_executor,quote_run_dispatch_probe,50,1444.82,success,,200,success
p3-ex-official-vu50,884101c8-ba87-408e-bc73-658d5f8fef7d,2026-08-31T18:19:53.846Z,separate_executor,quote_run_dispatch_probe,50,1132.02,success,,200,success
p3-ex-official-vu50,4438f5c1-e538-468f-8429-3f1ac567201f,2026-08-31T18:19:53.895Z,separate_executor,quote_run_dispatch_probe,50,1620.9,success,,200,success
p3-ex-official-vu50,26fbb05b-7f14-4c54-853b-8a2a21083f9d,2026-08-31T18:19:53.912Z,separate_executor,quote_run_dispatch_probe,50,1374.1,success,,200,success
p3-ex-official-vu50,9aa21a35-efe2-4575-87a8-e7031538002a,2026-08-31T18:19:53.940Z,separate_executor,quote_run_dispatch_probe,50,1311.24,success,,200,success
p3-ex-official-vu50,9c5e8123-faef-46a8-9238-8be9c6f2a368,2026-08-31T18:19:53.945Z,separate_executor,quote_run_dispatch_probe,50,1173.63,success,,200,success
p3-ex-official-vu50,36642cc8-df92-461f-9e2f-4e37d1c33129,2026-08-31T18:19:53.961Z,separate_executor,quote_run_dispatch_probe,50,1268.3,success,,200,success
p3-ex-official-vu50,2751b3dc-2387-49fe-996f-7493061282b2,2026-08-31T18:19:53.966Z,separate_executor,quote_run_dispatch_probe,50,1193.04,success,,200,success
p3-ex-official-vu50,28556d05-2ef0-49d6-9867-fd02033f8aac,2026-08-31T18:19:54.040Z,separate_executor,quote_run_dispatch_probe,50,1256.07,success,,200,success
p3-ex-official-vu50,a324263c-a2bc-46db-8025-769205fe221c,2026-08-31T18:19:54.050Z,separate_executor,quote_run_dispatch_probe,50,1051.07,success,,200,success
p3-ex-official-vu50,be23adef-5e0a-42f7-a3c0-d3f0463c22dd,2026-08-31T18:19:54.078Z,separate_executor,quote_run_dispatch_probe,50,1269.63,success,,200,success
p3-ex-official-vu50,1e8eec72-dad8-44b3-9e81-c1126951225d,2026-08-31T18:19:54.117Z,separate_executor,quote_run_dispatch_probe,50,1366.47,success,,200,success
p3-ex-official-vu50,3e3584cc-150a-481a-bb22-b2f025484957,2026-08-31T18:19:54.118Z,separate_executor,quote_run_dispatch_probe,50,1243.55,success,,200,success
p3-ex-official-vu50,8e6124cf-e3bd-4739-b24d-8c436f47ddde,2026-08-31T18:19:54.126Z,separate_executor,quote_run_dispatch_probe,50,1318.67,success,,200,success
p3-ex-official-vu50,02278f5f-aaaa-4b52-81e1-96138e95fefc,2026-08-31T18:19:54.158Z,separate_executor,quote_run_dispatch_probe,50,1451.61,success,,200,success
p3-ex-official-vu50,23551562-2299-4c60-b1e1-ceee780b9601,2026-08-31T18:19:54.178Z,separate_executor,quote_run_dispatch_probe,50,1345.73,success,,200,success
p3-ex-official-vu50,7854fbb5-d16f-466b-a793-bb76e0fb2e10,2026-08-31T18:19:54.199Z,separate_executor,quote_run_dispatch_probe,50,1212.28,success,,200,success
p3-ex-official-vu50,7ecfb30f-2f0f-4d1f-82b9-fd1bbb139ebd,2026-08-31T18:19:54.227Z,separate_executor,quote_run_dispatch_probe,50,1048.62,success,,200,success
p3-ex-official-vu50,3069cf9e-7618-4543-a238-618f9a451520,2026-08-31T18:19:54.243Z,separate_executor,quote_run_dispatch_probe,50,1230.74,success,,200,success
p3-ex-official-vu50,e928e822-a164-4979-a854-6f340a9a6766,2026-08-31T18:19:54.244Z,separate_executor,quote_run_dispatch_probe,50,1347.15,success,,200,success
p3-ex-official-vu50,a9bc11ba-aa50-4065-8ec9-ed45e2a7b97f,2026-08-31T18:19:54.249Z,separate_executor,quote_run_dispatch_probe,50,1200.4,success,,200,success
p3-ex-official-vu50,b19990f5-e476-4f12-bb7f-99b54d86ae07,2026-08-31T18:19:54.293Z,separate_executor,quote_run_dispatch_probe,50,1336.07,success,,200,success
p3-ex-official-vu50,f9805e41-57b5-42dc-96c2-fb3878dd683d,2026-08-31T18:19:54.301Z,separate_executor,quote_run_dispatch_probe,50,1536.42,success,,200,success
p3-ex-official-vu50,e91f7d9e-61fb-4e3c-8bf9-ed9160d1e2da,2026-08-31T18:19:54.305Z,separate_executor,quote_run_dispatch_probe,50,1314.34,success,,200,success
p3-ex-official-vu50,a06d2bfa-e77c-4e12-a997-7669544ae4a0,2026-08-31T18:19:54.314Z,separate_executor,quote_run_dispatch_probe,50,1369.63,success,,200,success
p3-ex-official-vu50,3d04ddc7-208c-48dc-acfb-5e470fc6306d,2026-08-31T18:19:54.319Z,separate_executor,quote_run_dispatch_probe,50,1272.59,success,,200,success
p3-ex-official-vu50,7e6fbb7f-9a0e-4a29-84c3-7dd8f9301e53,2026-08-31T18:19:54.396Z,separate_executor,quote_run_dispatch_probe,50,973.8,success,,200,success
p3-ex-official-vu50,9ebf1d3f-6c40-469c-a6d4-6e2225be59ba,2026-08-31T18:19:54.412Z,separate_executor,quote_run_dispatch_probe,50,1381.29,success,,200,success
p3-ex-official-vu50,d71aed07-9f67-419d-b31d-f2af1c10b641,2026-08-31T18:19:54.435Z,separate_executor,quote_run_dispatch_probe,50,1124.78,success,,200,success
p3-ex-official-vu50,8f72fb0b-4b99-4938-a0ad-6f6255b0bc2d,2026-08-31T18:19:54.444Z,separate_executor,quote_run_dispatch_probe,50,1425.67,success,,200,success
p3-ex-official-vu50,012749c6-a8dd-4af2-abe8-10ca2ccb97d7,2026-08-31T18:19:54.451Z,separate_executor,quote_run_dispatch_probe,50,1309.04,success,,200,success
p3-ex-official-vu50,43835452-cb93-4823-a742-fdb3c1d0e1db,2026-08-31T18:19:54.464Z,separate_executor,quote_run_dispatch_probe,50,1419.39,success,,200,success
p3-ex-official-vu50,6c907220-c922-4ac9-b96f-1aee98ebecb2,2026-08-31T18:19:54.468Z,separate_executor,quote_run_dispatch_probe,50,1228.65,success,,200,success
p3-ex-official-vu50,9814bae2-6e16-4b2d-8fb4-d9902ba4cd93,2026-08-31T18:19:54.483Z,separate_executor,quote_run_dispatch_probe,50,1207.93,success,,200,success
p3-ex-official-vu50,8ec24658-0362-45ac-ae43-1e78ad4a9ca4,2026-08-31T18:19:54.495Z,separate_executor,quote_run_dispatch_probe,50,1379.49,success,,200,success
p3-ex-official-vu50,43b095a9-2f58-4177-84d1-246d17bf30e2,2026-08-31T18:19:54.514Z,separate_executor,quote_run_dispatch_probe,50,1199.37,success,,200,success
p3-ex-official-vu50,bbc82866-fef6-4cb2-8235-4370d59bcc20,2026-08-31T18:19:54.548Z,separate_executor,quote_run_dispatch_probe,50,1439.54,success,,200,success
p3-ex-official-vu50,4e692dcb-73f8-4504-bab0-9101b34cb8b0,2026-08-31T18:19:54.556Z,separate_executor,quote_run_dispatch_probe,50,1163.55,success,,200,success
p3-ex-official-vu50,4c2aa5e1-6bde-44e3-bb53-937533a932ff,2026-08-31T18:19:54.613Z,separate_executor,quote_run_dispatch_probe,50,1184.02,success,,200,success
p3-ex-official-vu50,a1d4667f-77f1-4993-b014-537aa5d1244b,2026-08-31T18:19:54.660Z,separate_executor,quote_run_dispatch_probe,50,1172.64,success,,200,success
p3-ex-official-vu50,3abc1c09-272b-49cd-b977-133bf6c1c2f7,2026-08-31T18:19:54.663Z,separate_executor,quote_run_dispatch_probe,50,1268.79,success,,200,success
p3-ex-official-vu50,d47f4df7-a344-4c71-a56f-50354ef270e4,2026-08-31T18:19:55.079Z,separate_executor,quote_run_dispatch_probe,50,1579.07,success,,200,success
p3-ex-official-vu50,eee879ff-32e7-4c84-a058-6f3b43dc1339,2026-08-31T18:19:55.079Z,separate_executor,quote_run_dispatch_probe,50,1895.49,success,,200,success
p3-ex-official-vu50,9469372e-387b-458e-9aa3-65ac96603e7e,2026-08-31T18:19:55.084Z,separate_executor,quote_run_dispatch_probe,50,1621.12,success,,200,success
p3-ex-official-vu50,5edb29f0-ee24-411f-aecd-cba2c258a9e4,2026-08-31T18:19:55.085Z,separate_executor,quote_run_dispatch_probe,50,1448.49,success,,200,success
p3-ex-official-vu50,ce8b8187-ae87-4f14-bd45-1f356bd5f636,2026-08-31T18:19:55.093Z,separate_executor,quote_run_dispatch_probe,50,1687.47,success,,200,success
p3-ex-official-vu50,aa1e98b5-086e-410c-a9a0-fabd47ebd46e,2026-08-31T18:19:55.098Z,separate_executor,quote_run_dispatch_probe,50,1771.79,success,,200,success
p3-ex-official-vu50,cf3fed7a-ae84-4f06-91cc-e0a249cc1678,2026-08-31T18:19:55.100Z,separate_executor,quote_run_dispatch_probe,50,1793.53,success,,200,success
p3-ex-official-vu50,7a3735e0-f88c-441b-bc0b-0080b783b196,2026-08-31T18:19:55.104Z,separate_executor,quote_run_dispatch_probe,50,1053.87,success,,200,success
p3-ex-official-vu50,b6f94450-9e37-44dc-bd70-7c22bae54622,2026-08-31T18:19:55.104Z,separate_executor,quote_run_dispatch_probe,50,1306.4,success,,200,success
p3-ex-official-vu50,a7c972a7-30c6-4bcc-bef2-14af620fb331,2026-08-31T18:19:55.113Z,separate_executor,quote_run_dispatch_probe,50,1151.57,success,,200,success
p3-ex-official-vu50,30fa112b-9d3a-4ddc-a360-a65ae54f5be9,2026-08-31T18:19:55.116Z,separate_executor,quote_run_dispatch_probe,50,1171.27,success,,200,success
p3-ex-official-vu50,c899b62a-4664-4fd7-a998-5d98972c1a9b,2026-08-31T18:19:55.140Z,separate_executor,quote_run_dispatch_probe,50,1228.27,success,,200,success
p3-ex-official-vu50,0df0376d-25d2-47db-bb24-b50475b8a2a6,2026-08-31T18:19:55.149Z,separate_executor,quote_run_dispatch_probe,50,1511.53,success,,200,success
p3-ex-official-vu50,204cb814-e5ab-4cc9-8740-9de2a37daae5,2026-08-31T18:19:55.184Z,separate_executor,quote_run_dispatch_probe,50,1217.4,success,,200,success
p3-ex-official-vu50,dc2e90a2-3b65-4c53-9100-7b1f0960f909,2026-08-31T18:19:55.199Z,separate_executor,quote_run_dispatch_probe,50,1303.76,success,,200,success
p3-ex-official-vu50,a0dd558e-533c-4462-9d5f-d8c090002179,2026-08-31T18:19:55.210Z,separate_executor,quote_run_dispatch_probe,50,1269.15,success,,200,success
p3-ex-official-vu50,1c2cbb5a-5f92-4582-b98f-bc383df025e2,2026-08-31T18:19:55.258Z,separate_executor,quote_run_dispatch_probe,50,1030.87,success,,200,success
p3-ex-official-vu50,aea3d902-9da0-4c8c-a9a5-6a91c9b60f9e,2026-08-31T18:19:55.274Z,separate_executor,quote_run_dispatch_probe,50,1233.82,success,,200,success
p3-ex-official-vu50,14079557-981e-4e08-9e78-6f58030d9ab7,2026-08-31T18:19:55.278Z,separate_executor,quote_run_dispatch_probe,50,1687.07,success,,200,success
p3-ex-official-vu50,9b91fa37-ee27-48fb-a3a1-8292cba61af3,2026-08-31T18:19:55.301Z,separate_executor,quote_run_dispatch_probe,50,1223.32,success,,200,success
p3-ex-official-vu50,f58fc8fd-f12d-474a-b186-b2df955e7bef,2026-08-31T18:19:55.310Z,separate_executor,quote_run_dispatch_probe,50,1463.58,success,,200,success
p3-ex-official-vu50,69b4c282-f589-4be9-8518-a6e1cc7b8a62,2026-08-31T18:19:55.339Z,separate_executor,quote_run_dispatch_probe,50,1139.69,success,,200,success
p3-ex-official-vu50,c8338bbe-8d3d-4fb9-9951-f446c42c45e5,2026-08-31T18:19:55.369Z,separate_executor,quote_run_dispatch_probe,50,1252.29,success,,200,success
p3-ex-official-vu50,2c75fe62-c922-4965-8a79-f7e3302fc6ba,2026-08-31T18:19:55.379Z,separate_executor,quote_run_dispatch_probe,50,1064.74,success,,200,success
p3-ex-official-vu50,0ef8d169-f80a-4705-84e3-5d9c1d896a11,2026-08-31T18:19:55.399Z,separate_executor,quote_run_dispatch_probe,50,1280.56,success,,200,success
p3-ex-official-vu50,848215ca-9c03-4a44-9ab6-f71ecda2dfe0,2026-08-31T18:19:55.401Z,separate_executor,quote_run_dispatch_probe,50,1223.28,success,,200,success
p3-ex-official-vu50,5e09e657-9b10-4421-9d40-f1cc3a162198,2026-08-31T18:19:55.492Z,separate_executor,quote_run_dispatch_probe,50,1008.72,success,,200,success
p3-ex-official-vu50,1b4cd97f-69ef-4f8a-9f69-e49e47ea912a,2026-08-31T18:19:55.493Z,separate_executor,quote_run_dispatch_probe,50,1097.12,success,,200,success
p3-ex-official-vu50,76dbbc87-834e-4ad9-b106-b4c53626fd36,2026-08-31T18:19:55.499Z,separate_executor,quote_run_dispatch_probe,50,1372.65,success,,200,success
p3-ex-official-vu50,961543db-64ab-4f26-b00c-3d2e71797268,2026-08-31T18:19:55.500Z,separate_executor,quote_run_dispatch_probe,50,1181.6,success,,200,success
p3-ex-official-vu50,eb1c9670-1f39-4983-9702-c0b620d18b38,2026-08-31T18:19:55.511Z,separate_executor,quote_run_dispatch_probe,50,1067.52,success,,200,success
p3-ex-official-vu50,bddcafa8-09e8-41aa-af4c-ea0e5f8d0bbf,2026-08-31T18:19:55.513Z,separate_executor,quote_run_dispatch_probe,50,1212.45,success,,200,success
p3-ex-official-vu50,e1fc9ef3-de7e-43d3-a86d-2ee6fa070f1a,2026-08-31T18:19:55.530Z,separate_executor,quote_run_dispatch_probe,50,1286.2,success,,200,success
p3-ex-official-vu50,f46fdf57-063f-497f-8544-c403b986758a,2026-08-31T18:19:55.531Z,separate_executor,quote_run_dispatch_probe,50,1095.85,success,,200,success
p3-ex-official-vu50,cd838dea-4b6b-4be7-9473-896ba0e4cdb3,2026-08-31T18:19:55.533Z,separate_executor,quote_run_dispatch_probe,50,1018.54,success,,200,success
p3-ex-official-vu50,8001d57d-7e71-4874-bec0-572b11718594,2026-08-31T18:19:55.543Z,separate_executor,quote_run_dispatch_probe,50,1294.24,success,,200,success
p3-ex-official-vu50,3fd0dd2e-599e-450e-bc3f-7db8ac12aeb0,2026-08-31T18:19:55.558Z,separate_executor,quote_run_dispatch_probe,50,1400.06,success,,200,success
p3-ex-official-vu50,aa647cb4-0ac9-4ebf-985a-b83379039534,2026-08-31T18:19:55.627Z,separate_executor,quote_run_dispatch_probe,50,1334.19,success,,200,success
p3-ex-official-vu50,ae657de1-46f3-42d6-8a11-7208eaf6780e,2026-08-31T18:19:55.628Z,separate_executor,quote_run_dispatch_probe,50,1160.01,success,,200,success
p3-ex-official-vu50,8c7e18dd-12a3-49d9-9fbf-eb5252c1d370,2026-08-31T18:19:55.628Z,separate_executor,quote_run_dispatch_probe,50,1385.45,success,,200,success
p3-ex-official-vu50,b5881b8b-6aac-4033-927b-39dd4b4bfe10,2026-08-31T18:19:55.629Z,separate_executor,quote_run_dispatch_probe,50,968.34,success,,200,success
p3-ex-official-vu50,141fefa8-b53d-46c9-9fd0-071e49c7211f,2026-08-31T18:19:55.830Z,separate_executor,quote_run_dispatch_probe,50,1363.61,success,,200,success
p3-ex-official-vu50,b20f6906-981d-4494-bf22-8349123bd5e7,2026-08-31T18:19:55.834Z,separate_executor,quote_run_dispatch_probe,50,1529.41,success,,200,success
p3-ex-official-vu50,f02e36ac-1827-4053-9862-9790072857f1,2026-08-31T18:19:55.850Z,separate_executor,quote_run_dispatch_probe,50,1437.69,success,,200,success
p3-ex-official-vu50,6eb876d6-6b87-45cc-b622-bff4bd37fd53,2026-08-31T18:19:55.850Z,separate_executor,quote_run_dispatch_probe,50,1294.4,success,,200,success
p3-ex-official-vu50,29bafa36-9285-47c6-9555-7f1f85eed335,2026-08-31T18:19:55.851Z,separate_executor,quote_run_dispatch_probe,50,1302.22,success,,200,success
p3-ex-official-vu50,13bc948b-35a5-47ee-a0cc-db31909af80f,2026-08-31T18:19:55.856Z,separate_executor,quote_run_dispatch_probe,50,1405.4,success,,200,success
p3-ex-official-vu50,129ae771-aac4-4fec-b052-19d3f2fda038,2026-08-31T18:19:55.859Z,separate_executor,quote_run_dispatch_probe,50,1363.59,success,,200,success
p3-ex-official-vu50,5af75bb8-ea08-4a4b-a401-150fd0f61a1f,2026-08-31T18:19:55.876Z,separate_executor,quote_run_dispatch_probe,50,1262.88,success,,200,success
p3-ex-official-vu50,790cc2ea-0aa0-4604-b881-0ff9c319338c,2026-08-31T18:19:55.989Z,separate_executor,quote_run_dispatch_probe,50,1325.95,success,,200,success
p3-ex-official-vu50,99e3a0e6-a7ea-400e-a67a-2b3d07232931,2026-08-31T18:19:56.147Z,separate_executor,quote_run_dispatch_probe,50,1062.01,success,,200,success
p3-ex-official-vu50,dad1719c-a53b-45d7-903a-8612b91db6cd,2026-08-31T18:19:56.190Z,separate_executor,quote_run_dispatch_probe,50,1086,success,,200,success
p3-ex-official-vu50,ea0cdf33-175b-44ce-b982-e19c4c0ca19b,2026-08-31T18:19:56.240Z,separate_executor,quote_run_dispatch_probe,50,1160.68,success,,200,success
p3-ex-official-vu50,a4192518-ad7c-4089-8427-0c346e34817d,2026-08-31T18:19:56.249Z,separate_executor,quote_run_dispatch_probe,50,1136.12,success,,200,success
p3-ex-official-vu50,f7e54a1e-764b-455d-b6ba-32e4bb913894,2026-08-31T18:19:56.302Z,separate_executor,quote_run_dispatch_probe,50,1201.14,success,,200,success
p3-ex-official-vu50,9058a1f0-3a37-4cb4-9bac-b667e9f0be9a,2026-08-31T18:19:56.305Z,separate_executor,quote_run_dispatch_probe,50,1046.99,success,,200,success
p3-ex-official-vu50,dba117a0-4cb4-4987-a2a0-9f39f7b220d2,2026-08-31T18:19:56.315Z,separate_executor,quote_run_dispatch_probe,50,1175.09,success,,200,success
p3-ex-official-vu50,0e45dad1-2397-4033-b71e-6ddf633073bb,2026-08-31T18:19:56.360Z,separate_executor,quote_run_dispatch_probe,50,1276.41,success,,200,success
p3-ex-official-vu50,3ed513f4-8c18-4e4d-bd2c-e3bfdeea1b71,2026-08-31T18:19:56.381Z,separate_executor,quote_run_dispatch_probe,50,1265.07,success,,200,success
p3-ex-official-vu50,c15ba84e-2231-44bd-a87a-831535dae27a,2026-08-31T18:19:56.396Z,separate_executor,quote_run_dispatch_probe,50,1317.11,success,,200,success
p3-ex-official-vu50,c5366462-87ec-4f6c-afdd-26498be0b4f8,2026-08-31T18:19:56.415Z,separate_executor,quote_run_dispatch_probe,50,1231.12,success,,200,success
p3-ex-official-vu50,93bf2366-93d5-4d34-8aff-65f92bc25685,2026-08-31T18:19:56.424Z,separate_executor,quote_run_dispatch_probe,50,1320,success,,200,success
p3-ex-official-vu50,5992fca7-d6d6-4380-bd71-4ef5f7c25183,2026-08-31T18:19:56.487Z,separate_executor,quote_run_dispatch_probe,50,995.18,success,,200,success
p3-ex-official-vu50,3de82f96-13af-4fa1-99b2-90c9ce607089,2026-08-31T18:19:56.497Z,separate_executor,quote_run_dispatch_probe,50,1287.06,success,,200,success
p3-ex-official-vu50,4bd7bba5-904f-4e9e-b991-68ff8b119225,2026-08-31T18:19:56.501Z,separate_executor,quote_run_dispatch_probe,50,1162.66,success,,200,success
p3-ex-official-vu50,fbee8fab-7887-4a03-bc01-cee238d5b56c,2026-08-31T18:19:56.530Z,separate_executor,quote_run_dispatch_probe,50,1381.02,success,,200,success
p3-ex-official-vu50,b4abfd83-b94e-45f1-8eb2-9212af73ca8e,2026-08-31T18:19:56.543Z,separate_executor,quote_run_dispatch_probe,50,1449.82,success,,200,success
p3-ex-official-vu50,8282550d-fda8-4cdc-9d3e-73051286d928,2026-08-31T18:19:56.553Z,separate_executor,quote_run_dispatch_probe,50,1279.12,success,,200,success
p3-ex-official-vu50,ad9a3209-79d2-4d63-a9e3-43cac967ea7d,2026-08-31T18:19:56.561Z,separate_executor,quote_run_dispatch_probe,50,1362.38,success,,200,success
p3-ex-official-vu50,f593fa64-25f5-4e72-a907-909d088da71a,2026-08-31T18:19:56.562Z,separate_executor,quote_run_dispatch_probe,50,1464.06,success,,200,success
p3-ex-official-vu50,9f8deef8-3af8-4a48-9373-43804a702554,2026-08-31T18:19:56.577Z,separate_executor,quote_run_dispatch_probe,50,1046.59,success,,200,success
p3-ex-official-vu50,803426cf-338e-4a3a-9375-80ca7a27e24f,2026-08-31T18:19:56.626Z,separate_executor,quote_run_dispatch_probe,50,1227.17,success,,200,success
p3-ex-official-vu50,a174cb54-7ed7-40b6-8d9d-a278d8f8b490,2026-08-31T18:19:56.631Z,separate_executor,quote_run_dispatch_probe,50,1002.47,success,,200,success
p3-ex-official-vu50,58992960-af13-466c-a501-c20c06a716b7,2026-08-31T18:19:56.646Z,separate_executor,quote_run_dispatch_probe,50,1245.02,success,,200,success
p3-ex-official-vu50,96ba8567-a8ce-4bc4-a1f1-11d0709e2126,2026-08-31T18:19:56.674Z,separate_executor,quote_run_dispatch_probe,50,1162.23,success,,200,success
p3-ex-official-vu50,2e88d3e0-372a-4692-a759-c999c5aafe94,2026-08-31T18:19:56.689Z,separate_executor,quote_run_dispatch_probe,50,1310.03,success,,200,success
p3-ex-official-vu50,2a0a5372-fd55-4e7d-a12b-8566fb0d157a,2026-08-31T18:19:56.691Z,separate_executor,quote_run_dispatch_probe,50,1192.17,success,,200,success
p3-ex-official-vu50,7a93cfed-5611-4498-90e1-fc3c3178abdb,2026-08-31T18:19:56.760Z,separate_executor,quote_run_dispatch_probe,50,1132.88,success,,200,success
p3-ex-official-vu50,96e44813-2e07-4369-9822-da1059108647,2026-08-31T18:19:56.777Z,separate_executor,quote_run_dispatch_probe,50,1407.39,success,,200,success
p3-ex-official-vu50,d0d198d3-8ec1-46fb-882f-28bf93eb6f67,2026-08-31T18:19:56.792Z,separate_executor,quote_run_dispatch_probe,50,1490.2,success,,200,success
p3-ex-official-vu50,de16c668-bc49-4cf2-9a49-5a0956753613,2026-08-31T18:19:56.801Z,separate_executor,quote_run_dispatch_probe,50,1307.85,success,,200,success
p3-ex-official-vu50,9f36024a-683d-4801-9d2d-d4c481bb568f,2026-08-31T18:19:56.814Z,separate_executor,quote_run_dispatch_probe,50,1284.41,success,,200,success
p3-ex-official-vu50,ec2c0845-6bdd-4f70-a9f3-a5cd73362c85,2026-08-31T18:19:56.840Z,separate_executor,quote_run_dispatch_probe,50,1530.77,success,,200,success
p3-ex-official-vu50,50e14bbe-12aa-4720-ae39-0cb3d31c767d,2026-08-31T18:19:56.841Z,separate_executor,quote_run_dispatch_probe,50,1563.41,success,,200,success
p3-ex-official-vu50,1baa2330-d8fd-4bc0-9d4a-36666b402a5d,2026-08-31T18:19:56.859Z,separate_executor,quote_run_dispatch_probe,50,1316.43,success,,200,success
p3-ex-official-vu50,4d757477-6081-4819-a870-6db3fa2a4b2e,2026-08-31T18:19:56.907Z,separate_executor,quote_run_dispatch_probe,50,1393.93,success,,200,success
p3-ex-official-vu50,d64cf877-4b0b-4c28-8a65-cc8ad8dedd08,2026-08-31T18:19:56.933Z,separate_executor,quote_run_dispatch_probe,50,1400.58,success,,200,success
p3-ex-official-vu50,ee36373b-0364-41cd-980a-a974a366918f,2026-08-31T18:19:56.936Z,separate_executor,quote_run_dispatch_probe,50,1309.44,success,,200,success
p3-ex-official-vu50,1c0281cb-42e0-4481-8254-327de3d9f4eb,2026-08-31T18:19:56.940Z,separate_executor,quote_run_dispatch_probe,50,1382.28,success,,200,success
p3-ex-official-vu50,53e01940-4c1f-49c5-bc2e-76090385fe3f,2026-08-31T18:19:56.942Z,separate_executor,quote_run_dispatch_probe,50,1441.37,success,,200,success
p3-ex-official-vu50,6e39c9cc-9215-43af-99da-c56052e0641c,2026-08-31T18:19:56.967Z,separate_executor,quote_run_dispatch_probe,50,1117.74,success,,200,success
p3-ex-official-vu50,e60fac8b-6a2b-44fe-ae4a-6dcc0e40df18,2026-08-31T18:19:57.089Z,separate_executor,quote_run_dispatch_probe,50,1460.71,success,,200,success
p3-ex-official-vu50,25938f3b-e63f-4019-8b8f-0a8ee1ca7455,2026-08-31T18:19:57.177Z,separate_executor,quote_run_dispatch_probe,50,1326.51,success,,200,success
p3-ex-official-vu50,6f4b2584-e6b1-4189-bdd6-611c675b0bd8,2026-08-31T18:19:57.178Z,separate_executor,quote_run_dispatch_probe,50,1301.87,success,,200,success
p3-ex-official-vu50,91f5f8b1-4f85-4de9-aaef-70e15907ade8,2026-08-31T18:19:57.225Z,separate_executor,quote_run_dispatch_probe,50,1391.19,success,,200,success
p3-ex-official-vu50,6bbbb989-1a14-47dd-9bb3-42c59eaf0a50,2026-08-31T18:19:57.232Z,separate_executor,quote_run_dispatch_probe,50,1243.07,success,,200,success
p3-ex-official-vu50,b1e9967f-90c8-4b49-9e76-01e86f05bbf5,2026-08-31T18:19:57.244Z,separate_executor,quote_run_dispatch_probe,50,1413.48,success,,200,success
p3-ex-official-vu50,93e46201-0799-41fc-82a1-e401757638ca,2026-08-31T18:19:57.245Z,separate_executor,quote_run_dispatch_probe,50,1387.37,success,,200,success
p3-ex-official-vu50,41c529d0-da6d-458b-9757-1f4d9a4a9b64,2026-08-31T18:19:57.258Z,separate_executor,quote_run_dispatch_probe,50,1111.65,success,,200,success
p3-ex-official-vu50,4f6b8a9d-318c-4d9e-9298-c90829dd9312,2026-08-31T18:19:57.263Z,separate_executor,quote_run_dispatch_probe,50,1404.3,success,,200,success
p3-ex-official-vu50,d6acc7c7-3ac4-4584-b330-032bc3977533,2026-08-31T18:19:57.272Z,separate_executor,quote_run_dispatch_probe,50,1421.46,success,,200,success
p3-ex-official-vu50,38b97a2b-6d2a-4b2a-86b5-05c84d6a7328,2026-08-31T18:19:57.392Z,separate_executor,quote_run_dispatch_probe,50,1010.96,success,,200,success
p3-ex-official-vu50,0f26bcb7-ef7e-4859-9983-4b149191a225,2026-08-31T18:19:57.450Z,separate_executor,quote_run_dispatch_probe,50,1144.81,success,,200,success
p3-ex-official-vu50,e3af05af-168d-46c7-be25-77d953366474,2026-08-31T18:19:57.471Z,separate_executor,quote_run_dispatch_probe,50,983.52,success,,200,success
p3-ex-official-vu50,fcb21b6c-f24f-472e-bfbf-40581239bb24,2026-08-31T18:19:57.472Z,separate_executor,quote_run_dispatch_probe,50,1169.87,success,,200,success
p3-ex-official-vu50,812967f7-5cf1-4ed2-9f4b-4b11261f4d61,2026-08-31T18:19:57.682Z,separate_executor,quote_run_dispatch_probe,50,1492.62,success,,200,success
p3-ex-official-vu50,4cb4dcb3-9ce5-4f13-a43a-71278697c689,2026-08-31T18:19:57.683Z,separate_executor,quote_run_dispatch_probe,50,1268.02,success,,200,success
p3-ex-official-vu50,d935a05f-1541-4f07-ab18-6ba430d215df,2026-08-31T18:19:57.689Z,separate_executor,quote_run_dispatch_probe,50,1439.87,success,,200,success
p3-ex-official-vu50,163f2c83-dd3a-45e8-8655-f68bcab9523e,2026-08-31T18:19:57.689Z,separate_executor,quote_run_dispatch_probe,50,1293.41,success,,200,success
p3-ex-official-vu50,653004fc-eea5-4172-bd6e-92e9985f9704,2026-08-31T18:19:57.690Z,separate_executor,quote_run_dispatch_probe,50,1449.77,success,,200,success
p3-ex-official-vu50,a8a5f0a8-e860-48d6-8bcb-dc9e13fa97cc,2026-08-31T18:19:57.692Z,separate_executor,quote_run_dispatch_probe,50,1377.16,success,,200,success
p3-ex-official-vu50,fa9fe59a-5a29-429c-99c4-41da8978909c,2026-08-31T18:19:57.693Z,separate_executor,quote_run_dispatch_probe,50,1332.96,success,,200,success
p3-ex-official-vu50,39610f92-02c0-469c-8e0c-e47e29e2ee9f,2026-08-31T18:19:57.696Z,separate_executor,quote_run_dispatch_probe,50,1119.16,success,,200,success
p3-ex-official-vu50,7adbc291-f470-48dd-903e-8681a4f669ba,2026-08-31T18:19:57.697Z,separate_executor,quote_run_dispatch_probe,50,936.49,success,,200,success
p3-ex-official-vu50,3b01e207-7679-45c8-8b9b-d39ed4f4a659,2026-08-31T18:19:57.715Z,separate_executor,quote_run_dispatch_probe,50,1213.96,success,,200,success
p3-ex-official-vu50,8a84cdb7-6ec5-495a-ba45-1a016e9fb1e7,2026-08-31T18:19:57.757Z,separate_executor,quote_run_dispatch_probe,50,1332.23,success,,200,success
p3-ex-official-vu50,0534d53e-0539-4d4f-858d-f9925d370912,2026-08-31T18:19:57.761Z,separate_executor,quote_run_dispatch_probe,50,1230.73,success,,200,success
p3-ex-official-vu50,3df39c7b-7957-4f77-b824-233aaba3b0fd,2026-08-31T18:19:57.776Z,separate_executor,quote_run_dispatch_probe,50,1102.46,success,,200,success
p3-ex-official-vu50,2dd764d4-8cdd-4892-ba0a-ceb560ce0f49,2026-08-31T18:19:57.879Z,separate_executor,quote_run_dispatch_probe,50,1325.97,success,,200,success
p3-ex-official-vu50,c84b83bb-d58e-4976-a6cd-845eeff5ab30,2026-08-31T18:19:57.888Z,separate_executor,quote_run_dispatch_probe,50,1087.85,success,,200,success
p3-ex-official-vu50,d185b5a7-cb2a-4f8c-b866-74a796befb23,2026-08-31T18:19:57.893Z,separate_executor,quote_run_dispatch_probe,50,1202.05,success,,200,success
p3-ex-official-vu50,bb36aa8a-2259-41a6-a8f5-e89ba8612f4e,2026-08-31T18:19:57.897Z,separate_executor,quote_run_dispatch_probe,50,1266.48,success,,200,success
p3-ex-official-vu50,e45d27ac-8240-4c8f-b3cb-f44920a0a231,2026-08-31T18:19:57.898Z,separate_executor,quote_run_dispatch_probe,50,1252.16,success,,200,success
p3-ex-official-vu50,7d9e9562-0a55-4ab7-b354-3ad0b97e759b,2026-08-31T18:19:57.900Z,separate_executor,quote_run_dispatch_probe,50,1274.57,success,,200,success
p3-ex-official-vu50,914210fc-94ac-4717-a962-a751f10d4ff6,2026-08-31T18:19:57.904Z,separate_executor,quote_run_dispatch_probe,50,1340.72,success,,200,success
p3-ex-official-vu50,34c3ae31-afe2-4f46-ab24-53bd20497683,2026-08-31T18:19:57.907Z,separate_executor,quote_run_dispatch_probe,50,1345.87,success,,200,success
p3-ex-official-vu50,a654950a-b863-4158-add8-54454c4e0fa2,2026-08-31T18:19:57.916Z,separate_executor,quote_run_dispatch_probe,50,1227.64,success,,200,success
p3-ex-official-vu50,6be8d0c6-f92b-4303-99dd-d41bb7c18ffe,2026-08-31T18:19:57.975Z,separate_executor,quote_run_dispatch_probe,50,1198.24,success,,200,success
p3-ex-official-vu50,b7f4d33b-e2b1-4faa-8b11-bde7bf082694,2026-08-31T18:19:57.990Z,separate_executor,quote_run_dispatch_probe,50,1493.55,success,,200,success
p3-ex-official-vu50,f8d08ce6-a362-49bf-98fe-ede6d296e33a,2026-08-31T18:19:57.993Z,separate_executor,quote_run_dispatch_probe,50,1450.05,success,,200,success
p3-ex-official-vu50,043d90f2-c0c9-4ad5-8c4a-f2fc6785c662,2026-08-31T18:19:58.006Z,separate_executor,quote_run_dispatch_probe,50,1146.69,success,,200,success
p3-ex-official-vu50,7d58fad6-31a1-4b13-b93f-f2cbc769f539,2026-08-31T18:19:58.124Z,separate_executor,quote_run_dispatch_probe,50,1309.54,success,,200,success
p3-ex-official-vu50,73563076-b9c7-406d-8347-e52913c26510,2026-08-31T18:19:58.145Z,separate_executor,quote_run_dispatch_probe,50,1209.05,success,,200,success
p3-ex-official-vu50,3b95fef0-406c-4833-a46f-9b56a58610b4,2026-08-31T18:19:58.223Z,separate_executor,quote_run_dispatch_probe,50,1381.39,success,,200,success
p3-ex-official-vu50,54f97918-48e6-4eef-b640-7d5a24729f0e,2026-08-31T18:19:58.227Z,separate_executor,quote_run_dispatch_probe,50,1287.08,success,,200,success
p3-ex-official-vu50,185dbc8a-0417-4efd-b46e-7976f0b77459,2026-08-31T18:19:58.241Z,separate_executor,quote_run_dispatch_probe,50,1448.96,success,,200,success
p3-ex-official-vu50,34ed2987-7240-4c35-80d2-044bc9a1c1f5,2026-08-31T18:19:58.243Z,separate_executor,quote_run_dispatch_probe,50,1301,success,,200,success
p3-ex-official-vu50,71c4e064-2d84-4f14-bd33-6ca3d9389e61,2026-08-31T18:19:58.257Z,separate_executor,quote_run_dispatch_probe,50,1290.08,success,,200,success
p3-ex-official-vu50,09a2f8a0-2993-41c8-aff4-5883ba54e46b,2026-08-31T18:19:58.356Z,separate_executor,quote_run_dispatch_probe,50,1448.48,success,,200,success
p3-ex-official-vu50,f6c78db8-7d2b-46f2-863b-78b59bd1030a,2026-08-31T18:19:58.356Z,separate_executor,quote_run_dispatch_probe,50,1097.85,success,,200,success
p3-ex-official-vu50,df0b4b18-7d33-4e5e-ad92-50d53cb876d7,2026-08-31T18:19:58.360Z,separate_executor,quote_run_dispatch_probe,50,1426.57,success,,200,success
p3-ex-official-vu50,f60decab-600c-4f86-92a8-65d6f27fd322,2026-08-31T18:19:58.376Z,separate_executor,quote_run_dispatch_probe,50,1286.47,success,,200,success
p3-ex-official-vu50,2b0ede36-2c4e-46ed-84d5-ff217d73c112,2026-08-31T18:19:58.432Z,separate_executor,quote_run_dispatch_probe,50,1186.96,success,,200,success
p3-ex-official-vu50,dffc250d-30fc-4365-b2dd-1e53d9e1d54b,2026-08-31T18:19:58.445Z,separate_executor,quote_run_dispatch_probe,50,1268.18,success,,200,success
p3-ex-official-vu50,82413c0a-22c5-404f-9cda-84df14059c13,2026-08-31T18:19:58.477Z,separate_executor,quote_run_dispatch_probe,50,1244.42,success,,200,success
p3-ex-official-vu50,c2735505-b3d9-412c-8cf3-5b9f130536ed,2026-08-31T18:19:58.493Z,separate_executor,quote_run_dispatch_probe,50,1314.02,success,,200,success
p3-ex-official-vu50,dc527215-bdd7-4c3a-b531-5292452c67c8,2026-08-31T18:19:58.558Z,separate_executor,quote_run_dispatch_probe,50,1165.79,success,,200,success
p3-ex-official-vu50,ce047936-384a-4b10-866c-26aa4b4fc2c0,2026-08-31T18:19:58.572Z,separate_executor,quote_run_dispatch_probe,50,1328.25,success,,200,success
p3-ex-official-vu50,e894bd9a-85b3-4ee2-96a0-c0c3b35a30d5,2026-08-31T18:19:58.572Z,separate_executor,quote_run_dispatch_probe,50,1732.14,success,,200,success
p3-ex-official-vu50,40601458-74c1-4a2f-b53f-0b91e91c154a,2026-08-31T18:19:58.578Z,separate_executor,quote_run_dispatch_probe,50,1128.74,success,,200,success
p3-ex-official-vu50,2c91d65a-efd5-4e24-8497-f487f1deda68,2026-08-31T18:19:58.589Z,separate_executor,quote_run_dispatch_probe,50,1326.49,success,,200,success
p3-ex-official-vu50,8d60dafe-2f91-46cb-88a2-68d95414d1e7,2026-08-31T18:19:58.606Z,separate_executor,quote_run_dispatch_probe,50,1134.75,success,,200,success
p3-ex-official-vu50,796d4ce6-39ac-4458-b528-e7f8d162c10b,2026-08-31T18:19:58.634Z,separate_executor,quote_run_dispatch_probe,50,1361.79,success,,200,success
p3-ex-official-vu50,9d89b496-0a60-48c5-92c7-d7c03d097934,2026-08-31T18:19:58.715Z,separate_executor,quote_run_dispatch_probe,50,1489.44,success,,200,success
p3-ex-official-vu50,2d41afe8-fa62-47cb-ae52-ecac19898161,2026-08-31T18:19:58.717Z,separate_executor,quote_run_dispatch_probe,50,1246.59,success,,200,success
p3-ex-official-vu50,4791ff15-9c0f-4ba3-9071-7bf40f2d1f05,2026-08-31T18:19:58.893Z,separate_executor,quote_run_dispatch_probe,50,1196.38,success,,200,success
p3-ex-official-vu50,8a5db4b5-a16c-48f2-968c-ed6fbd523c22,2026-08-31T18:19:58.895Z,separate_executor,quote_run_dispatch_probe,50,1201.61,success,,200,success
p3-ex-official-vu50,9ba77bff-02a6-44ae-8751-f9153a9e2921,2026-08-31T18:19:58.901Z,separate_executor,quote_run_dispatch_probe,50,1208.9,success,,200,success
p3-ex-official-vu50,63500c32-f9ea-4abf-9a7a-acbf70c3540f,2026-08-31T18:19:58.924Z,separate_executor,quote_run_dispatch_probe,50,1234.09,success,,200,success
p3-ex-official-vu50,a82bf8dc-ceea-4052-adad-92ed79c1392e,2026-08-31T18:19:58.963Z,separate_executor,quote_run_dispatch_probe,50,1074.74,success,,200,success
p3-ex-official-vu50,1b77aa35-216c-4bd5-9932-2912eb02bdc3,2026-08-31T18:19:58.964Z,separate_executor,quote_run_dispatch_probe,50,1281.19,success,,200,success
p3-ex-official-vu50,410325d2-15d5-407b-96df-3876a63c8846,2026-08-31T18:19:58.993Z,separate_executor,quote_run_dispatch_probe,50,1310.48,success,,200,success
p3-ex-official-vu50,14d6b0e3-7245-4bb1-9d1d-6f42a0a6840d,2026-08-31T18:19:58.994Z,separate_executor,quote_run_dispatch_probe,50,1296.55,success,,200,success
p3-ex-official-vu50,4bfa8a8e-7d00-4236-b9d5-7a4fbc829253,2026-08-31T18:19:58.999Z,separate_executor,quote_run_dispatch_probe,50,1222.59,success,,200,success
p3-ex-official-vu50,71b6db48-a0e7-49ba-8f85-2eace34749e3,2026-08-31T18:19:59.067Z,separate_executor,quote_run_dispatch_probe,50,1150.21,success,,200,success
p3-ex-official-vu50,788afbc7-c3a6-4d74-a914-3f33acb7bd0c,2026-08-31T18:19:59.082Z,separate_executor,quote_run_dispatch_probe,50,1325.3,success,,200,success
p3-ex-official-vu50,3a0a1c0d-8d83-4167-bc66-58bb643c9d0e,2026-08-31T18:19:59.091Z,separate_executor,quote_run_dispatch_probe,50,1198.29,success,,200,success
p3-ex-official-vu50,c5d49bc1-3044-4465-90b2-c3143b613b18,2026-08-31T18:19:59.098Z,separate_executor,quote_run_dispatch_probe,50,1218.89,success,,200,success
p3-ex-official-vu50,689d7bdf-75f9-48c1-82dc-7a93538cc71b,2026-08-31T18:19:59.149Z,separate_executor,quote_run_dispatch_probe,50,1251.68,success,,200,success
p3-ex-official-vu50,012f1beb-71a0-460c-9ea1-f0f61c789e39,2026-08-31T18:19:59.150Z,separate_executor,quote_run_dispatch_probe,50,1250.02,success,,200,success
p3-ex-official-vu50,f0d6cc84-7157-4f75-b219-10c69513ec55,2026-08-31T18:19:59.159Z,separate_executor,quote_run_dispatch_probe,50,1444.2,success,,200,success
p3-ex-official-vu50,44d54e44-8e66-4d2d-8312-88e67dd311da,2026-08-31T18:19:59.163Z,separate_executor,quote_run_dispatch_probe,50,1187.64,success,,200,success
p3-ex-official-vu50,83a3bef8-34d9-4fac-a018-cf1c919a7ed5,2026-08-31T18:19:59.206Z,separate_executor,quote_run_dispatch_probe,50,1517.02,success,,200,success
p3-ex-official-vu50,ac2ce9f9-c9e8-4cb5-af1b-ec356c42fdf0,2026-08-31T18:19:59.220Z,separate_executor,quote_run_dispatch_probe,50,1229.85,success,,200,success
p3-ex-official-vu50,7c92129e-b875-47c7-9bb7-360204e45298,2026-08-31T18:19:59.240Z,separate_executor,quote_run_dispatch_probe,50,1233.43,success,,200,success
p3-ex-official-vu50,0ed098f2-9939-4f82-8e02-7a5c67aff1bf,2026-08-31T18:19:59.255Z,separate_executor,quote_run_dispatch_probe,50,1356.77,success,,200,success
p3-ex-official-vu50,21cbcd6c-0cc8-4d80-b4d8-60f0e63d883b,2026-08-31T18:19:59.298Z,separate_executor,quote_run_dispatch_probe,50,1391.1,success,,200,success
p3-ex-official-vu50,24e0f364-a00b-4f4d-bd61-80117b1be3b4,2026-08-31T18:19:59.309Z,separate_executor,quote_run_dispatch_probe,50,1548.1,success,,200,success
p3-ex-official-vu50,a8d91148-9289-4411-95df-c61ea1a7a0c9,2026-08-31T18:19:59.340Z,separate_executor,quote_run_dispatch_probe,50,1650.7,success,,200,success
p3-ex-official-vu50,9b5fe60b-a318-4fb5-986d-a57535920edd,2026-08-31T18:19:59.370Z,separate_executor,quote_run_dispatch_probe,50,1014.63,success,,200,success
p3-ex-official-vu50,692c90c3-74e9-4283-abe3-a5db89c44f4c,2026-08-31T18:19:59.407Z,separate_executor,quote_run_dispatch_probe,50,1502.66,success,,200,success
p3-ex-official-vu50,f5201e88-9451-48d8-921d-3f340dc9e634,2026-08-31T18:19:59.426Z,separate_executor,quote_run_dispatch_probe,50,1302.17,success,,200,success
p3-ex-official-vu50,dd9df70d-77a6-4f21-bd91-ed80e1466c61,2026-08-31T18:19:59.447Z,separate_executor,quote_run_dispatch_probe,50,1204.77,success,,200,success
p3-ex-official-vu50,76670698-b3fb-4eea-a7fa-22c87746d39c,2026-08-31T18:19:59.456Z,separate_executor,quote_run_dispatch_probe,50,1462.44,success,,200,success
p3-ex-official-vu50,eae24f2e-2ba2-4d6f-bbca-b9cfc7ca6dda,2026-08-31T18:19:59.546Z,separate_executor,quote_run_dispatch_probe,50,1169.79,success,,200,success
p3-ex-official-vu50,cb9c9360-e001-4e32-a521-0e81460e31cc,2026-08-31T18:19:59.564Z,separate_executor,quote_run_dispatch_probe,50,1336.26,success,,200,success
p3-ex-official-vu50,b6ff0a9d-63ff-40be-b1f2-0a5b8e4ed2da,2026-08-31T18:19:59.576Z,separate_executor,quote_run_dispatch_probe,50,1430.47,success,,200,success
p3-ex-official-vu50,0e2c2458-7f50-49de-98cb-68bcaa91bb2f,2026-08-31T18:19:59.577Z,separate_executor,quote_run_dispatch_probe,50,1220.6,success,,200,success
p3-ex-official-vu50,6b942f1a-b924-4b54-840c-1ad0ad277d19,2026-08-31T18:19:59.632Z,separate_executor,quote_run_dispatch_probe,50,1408.94,success,,200,success
p3-ex-official-vu50,dfeb364f-17e8-42e9-bd98-2ae2aa9295ff,2026-08-31T18:19:59.634Z,separate_executor,quote_run_dispatch_probe,50,1376.59,success,,200,success
p3-ex-official-vu50,10bb5cb6-3e4e-47db-9e7c-e99d44fd80f4,2026-08-31T18:19:59.641Z,separate_executor,quote_run_dispatch_probe,50,1400.23,success,,200,success
p3-ex-official-vu50,446628c9-1bd8-4381-b954-84fdbd9cf6fe,2026-08-31T18:19:59.678Z,separate_executor,quote_run_dispatch_probe,50,1201.38,success,,200,success
p3-ex-official-vu50,89cb29b2-5a74-4f65-bb33-8a92f6250e92,2026-08-31T18:19:59.716Z,separate_executor,quote_run_dispatch_probe,50,1109.32,success,,200,success
p3-ex-official-vu50,54701acf-7bf8-4458-b128-8f8febb75ec5,2026-08-31T18:19:59.725Z,separate_executor,quote_run_dispatch_probe,50,1008,success,,200,success
p3-ex-official-vu50,7f176a11-522b-483a-a7bd-beb1ec109038,2026-08-31T18:19:59.737Z,separate_executor,quote_run_dispatch_probe,50,1377.15,success,,200,success
p3-ex-official-vu50,32d61c2c-8322-4548-a2e7-64f17847c2a2,2026-08-31T18:19:59.742Z,separate_executor,quote_run_dispatch_probe,50,1309.67,success,,200,success
p3-ex-official-vu50,ac78ce64-48a8-4d34-ac8f-e4125186d0cf,2026-08-31T18:19:59.756Z,separate_executor,quote_run_dispatch_probe,50,1177.51,success,,200,success
p3-ex-official-vu50,9a97ec14-1b8d-448f-8609-b3fed73f3f91,2026-08-31T18:19:59.804Z,separate_executor,quote_run_dispatch_probe,50,1246.21,success,,200,success
p3-ex-official-vu50,2812d901-4b53-4b67-a889-4cf7cdd08818,2026-08-31T18:19:59.883Z,separate_executor,quote_run_dispatch_probe,50,1437.8,success,,200,success
p3-ex-official-vu50,8359b0a1-f199-4a0b-b4a2-cdbf8f50d4c9,2026-08-31T18:19:59.884Z,separate_executor,quote_run_dispatch_probe,50,989.14,success,,200,success
p3-ex-official-vu50,24ff226d-626f-4720-b8d9-233c2bc97435,2026-08-31T18:20:00.063Z,separate_executor,quote_run_dispatch_probe,50,1169.97,success,,200,success
p3-ex-official-vu50,8f4574e8-6fb1-49ad-a217-6c81a1e3de64,2026-08-31T18:20:00.109Z,separate_executor,quote_run_dispatch_probe,50,1616.33,success,,200,success
p3-ex-official-vu50,e889879f-69f0-4793-893b-c2b83ce69e62,2026-08-31T18:20:00.110Z,separate_executor,quote_run_dispatch_probe,50,1537.73,success,,200,success
p3-ex-official-vu50,ea2b1191-2d58-4730-9d97-d3720ba7b241,2026-08-31T18:20:00.111Z,separate_executor,quote_run_dispatch_probe,50,1112.1,success,,200,success
p3-ex-official-vu50,9ed156a8-18d6-4ace-ab7b-8ed47cbf8731,2026-08-31T18:20:00.111Z,separate_executor,quote_run_dispatch_probe,50,1396.55,success,,200,success
p3-ex-official-vu50,d17bb4e5-4d14-4954-bfe4-46ce7dacd7cb,2026-08-31T18:20:00.125Z,separate_executor,quote_run_dispatch_probe,50,1161.51,success,,200,success
p3-ex-official-vu50,8e434f96-e8c9-4c6b-9e2f-a434b1dca4f4,2026-08-31T18:20:00.126Z,separate_executor,quote_run_dispatch_probe,50,1536.9,success,,200,success
p3-ex-official-vu50,9608df9a-6471-4256-a494-d07490f08e41,2026-08-31T18:20:00.165Z,separate_executor,quote_run_dispatch_probe,50,1263.68,success,,200,success
p3-ex-official-vu50,06f04df8-abe5-41f4-a569-0e7beec193bc,2026-08-31T18:20:00.166Z,separate_executor,quote_run_dispatch_probe,50,1532.53,success,,200,success
p3-ex-official-vu50,5c8553b0-10fa-4606-9c8e-8d50dc2454fb,2026-08-31T18:20:00.246Z,separate_executor,quote_run_dispatch_probe,50,1321.79,success,,200,success
p3-ex-official-vu50,ab0f5b67-80fc-4a3e-a316-4b483589e4ae,2026-08-31T18:20:00.260Z,separate_executor,quote_run_dispatch_probe,50,1168.97,success,,200,success
p3-ex-official-vu50,e75a391f-2437-41c5-a0e3-255c14c8a852,2026-08-31T18:20:00.262Z,separate_executor,quote_run_dispatch_probe,50,1268.48,success,,200,success
p3-ex-official-vu50,17220404-0c16-4867-9bda-a818a1eb0d9e,2026-08-31T18:20:00.283Z,separate_executor,quote_run_dispatch_probe,50,1216.56,success,,200,success
p3-ex-official-vu50,d2cbb43c-2bbe-40ac-b5c6-4879d45bab32,2026-08-31T18:20:00.284Z,separate_executor,quote_run_dispatch_probe,50,1319.5,success,,200,success
p3-ex-official-vu50,8b243de1-dbf3-483a-853b-bca609460e88,2026-08-31T18:20:00.292Z,separate_executor,quote_run_dispatch_probe,50,1193.83,success,,200,success
p3-ex-official-vu50,70f1a0ac-02b4-4458-b35d-40f1571e02e8,2026-08-31T18:20:00.293Z,separate_executor,quote_run_dispatch_probe,50,1299.81,success,,200,success
p3-ex-official-vu50,ba17cc42-3108-48c7-937f-c5172119ebf9,2026-08-31T18:20:00.361Z,separate_executor,quote_run_dispatch_probe,50,1789.16,success,,200,success
p3-ex-official-vu50,8ec61918-23e8-4882-88b5-abfcb26a246e,2026-08-31T18:20:00.398Z,separate_executor,quote_run_dispatch_probe,50,1028.01,success,,200,success
p3-ex-official-vu50,c0a76802-6352-4cce-9e90-e2882482ebfb,2026-08-31T18:20:00.401Z,separate_executor,quote_run_dispatch_probe,50,1237.96,success,,200,success
p3-ex-official-vu50,99793db2-4d71-41ba-b380-339edbd85c8b,2026-08-31T18:20:00.404Z,separate_executor,quote_run_dispatch_probe,50,1253.67,success,,200,success
p3-ex-official-vu50,2966017e-a9e4-488a-9d8a-adb0b1f9e071,2026-08-31T18:20:00.483Z,separate_executor,quote_run_dispatch_probe,50,1400.51,success,,200,success
p3-ex-official-vu50,b27de6da-a96e-440a-b866-4a4ea3ebbafa,2026-08-31T18:20:00.980Z,separate_executor,quote_run_dispatch_probe,50,1682.08,success,,200,success
p3-ex-official-vu50,9c441ed1-ebdb-498c-8ad1-89b2e5e1bf35,2026-08-31T18:20:01.001Z,separate_executor,quote_run_dispatch_probe,50,1780.62,success,,200,success
p3-ex-official-vu50,ca91e44f-f08b-42cb-b94b-219868ae6509,2026-08-31T18:20:01.112Z,separate_executor,quote_run_dispatch_probe,50,1872.63,success,,200,success
p3-ex-official-vu50,de53c839-f6a8-444f-9d1a-80deccbde87b,2026-08-31T18:20:01.380Z,separate_executor,quote_run_dispatch_probe,50,2173.8,success,,200,success
p3-ex-official-vu50,3961eaba-96ff-431f-8398-5d80f00713fd,2026-08-31T18:20:01.442Z,separate_executor,quote_run_dispatch_probe,50,2292.83,success,,200,success
p3-ex-official-vu50,4b2607f2-83be-412c-bdb2-8a65683ba71b,2026-08-31T18:20:01.915Z,separate_executor,quote_run_dispatch_probe,50,2755.57,success,,200,success
p3-ex-official-vu50,8284be39-f16e-43e1-9d73-6d646ddbf923,2026-08-31T18:20:01.918Z,separate_executor,quote_run_dispatch_probe,50,2491.74,success,,200,success
p3-ex-official-vu50,c0f76995-14c5-4262-a117-5c179963a42a,2026-08-31T18:20:01.929Z,separate_executor,quote_run_dispatch_probe,50,2619.56,success,,200,success
p3-ex-official-vu50,f38625a8-3d6f-48c0-a292-57fad4e49d05,2026-08-31T18:20:01.929Z,separate_executor,quote_run_dispatch_probe,50,2589.75,success,,200,success
p3-ex-official-vu50,2bfd82a6-6946-48be-8455-ecd053d5279e,2026-08-31T18:20:01.933Z,separate_executor,quote_run_dispatch_probe,50,2217.55,success,,200,success
p3-ex-official-vu50,72d3ca23-80da-4422-b2af-b1fb5312e5ff,2026-08-31T18:20:01.950Z,separate_executor,quote_run_dispatch_probe,50,2224.42,success,,200,success
p3-ex-official-vu50,69810333-1ed1-45be-85b7-ab95826ad8a3,2026-08-31T18:20:01.951Z,separate_executor,quote_run_dispatch_probe,50,2386.82,success,,200,success
p3-ex-official-vu50,115bb49c-fed3-4d20-8790-39d1c6fd46b0,2026-08-31T18:20:01.984Z,separate_executor,quote_run_dispatch_probe,50,2407.82,success,,200,success
p3-ex-official-vu50,7a6212cb-ebbb-4b9a-a91b-9a46f123b898,2026-08-31T18:20:01.984Z,separate_executor,quote_run_dispatch_probe,50,2352.56,success,,200,success
p3-ex-official-vu50,0533a5cc-2729-4d68-8a07-6e9aeecc7a00,2026-08-31T18:20:01.985Z,separate_executor,quote_run_dispatch_probe,50,2439.08,success,,200,success
p3-ex-official-vu50,b452a6e1-0847-4818-9d22-b8f0b8f21085,2026-08-31T18:20:01.985Z,separate_executor,quote_run_dispatch_probe,50,2307.15,success,,200,success
p3-ex-official-vu50,b7d0ff13-0216-405d-952e-948279dd5d2b,2026-08-31T18:20:01.987Z,separate_executor,quote_run_dispatch_probe,50,2579.82,success,,200,success
p3-ex-official-vu50,9c4744a1-c20d-4684-84a4-4efd13613160,2026-08-31T18:20:01.996Z,separate_executor,quote_run_dispatch_probe,50,2418.95,success,,200,success
p3-ex-official-vu50,93b77dac-f8e1-4dad-8a3a-c34b83b34ff2,2026-08-31T18:20:02.009Z,separate_executor,quote_run_dispatch_probe,50,2375.31,success,,200,success
p3-ex-official-vu50,f543ea83-2f0d-41ec-ae77-ad53d68c10a0,2026-08-31T18:20:02.010Z,separate_executor,quote_run_dispatch_probe,50,2254.25,success,,200,success
p3-ex-official-vu50,2dbee4ec-66bd-4e54-a17e-28754d6f4b5c,2026-08-31T18:20:02.073Z,separate_executor,quote_run_dispatch_probe,50,2432.01,success,,200,success
p3-ex-official-vu50,22b2346b-dc79-4954-be20-7e141e78550b,2026-08-31T18:20:02.134Z,separate_executor,quote_run_dispatch_probe,50,2329.21,success,,200,success
p3-ex-official-vu50,9b21a2df-ddf2-43b2-afc2-ecde314bec7a,2026-08-31T18:20:02.134Z,separate_executor,quote_run_dispatch_probe,50,2250.24,success,,200,success
p3-ex-official-vu50,1eb8103e-aebc-4efa-b62a-9dcef93818ea,2026-08-31T18:20:02.178Z,separate_executor,quote_run_dispatch_probe,50,2440.48,success,,200,success
p3-ex-official-vu50,c0acc2e8-4065-495c-8bc4-acc79cddfc28,2026-08-31T18:20:02.178Z,separate_executor,quote_run_dispatch_probe,50,2115.6,success,,200,success
p3-ex-official-vu50,d8de0664-9c2b-45af-9ff2-4a6ddcc65a36,2026-08-31T18:20:02.179Z,separate_executor,quote_run_dispatch_probe,50,2052.44,success,,200,success
p3-ex-official-vu50,f3995e7a-6f72-4f4b-ae78-3f1c68b2beb0,2026-08-31T18:20:02.234Z,separate_executor,quote_run_dispatch_probe,50,2122.71,success,,200,success
p3-ex-official-vu50,ccf0aa01-c922-4a0c-a866-997bb1ced081,2026-08-31T18:20:02.808Z,separate_executor,quote_run_dispatch_probe,50,3361.08,success,,200,success
p3-ex-official-vu50,b1ca1bee-79da-441c-ad32-affbc8a092f4,2026-08-31T18:20:02.809Z,separate_executor,quote_run_dispatch_probe,50,3554.56,success,,200,success
p3-ex-official-vu50,0ad1e6a7-2ac3-4f7b-8493-cbdf6f661c6d,2026-08-31T18:20:02.810Z,separate_executor,quote_run_dispatch_probe,50,3068.24,success,,200,success
p3-ex-official-vu50,2b4d2108-bbbe-4b44-9c95-ebfae4df0c95,2026-08-31T18:20:02.879Z,separate_executor,quote_run_dispatch_probe,50,3423.2,success,,200,success
p3-ex-official-vu50,62b38698-03cb-403d-bd3a-81286cee0bc7,2026-08-31T18:20:02.928Z,separate_executor,quote_run_dispatch_probe,50,2666.06,success,,200,success
p3-ex-official-vu50,710f9054-384f-4b24-9a10-8aaec22f7c3e,2026-08-31T18:20:02.929Z,separate_executor,quote_run_dispatch_probe,50,2818.14,success,,200,success
p3-ex-official-vu50,b76483b5-b6d5-47cf-a9cb-b776e2abe87e,2026-08-31T18:20:02.975Z,separate_executor,quote_run_dispatch_probe,50,3091.77,success,,200,success
p3-ex-official-vu50,8bfefdc6-56bb-40a6-8da2-cb1bb75f63fe,2026-08-31T18:20:02.977Z,separate_executor,quote_run_dispatch_probe,50,2683.87,success,,200,success
p3-ex-official-vu50,428bc8cd-ab48-4def-b658-070e6ab5a5a8,2026-08-31T18:20:03.023Z,separate_executor,quote_run_dispatch_probe,50,2739.69,success,,200,success
p3-ex-official-vu50,e2accd0a-38c6-4440-ab65-186df71616e2,2026-08-31T18:20:03.025Z,separate_executor,quote_run_dispatch_probe,50,2623.83,success,,200,success
p3-ex-official-vu50,7710f8fa-bb27-45cc-9068-6e46a8d0b7a7,2026-08-31T18:20:03.076Z,separate_executor,quote_run_dispatch_probe,50,2965.78,success,,200,success
p3-ex-official-vu50,8dcabcd3-909f-4ec8-9dbc-4493fe256453,2026-08-31T18:20:03.079Z,separate_executor,quote_run_dispatch_probe,50,2786.48,success,,200,success
p3-ex-official-vu50,2dad285a-9980-4a3b-927e-9a869ec2ffb1,2026-08-31T18:20:03.107Z,separate_executor,quote_run_dispatch_probe,50,2861.05,success,,200,success
p3-ex-official-vu50,c8196df2-d7c4-4836-8c17-a60b0f163ca8,2026-08-31T18:20:03.108Z,separate_executor,quote_run_dispatch_probe,50,2942.35,success,,200,success
p3-ex-official-vu50,2f7cc23b-8dc5-4d2a-98c8-1bac6c35a2cc,2026-08-31T18:20:03.127Z,separate_executor,quote_run_dispatch_probe,50,2844.17,success,,200,success
p3-ex-official-vu50,e0878b9d-a4d0-42dc-8eff-b7113a04c58b,2026-08-31T18:20:03.129Z,separate_executor,quote_run_dispatch_probe,50,3019.45,success,,200,success
p3-ex-official-vu50,04dbb44e-e775-4696-aa4c-32b6dfa51db7,2026-08-31T18:20:03.141Z,separate_executor,quote_run_dispatch_probe,50,2742.44,success,,200,success
p3-ex-official-vu50,58c06243-f554-4e78-bf5e-9c8b95501739,2026-08-31T18:20:03.316Z,separate_executor,quote_run_dispatch_probe,50,3190.89,success,,200,success
p3-ex-official-vu50,c7b12afd-956b-498f-814e-3c59d5e23a13,2026-08-31T18:20:03.326Z,separate_executor,quote_run_dispatch_probe,50,3065.6,success,,200,success
p3-ex-official-vu50,cfd125f8-1043-4cf5-88b5-2b0bd2221a32,2026-08-31T18:20:03.337Z,separate_executor,quote_run_dispatch_probe,50,2975.56,success,,200,success
p3-ex-official-vu50,cefed979-4600-4e2d-affe-2268ae12b5a8,2026-08-31T18:20:03.364Z,separate_executor,quote_run_dispatch_probe,50,2363.42,success,,200,success
p3-ex-official-vu50,ee531471-48a5-4b6c-876a-922536fe0083,2026-08-31T18:20:03.365Z,separate_executor,quote_run_dispatch_probe,50,2384.68,success,,200,success
p3-ex-official-vu50,08a0f283-ec96-4153-8fd9-29815e9690f0,2026-08-31T18:20:03.366Z,separate_executor,quote_run_dispatch_probe,50,2253.42,success,,200,success
p3-ex-official-vu50,89e10bb9-0a45-4a46-ae39-e09c4a76b8b0,2026-08-31T18:20:03.366Z,separate_executor,quote_run_dispatch_probe,50,1924.62,success,,200,success
p3-ex-official-vu50,0368547d-c088-4382-bc2e-92db0bbef1f5,2026-08-31T18:20:03.367Z,separate_executor,quote_run_dispatch_probe,50,3200.56,success,,200,success
p3-ex-official-vu50,0b10d3f5-a14c-4f6d-b89d-75658f0b3ab0,2026-08-31T18:20:03.367Z,separate_executor,quote_run_dispatch_probe,50,2962.9,success,,200,success
p3-ex-official-vu50,5548a041-b144-487e-9d33-3b7b1f04f777,2026-08-31T18:20:03.378Z,separate_executor,quote_run_dispatch_probe,50,1997.96,success,,200,success
p3-ex-official-vu50,0f73c74b-6970-425a-ae07-1b5c17422bf8,2026-08-31T18:20:03.379Z,separate_executor,quote_run_dispatch_probe,50,1394.18,success,,200,success
p3-ex-official-vu50,559d850d-ff0e-4a15-a44e-abfcdc239873,2026-08-31T18:20:03.380Z,separate_executor,quote_run_dispatch_probe,50,1394.43,success,,200,success
p3-ex-official-vu50,0157f718-7139-4855-9adc-402617398ae4,2026-08-31T18:20:03.393Z,separate_executor,quote_run_dispatch_probe,50,1464.17,success,,200,success
p3-ex-official-vu50,411d16d1-7562-412a-a73d-bc0d6e28804d,2026-08-31T18:20:03.394Z,separate_executor,quote_run_dispatch_probe,50,1383.47,success,,200,success
p3-ex-official-vu50,442a58a0-f6d0-41f0-9e29-a1b06e8ddcfe,2026-08-31T18:20:03.404Z,separate_executor,quote_run_dispatch_probe,50,1453.42,success,,200,success
p3-ex-official-vu50,ec405aa9-1998-4bff-8e8e-799eebba4ad4,2026-08-31T18:20:03.405Z,separate_executor,quote_run_dispatch_probe,50,1418.57,success,,200,success
p3-ex-official-vu50,66798a3f-ca9e-4aea-a744-34dcff3a83bd,2026-08-31T18:20:03.406Z,separate_executor,quote_run_dispatch_probe,50,1421.69,success,,200,success
p3-ex-official-vu50,629e97ef-d924-48e7-88df-6787db57e667,2026-08-31T18:20:03.406Z,separate_executor,quote_run_dispatch_probe,50,1477.13,success,,200,success
p3-ex-official-vu50,4a76ad4a-a3db-410b-a1c0-cee1f3cfcbc3,2026-08-31T18:20:03.416Z,separate_executor,quote_run_dispatch_probe,50,1501.25,success,,200,success
p3-ex-official-vu50,03e172a8-30ca-4147-8135-8108b3b2b63e,2026-08-31T18:20:03.418Z,separate_executor,quote_run_dispatch_probe,50,1283.76,success,,200,success
p3-ex-official-vu50,dd2a59bb-85d3-48c2-8e4f-421845c62304,2026-08-31T18:20:03.428Z,separate_executor,quote_run_dispatch_probe,50,1432.47,success,,200,success
p3-ex-official-vu50,70f12e31-77c9-43ca-a6a5-d4061c4ed894,2026-08-31T18:20:03.429Z,separate_executor,quote_run_dispatch_probe,50,1511.43,success,,200,success
p3-ex-official-vu50,ebf03ad3-e239-4684-afe4-d5c6fb5ea704,2026-08-31T18:20:03.430Z,separate_executor,quote_run_dispatch_probe,50,1480.39,success,,200,success
p3-ex-official-vu50,7afe4c51-7880-41e8-80fd-4a539f9d4c16,2026-08-31T18:20:03.447Z,separate_executor,quote_run_dispatch_probe,50,1514.03,success,,200,success
p3-ex-official-vu50,a240eced-3abe-4f32-874c-1f32eb9257ef,2026-08-31T18:20:03.465Z,separate_executor,quote_run_dispatch_probe,50,2981.91,success,,200,success
p3-ex-official-vu50,5a71c942-cb84-4e75-b69d-e0ec16985c4b,2026-08-31T18:20:03.473Z,separate_executor,quote_run_dispatch_probe,50,1463.61,success,,200,success
p3-ex-official-vu50,4533cb07-c66f-4c13-a93d-254c6a5d33be,2026-08-31T18:20:03.474Z,separate_executor,quote_run_dispatch_probe,50,1490.63,success,,200,success
p3-ex-official-vu50,68745b9d-17f0-46f3-a0f5-66d06628c612,2026-08-31T18:20:03.475Z,separate_executor,quote_run_dispatch_probe,50,1402.37,success,,200,success
p3-ex-official-vu50,581c8d80-2071-4365-8e5a-e233a570de00,2026-08-31T18:20:03.476Z,separate_executor,quote_run_dispatch_probe,50,1242.25,success,,200,success
p3-ex-official-vu50,7a66c7b2-1f1a-47bf-822a-eca358264705,2026-08-31T18:20:03.482Z,separate_executor,quote_run_dispatch_probe,50,1348.24,success,,200,success
p3-ex-official-vu50,726c081c-2604-42af-9fb5-e4355865fefd,2026-08-31T18:20:03.483Z,separate_executor,quote_run_dispatch_probe,50,1305.7,success,,200,success
p3-ex-official-vu50,e030fa67-2ea9-4b14-84a7-3e65ce5a98ee,2026-08-31T18:20:03.484Z,separate_executor,quote_run_dispatch_probe,50,1305.47,success,,200,success
p3-ex-official-vu50,424e027b-f4b5-402c-8f7b-8f669dfb26a0,2026-08-31T18:20:03.484Z,separate_executor,quote_run_dispatch_probe,50,1305.57,success,,200,success
p3-ex-official-vu50,43d3b8d6-2bbc-4a46-b0cc-1a984437d720,2026-08-31T18:20:03.528Z,separate_executor,quote_run_dispatch_probe,50,600.3,success,,200,success
p3-ex-official-vu50,d17de99e-1d32-49e8-988a-c40604657540,2026-08-31T18:20:03.600Z,separate_executor,quote_run_dispatch_probe,50,791,success,,200,success
p3-ex-official-vu50,ac9b9d2d-e792-4ead-a623-48cc3a771b81,2026-08-31T18:20:03.646Z,separate_executor,quote_run_dispatch_probe,50,837.56,success,,200,success
p3-ex-official-vu50,f52ecd1d-4ac0-41a1-b750-56b7cf199be1,2026-08-31T18:20:03.689Z,separate_executor,quote_run_dispatch_probe,50,809.52,success,,200,success
p3-ex-official-vu50,6ed8b487-e9bf-4090-947f-698d49508fe1,2026-08-31T18:20:03.800Z,separate_executor,quote_run_dispatch_probe,50,775.37,success,,200,success
p3-ex-official-vu50,e8da13d2-d366-454a-8fb3-6a66180ec0d4,2026-08-31T18:20:03.892Z,separate_executor,quote_run_dispatch_probe,50,785.32,success,,200,success
p3-ex-official-vu50,55b4004d-de8a-46bd-80ae-264f8ecce084,2026-08-31T18:20:03.993Z,separate_executor,quote_run_dispatch_probe,50,885.59,success,,200,success
p3-ex-official-vu50,7774156d-7520-4e54-8a0f-cda18ed436e5,2026-08-31T18:20:04.089Z,separate_executor,quote_run_dispatch_probe,50,1160.13,success,,200,success
p3-ex-official-vu50,3be694a3-fb16-4448-b8be-021efe62492b,2026-08-31T18:20:04.098Z,separate_executor,quote_run_dispatch_probe,50,1075.05,success,,200,success
p3-ex-official-vu50,b921f489-b1e3-419a-81b4-d6aacb6f4849,2026-08-31T18:20:04.128Z,separate_executor,quote_run_dispatch_probe,50,1000.77,success,,200,success
p3-ex-official-vu50,2709536b-875b-4f37-9497-974ae57e3a23,2026-08-31T18:20:04.148Z,separate_executor,quote_run_dispatch_probe,50,1173.22,success,,200,success
p3-ex-official-vu50,2daa3110-8405-42ce-9750-180005f62723,2026-08-31T18:20:04.240Z,separate_executor,quote_run_dispatch_probe,50,1164.15,success,,200,success
p3-ex-official-vu50,9ea4a61d-0b2c-483e-a238-61b11c46a6b5,2026-08-31T18:20:04.248Z,separate_executor,quote_run_dispatch_probe,50,1107.22,success,,200,success
p3-ex-official-vu50,5e8708e8-4af1-457f-89e4-0d44d55cc1fc,2026-08-31T18:20:04.282Z,separate_executor,quote_run_dispatch_probe,50,1304.98,success,,200,success
p3-ex-official-vu50,64da4f35-1657-4f66-9a31-9e5d87eaada5,2026-08-31T18:20:04.332Z,separate_executor,quote_run_dispatch_probe,50,1203.24,success,,200,success
p3-ex-official-vu50,8cf9bafb-118c-489a-b487-005ace3a67a9,2026-08-31T18:20:04.376Z,separate_executor,quote_run_dispatch_probe,50,1565.41,success,,200,success
p3-ex-official-vu50,2e87703b-13cd-47de-8131-288d0a2e3845,2026-08-31T18:20:04.378Z,separate_executor,quote_run_dispatch_probe,50,1298.95,success,,200,success
p3-ex-official-vu50,6150c433-c118-46e3-88a0-dc5f9f61cd85,2026-08-31T18:20:04.517Z,separate_executor,quote_run_dispatch_probe,50,1126.1,success,,200,success
p3-ex-official-vu50,0d5dca26-f77b-4e22-abf4-71126b6fc781,2026-08-31T18:20:04.665Z,separate_executor,quote_run_dispatch_probe,50,1271.9,success,,200,success
p3-ex-official-vu50,67a7ecf3-70d0-44e4-bacc-1b3d0a07a513,2026-08-31T18:20:04.709Z,separate_executor,quote_run_dispatch_probe,50,1344.66,success,,200,success
p3-ex-official-vu50,61f6b753-15a0-4b53-8ec9-dd4c72228988,2026-08-31T18:20:04.714Z,separate_executor,quote_run_dispatch_probe,50,1297.45,success,,200,success
p3-ex-official-vu50,9c2c9792-1067-4175-a87c-6b3ca48aa419,2026-08-31T18:20:04.722Z,separate_executor,quote_run_dispatch_probe,50,1356.47,success,,200,success
p3-ex-official-vu50,33e2931c-ffd9-43d7-9c29-5c0c2a107405,2026-08-31T18:20:04.754Z,separate_executor,quote_run_dispatch_probe,50,1360.63,success,,200,success
p3-ex-official-vu50,3d0fc939-344c-44f7-8685-8372caee7f0e,2026-08-31T18:20:04.771Z,separate_executor,quote_run_dispatch_probe,50,1242.97,success,,200,success
p3-ex-official-vu50,3db637d5-00b9-4c9e-996e-67f04b8aafc3,2026-08-31T18:20:04.778Z,separate_executor,quote_run_dispatch_probe,50,1360.4,success,,200,success
p3-ex-official-vu50,37f9fa39-cab3-44e4-80fd-32e95407bf38,2026-08-31T18:20:04.833Z,separate_executor,quote_run_dispatch_probe,50,1429.36,success,,200,success
p3-ex-official-vu50,3a43afe0-5d93-444e-bfc0-770b7a0896fc,2026-08-31T18:20:04.850Z,separate_executor,quote_run_dispatch_probe,50,1482.84,success,,200,success
p3-ex-official-vu50,5f3665ef-5023-4a14-a268-df9d4204140f,2026-08-31T18:20:04.854Z,separate_executor,quote_run_dispatch_probe,50,1528.08,success,,200,success
p3-ex-official-vu50,7543f65b-2d4f-4fe2-b880-3a4ed495b662,2026-08-31T18:20:04.855Z,separate_executor,quote_run_dispatch_probe,50,1449.17,success,,200,success
p3-ex-official-vu50,4e480172-a9f1-4ee5-86f2-da6418a3e600,2026-08-31T18:20:04.862Z,separate_executor,quote_run_dispatch_probe,50,1379.68,success,,200,success
p3-ex-official-vu50,d61ce9fa-1fe1-4379-a2a4-038a6e53aede,2026-08-31T18:20:04.864Z,separate_executor,quote_run_dispatch_probe,50,1380.46,success,,200,success
p3-ex-official-vu50,66b20acc-262a-481a-b906-1043f0287ce9,2026-08-31T18:20:04.865Z,separate_executor,quote_run_dispatch_probe,50,1498.55,success,,200,success
p3-ex-official-vu50,419e06b8-e9fe-4c49-9cf2-86ec698af95a,2026-08-31T18:20:04.867Z,separate_executor,quote_run_dispatch_probe,50,1393.09,success,,200,success
p3-ex-official-vu50,e96830b3-8b05-46ee-bfc2-8a4f312bcbfd,2026-08-31T18:20:04.890Z,separate_executor,quote_run_dispatch_probe,50,1484.6,success,,200,success
p3-ex-official-vu50,5b716b26-be94-41e2-b7df-43db334a2ed3,2026-08-31T18:20:04.891Z,separate_executor,quote_run_dispatch_probe,50,1575.13,success,,200,success
p3-ex-official-vu50,57ae743c-5050-4839-b7ac-b9d34bf89cfc,2026-08-31T18:20:04.898Z,separate_executor,quote_run_dispatch_probe,50,1424.89,success,,200,success
p3-ex-official-vu50,2195347a-9a40-4f94-8793-772c743b38fe,2026-08-31T18:20:04.905Z,separate_executor,quote_run_dispatch_probe,50,1538.83,success,,200,success
p3-ex-official-vu50,4a71f042-f35c-4ec1-b713-24221715e1a3,2026-08-31T18:20:04.908Z,separate_executor,quote_run_dispatch_probe,50,1479.2,success,,200,success
p3-ex-official-vu50,b7d7dd77-e590-471b-9849-86d4bfa58f28,2026-08-31T18:20:04.909Z,separate_executor,quote_run_dispatch_probe,50,1462,success,,200,success
p3-ex-official-vu50,b8b71605-bc27-4914-8a84-1a9ea4b425e2,2026-08-31T18:20:04.934Z,separate_executor,quote_run_dispatch_probe,50,1459.1,success,,200,success
p3-ex-official-vu50,d7bc7cf6-7da6-4999-a929-9bc38d56caa6,2026-08-31T18:20:04.966Z,separate_executor,quote_run_dispatch_probe,50,1482.4,success,,200,success
p3-ex-official-vu50,301aa548-4bb4-441d-8f5f-bde2d9afbac5,2026-08-31T18:20:04.981Z,separate_executor,quote_run_dispatch_probe,50,1505.1,success,,200,success
p3-ex-official-vu50,2e3b025c-0d75-460e-9d06-881f563f13ea,2026-08-31T18:20:04.991Z,separate_executor,quote_run_dispatch_probe,50,1624.93,success,,200,success
p3-ex-official-vu50,439de2d1-82b1-4166-ae6e-6b58b402f765,2026-08-31T18:20:04.994Z,separate_executor,quote_run_dispatch_probe,50,1564.08,success,,200,success
p3-ex-official-vu50,5f2156d7-1a58-4da8-ae43-9ab9b7123a73,2026-08-31T18:20:04.998Z,separate_executor,quote_run_dispatch_probe,50,1397.2,success,,200,success
p3-ex-official-vu50,c6a146c4-6db4-42e6-a086-46c44b413540,2026-08-31T18:20:05.030Z,separate_executor,quote_run_dispatch_probe,50,1623.24,success,,200,success
p3-ex-official-vu50,9a3f13e7-9dda-4268-af9d-bf19d3569539,2026-08-31T18:20:05.033Z,separate_executor,quote_run_dispatch_probe,50,1653.53,success,,200,success
p3-ex-official-vu50,26f122b8-69e9-4941-a969-6eeee216babc,2026-08-31T18:20:05.039Z,separate_executor,quote_run_dispatch_probe,50,1574.65,success,,200,success
p3-ex-official-vu50,60ac9350-802b-4807-bce7-a249688aa0ee,2026-08-31T18:20:05.046Z,separate_executor,quote_run_dispatch_probe,50,1561.75,success,,200,success
p3-ex-official-vu50,70a0f7b0-3b7b-4ecc-999b-582d5b292e2c,2026-08-31T18:20:05.048Z,separate_executor,quote_run_dispatch_probe,50,1670.14,success,,200,success
p3-ex-official-vu50,a6240e8b-0c71-46b4-b21d-59def2db305f,2026-08-31T18:20:05.059Z,separate_executor,quote_run_dispatch_probe,50,1258.83,success,,200,success
p3-ex-official-vu50,1406c61f-44c7-4ec2-a7a5-5760f678f88a,2026-08-31T18:20:05.066Z,separate_executor,quote_run_dispatch_probe,50,1636.45,success,,200,success
p3-ex-official-vu50,dc988ad7-ec0f-4553-9c7e-d4c937f8e69b,2026-08-31T18:20:05.122Z,separate_executor,quote_run_dispatch_probe,50,1433.64,success,,200,success
p3-ex-official-vu50,77019bc5-0ca8-4509-94e3-76571c61845e,2026-08-31T18:20:05.162Z,separate_executor,quote_run_dispatch_probe,50,1269.44,success,,200,success
p3-ex-official-vu50,e5ba8393-aec3-4d49-8506-45e3425b2fef,2026-08-31T18:20:05.167Z,separate_executor,quote_run_dispatch_probe,50,1520.41,success,,200,success
p3-ex-official-vu50,4eed4060-c85a-4077-8c4f-2a2dd2503bc5,2026-08-31T18:20:05.328Z,separate_executor,quote_run_dispatch_probe,50,1991.02,success,,200,success
p3-ex-official-vu50,15c51c1b-eb9e-40cf-aeed-60245c40718a,2026-08-31T18:20:05.346Z,separate_executor,quote_run_dispatch_probe,50,1352.18,success,,200,success
p3-ex-official-vu50,733ad5ea-deb7-4790-a126-fcf99454b135,2026-08-31T18:20:05.422Z,separate_executor,quote_run_dispatch_probe,50,1333.14,success,,200,success
p3-ex-official-vu50,31e03d46-f43d-4e0c-9667-c01acb0107fe,2026-08-31T18:20:05.441Z,separate_executor,quote_run_dispatch_probe,50,1342.83,success,,200,success
p3-ex-official-vu50,06d69aea-9260-4107-ada2-68b95167af4f,2026-08-31T18:20:05.727Z,separate_executor,quote_run_dispatch_probe,50,1394.84,success,,200,success
p3-ex-official-vu50,b8ceda50-f2df-4b47-8bca-67d7b6b88003,2026-08-31T18:20:05.737Z,separate_executor,quote_run_dispatch_probe,50,1588.57,success,,200,success
p3-ex-official-vu50,1d8653d1-6122-4eb4-8392-c57438c2b234,2026-08-31T18:20:05.738Z,separate_executor,quote_run_dispatch_probe,50,1489.75,success,,200,success
p3-ex-official-vu50,fe76210a-865d-45d8-9fd3-738a7d431298,2026-08-31T18:20:05.762Z,separate_executor,quote_run_dispatch_probe,50,1522.06,success,,200,success
p3-ex-official-vu50,ea31cfb7-5ed5-4751-91dd-2bea94476215,2026-08-31T18:20:05.777Z,separate_executor,quote_run_dispatch_probe,50,1649.14,success,,200,success
p3-ex-official-vu50,f05a7e8e-99ab-48de-b745-fdc55ea30c7e,2026-08-31T18:20:05.813Z,separate_executor,quote_run_dispatch_probe,50,1435.54,success,,200,success
p3-ex-official-vu50,8ee9e353-bcc0-4b12-b922-6d9a67010e9b,2026-08-31T18:20:05.928Z,separate_executor,quote_run_dispatch_probe,50,1646.33,success,,200,success
p3-ex-official-vu50,c89fec96-1b33-425b-bd11-eda7a0265be3,2026-08-31T18:20:05.929Z,separate_executor,quote_run_dispatch_probe,50,1411.78,success,,200,success
p3-ex-official-vu50,f1246ef2-b5a9-4ef9-aa9f-e85f51f266cc,2026-08-31T18:20:05.953Z,separate_executor,quote_run_dispatch_probe,50,1239.1,success,,200,success
p3-ex-official-vu50,5f041e25-f9c0-495d-8664-fbec8e8c1038,2026-08-31T18:20:05.978Z,separate_executor,quote_run_dispatch_probe,50,1224.35,success,,200,success
p3-ex-official-vu50,590472b9-f6e0-4df5-b30c-d2186061c289,2026-08-31T18:20:05.997Z,separate_executor,quote_run_dispatch_probe,50,1225.17,success,,200,success
p3-ex-official-vu50,7f2540a0-d62e-48cf-a228-02c8f301850c,2026-08-31T18:20:06.062Z,separate_executor,quote_run_dispatch_probe,50,1396.27,success,,200,success
p3-ex-official-vu50,be06b5d3-de1e-40ea-a844-863f1ab3c925,2026-08-31T18:20:06.067Z,separate_executor,quote_run_dispatch_probe,50,1358.04,success,,200,success
p3-ex-official-vu50,7ba747ed-788c-409e-babb-f7b42d3f6ba7,2026-08-31T18:20:06.173Z,separate_executor,quote_run_dispatch_probe,50,1317.63,success,,200,success
p3-ex-official-vu50,35fb3bf7-3fbd-4d26-a772-e713751f4a86,2026-08-31T18:20:06.213Z,separate_executor,quote_run_dispatch_probe,50,1491.02,success,,200,success
p3-ex-official-vu50,de163022-ead5-4b79-9d1b-7339fca75229,2026-08-31T18:20:06.217Z,separate_executor,quote_run_dispatch_probe,50,1383.94,success,,200,success
p3-ex-official-vu50,1f4c4407-26cd-4a17-ab47-85ceaa57990b,2026-08-31T18:20:06.228Z,separate_executor,quote_run_dispatch_probe,50,1852.08,success,,200,success
p3-ex-official-vu50,7efe9268-d940-4425-83e3-53f61a13097f,2026-08-31T18:20:06.284Z,separate_executor,quote_run_dispatch_probe,50,1286.5,success,,200,success
p3-ex-official-vu50,c2bcf2d1-0ae4-42cb-9836-9374fca9eed6,2026-08-31T18:20:06.288Z,separate_executor,quote_run_dispatch_probe,50,1510.05,success,,200,success
p3-ex-official-vu50,d0504515-1dd1-46e3-b089-e80f2b724a98,2026-08-31T18:20:06.299Z,separate_executor,quote_run_dispatch_probe,50,1239.45,success,,200,success
p3-ex-official-vu50,94ef62f4-240f-49c3-ad01-0ef55d1d7ec0,2026-08-31T18:20:06.300Z,separate_executor,quote_run_dispatch_probe,50,1432.62,success,,200,success
p3-ex-official-vu50,123fe777-44c2-4d08-929d-f67d47812630,2026-08-31T18:20:06.310Z,separate_executor,quote_run_dispatch_probe,50,1444.68,success,,200,success
p3-ex-official-vu50,6f1f569f-f454-429f-8ddf-82d7eeffe59b,2026-08-31T18:20:06.319Z,separate_executor,quote_run_dispatch_probe,50,1353.12,success,,200,success
p3-ex-official-vu50,8930ef81-6991-4a06-b0d5-9eb870a50aa2,2026-08-31T18:20:06.326Z,separate_executor,quote_run_dispatch_probe,50,1427.51,success,,200,success
p3-ex-official-vu50,5bff3f63-1116-4bd4-b2e1-9e6a3d098d2a,2026-08-31T18:20:06.348Z,separate_executor,quote_run_dispatch_probe,50,1438.53,success,,200,success
p3-ex-official-vu50,d927dc0d-194f-4c78-a682-b8fe0890cb04,2026-08-31T18:20:06.378Z,separate_executor,quote_run_dispatch_probe,50,1486.86,success,,200,success
p3-ex-official-vu50,e55a261a-af47-4476-bd0e-7cb7519594f3,2026-08-31T18:20:06.386Z,separate_executor,quote_run_dispatch_probe,50,1521.58,success,,200,success
p3-ex-official-vu50,09788fee-6e84-4f63-8ddf-186f1afec1e3,2026-08-31T18:20:06.411Z,separate_executor,quote_run_dispatch_probe,50,1503.15,success,,200,success
p3-ex-official-vu50,9c2f7558-c237-4acc-a6f6-aaf8709eb7e5,2026-08-31T18:20:06.441Z,separate_executor,quote_run_dispatch_probe,50,1279.79,success,,200,success
p3-ex-official-vu50,8070cd27-7c80-44f3-bfc9-c6234d3fb693,2026-08-31T18:20:06.446Z,separate_executor,quote_run_dispatch_probe,50,1583.39,success,,200,success
p3-ex-official-vu50,05fabe89-a804-4957-ab30-378c020d95b4,2026-08-31T18:20:06.446Z,separate_executor,quote_run_dispatch_probe,50,1512.05,success,,200,success
p3-ex-official-vu50,e7c37555-c977-4d54-a92f-e826e4748222,2026-08-31T18:20:06.463Z,separate_executor,quote_run_dispatch_probe,50,1609.03,success,,200,success
p3-ex-official-vu50,cd896299-592d-4d07-a1cf-3832c0110ee2,2026-08-31T18:20:06.467Z,separate_executor,quote_run_dispatch_probe,50,1562.71,success,,200,success
p3-ex-official-vu50,63194340-4b4e-4bf8-8792-55c94e84f40e,2026-08-31T18:20:06.487Z,separate_executor,quote_run_dispatch_probe,50,1505.29,success,,200,success
p3-ex-official-vu50,adb1dcd6-cc97-4d2d-9b5d-b0fc073536b0,2026-08-31T18:20:06.505Z,separate_executor,quote_run_dispatch_probe,50,1510.33,success,,200,success
p3-ex-official-vu50,48cf7447-d8a8-4975-8085-7bffe9cc62ad,2026-08-31T18:20:06.512Z,separate_executor,quote_run_dispatch_probe,50,1466.09,success,,200,success
p3-ex-official-vu50,0456fca5-adcf-4cdc-80e3-89c568272fff,2026-08-31T18:20:06.556Z,separate_executor,quote_run_dispatch_probe,50,1516.66,success,,200,success
p3-ex-official-vu50,ae00ded2-7972-4439-a16b-d7b9dfe7176c,2026-08-31T18:20:06.557Z,separate_executor,quote_run_dispatch_probe,50,1524.5,success,,200,success
p3-ex-official-vu50,98a0da50-899c-41ef-bd43-64a75077ee28,2026-08-31T18:20:06.558Z,separate_executor,quote_run_dispatch_probe,50,1667.9,success,,200,success
p3-ex-official-vu50,720d1755-6e9c-4731-b90b-86b07a0352ed,2026-08-31T18:20:06.565Z,separate_executor,quote_run_dispatch_probe,50,1715.41,success,,200,success
p3-ex-official-vu50,c2d14a73-dab7-4890-ace3-27faa85c85d3,2026-08-31T18:20:06.610Z,separate_executor,quote_run_dispatch_probe,50,1264.06,success,,200,success
p3-ex-official-vu50,aaf47efd-1bef-4884-a29d-f1c8a9f4461d,2026-08-31T18:20:06.611Z,separate_executor,quote_run_dispatch_probe,50,1562.2,success,,200,success
p3-ex-official-vu50,809d94c2-a1f1-403c-83ef-98faa57633c0,2026-08-31T18:20:06.620Z,separate_executor,quote_run_dispatch_probe,50,1453.89,success,,200,success
p3-ex-official-vu50,43393af3-374c-496f-a1be-6c595e8d1e20,2026-08-31T18:20:06.623Z,separate_executor,quote_run_dispatch_probe,50,1632.25,success,,200,success
p3-ex-official-vu50,3cb244f3-3f8f-440e-abe6-f67b8f69fd45,2026-08-31T18:20:06.648Z,separate_executor,quote_run_dispatch_probe,50,1582.53,success,,200,success
p3-ex-official-vu50,63f4dab2-362a-450b-9e9e-41a54f1c8801,2026-08-31T18:20:06.656Z,separate_executor,quote_run_dispatch_probe,50,1533.97,success,,200,success
p3-ex-official-vu50,ecd8a88b-ddb4-4ea6-a153-a283e84ef9da,2026-08-31T18:20:06.744Z,separate_executor,quote_run_dispatch_probe,50,1714.65,success,,200,success
p3-ex-official-vu50,85019548-b1c0-4042-8e2f-9960f46fdaa7,2026-08-31T18:20:06.916Z,separate_executor,quote_run_dispatch_probe,50,1138.93,success,,200,success
p3-ex-official-vu50,0adc01a4-febd-4497-bbba-b3212f928942,2026-08-31T18:20:06.957Z,separate_executor,quote_run_dispatch_probe,50,1534.67,success,,200,success
p3-ex-official-vu50,75faa3f9-37f0-4812-8a1d-b9146d1c2b27,2026-08-31T18:20:07.044Z,separate_executor,quote_run_dispatch_probe,50,1715.98,success,,200,success
p3-ex-official-vu50,c1824751-1597-4584-a760-3b038231148f,2026-08-31T18:20:07.069Z,separate_executor,quote_run_dispatch_probe,50,1141.39,success,,200,success
p3-ex-official-vu50,97733172-8493-48d6-be89-79fed5c415b4,2026-08-31T18:20:07.110Z,separate_executor,quote_run_dispatch_probe,50,1157.01,success,,200,success
p3-ex-official-vu50,f0c97615-4892-41f7-a87f-2b29fa4c4e31,2026-08-31T18:20:07.122Z,separate_executor,quote_run_dispatch_probe,50,1125.21,success,,200,success
p3-ex-official-vu50,a1c9f619-d4e2-43d0-bdfb-e45be688b2d2,2026-08-31T18:20:07.122Z,separate_executor,quote_run_dispatch_probe,50,1681.14,success,,200,success
p3-ex-official-vu50,846fd704-d1b2-418a-9f03-b0b7ea8ac4fd,2026-08-31T18:20:07.212Z,separate_executor,quote_run_dispatch_probe,50,1473.78,success,,200,success
p3-ex-official-vu50,13bf5131-c30e-4153-8b20-1da5cb2d786c,2026-08-31T18:20:07.212Z,separate_executor,quote_run_dispatch_probe,50,1450.2,success,,200,success
p3-ex-official-vu50,e5354fa8-30fd-427a-a354-f449e79980e4,2026-08-31T18:20:07.217Z,separate_executor,quote_run_dispatch_probe,50,1489.85,success,,200,success
p3-ex-official-vu50,860bdc6b-07ec-4c6e-94d9-f34bd63d5b84,2026-08-31T18:20:07.227Z,separate_executor,quote_run_dispatch_probe,50,1489.96,success,,200,success
p3-ex-official-vu50,d8b0713a-b7af-4f8e-8b24-63c68b69dd6c,2026-08-31T18:20:07.313Z,separate_executor,quote_run_dispatch_probe,50,1335.41,success,,200,success
p3-ex-official-vu50,5cc52c1a-ec5d-4e1a-9f3f-6cc6c1a80651,2026-08-31T18:20:07.314Z,separate_executor,quote_run_dispatch_probe,50,1141.35,success,,200,success
p3-ex-official-vu50,e29ffe8e-7f16-4a08-a379-0701f6aaa9a8,2026-08-31T18:20:07.356Z,separate_executor,quote_run_dispatch_probe,50,1427.63,success,,200,success
p3-ex-official-vu50,9b737f97-58de-4543-ab41-96e29d64595c,2026-08-31T18:20:07.423Z,separate_executor,quote_run_dispatch_probe,50,1610.17,success,,200,success
p3-ex-official-vu50,30bff68b-9f54-430b-a54b-4ab919af2cbf,2026-08-31T18:20:07.467Z,separate_executor,quote_run_dispatch_probe,50,1168.38,success,,200,success
p3-ex-official-vu50,c21f9150-a3d1-47d0-905d-b36d2f6b4d84,2026-08-31T18:20:07.554Z,separate_executor,quote_run_dispatch_probe,50,1486.65,success,,200,success
p3-ex-official-vu50,47a356d1-317a-4aa3-bf46-cd022cdba345,2026-08-31T18:20:07.558Z,separate_executor,quote_run_dispatch_probe,50,1344.96,success,,200,success
p3-ex-official-vu50,612761af-5bf4-4071-af13-3e8042033133,2026-08-31T18:20:07.581Z,separate_executor,quote_run_dispatch_probe,50,1270.58,success,,200,success
p3-ex-official-vu50,2dee6f6b-dd88-4731-a0f5-f25dc036f295,2026-08-31T18:20:07.581Z,separate_executor,quote_run_dispatch_probe,50,1519.47,success,,200,success
p3-ex-official-vu50,ee2f67a7-ac17-4840-8972-933e02ea34ea,2026-08-31T18:20:07.608Z,separate_executor,quote_run_dispatch_probe,50,1390.46,success,,200,success
p3-ex-official-vu50,af70868a-6316-4763-b788-a9bad39e93d9,2026-08-31T18:20:07.609Z,separate_executor,quote_run_dispatch_probe,50,1283.66,success,,200,success
p3-ex-official-vu50,67c37163-d44b-44b0-ba44-ba29ac100b49,2026-08-31T18:20:07.813Z,separate_executor,quote_run_dispatch_probe,50,1465.37,success,,200,success
p3-ex-official-vu50,b45e83e4-9d38-4de6-8db6-06c9386742b6,2026-08-31T18:20:07.814Z,separate_executor,quote_run_dispatch_probe,50,1513.73,success,,200,success
p3-ex-official-vu50,80b82374-cfdb-4ff7-b33a-1679f8a77cbb,2026-08-31T18:20:07.948Z,separate_executor,quote_run_dispatch_probe,50,1664.05,success,,200,success
p3-ex-official-vu50,ddfdd87e-dd73-4d67-8273-9e0698847891,2026-08-31T18:20:08.288Z,separate_executor,quote_run_dispatch_probe,50,1846.08,success,,200,success
p3-ex-official-vu50,13cb9520-b766-48af-8871-6b583eeae9d0,2026-08-31T18:20:08.289Z,separate_executor,quote_run_dispatch_probe,50,1731.1,success,,200,success
p3-ex-official-vu50,879959fc-4c82-4cac-9217-4b3921fe4cf7,2026-08-31T18:20:08.307Z,separate_executor,quote_run_dispatch_probe,50,2079.08,success,,200,success
p3-ex-official-vu50,fad5d35f-21bf-4214-aea7-966257a5b4c1,2026-08-31T18:20:08.310Z,separate_executor,quote_run_dispatch_probe,50,1846.22,success,,200,success
p3-ex-official-vu50,1068a79b-54b3-45ca-a8b3-9ede5d92e05e,2026-08-31T18:20:08.310Z,separate_executor,quote_run_dispatch_probe,50,1699.57,success,,200,success
p3-ex-official-vu50,b5d72327-ebd3-437e-8c82-342a0d94757e,2026-08-31T18:20:08.311Z,separate_executor,quote_run_dispatch_probe,50,1805.75,success,,200,success
p3-ex-official-vu50,6fd471a6-8686-4be5-bab3-3c09c5877ff9,2026-08-31T18:20:08.311Z,separate_executor,quote_run_dispatch_probe,50,1864.44,success,,200,success
p3-ex-official-vu50,11ca4c4b-0303-417c-8561-dbb28ecf5f22,2026-08-31T18:20:08.978Z,separate_executor,quote_run_dispatch_probe,50,2689.55,success,,200,success
p3-ex-official-vu50,900c30b8-5258-4e73-8a1d-94eedda147af,2026-08-31T18:20:08.978Z,separate_executor,quote_run_dispatch_probe,50,2491.56,success,,200,success
p3-ex-official-vu50,8cf5a874-3b74-4242-9f99-85e2cb8adb63,2026-08-31T18:20:09.000Z,separate_executor,quote_run_dispatch_probe,50,2680.57,success,,200,success
p3-ex-official-vu50,177f30d3-7918-4e50-84e6-0de33680d031,2026-08-31T18:20:09.028Z,separate_executor,quote_run_dispatch_probe,50,2649.75,success,,200,success
p3-ex-official-vu50,6a4613f6-a769-4e46-90cf-dc2522bcd28c,2026-08-31T18:20:09.028Z,separate_executor,quote_run_dispatch_probe,50,2642,success,,200,success
p3-ex-official-vu50,66c3eb51-9bc4-415f-8de9-1228979f3263,2026-08-31T18:20:09.028Z,separate_executor,quote_run_dispatch_probe,50,2472.28,success,,200,success
p3-ex-official-vu50,bcb264c7-1e48-464a-9af6-8add9a169eb2,2026-08-31T18:20:09.029Z,separate_executor,quote_run_dispatch_probe,50,2408.03,success,,200,success
p3-ex-official-vu50,ae06c018-1288-45d5-996c-8e36350a1c5b,2026-08-31T18:20:09.029Z,separate_executor,quote_run_dispatch_probe,50,2471.66,success,,200,success
p3-ex-official-vu50,2f6b1122-92c2-40ca-ae53-daeb0930de29,2026-08-31T18:20:09.863Z,separate_executor,quote_run_dispatch_probe,50,3395.82,success,,200,success
p3-ex-official-vu50,fd21352f-a4a2-4fd9-b36b-f1d2ee4637cd,2026-08-31T18:20:09.877Z,separate_executor,quote_run_dispatch_probe,50,3364.9,success,,200,success
p3-ex-official-vu50,ab41b545-7d59-41b4-8ff7-2a4e9ebe74cc,2026-08-31T18:20:09.878Z,separate_executor,quote_run_dispatch_probe,50,3268.4,success,,200,success
p3-ex-official-vu50,7b5a229e-1e01-446d-9d76-7345b2b666c6,2026-08-31T18:20:09.891Z,separate_executor,quote_run_dispatch_probe,50,3234.58,success,,200,success
p3-ex-official-vu50,1968ed9f-fce9-4214-a15d-7e8b081223c2,2026-08-31T18:20:09.892Z,separate_executor,quote_run_dispatch_probe,50,2975.68,success,,200,success
p3-ex-official-vu50,7e8a8ea7-ff4e-4e0e-ac25-063c7107c4ee,2026-08-31T18:20:09.893Z,separate_executor,quote_run_dispatch_probe,50,3481.9,success,,200,success
p3-ex-official-vu50,885bdf24-8151-4962-ad05-cbcb7c8b0988,2026-08-31T18:20:09.893Z,separate_executor,quote_run_dispatch_probe,50,3447.46,success,,200,success
p3-ex-official-vu50,9f32db55-0875-4d28-b871-116b51fd0829,2026-08-31T18:20:09.906Z,separate_executor,quote_run_dispatch_probe,50,3282.78,success,,200,success
p3-ex-official-vu50,53114137-be58-4121-94df-4b32f7a4af92,2026-08-31T18:20:09.913Z,separate_executor,quote_run_dispatch_probe,50,2802.75,success,,200,success
p3-ex-official-vu50,305652e1-ddb3-45f9-8a07-3e139cfa5105,2026-08-31T18:20:09.914Z,separate_executor,quote_run_dispatch_probe,50,2844.2,success,,200,success
p3-ex-official-vu50,a78e269e-14ed-4bf2-95da-40502542a012,2026-08-31T18:20:09.915Z,separate_executor,quote_run_dispatch_probe,50,3170.12,success,,200,success
p3-ex-official-vu50,5eac5981-9a24-4cc9-905b-9319f58f5463,2026-08-31T18:20:09.922Z,separate_executor,quote_run_dispatch_probe,50,3356.89,success,,200,success
p3-ex-official-vu50,7223c0a4-3648-499f-870a-c01576558008,2026-08-31T18:20:09.923Z,separate_executor,quote_run_dispatch_probe,50,3274.84,success,,200,success
p3-ex-official-vu50,04ca2ed3-e2be-4c8e-a3a2-e6cb0b7ed77b,2026-08-31T18:20:09.928Z,separate_executor,quote_run_dispatch_probe,50,2805.71,success,,200,success
p3-ex-official-vu50,dacf285e-e401-453a-ae26-b23839164dfa,2026-08-31T18:20:09.928Z,separate_executor,quote_run_dispatch_probe,50,2971.27,success,,200,success
p3-ex-official-vu50,afb23296-1a59-4248-a307-13acb76278db,2026-08-31T18:20:09.933Z,separate_executor,quote_run_dispatch_probe,50,2619.09,success,,200,success
p3-ex-official-vu50,dbf71afc-8182-4904-a3b5-722c26a3fbe9,2026-08-31T18:20:09.938Z,separate_executor,quote_run_dispatch_probe,50,2623.95,success,,200,success
p3-ex-official-vu50,1a4a060e-c13f-4813-b7c5-d095c036ac6a,2026-08-31T18:20:09.947Z,separate_executor,quote_run_dispatch_probe,50,2734.81,success,,200,success
p3-ex-official-vu50,cd1f3a2d-5f3d-498f-97f8-813dd233fcf3,2026-08-31T18:20:09.947Z,separate_executor,quote_run_dispatch_probe,50,2824.83,success,,200,success
p3-ex-official-vu50,d666fa98-8f10-4a21-955d-381e2115b2e4,2026-08-31T18:20:09.948Z,separate_executor,quote_run_dispatch_probe,50,2480.73,success,,200,success
p3-ex-official-vu50,8fa37a03-88dd-424f-b5ea-fd0a57e55a43,2026-08-31T18:20:10.007Z,separate_executor,quote_run_dispatch_probe,50,2962.67,success,,200,success
p3-ex-official-vu50,a10f777b-ecd7-4ae9-8216-79ad4984b6f2,2026-08-31T18:20:10.008Z,separate_executor,quote_run_dispatch_probe,50,2780.88,success,,200,success
p3-ex-official-vu50,fbd7b3c3-8105-4e6f-bbc3-3576d570fcf4,2026-08-31T18:20:10.011Z,separate_executor,quote_run_dispatch_probe,50,2430.07,success,,200,success
p3-ex-official-vu50,6fadff8b-c0ed-4444-9add-04ed14f5e7c6,2026-08-31T18:20:10.012Z,separate_executor,quote_run_dispatch_probe,50,2799.25,success,,200,success
p3-ex-official-vu50,c10be502-0665-4024-8229-51e362b43a63,2026-08-31T18:20:10.015Z,separate_executor,quote_run_dispatch_probe,50,2460.92,success,,200,success
p3-ex-official-vu50,32baa40e-7117-4e01-81f1-af6569d6375b,2026-08-31T18:20:10.016Z,separate_executor,quote_run_dispatch_probe,50,2592.45,success,,200,success
p3-ex-official-vu50,9b0ce442-8b5f-436e-baff-8418dbac8bab,2026-08-31T18:20:10.023Z,separate_executor,quote_run_dispatch_probe,50,2806.05,success,,200,success
p3-ex-official-vu50,ef4cbb88-fcdf-4a17-b2d8-aef4107d8f3f,2026-08-31T18:20:10.024Z,separate_executor,quote_run_dispatch_probe,50,2667.61,success,,200,success
p3-ex-official-vu50,d3c1d83e-8207-445d-ba98-5fdc42b618fa,2026-08-31T18:20:10.025Z,separate_executor,quote_run_dispatch_probe,50,2443.39,success,,200,success
p3-ex-official-vu50,2fdd40b0-dc5d-4098-b670-804123db0665,2026-08-31T18:20:10.025Z,separate_executor,quote_run_dispatch_probe,50,2467.53,success,,200,success
p3-ex-official-vu50,3cac4f7e-aa21-4655-ac1a-dee82cb2032b,2026-08-31T18:20:10.026Z,separate_executor,quote_run_dispatch_probe,50,2416.59,success,,200,success
p3-ex-official-vu50,14ceeab8-eaeb-4f66-a798-069305490431,2026-08-31T18:20:10.030Z,separate_executor,quote_run_dispatch_probe,50,2421.5,success,,200,success
p3-ex-official-vu50,0d92aeb3-cfe7-443e-9029-30d05e19b554,2026-08-31T18:20:10.030Z,separate_executor,quote_run_dispatch_probe,50,2216.85,success,,200,success
p3-ex-official-vu50,e32163c9-666b-4210-9c50-7b2c9cd4de22,2026-08-31T18:20:10.031Z,separate_executor,quote_run_dispatch_probe,50,2217,success,,200,success
p3-ex-official-vu50,4b1f877d-d50e-4f2e-91e7-7339954c3cbf,2026-08-31T18:20:10.036Z,separate_executor,quote_run_dispatch_probe,50,2087.93,success,,200,success
p3-ex-official-vu50,0c729e92-f887-41c8-8ac7-0f1a64e22b94,2026-08-31T18:20:10.047Z,separate_executor,quote_run_dispatch_probe,50,1737.1,success,,200,success
p3-ex-official-vu50,49c2b690-4e16-492e-badb-95d95ddc67f7,2026-08-31T18:20:10.047Z,separate_executor,quote_run_dispatch_probe,50,1759.37,success,,200,success
p3-ex-official-vu50,76c50a74-3069-4751-b818-1d8b05e010a1,2026-08-31T18:20:10.048Z,separate_executor,quote_run_dispatch_probe,50,1740.69,success,,200,success
p3-ex-official-vu50,b7f92d11-e324-4d8a-872c-f892709cb535,2026-08-31T18:20:10.061Z,separate_executor,quote_run_dispatch_probe,50,1772.21,success,,200,success
p3-ex-official-vu50,696cd95b-d35e-448b-8962-f46d71e79d1e,2026-08-31T18:20:10.062Z,separate_executor,quote_run_dispatch_probe,50,1750.68,success,,200,success
p3-ex-official-vu50,a0c4b19a-7f90-42da-9e98-88d5bc24a118,2026-08-31T18:20:10.062Z,separate_executor,quote_run_dispatch_probe,50,1751.75,success,,200,success
p3-ex-official-vu50,0413a4a5-69d3-468b-a38b-3238669c09fa,2026-08-31T18:20:10.124Z,separate_executor,quote_run_dispatch_probe,50,1813.35,success,,200,success
p3-ex-official-vu50,9176d31b-aad7-4d3b-8137-3cb620564dd1,2026-08-31T18:20:10.125Z,separate_executor,quote_run_dispatch_probe,50,1096.4,success,,200,success
p3-ex-official-vu50,40ea143d-a4b9-41c7-80dd-965dc8a3b3d1,2026-08-31T18:20:10.125Z,separate_executor,quote_run_dispatch_probe,50,1096.55,success,,200,success
p3-ex-official-vu50,d28b5484-45a0-4714-96bf-12d948862bb0,2026-08-31T18:20:10.148Z,separate_executor,quote_run_dispatch_probe,50,1118.95,success,,200,success
p3-ex-official-vu50,cc97c7fd-212f-41f5-9a5d-64b9ae3f36b3,2026-08-31T18:20:10.149Z,separate_executor,quote_run_dispatch_probe,50,1170.52,success,,200,success
p3-ex-official-vu50,49318810-9fcb-4d0f-b0d7-06275ee43abe,2026-08-31T18:20:10.150Z,separate_executor,quote_run_dispatch_probe,50,1171.73,success,,200,success
p3-ex-official-vu50,74ba8e20-1919-4a3d-b73f-1208e2e67b95,2026-08-31T18:20:10.163Z,separate_executor,quote_run_dispatch_probe,50,1163.74,success,,200,success
p3-ex-official-vu50,8df7f094-494b-49ee-bcf5-5550c4245f9b,2026-08-31T18:20:10.165Z,separate_executor,quote_run_dispatch_probe,50,1137.21,success,,200,success
p3-ex-official-vu50,da3b46fd-ddfb-4f51-b719-5b4a1bdfbf2a,2026-08-31T18:20:10.167Z,separate_executor,quote_run_dispatch_probe,50,1139.05,success,,200,success
p3-ex-official-vu50,3a070123-f6be-49c2-be63-3cbc47acfa93,2026-08-31T18:20:10.858Z,separate_executor,quote_run_dispatch_probe,50,964.59,success,,200,success
p3-ex-official-vu50,94548305-28d2-4f28-a0e8-f1ea289af603,2026-08-31T18:20:10.978Z,separate_executor,quote_run_dispatch_probe,50,1030.46,success,,200,success
p3-ex-official-vu50,5ee44c75-7248-450f-9f1f-0cd510e6c0d3,2026-08-31T18:20:11.038Z,separate_executor,quote_run_dispatch_probe,50,1159.68,success,,200,success
p3-ex-official-vu50,88ca32e0-c683-41f3-b150-de44806ead1a,2026-08-31T18:20:11.073Z,separate_executor,quote_run_dispatch_probe,50,1196.09,success,,200,success
p3-ex-official-vu50,a0eb1987-0d24-438c-a1ef-245c8f53b6f9,2026-08-31T18:20:11.076Z,separate_executor,quote_run_dispatch_probe,50,1162.65,success,,200,success
p3-ex-official-vu50,d3a52ee7-a4ae-41e3-be15-2ad5ad4cf435,2026-08-31T18:20:11.077Z,separate_executor,quote_run_dispatch_probe,50,1143.89,success,,200,success
p3-ex-official-vu50,dbbaa2cc-447b-4567-beb2-1f11f92bdcef,2026-08-31T18:20:11.090Z,separate_executor,quote_run_dispatch_probe,50,1198.6,success,,200,success
p3-ex-official-vu50,dbf42c39-de9e-49d8-9e9e-fa298983f4b9,2026-08-31T18:20:11.134Z,separate_executor,quote_run_dispatch_probe,50,1270.75,success,,200,success
p3-ex-official-vu50,efa1b121-6f04-44c3-9c98-c6e7ba26d1f8,2026-08-31T18:20:11.145Z,separate_executor,quote_run_dispatch_probe,50,1216.96,success,,200,success
p3-ex-official-vu50,29488cc9-2b51-459a-8885-a6e7cf24cb7c,2026-08-31T18:20:11.187Z,separate_executor,quote_run_dispatch_probe,50,1280.74,success,,200,success
p3-ex-official-vu50,ff550c81-1495-4897-9084-3a27e85ef9d7,2026-08-31T18:20:11.190Z,separate_executor,quote_run_dispatch_probe,50,1163.73,success,,200,success
p3-ex-official-vu50,cb56c058-871c-4a49-9abf-dd06166c0426,2026-08-31T18:20:11.213Z,separate_executor,quote_run_dispatch_probe,50,1188,success,,200,success
p3-ex-official-vu50,bffea168-b1f4-453c-9721-f4bcf719d09e,2026-08-31T18:20:11.245Z,separate_executor,quote_run_dispatch_probe,50,1322.17,success,,200,success
p3-ex-official-vu50,ed471bad-cd0f-427c-8ce9-5e3238b2d188,2026-08-31T18:20:11.263Z,separate_executor,quote_run_dispatch_probe,50,1215.38,success,,200,success
p3-ex-official-vu50,a062c5fd-84fa-4a41-ad1c-879ff5d49a4b,2026-08-31T18:20:11.263Z,separate_executor,quote_run_dispatch_probe,50,1239.19,success,,200,success
p3-ex-official-vu50,1ed3a003-6379-4546-9ff8-efcc53f0d99f,2026-08-31T18:20:11.275Z,separate_executor,quote_run_dispatch_probe,50,1213.2,success,,200,success
p3-ex-official-vu50,644b2e0b-9616-4260-b7e5-f6b10fc7087c,2026-08-31T18:20:11.282Z,separate_executor,quote_run_dispatch_probe,50,1354.11,success,,200,success
p3-ex-official-vu50,f9e727c8-6d90-4a5f-8379-ad74c1c12809,2026-08-31T18:20:11.290Z,separate_executor,quote_run_dispatch_probe,50,1367.34,success,,200,success
p3-ex-official-vu50,d5fa3c79-7c89-4348-9b2e-70d321dd6dd8,2026-08-31T18:20:11.306Z,separate_executor,quote_run_dispatch_probe,50,1391.66,success,,200,success
p3-ex-official-vu50,b46aa7b8-c0df-4d59-8873-c91134656314,2026-08-31T18:20:11.319Z,separate_executor,quote_run_dispatch_probe,50,1271.09,success,,200,success
p3-ex-official-vu50,cc164870-cdd8-4ecc-8bac-befaf49adf86,2026-08-31T18:20:11.382Z,separate_executor,quote_run_dispatch_probe,50,1335.51,success,,200,success
p3-ex-official-vu50,936be03e-5c57-49c3-94b5-1ff03cca4b18,2026-08-31T18:20:11.402Z,separate_executor,quote_run_dispatch_probe,50,1394.79,success,,200,success
p3-ex-official-vu50,699fda01-6e55-4abb-88ec-5e571a6a63ab,2026-08-31T18:20:11.424Z,separate_executor,quote_run_dispatch_probe,50,1486.04,success,,200,success
p3-ex-official-vu50,877eb522-fbd0-4cad-bb56-5869cc1649af,2026-08-31T18:20:11.426Z,separate_executor,quote_run_dispatch_probe,50,1532.75,success,,200,success
p3-ex-official-vu50,a306dbcf-30eb-4f53-95b0-a14fce2f9c35,2026-08-31T18:20:11.428Z,separate_executor,quote_run_dispatch_probe,50,1480.94,success,,200,success
p3-ex-official-vu50,3f907bae-92ad-41aa-bd1e-432e389537f9,2026-08-31T18:20:11.431Z,separate_executor,quote_run_dispatch_probe,50,1394.38,success,,200,success
p3-ex-official-vu50,fbed91cb-e74d-4fd0-91ce-404d6bd43f60,2026-08-31T18:20:11.432Z,separate_executor,quote_run_dispatch_probe,50,1406.65,success,,200,success
p3-ex-official-vu50,9707ecca-3a7b-4ce4-83a1-024c59337dc7,2026-08-31T18:20:11.433Z,separate_executor,quote_run_dispatch_probe,50,1371.19,success,,200,success
p3-ex-official-vu50,eff7ac5c-44db-4978-b6af-e2c7e02f45cf,2026-08-31T18:20:11.440Z,separate_executor,quote_run_dispatch_probe,50,1527.17,success,,200,success
p3-ex-official-vu50,3228a034-ffc0-4d3b-abbf-f2bd47d2fece,2026-08-31T18:20:11.444Z,separate_executor,quote_run_dispatch_probe,50,1552.02,success,,200,success
p3-ex-official-vu50,ba29d7cc-2112-444a-9f82-ef0dd2d0ac04,2026-08-31T18:20:11.445Z,separate_executor,quote_run_dispatch_probe,50,1320.49,success,,200,success
p3-ex-official-vu50,b8fc9d9e-e2f6-4606-afc9-a0cb0007d151,2026-08-31T18:20:11.448Z,separate_executor,quote_run_dispatch_probe,50,1418.15,success,,200,success
p3-ex-official-vu50,f33f8622-a93d-4719-8f2f-88e489822a22,2026-08-31T18:20:11.463Z,separate_executor,quote_run_dispatch_probe,50,1451.86,success,,200,success
p3-ex-official-vu50,92bd685a-fc5f-4d00-b279-7de1d6825de3,2026-08-31T18:20:11.468Z,separate_executor,quote_run_dispatch_probe,50,1521.73,success,,200,success
p3-ex-official-vu50,4f919632-b474-4349-9ac5-dcf61601da8c,2026-08-31T18:20:11.476Z,separate_executor,quote_run_dispatch_probe,50,1444.67,success,,200,success
p3-ex-official-vu50,56c81f75-9330-443f-b2d8-c3950a02f0f2,2026-08-31T18:20:11.476Z,separate_executor,quote_run_dispatch_probe,50,1445.82,success,,200,success
p3-ex-official-vu50,557c36fe-238f-4701-95bb-85c767cd361a,2026-08-31T18:20:11.493Z,separate_executor,quote_run_dispatch_probe,50,1469.63,success,,200,success
p3-ex-official-vu50,ba32ecb7-ae33-4b73-8c36-dcd096497892,2026-08-31T18:20:11.507Z,separate_executor,quote_run_dispatch_probe,50,1495.54,success,,200,success
p3-ex-official-vu50,cdefad7c-478d-4023-a4e3-ba0a7dbdd42d,2026-08-31T18:20:11.513Z,separate_executor,quote_run_dispatch_probe,50,1387.75,success,,200,success
p3-ex-official-vu50,c815b50a-4cfb-4f4e-a15a-149e1cfaa8aa,2026-08-31T18:20:11.513Z,separate_executor,quote_run_dispatch_probe,50,1452.14,success,,200,success
p3-ex-official-vu50,80c485df-df00-4b4b-8eac-fb5184689dcb,2026-08-31T18:20:11.521Z,separate_executor,quote_run_dispatch_probe,50,1355.7,success,,200,success
p3-ex-official-vu50,db470912-8361-42ae-b3ab-771661729d83,2026-08-31T18:20:11.526Z,separate_executor,quote_run_dispatch_probe,50,1518.43,success,,200,success
p3-ex-official-vu50,000c26c6-17fc-4bbb-ba57-f73fe209bc08,2026-08-31T18:20:11.575Z,separate_executor,quote_run_dispatch_probe,50,1559.71,success,,200,success
p3-ex-official-vu50,b6b1ce61-1257-4e21-99cd-d2571bac715e,2026-08-31T18:20:11.577Z,separate_executor,quote_run_dispatch_probe,50,1428.34,success,,200,success
p3-ex-official-vu50,f5bf8bdc-4117-447a-a971-ca87d058b854,2026-08-31T18:20:11.583Z,separate_executor,quote_run_dispatch_probe,50,1416.2,success,,200,success
p3-ex-official-vu50,d12a3eb4-8d32-4d0d-ba0f-5d6b53c6eb7d,2026-08-31T18:20:11.620Z,separate_executor,quote_run_dispatch_probe,50,1470.35,success,,200,success
p3-ex-official-vu50,77c46296-3dcd-46b9-b8c4-9b5c12f4f2a1,2026-08-31T18:20:11.628Z,separate_executor,quote_run_dispatch_probe,50,1503.62,success,,200,success
p3-ex-official-vu50,0e29aa94-6829-414f-9647-dfb9deb9eeb1,2026-08-31T18:20:11.701Z,separate_executor,quote_run_dispatch_probe,50,1552.81,success,,200,success
p3-ex-official-vu50,930750df-7ab0-4f7b-9a9c-e0935906d068,2026-08-31T18:20:11.709Z,separate_executor,quote_run_dispatch_probe,50,1692.98,success,,200,success
p3-ex-official-vu50,c9709c39-9a49-473f-a23e-880192b4ebd7,2026-08-31T18:20:11.830Z,separate_executor,quote_run_dispatch_probe,50,1666.51,success,,200,success
p3-ex-official-vu50,b4b6eac8-7ee9-45e2-80eb-3d6b739e359a,2026-08-31T18:20:11.932Z,separate_executor,quote_run_dispatch_probe,50,953.9,success,,200,success
p3-ex-official-vu50,781b29ee-95bb-4b8c-bd2a-9c5997d6f192,2026-08-31T18:20:12.188Z,separate_executor,quote_run_dispatch_probe,50,1329.72,success,,200,success
p3-ex-official-vu50,8adbf379-1592-47ed-bb69-dd609e7211f4,2026-08-31T18:20:12.215Z,separate_executor,quote_run_dispatch_probe,50,1139.13,success,,200,success
p3-ex-official-vu50,84f7773b-5a28-4f23-8e91-24563ae86606,2026-08-31T18:20:12.232Z,separate_executor,quote_run_dispatch_probe,50,1194.46,success,,200,success
p3-ex-official-vu50,2f806355-b5f2-46f8-b92d-4aae917a5c59,2026-08-31T18:20:12.244Z,separate_executor,quote_run_dispatch_probe,50,1098.6,success,,200,success
p3-ex-official-vu50,725514ac-3ba6-44fb-9f10-6d9bd7b8fffd,2026-08-31T18:20:12.338Z,separate_executor,quote_run_dispatch_probe,50,1125.6,success,,200,success
p3-ex-official-vu50,fe5a1fdd-eb13-4ccc-83b9-8a710359a1f7,2026-08-31T18:20:12.349Z,separate_executor,quote_run_dispatch_probe,50,1214.37,success,,200,success
p3-ex-official-vu50,dd38f904-39a5-42e3-855e-6d5be3c7a583,2026-08-31T18:20:12.360Z,separate_executor,quote_run_dispatch_probe,50,1286.61,success,,200,success
p3-ex-official-vu50,5674996a-970c-498d-8a2e-b296daefbe2a,2026-08-31T18:20:12.412Z,separate_executor,quote_run_dispatch_probe,50,1149.28,success,,200,success
p3-ex-official-vu50,5bfec3a0-963e-42f0-b403-9d9acafc49fd,2026-08-31T18:20:12.436Z,separate_executor,quote_run_dispatch_probe,50,1246.01,success,,200,success
p3-ex-official-vu50,05f31cc5-beaa-4eaa-97e5-11093dc6d6b5,2026-08-31T18:20:12.482Z,separate_executor,quote_run_dispatch_probe,50,1099.35,success,,200,success
p3-ex-official-vu50,67d750c7-7625-45a8-9aff-025f1098e3cb,2026-08-31T18:20:12.482Z,separate_executor,quote_run_dispatch_probe,50,1392.65,success,,200,success
p3-ex-official-vu50,39d71947-f671-4fc6-b04f-4bbccc8fc922,2026-08-31T18:20:12.484Z,separate_executor,quote_run_dispatch_probe,50,1406.25,success,,200,success
p3-ex-official-vu50,11a4b8a2-fa3f-4c63-af96-1442deccccce,2026-08-31T18:20:12.547Z,separate_executor,quote_run_dispatch_probe,50,1283.84,success,,200,success
p3-ex-official-vu50,2749c088-4bca-47ce-addb-ca3adec3005f,2026-08-31T18:20:12.562Z,separate_executor,quote_run_dispatch_probe,50,1242.91,success,,200,success
p3-ex-official-vu50,d16b1451-90b5-4605-86f0-7abff7924775,2026-08-31T18:20:12.583Z,separate_executor,quote_run_dispatch_probe,50,1308.13,success,,200,success
p3-ex-official-vu50,23084fba-02f8-4367-8a0a-ba6d1d98b5ce,2026-08-31T18:20:12.591Z,separate_executor,quote_run_dispatch_probe,50,1403.46,success,,200,success
p3-ex-official-vu50,641a28d4-6d4a-49f4-bd3d-027c54c2c6e6,2026-08-31T18:20:12.653Z,separate_executor,quote_run_dispatch_probe,50,1227.83,success,,200,success
p3-ex-official-vu50,385cf679-8e43-4c77-9133-4ad152781591,2026-08-31T18:20:12.662Z,separate_executor,quote_run_dispatch_probe,50,1186.22,success,,200,success
p3-ex-official-vu50,b77311ef-7f0d-4b6b-8762-3962a190fc5f,2026-08-31T18:20:12.703Z,separate_executor,quote_run_dispatch_probe,50,1413.58,success,,200,success
p3-ex-official-vu50,23e6b260-5fcd-4f37-a13f-673cf8e2fbc6,2026-08-31T18:20:12.705Z,separate_executor,quote_run_dispatch_probe,50,1422.75,success,,200,success
p3-ex-official-vu50,eceded3b-e6b7-4c44-99aa-9c06c2538a18,2026-08-31T18:20:12.766Z,separate_executor,quote_run_dispatch_probe,50,1290.2,success,,200,success
p3-ex-official-vu50,9194c9df-cf72-4e47-ac7c-b443ad6c496f,2026-08-31T18:20:12.769Z,separate_executor,quote_run_dispatch_probe,50,1523.91,success,,200,success
p3-ex-official-vu50,e1de120a-1690-4bff-acd6-555dc0396318,2026-08-31T18:20:12.790Z,separate_executor,quote_run_dispatch_probe,50,1357.07,success,,200,success
p3-ex-official-vu50,533849c2-c174-4484-a3ad-c33c8558ba22,2026-08-31T18:20:12.835Z,separate_executor,quote_run_dispatch_probe,50,1433.17,success,,200,success
p3-ex-official-vu50,e023560e-673b-4c8a-82ca-d71124e09633,2026-08-31T18:20:12.859Z,separate_executor,quote_run_dispatch_probe,50,1428.01,success,,200,success
p3-ex-official-vu50,0fc6ad37-2289-4e73-937c-9ce7decaae41,2026-08-31T18:20:12.876Z,separate_executor,quote_run_dispatch_probe,50,1452.51,success,,200,success
p3-ex-official-vu50,d8f41987-b5be-4395-87f5-5bc5e69b1b0e,2026-08-31T18:20:12.877Z,separate_executor,quote_run_dispatch_probe,50,1369.29,success,,200,success
p3-ex-official-vu50,ebd71583-8f07-43de-8a7b-0464d7435c18,2026-08-31T18:20:12.909Z,separate_executor,quote_run_dispatch_probe,50,1395.53,success,,200,success
p3-ex-official-vu50,29a7eb0b-6afe-4fe9-ac59-f40ca10ab146,2026-08-31T18:20:12.957Z,separate_executor,quote_run_dispatch_probe,50,1436.5,success,,200,success
p3-ex-official-vu50,5529b57c-805f-41dd-b11c-c9eaf0776732,2026-08-31T18:20:12.959Z,separate_executor,quote_run_dispatch_probe,50,1495.94,success,,200,success
p3-ex-official-vu50,43c14fa4-a791-4199-9188-bde7e9103798,2026-08-31T18:20:12.968Z,separate_executor,quote_run_dispatch_probe,50,1393.62,success,,200,success
p3-ex-official-vu50,339b0101-aac4-4668-93c5-6ebe619ccb85,2026-08-31T18:20:12.978Z,separate_executor,quote_run_dispatch_probe,50,1533.97,success,,200,success
p3-ex-official-vu50,48cab02a-9d84-4568-8d13-42398d578b8f,2026-08-31T18:20:12.981Z,separate_executor,quote_run_dispatch_probe,50,1404.09,success,,200,success
p3-ex-official-vu50,fdb56c91-06a8-4372-9c9c-b6f6894c1d78,2026-08-31T18:20:13.018Z,separate_executor,quote_run_dispatch_probe,50,1573.25,success,,200,success
p3-ex-official-vu50,b4ca6930-bd6f-4d17-924e-6d91d6669070,2026-08-31T18:20:13.034Z,separate_executor,quote_run_dispatch_probe,50,1601.54,success,,200,success
p3-ex-official-vu50,735ccd07-c9e4-4f45-921e-aef0f2463c26,2026-08-31T18:20:13.045Z,separate_executor,quote_run_dispatch_probe,50,1416.39,success,,200,success
p3-ex-official-vu50,6bb5a752-a2cd-40bf-88dd-fc1fada849c2,2026-08-31T18:20:13.118Z,separate_executor,quote_run_dispatch_probe,50,1185.95,success,,200,success
p3-ex-official-vu50,d7ad3f97-b767-42d8-be70-dcaf72e7f9ff,2026-08-31T18:20:13.125Z,separate_executor,quote_run_dispatch_probe,50,1677.03,success,,200,success
p3-ex-official-vu50,b7d74e3d-1db3-4e6d-86d0-4b9c7be2f9f2,2026-08-31T18:20:13.130Z,separate_executor,quote_run_dispatch_probe,50,1617.45,success,,200,success
p3-ex-official-vu50,3a823dfa-1bcf-4171-9d04-d54452328b9e,2026-08-31T18:20:13.136Z,separate_executor,quote_run_dispatch_probe,50,1829.1,success,,200,success
p3-ex-official-vu50,c1e2615c-a860-4f3b-a381-ec0646bb1ce8,2026-08-31T18:20:13.137Z,separate_executor,quote_run_dispatch_probe,50,1697.05,success,,200,success
p3-ex-official-vu50,f01105e2-ecae-4463-a6b1-1152626ae0f1,2026-08-31T18:20:13.139Z,separate_executor,quote_run_dispatch_probe,50,1710.88,success,,200,success
p3-ex-official-vu50,33a16f33-32e7-4fcb-a6cf-4a7a6cec5604,2026-08-31T18:20:13.140Z,separate_executor,quote_run_dispatch_probe,50,1430.74,success,,200,success
p3-ex-official-vu50,962e039d-5047-4ebf-9379-9a4607809bf3,2026-08-31T18:20:13.140Z,separate_executor,quote_run_dispatch_probe,50,1671.23,success,,200,success
p3-ex-official-vu50,a37168c0-a259-482b-9ade-abae3f315281,2026-08-31T18:20:13.145Z,separate_executor,quote_run_dispatch_probe,50,1618.73,success,,200,success
p3-ex-official-vu50,8e90ef39-7b08-4e56-9069-5c5428c01e19,2026-08-31T18:20:13.176Z,separate_executor,quote_run_dispatch_probe,50,1682.91,success,,200,success
p3-ex-official-vu50,d43af9ef-3a85-4289-a78a-79bf40ce95e4,2026-08-31T18:20:13.177Z,separate_executor,quote_run_dispatch_probe,50,1557.45,success,,200,success
p3-ex-official-vu50,ad227252-75f1-49fc-a643-a091f3304cbd,2026-08-31T18:20:13.212Z,separate_executor,quote_run_dispatch_probe,50,967.7,success,,200,success
p3-ex-official-vu50,87328a36-c729-4279-8f05-75efa2362c9b,2026-08-31T18:20:13.225Z,separate_executor,quote_run_dispatch_probe,50,1524.71,success,,200,success
p3-ex-official-vu50,201757a3-026e-4e68-9123-087541901ddb,2026-08-31T18:20:13.256Z,separate_executor,quote_run_dispatch_probe,50,1673.03,success,,200,success
p3-ex-official-vu50,1241e464-7b82-4ef3-87e8-88b57936d29d,2026-08-31T18:20:13.415Z,separate_executor,quote_run_dispatch_probe,50,1227.4,success,,200,success
p3-ex-official-vu50,de43c71a-061b-49e8-bcb6-6e55dabb0d63,2026-08-31T18:20:13.438Z,separate_executor,quote_run_dispatch_probe,50,1222.96,success,,200,success
p3-ex-official-vu50,ab989fa2-dfda-4a91-9370-2ffe68122db2,2026-08-31T18:20:13.498Z,separate_executor,quote_run_dispatch_probe,50,1149.53,success,,200,success
p3-ex-official-vu50,176fc731-c085-4226-bb0d-e7367e62c461,2026-08-31T18:20:13.522Z,separate_executor,quote_run_dispatch_probe,50,1289.93,success,,200,success
p3-ex-official-vu50,5307b20c-238b-4049-b1f8-e54fd5af3fb6,2026-08-31T18:20:13.667Z,separate_executor,quote_run_dispatch_probe,50,1255.18,success,,200,success
p3-ex-official-vu50,2794a3fb-7f88-4a91-ba05-13d3205de12c,2026-08-31T18:20:13.672Z,separate_executor,quote_run_dispatch_probe,50,1188.42,success,,200,success
p3-ex-official-vu50,5b85e185-27da-43d4-9ec4-d0e0ce3f45ae,2026-08-31T18:20:13.680Z,separate_executor,quote_run_dispatch_probe,50,1319.73,success,,200,success
p3-ex-official-vu50,7546b02f-cd6a-4ef4-a138-8a4e6f8cce4c,2026-08-31T18:20:13.857Z,separate_executor,quote_run_dispatch_probe,50,2027.43,success,,200,success
p3-ex-official-vu50,b5f2f62d-70c0-40a9-88f2-03b98271e062,2026-08-31T18:20:13.858Z,separate_executor,quote_run_dispatch_probe,50,1310.88,success,,200,success
p3-ex-official-vu50,92c319d6-1502-4463-a6b6-16704ac5f78f,2026-08-31T18:20:13.864Z,separate_executor,quote_run_dispatch_probe,50,1525.74,success,,200,success
p3-ex-official-vu50,d00de410-3979-4028-8fda-bad98e6b6fe2,2026-08-31T18:20:13.876Z,separate_executor,quote_run_dispatch_probe,50,1439.9,success,,200,success
p3-ex-official-vu50,c10d3d3d-750e-4744-87df-86f5e05f6e9e,2026-08-31T18:20:13.878Z,separate_executor,quote_run_dispatch_probe,50,1395.75,success,,200,success
p3-ex-official-vu50,8f00de2c-4707-4211-9138-26ad36ff398a,2026-08-31T18:20:13.882Z,separate_executor,quote_run_dispatch_probe,50,1320.29,success,,200,success
p3-ex-official-vu50,8963b92c-d8d3-4dac-82cc-ed2f86a142f8,2026-08-31T18:20:13.891Z,separate_executor,quote_run_dispatch_probe,50,1307.56,success,,200,success
p3-ex-official-vu50,b237ae1c-101c-4938-bcb5-e49fc374a142,2026-08-31T18:20:13.931Z,separate_executor,quote_run_dispatch_probe,50,1269.02,success,,200,success
p3-ex-official-vu50,3ab01282-b8f1-449b-bbea-4338c1d0896c,2026-08-31T18:20:13.932Z,separate_executor,quote_run_dispatch_probe,50,1450.86,success,,200,success
p3-ex-official-vu50,43bb1a77-e39b-4edb-8e13-21f606d4697b,2026-08-31T18:20:13.937Z,separate_executor,quote_run_dispatch_probe,50,1283.19,success,,200,success
p3-ex-official-vu50,c33bb04a-b101-4aa4-8174-9a9fc9caccaa,2026-08-31T18:20:13.976Z,separate_executor,quote_run_dispatch_probe,50,1209.81,success,,200,success
p3-ex-official-vu50,89b445b5-c8c0-498e-86fd-f9ec75fe5ad2,2026-08-31T18:20:14.023Z,separate_executor,quote_run_dispatch_probe,50,1318.07,success,,200,success
p3-ex-official-vu50,528cfae8-dafb-4f66-8e4b-2fc6a11b69bc,2026-08-31T18:20:14.029Z,separate_executor,quote_run_dispatch_probe,50,1325.7,success,,200,success
p3-ex-official-vu50,22900bdc-959a-4158-9e83-5d155eac74e2,2026-08-31T18:20:14.076Z,separate_executor,quote_run_dispatch_probe,50,1485.6,success,,200,success
p3-ex-official-vu50,7b2879a6-c39d-421b-9747-921ff8254b4a,2026-08-31T18:20:14.127Z,separate_executor,quote_run_dispatch_probe,50,1218.34,success,,200,success
p3-ex-official-vu50,b76916b0-e4bb-468d-8cfe-472bcf0c7c21,2026-08-31T18:20:14.129Z,separate_executor,quote_run_dispatch_probe,50,1339.33,success,,200,success
p3-ex-official-vu50,521e5757-0694-4376-ab34-70909640aaf0,2026-08-31T18:20:14.134Z,separate_executor,quote_run_dispatch_probe,50,1364.15,success,,200,success
p3-ex-official-vu50,1c64f3c2-6b78-4582-a1f6-fd32464765ee,2026-08-31T18:20:14.144Z,separate_executor,quote_run_dispatch_probe,50,1284.95,success,,200,success
p3-ex-official-vu50,d2928df4-cab6-47c3-aa62-ec1f0ee75726,2026-08-31T18:20:14.193Z,separate_executor,quote_run_dispatch_probe,50,1316.79,success,,200,success
p3-ex-official-vu50,44746be5-b6fa-400a-ab62-b64339b34ee4,2026-08-31T18:20:14.262Z,separate_executor,quote_run_dispatch_probe,50,1427.43,success,,200,success
p3-ex-official-vu50,1472fdc2-af86-4ad5-81c7-3b61fdfcc8a9,2026-08-31T18:20:14.270Z,separate_executor,quote_run_dispatch_probe,50,1393.57,success,,200,success
p3-ex-official-vu50,c3c11f1a-c125-410d-8f9e-ce00eabd87ce,2026-08-31T18:20:14.324Z,separate_executor,quote_run_dispatch_probe,50,1306.6,success,,200,success
p3-ex-official-vu50,110595c9-184a-4ac1-8635-a7478666a4e7,2026-08-31T18:20:14.341Z,separate_executor,quote_run_dispatch_probe,50,1383.6,success,,200,success
p3-ex-official-vu50,1b0eef26-2a82-47d8-9e47-980d6bcaf126,2026-08-31T18:20:14.359Z,separate_executor,quote_run_dispatch_probe,50,1219.92,success,,200,success
p3-ex-official-vu50,cbf919a6-9a5c-484b-b271-2076f0b9318d,2026-08-31T18:20:14.377Z,separate_executor,quote_run_dispatch_probe,50,1331.76,success,,200,success
p3-ex-official-vu50,d79ebf85-faaf-42ab-81f9-449a92b4339c,2026-08-31T18:20:14.378Z,separate_executor,quote_run_dispatch_probe,50,1343.86,success,,200,success
p3-ex-official-vu50,953613c9-5e37-4b45-8eae-71554494ca40,2026-08-31T18:20:14.378Z,separate_executor,quote_run_dispatch_probe,50,1238.56,success,,200,success
p3-ex-official-vu50,c575eafe-322d-4f13-a8d5-4eaab940bfcb,2026-08-31T18:20:14.381Z,separate_executor,quote_run_dispatch_probe,50,1169.52,success,,200,success
p3-ex-official-vu50,4263c38e-7d8b-463a-8ceb-e044098de57c,2026-08-31T18:20:14.417Z,separate_executor,quote_run_dispatch_probe,50,1276.73,success,,200,success
p3-ex-official-vu50,8fb330d7-57cc-472a-a437-8e1bc054e4ec,2026-08-31T18:20:14.422Z,separate_executor,quote_run_dispatch_probe,50,1440.92,success,,200,success
p3-ex-official-vu50,6191b381-4f74-44ab-9c75-72ee62bdba4e,2026-08-31T18:20:14.456Z,separate_executor,quote_run_dispatch_probe,50,1478.19,success,,200,success
p3-ex-official-vu50,23a859aa-31bf-4a7d-ac73-e6cac5487e0a,2026-08-31T18:20:14.457Z,separate_executor,quote_run_dispatch_probe,50,1498.5,success,,200,success
p3-ex-official-vu50,d09bbd91-914d-4aa9-bfd3-e1900ef8bd39,2026-08-31T18:20:14.460Z,separate_executor,quote_run_dispatch_probe,50,1492.09,success,,200,success
p3-ex-official-vu50,2bafcdd0-96df-468d-aa04-723040c2cf38,2026-08-31T18:20:14.488Z,separate_executor,quote_run_dispatch_probe,50,1350.65,success,,200,success
p3-ex-official-vu50,fa5c6c4f-9441-4a82-8896-1603dc7e6d6a,2026-08-31T18:20:14.489Z,separate_executor,quote_run_dispatch_probe,50,1364.25,success,,200,success
p3-ex-official-vu50,3b1ff3e3-29f1-4b0d-afd8-e1214ba7d077,2026-08-31T18:20:14.541Z,separate_executor,quote_run_dispatch_probe,50,1410.42,success,,200,success
p3-ex-official-vu50,8f45b294-c440-4f14-ac81-0c51c8aa3752,2026-08-31T18:20:14.549Z,separate_executor,quote_run_dispatch_probe,50,1323.19,success,,200,success
p3-ex-official-vu50,88685ae0-10a8-4f44-86b5-4d0f7c71370d,2026-08-31T18:20:14.563Z,separate_executor,quote_run_dispatch_probe,50,1385.28,success,,200,success
p3-ex-official-vu50,0548cd53-4b6b-4233-952a-6c6e80fe1f0c,2026-08-31T18:20:14.576Z,separate_executor,quote_run_dispatch_probe,50,1430.69,success,,200,success
p3-ex-official-vu50,56b11876-5dd5-4a65-944d-c6eb2d229678,2026-08-31T18:20:14.614Z,separate_executor,quote_run_dispatch_probe,50,1493.86,success,,200,success
p3-ex-official-vu50,10f0375d-2181-471b-a4e0-71a4db57382f,2026-08-31T18:20:14.631Z,separate_executor,quote_run_dispatch_probe,50,1192.31,success,,200,success
p3-ex-official-vu50,224e2b18-9fd8-4f93-8daf-e3eab972a959,2026-08-31T18:20:14.644Z,separate_executor,quote_run_dispatch_probe,50,1228.87,success,,200,success
p3-ex-official-vu50,3348f9d0-6291-4acb-8668-38a7509a8442,2026-08-31T18:20:14.657Z,separate_executor,quote_run_dispatch_probe,50,1400.12,success,,200,success
p3-ex-official-vu50,f1ce67c9-c6fc-4d27-9892-0cca58552b58,2026-08-31T18:20:14.682Z,separate_executor,quote_run_dispatch_probe,50,1506.71,success,,200,success
p3-ex-official-vu50,f7172057-8491-4b36-a8bc-2a2435a855dd,2026-08-31T18:20:14.736Z,separate_executor,quote_run_dispatch_probe,50,1056.42,success,,200,success
p3-ex-official-vu50,5c70ebff-8b44-4c7f-9984-e47089ee09a5,2026-08-31T18:20:14.748Z,separate_executor,quote_run_dispatch_probe,50,1612.16,success,,200,success
p3-ex-official-vu50,f0ae902a-9dad-4b76-b1ee-bddaca1420a6,2026-08-31T18:20:14.810Z,separate_executor,quote_run_dispatch_probe,50,1287.42,success,,200,success
p3-ex-official-vu50,b733fe51-868c-4435-ac30-94adb6d1b2e8,2026-08-31T18:20:14.832Z,separate_executor,quote_run_dispatch_probe,50,1310.57,success,,200,success
p3-ex-official-vu50,e78c4f20-af8a-44dc-9de5-4b1ecdeb585d,2026-08-31T18:20:14.922Z,separate_executor,quote_run_dispatch_probe,50,1063.79,success,,200,success
p3-ex-official-vu50,dc347147-69ba-4909-864a-b69f719398fd,2026-08-31T18:20:14.943Z,separate_executor,quote_run_dispatch_probe,50,1267.22,success,,200,success
p3-ex-official-vu50,19d65070-27ad-4a95-9ca2-d2d378314226,2026-08-31T18:20:14.976Z,separate_executor,quote_run_dispatch_probe,50,1119.11,success,,200,success
p3-ex-official-vu50,097b7001-6368-45c2-ab07-b93e43d32e17,2026-08-31T18:20:15.060Z,separate_executor,quote_run_dispatch_probe,50,1182.11,success,,200,success
p3-ex-official-vu50,88f59af1-1605-4198-9214-20b43d155605,2026-08-31T18:20:15.061Z,separate_executor,quote_run_dispatch_probe,50,1394.21,success,,200,success
p3-ex-official-vu50,d2bfbf7d-f7de-4ffb-b66a-6ec912c5b797,2026-08-31T18:20:15.108Z,separate_executor,quote_run_dispatch_probe,50,1244.08,success,,200,success
p3-ex-official-vu50,10f71d8b-5d3f-461f-b6e1-b9f90c6a093d,2026-08-31T18:20:15.157Z,separate_executor,quote_run_dispatch_probe,50,1275.31,success,,200,success
p3-ex-official-vu50,df29bb71-30ca-41a6-ac59-07a5fbbfa763,2026-08-31T18:20:15.178Z,separate_executor,quote_run_dispatch_probe,50,1247.29,success,,200,success
p3-ex-official-vu50,695d9c0b-7f43-4373-a6cd-4cb324b72895,2026-08-31T18:20:15.187Z,separate_executor,quote_run_dispatch_probe,50,1295.36,success,,200,success
p3-ex-official-vu50,3808179e-07ed-468b-9bf7-455bf617439f,2026-08-31T18:20:15.207Z,separate_executor,quote_run_dispatch_probe,50,1274.44,success,,200,success
p3-ex-official-vu50,d883b704-cfbf-449b-b3cf-41f7d69b372c,2026-08-31T18:20:15.377Z,separate_executor,quote_run_dispatch_probe,50,1400.92,success,,200,success
p3-ex-official-vu50,2a124bde-1d32-420e-9e79-d27f1e16c188,2026-08-31T18:20:15.383Z,separate_executor,quote_run_dispatch_probe,50,1445.96,success,,200,success
p3-ex-official-vu50,14c9282e-7380-4cff-a08b-98dc44185509,2026-08-31T18:20:15.443Z,separate_executor,quote_run_dispatch_probe,50,1567.06,success,,200,success
p3-ex-official-vu50,6f34e7bc-64e4-4e1c-a9bf-16008b47d4fd,2026-08-31T18:20:15.476Z,separate_executor,quote_run_dispatch_probe,50,1348.98,success,,200,success
p3-ex-official-vu50,b5259f05-3f8f-47cf-8a0d-123f81ba8b4a,2026-08-31T18:20:15.484Z,separate_executor,quote_run_dispatch_probe,50,1454.95,success,,200,success
p3-ex-official-vu50,5f36f367-2428-4be0-93a7-64357e40b57c,2026-08-31T18:20:15.514Z,separate_executor,quote_run_dispatch_probe,50,1491.61,success,,200,success
p3-ex-official-vu50,3cbbd830-5cff-4bb6-92df-a972df27ba81,2026-08-31T18:20:15.612Z,separate_executor,quote_run_dispatch_probe,50,1467.71,success,,200,success
p3-ex-official-vu50,6f1e01eb-d6e1-45ac-8c0e-89409dd40df9,2026-08-31T18:20:15.618Z,separate_executor,quote_run_dispatch_probe,50,1236.96,success,,200,success
p3-ex-official-vu50,b2e17680-f043-46ff-9b5c-e0213f70c8db,2026-08-31T18:20:15.697Z,separate_executor,quote_run_dispatch_probe,50,1568.09,success,,200,success
p3-ex-official-vu50,6de417a6-6cec-494c-b492-128eff846c0e,2026-08-31T18:20:15.778Z,separate_executor,quote_run_dispatch_probe,50,1399.97,success,,200,success
p3-ex-official-vu50,6f51bdc6-9eb2-4e94-84e7-b9dd5f1908c8,2026-08-31T18:20:15.780Z,separate_executor,quote_run_dispatch_probe,50,1703.48,success,,200,success
p3-ex-official-vu50,7c03a79b-66a5-481c-9c12-3691fbdfb44f,2026-08-31T18:20:15.834Z,separate_executor,quote_run_dispatch_probe,50,1700.91,success,,200,success
p3-ex-official-vu50,6c69ee2e-4634-46bc-a0f6-cbfd8e0196ff,2026-08-31T18:20:15.848Z,separate_executor,quote_run_dispatch_probe,50,1577.98,success,,200,success
p3-ex-official-vu50,68bdea8d-27ef-49a3-ae1e-c8b1f386558c,2026-08-31T18:20:15.853Z,separate_executor,quote_run_dispatch_probe,50,1659.74,success,,200,success
p3-ex-official-vu50,a01ed009-95d0-4a27-bee4-a65b13301ed7,2026-08-31T18:20:15.868Z,separate_executor,quote_run_dispatch_probe,50,1605.52,success,,200,success
p3-ex-official-vu50,ae6fb4a2-852b-41c6-a8ea-b310a638b6cf,2026-08-31T18:20:16.257Z,separate_executor,quote_run_dispatch_probe,50,1898.23,success,,200,success
p3-ex-official-vu50,9736be54-0bb1-4a3d-9198-d92e0dbd0956,2026-08-31T18:20:16.262Z,separate_executor,quote_run_dispatch_probe,50,1844.49,success,,200,success
p3-ex-official-vu50,fd5341af-444c-4e1c-a296-48700b86784a,2026-08-31T18:20:16.265Z,separate_executor,quote_run_dispatch_probe,50,1923.83,success,,200,success
p3-ex-official-vu50,03989eab-0b04-43d3-9181-bb7f121b4645,2026-08-31T18:20:16.269Z,separate_executor,quote_run_dispatch_probe,50,1944.01,success,,200,success
p3-ex-official-vu50,15f4b18f-5106-4322-b1ad-e9f400a334cf,2026-08-31T18:20:16.275Z,separate_executor,quote_run_dispatch_probe,50,1896.79,success,,200,success
p3-ex-official-vu50,3506bb34-6f67-4753-923b-6d27cda0fffa,2026-08-31T18:20:16.280Z,separate_executor,quote_run_dispatch_probe,50,1858.07,success,,200,success
p3-ex-official-vu50,32e1e2a8-b545-4b61-a3a5-c810e0c49a9c,2026-08-31T18:20:16.285Z,separate_executor,quote_run_dispatch_probe,50,1908.32,success,,200,success
p3-ex-official-vu50,e3523a41-8958-456b-92a1-080e315ffcdd,2026-08-31T18:20:16.287Z,separate_executor,quote_run_dispatch_probe,50,1830.01,success,,200,success
p3-ex-official-vu50,721f0654-96cb-46f5-a969-eb1172874d24,2026-08-31T18:20:16.313Z,separate_executor,quote_run_dispatch_probe,50,1682.37,success,,200,success
p3-ex-official-vu50,a49a2324-c3e0-4470-81dd-974a421e90f4,2026-08-31T18:20:16.317Z,separate_executor,quote_run_dispatch_probe,50,1768.01,success,,200,success
p3-ex-official-vu50,9769bc82-f4ef-4d74-9cea-8cd2a20a123c,2026-08-31T18:20:16.319Z,separate_executor,quote_run_dispatch_probe,50,1862.34,success,,200,success
p3-ex-official-vu50,331aa065-b993-4380-ae90-cf11b0567692,2026-08-31T18:20:16.320Z,separate_executor,quote_run_dispatch_probe,50,1744.16,success,,200,success
p3-ex-official-vu50,09c03ee3-28fa-4f7f-80f3-3a741f6262d5,2026-08-31T18:20:16.322Z,separate_executor,quote_run_dispatch_probe,50,1781.32,success,,200,success
p3-ex-official-vu50,a7b45693-8394-4a23-b2cc-362bf8e6b6df,2026-08-31T18:20:16.323Z,separate_executor,quote_run_dispatch_probe,50,1587.08,success,,200,success
p3-ex-official-vu50,76a85256-b335-4ad6-9d0e-c2517a80d926,2026-08-31T18:20:16.325Z,separate_executor,quote_run_dispatch_probe,50,1668.08,success,,200,success
p3-ex-official-vu50,aee17023-3ca3-4e16-8bfe-23faa5069188,2026-08-31T18:20:16.326Z,separate_executor,quote_run_dispatch_probe,50,1516.15,success,,200,success
p3-ex-official-vu50,bbda8ab7-56fd-4a4b-a558-c5059ec725f8,2026-08-31T18:20:16.327Z,separate_executor,quote_run_dispatch_probe,50,1866.87,success,,200,success
p3-ex-official-vu50,7ca7ce5c-4823-491e-9952-48c3a7d326d0,2026-08-31T18:20:16.329Z,separate_executor,quote_run_dispatch_probe,50,1839.42,success,,200,success
p3-ex-official-vu50,30e6242d-2541-4515-a8d8-3c4491ca22d7,2026-08-31T18:20:16.330Z,separate_executor,quote_run_dispatch_probe,50,1407.57,success,,200,success
p3-ex-official-vu50,e71c88a0-86c3-4514-aecb-058c3dcfaeec,2026-08-31T18:20:16.332Z,separate_executor,quote_run_dispatch_probe,50,1687.48,success,,200,success
p3-ex-official-vu50,862203ae-e639-4af6-8043-8ec111939eb9,2026-08-31T18:20:16.339Z,separate_executor,quote_run_dispatch_probe,50,1725.49,success,,200,success
p3-ex-official-vu50,4de353b4-a528-40f7-b00f-41905e1cc9d4,2026-08-31T18:20:16.341Z,separate_executor,quote_run_dispatch_probe,50,1658.73,success,,200,success
p3-ex-official-vu50,3b7e2cbc-d50c-4a4b-a96e-f8898dca95be,2026-08-31T18:20:16.342Z,separate_executor,quote_run_dispatch_probe,50,1779.64,success,,200,success
p3-ex-official-vu50,8982a63a-8ae3-4780-b143-1bbb4ea9798d,2026-08-31T18:20:16.344Z,separate_executor,quote_run_dispatch_probe,50,1856.06,success,,200,success
p3-ex-official-vu50,fffa37ba-721a-4b6e-8f01-fc54e1ba7192,2026-08-31T18:20:16.383Z,separate_executor,quote_run_dispatch_probe,50,1439.36,success,,200,success
p3-ex-official-vu50,f1586792-54b1-46a1-bab3-f980cb23db59,2026-08-31T18:20:16.388Z,separate_executor,quote_run_dispatch_probe,50,1556.11,success,,200,success
p3-ex-official-vu50,aac9b507-6945-427a-a237-6dc7723664db,2026-08-31T18:20:16.394Z,separate_executor,quote_run_dispatch_probe,50,1417.89,success,,200,success
p3-ex-official-vu50,7b4f834a-497b-4fd6-9418-7b1d56e2ff2e,2026-08-31T18:20:16.398Z,separate_executor,quote_run_dispatch_probe,50,1336.59,success,,200,success
p3-ex-official-vu50,46e448bb-532b-4209-a253-cdb0c9da60bc,2026-08-31T18:20:16.400Z,separate_executor,quote_run_dispatch_probe,50,1242.21,success,,200,success
p3-ex-official-vu50,72c59172-cd57-4922-a4ec-e9cd6737b8eb,2026-08-31T18:20:16.404Z,separate_executor,quote_run_dispatch_probe,50,1296.13,success,,200,success
p3-ex-official-vu50,eb65f522-6345-46c6-860b-67585bacb76b,2026-08-31T18:20:16.419Z,separate_executor,quote_run_dispatch_probe,50,1671.26,success,,200,success
p3-ex-official-vu50,01d82b11-2f80-43f2-bae6-6b452be49399,2026-08-31T18:20:16.424Z,separate_executor,quote_run_dispatch_probe,50,1216.88,success,,200,success
p3-ex-official-vu50,bfa9574e-7ae4-47f1-8202-60cf952a615e,2026-08-31T18:20:16.446Z,separate_executor,quote_run_dispatch_probe,50,1259.3,success,,200,success
p3-ex-official-vu50,47ca8578-97d6-41ae-b716-88732252a7bb,2026-08-31T18:20:16.464Z,separate_executor,quote_run_dispatch_probe,50,1080.93,success,,200,success
p3-ex-official-vu50,8017fb99-e93f-4b51-baa1-0178a8eafd75,2026-08-31T18:20:16.465Z,separate_executor,quote_run_dispatch_probe,50,1404.36,success,,200,success
p3-ex-official-vu50,6f56b7ee-ce6e-4a72-8057-348bf5b168a4,2026-08-31T18:20:16.466Z,separate_executor,quote_run_dispatch_probe,50,989.28,success,,200,success
p3-ex-official-vu50,d034bf74-10f7-4724-9221-6ac0c12a0c38,2026-08-31T18:20:16.467Z,separate_executor,quote_run_dispatch_probe,50,848.89,success,,200,success
p3-ex-official-vu50,279066cc-1fd0-47b9-b841-eb07763aab78,2026-08-31T18:20:16.470Z,separate_executor,quote_run_dispatch_probe,50,1027.22,success,,200,success
p3-ex-official-vu50,e0fde601-ffd2-44a4-a582-e54014006612,2026-08-31T18:20:16.473Z,separate_executor,quote_run_dispatch_probe,50,1294.17,success,,200,success
p3-ex-official-vu50,7610b0e0-ae69-4f12-8efd-97a3381c17e8,2026-08-31T18:20:16.486Z,separate_executor,quote_run_dispatch_probe,50,1109.08,success,,200,success
p3-ex-official-vu50,2eef8ce1-e66a-4da8-8f1d-260b1edb7f64,2026-08-31T18:20:16.487Z,separate_executor,quote_run_dispatch_probe,50,1003.1,success,,200,success
p3-ex-official-vu50,4ccc5b73-acc6-438f-9aef-12f78dbc39aa,2026-08-31T18:20:16.491Z,separate_executor,quote_run_dispatch_probe,50,793.56,success,,200,success
p3-ex-official-vu50,814a06f4-fb80-478d-80cf-412f63573e68,2026-08-31T18:20:16.504Z,separate_executor,quote_run_dispatch_probe,50,892.02,success,,200,success
p3-ex-official-vu50,02002e34-231b-41da-bfad-c8c2e6dfe38a,2026-08-31T18:20:16.617Z,separate_executor,quote_run_dispatch_probe,50,1102.21,success,,200,success
p3-ex-official-vu50,38efd934-b3b2-41ff-a006-9f85669c9ab5,2026-08-31T18:20:16.639Z,separate_executor,quote_run_dispatch_probe,50,861.85,success,,200,success
p3-ex-official-vu50,1b99191e-5906-4dc6-a2bd-c76302569fec,2026-08-31T18:20:16.735Z,separate_executor,quote_run_dispatch_probe,50,955.38,success,,200,success
p3-ex-official-vu50,9f11abf7-2a6e-4687-b17d-bcf0c97613db,2026-08-31T18:20:16.764Z,separate_executor,quote_run_dispatch_probe,50,911.73,success,,200,success
p3-ex-official-vu50,bb842229-5c6f-4081-be16-4d8837eafe6b,2026-08-31T18:20:16.803Z,separate_executor,quote_run_dispatch_probe,50,968.13,success,,200,success
p3-ex-official-vu50,7c802265-9d61-4f2a-b8d8-7215b0258888,2026-08-31T18:20:16.804Z,separate_executor,quote_run_dispatch_probe,50,936.73,success,,200,success
p3-ex-official-vu50,1e06e579-3fb5-4fda-9786-f40a24b8067a,2026-08-31T18:20:17.010Z,separate_executor,quote_run_dispatch_probe,50,1161.41,success,,200,success
p3-ex-official-vu50,bbe5e496-58c3-400d-b560-fb24e3194410,2026-08-31T18:20:17.331Z,separate_executor,quote_run_dispatch_probe,50,989.58,success,,200,success
p3-ex-official-vu50,95611282-0279-4892-9e1d-631b381a9117,2026-08-31T18:20:17.453Z,separate_executor,quote_run_dispatch_probe,50,1129.79,success,,200,success
p3-ex-official-vu50,289aa63a-ec3d-4f12-9a00-996616ab6b68,2026-08-31T18:20:17.461Z,separate_executor,quote_run_dispatch_probe,50,1173.64,success,,200,success
p3-ex-official-vu50,04b720c2-8c49-46c1-a954-e6c59c848075,2026-08-31T18:20:17.462Z,separate_executor,quote_run_dispatch_probe,50,1197.09,success,,200,success
p3-ex-official-vu50,0a095e10-b31e-459b-93d0-96ad23d98495,2026-08-31T18:20:17.462Z,separate_executor,quote_run_dispatch_probe,50,1177.11,success,,200,success
p3-ex-official-vu50,ac188c01-1f3e-450e-897f-afdfc8f0930f,2026-08-31T18:20:17.474Z,separate_executor,quote_run_dispatch_probe,50,1212.14,success,,200,success
p3-ex-official-vu50,58507b71-d614-4018-93fd-09005c33e9a3,2026-08-31T18:20:17.504Z,separate_executor,quote_run_dispatch_probe,50,1164.74,success,,200,success
p3-ex-official-vu50,bbb2ed69-4bbe-4254-920b-3d848a3d590c,2026-08-31T18:20:17.509Z,separate_executor,quote_run_dispatch_probe,50,1190.68,success,,200,success
p3-ex-official-vu50,26016961-4ace-44ff-89da-fbacc049c682,2026-08-31T18:20:17.531Z,separate_executor,quote_run_dispatch_probe,50,1205.05,success,,200,success
p3-ex-official-vu50,7d1a2896-150e-417d-b665-10519a02afe7,2026-08-31T18:20:17.577Z,separate_executor,quote_run_dispatch_probe,50,1188.98,success,,200,success
p3-ex-official-vu50,b6df61d2-4edb-4cee-aadb-b5099308b076,2026-08-31T18:20:17.592Z,separate_executor,quote_run_dispatch_probe,50,1249.89,success,,200,success
p3-ex-official-vu50,563e1c73-5365-4c30-a2b2-8c756412e121,2026-08-31T18:20:17.606Z,separate_executor,quote_run_dispatch_probe,50,1286.42,success,,200,success
p3-ex-official-vu50,5e6d3bbc-55bf-4dea-b633-1e3a5cc23da4,2026-08-31T18:20:17.613Z,separate_executor,quote_run_dispatch_probe,50,1296.26,success,,200,success
p3-ex-official-vu50,85067940-8a9d-4a83-b255-fa56a969fd99,2026-08-31T18:20:17.623Z,separate_executor,quote_run_dispatch_probe,50,1342.33,success,,200,success
p3-ex-official-vu50,db7683de-eb0e-4384-bd53-b0f4c5eb1b21,2026-08-31T18:20:17.645Z,separate_executor,quote_run_dispatch_probe,50,1301.17,success,,200,success
p3-ex-official-vu50,d27104be-55cc-42b0-988c-2b3fcd4e27ee,2026-08-31T18:20:17.717Z,separate_executor,quote_run_dispatch_probe,50,1392.38,success,,200,success
p3-ex-official-vu50,160572d6-69bd-485f-aa40-8f3ded3a7257,2026-08-31T18:20:17.722Z,separate_executor,quote_run_dispatch_probe,50,1446.58,success,,200,success
p3-ex-official-vu50,a64dbbd0-99e6-43ee-9a96-dbad2a4f0507,2026-08-31T18:20:17.813Z,separate_executor,quote_run_dispatch_probe,50,1555.22,success,,200,success
p3-ex-official-vu50,4df4e47b-29fb-4521-9814-ded221939050,2026-08-31T18:20:17.813Z,separate_executor,quote_run_dispatch_probe,50,1430.41,success,,200,success
p3-ex-official-vu50,b7d31085-bfc0-418f-8733-2cfd27ec5861,2026-08-31T18:20:17.814Z,separate_executor,quote_run_dispatch_probe,50,1486.21,success,,200,success
p3-ex-official-vu50,adc28c3c-4ed2-40a7-9102-fd3b5026a483,2026-08-31T18:20:17.814Z,separate_executor,quote_run_dispatch_probe,50,1500.58,success,,200,success
p3-ex-official-vu50,a7c29192-66c2-42e9-a947-f50cb0234f82,2026-08-31T18:20:17.832Z,separate_executor,quote_run_dispatch_probe,50,1432.4,success,,200,success
p3-ex-official-vu50,b2f8aa57-0b30-4a86-bd12-071180055e67,2026-08-31T18:20:17.833Z,separate_executor,quote_run_dispatch_probe,50,1501.05,success,,200,success
p3-ex-official-vu50,cc4d166d-ecc8-41e7-818d-2445a867eadf,2026-08-31T18:20:18.329Z,separate_executor,quote_run_dispatch_probe,50,2060.47,success,,200,success
p3-ex-official-vu50,d3a8824a-11db-4027-8d83-7e9951bc23cd,2026-08-31T18:20:18.333Z,separate_executor,quote_run_dispatch_probe,50,1865.89,success,,200,success
p3-ex-official-vu50,1b6d5b0a-1f2b-41eb-ac38-9a0150ac378c,2026-08-31T18:20:18.338Z,separate_executor,quote_run_dispatch_probe,50,1846.75,success,,200,success
p3-ex-official-vu50,37c7121e-52eb-4e5e-9ec3-cc58d03041e6,2026-08-31T18:20:18.342Z,separate_executor,quote_run_dispatch_probe,50,1918.06,success,,200,success
p3-ex-official-vu50,41a920c4-1918-4ad4-aad5-a6b2a2e17f3a,2026-08-31T18:20:18.343Z,separate_executor,quote_run_dispatch_probe,50,1938.18,success,,200,success
p3-ex-official-vu50,24215b46-1a53-4967-8be1-7778495fa043,2026-08-31T18:20:18.344Z,separate_executor,quote_run_dispatch_probe,50,1871.83,success,,200,success
p3-ex-official-vu50,778f20c8-9da1-4999-b3a9-f29bf6c6dde2,2026-08-31T18:20:18.346Z,separate_executor,quote_run_dispatch_probe,50,2017.39,success,,200,success
p3-ex-official-vu50,66b68a48-84ce-4b31-9b47-35f65207f772,2026-08-31T18:20:18.347Z,separate_executor,quote_run_dispatch_probe,50,1876.51,success,,200,success
p3-ex-official-vu50,f72de10a-ac90-4e04-bfa9-c3355db1cff8,2026-08-31T18:20:18.347Z,separate_executor,quote_run_dispatch_probe,50,1882.21,success,,200,success
p3-ex-official-vu50,c6a6e147-7f80-4558-a7ba-50fd7df9239d,2026-08-31T18:20:18.348Z,separate_executor,quote_run_dispatch_probe,50,1902.46,success,,200,success
p3-ex-official-vu50,80d5381e-e7c5-4fff-a582-03bd9c398deb,2026-08-31T18:20:18.356Z,separate_executor,quote_run_dispatch_probe,50,2033.84,success,,200,success
p3-ex-official-vu50,9098d4ac-94ed-4e3b-8107-d98fca3d5566,2026-08-31T18:20:18.358Z,separate_executor,quote_run_dispatch_probe,50,1893.96,success,,200,success
p3-ex-official-vu50,5d6e3e96-b66b-443e-b631-aaf80d1114a6,2026-08-31T18:20:18.358Z,separate_executor,quote_run_dispatch_probe,50,1964.02,success,,200,success
p3-ex-official-vu50,73acfdb7-1b22-4c36-a5ec-5c7815704968,2026-08-31T18:20:18.363Z,separate_executor,quote_run_dispatch_probe,50,1746.17,success,,200,success
p3-ex-official-vu50,7d0824ed-42fc-427a-8562-319ab4548966,2026-08-31T18:20:18.364Z,separate_executor,quote_run_dispatch_probe,50,1966.25,success,,200,success
p3-ex-official-vu50,0f697c08-10f8-45a4-9776-a44bbc5aa934,2026-08-31T18:20:18.366Z,separate_executor,quote_run_dispatch_probe,50,1862.53,success,,200,success
p3-ex-official-vu50,214d17ed-48ba-46c9-ae69-ac641ce1ec53,2026-08-31T18:20:18.367Z,separate_executor,quote_run_dispatch_probe,50,1947.79,success,,200,success
p3-ex-official-vu50,5de215b0-f22c-4615-9895-3b482c35120e,2026-08-31T18:20:18.374Z,separate_executor,quote_run_dispatch_probe,50,1886.18,success,,200,success
p3-ex-official-vu50,8602af75-3b57-4795-b433-30a113350689,2026-08-31T18:20:18.375Z,separate_executor,quote_run_dispatch_probe,50,1909.32,success,,200,success
p3-ex-official-vu50,38f953ed-86cf-4bd4-88b5-d10d063fc520,2026-08-31T18:20:18.375Z,separate_executor,quote_run_dispatch_probe,50,1889.15,success,,200,success
p3-ex-official-vu50,acef8944-e86c-4938-b6a4-ef039c921feb,2026-08-31T18:20:18.376Z,separate_executor,quote_run_dispatch_probe,50,2046.16,success,,200,success
p3-ex-official-vu50,c537e47a-e9e8-448d-820b-5f3e111f970c,2026-08-31T18:20:18.378Z,separate_executor,quote_run_dispatch_probe,50,1575.8,success,,200,success
p3-ex-official-vu50,e762d64b-1f14-4606-ba93-6c051efdd636,2026-08-31T18:20:18.380Z,separate_executor,quote_run_dispatch_probe,50,1740.73,success,,200,success
p3-ex-official-vu50,ad8567c6-73f6-4992-9722-666f9bc6bae8,2026-08-31T18:20:18.382Z,separate_executor,quote_run_dispatch_probe,50,1646.44,success,,200,success
p3-ex-official-vu50,d05b45ae-1203-4c89-93ab-962cd3d3344f,2026-08-31T18:20:18.383Z,separate_executor,quote_run_dispatch_probe,50,1578.4,success,,200,success
p3-ex-official-vu50,2f1069f9-ea74-40d3-ae76-75fa212b10b0,2026-08-31T18:20:18.383Z,separate_executor,quote_run_dispatch_probe,50,1618.8,success,,200,success
p3-ex-official-vu50,9897ac89-b713-4405-9858-b818fa7aaaa9,2026-08-31T18:20:18.389Z,separate_executor,quote_run_dispatch_probe,50,935.47,success,,200,success
p3-ex-official-vu50,c18bd537-4b5c-4755-9fca-6edf8aea0499,2026-08-31T18:20:18.390Z,separate_executor,quote_run_dispatch_probe,50,1379.79,success,,200,success
p3-ex-official-vu50,de2812b6-7595-42aa-a3dc-1f07e5b31f07,2026-08-31T18:20:18.393Z,separate_executor,quote_run_dispatch_probe,50,930.49,success,,200,success
p3-ex-official-vu50,dc6031d0-09ce-4e32-96d9-6dc8f842c629,2026-08-31T18:20:18.395Z,separate_executor,quote_run_dispatch_probe,50,863.6,success,,200,success
p3-ex-official-vu50,ac70f888-0082-445c-bafe-46437a715127,2026-08-31T18:20:18.395Z,separate_executor,quote_run_dispatch_probe,50,1064.84,success,,200,success
p3-ex-official-vu50,33c85a1c-a0f1-44e8-8622-01af3be60a2d,2026-08-31T18:20:18.397Z,separate_executor,quote_run_dispatch_probe,50,887.87,success,,200,success
p3-ex-official-vu50,d913803f-dad6-4acc-96b5-a227b74f7016,2026-08-31T18:20:18.398Z,separate_executor,quote_run_dispatch_probe,50,893.63,success,,200,success
p3-ex-official-vu50,82ea204f-b255-49f1-bdcf-71231f7ed20c,2026-08-31T18:20:18.398Z,separate_executor,quote_run_dispatch_probe,50,936.33,success,,200,success
p3-ex-official-vu50,3ba72ae5-24ee-44f7-be00-1664e1102c34,2026-08-31T18:20:18.398Z,separate_executor,quote_run_dispatch_probe,50,937.4,success,,200,success
p3-ex-official-vu50,5a7ffef5-3c07-459b-a748-167520c2e7ed,2026-08-31T18:20:18.405Z,separate_executor,quote_run_dispatch_probe,50,827.87,success,,200,success
p3-ex-official-vu50,83c96476-e49d-4b44-91b6-eea0632c7574,2026-08-31T18:20:18.441Z,separate_executor,quote_run_dispatch_probe,50,848.56,success,,200,success
p3-ex-official-vu50,bf49f5a8-c714-4e79-9dd7-b274c66dc754,2026-08-31T18:20:18.520Z,separate_executor,quote_run_dispatch_probe,50,913.42,success,,200,success
p3-ex-official-vu50,91c6c1ce-7bd1-411f-a588-db15a5a33935,2026-08-31T18:20:18.528Z,separate_executor,quote_run_dispatch_probe,50,1053.83,success,,200,success
p3-ex-official-vu50,ada10130-0ae3-4e1c-a21b-1a6d46e5cf9d,2026-08-31T18:20:18.592Z,separate_executor,quote_run_dispatch_probe,50,946.44,success,,200,success
p3-ex-official-vu50,4a9e74ec-7514-4eb2-96a4-fec32b3d3994,2026-08-31T18:20:18.593Z,separate_executor,quote_run_dispatch_probe,50,979.95,success,,200,success
p3-ex-official-vu50,49d58fa1-57ac-4005-970d-c7e6930f3bf1,2026-08-31T18:20:18.697Z,separate_executor,quote_run_dispatch_probe,50,974.84,success,,200,success
p3-ex-official-vu50,dabfb0b5-3327-4b16-aacd-1bd336a55f04,2026-08-31T18:20:18.735Z,separate_executor,quote_run_dispatch_probe,50,1112.02,success,,200,success
p3-ex-official-vu50,156e40d3-f69f-44b2-bc9b-6d62e80e95a9,2026-08-31T18:20:18.795Z,separate_executor,quote_run_dispatch_probe,50,981.04,success,,200,success
p3-ex-official-vu50,0c5e5279-1b80-475a-a0d1-270ce93416a8,2026-08-31T18:20:18.835Z,separate_executor,quote_run_dispatch_probe,50,1002.81,success,,200,success
p3-ex-official-vu50,e89ff4bf-75f0-4068-a01e-dfd8bb82d1bd,2026-08-31T18:20:18.899Z,separate_executor,quote_run_dispatch_probe,50,1085.45,success,,200,success
p3-ex-official-vu50,b29761f9-0905-485f-bc2b-facb7043a7b0,2026-08-31T18:20:18.912Z,separate_executor,quote_run_dispatch_probe,50,1194.66,success,,200,success
p3-ex-official-vu50,b86da131-cc42-4bcb-a6aa-f314c2b3d621,2026-08-31T18:20:18.981Z,separate_executor,quote_run_dispatch_probe,50,1148.59,success,,200,success
p3-ex-official-vu50,dc07869a-7318-4a86-b075-49d95bc3cd9f,2026-08-31T18:20:19.012Z,separate_executor,quote_run_dispatch_probe,50,1198.75,success,,200,success
p3-ex-official-vu50,810706e7-22fc-41f4-95ad-52391cedd023,2026-08-31T18:20:19.083Z,separate_executor,quote_run_dispatch_probe,50,1270.61,success,,200,success
p3-ex-official-vu50,42222445-309b-4276-bc9a-a19167a60765,2026-08-31T18:20:19.436Z,separate_executor,quote_run_dispatch_probe,50,1073.32,success,,200,success
p3-ex-official-vu50,2a6f86d8-016a-47db-aa4f-6d416594af0c,2026-08-31T18:20:19.532Z,separate_executor,quote_run_dispatch_probe,50,1156.17,success,,200,success
p3-ex-official-vu50,66699d25-bbde-44fe-8dd6-d56b0f315332,2026-08-31T18:20:19.548Z,separate_executor,quote_run_dispatch_probe,50,1181.31,success,,200,success
p3-ex-official-vu50,34bbb3d2-5258-441c-b27d-07c0f53dcaa5,2026-08-31T18:20:19.559Z,separate_executor,quote_run_dispatch_probe,50,1201.36,success,,200,success
p3-ex-official-vu50,629f2afa-c1aa-44fe-ad51-f1bbf9fc8e48,2026-08-31T18:20:19.620Z,separate_executor,quote_run_dispatch_probe,50,1255.79,success,,200,success
p3-ex-official-vu50,7dd1ca0b-edd5-4e04-9a88-7be212e55cd3,2026-08-31T18:20:19.633Z,separate_executor,quote_run_dispatch_probe,50,1237.76,success,,200,success
p3-ex-official-vu50,dc0d4ee1-61b2-487b-8e44-1346d69172ca,2026-08-31T18:20:19.649Z,separate_executor,quote_run_dispatch_probe,50,1316.32,success,,200,success
p3-ex-official-vu50,134aa54a-51a5-4a63-8895-77f29fb32a10,2026-08-31T18:20:19.695Z,separate_executor,quote_run_dispatch_probe,50,1313.46,success,,200,success
p3-ex-official-vu50,eb399a4d-6b54-46fd-aee4-05757a089cc0,2026-08-31T18:20:19.696Z,separate_executor,quote_run_dispatch_probe,50,1315.5,success,,200,success
p3-ex-official-vu50,e15039e8-9d1c-40d2-989a-5bc1353f467a,2026-08-31T18:20:19.709Z,separate_executor,quote_run_dispatch_probe,50,1335.48,success,,200,success
p3-ex-official-vu50,8be7361a-4b55-4c12-ba35-5096cb24ef2c,2026-08-31T18:20:19.710Z,separate_executor,quote_run_dispatch_probe,50,1312,success,,200,success
p3-ex-official-vu50,327c5652-256a-43aa-955c-fa6e3d992004,2026-08-31T18:20:19.714Z,separate_executor,quote_run_dispatch_probe,50,1325.48,success,,200,success
p3-ex-official-vu50,ab151a8b-a71a-466d-b87f-952c86e23944,2026-08-31T18:20:19.720Z,separate_executor,quote_run_dispatch_probe,50,1391.37,success,,200,success
p3-ex-official-vu50,bf16dca6-dd2f-4e07-bdc5-ea54eb01701c,2026-08-31T18:20:19.723Z,separate_executor,quote_run_dispatch_probe,50,1347.53,success,,200,success
p3-ex-official-vu50,4fa9bb7b-753a-4ed6-82c7-8fd317684aa8,2026-08-31T18:20:19.724Z,separate_executor,quote_run_dispatch_probe,50,1328.19,success,,200,success
p3-ex-official-vu50,dd197d7c-ee74-49a2-b36f-301dfadd7846,2026-08-31T18:20:19.731Z,separate_executor,quote_run_dispatch_probe,50,1348.32,success,,200,success
p3-ex-official-vu50,f2eb8a61-507e-49c7-83f9-ead16833568d,2026-08-31T18:20:19.748Z,separate_executor,quote_run_dispatch_probe,50,1400.7,success,,200,success
p3-ex-official-vu50,de374cd9-dd19-4c73-8e68-5dd74a15e7c8,2026-08-31T18:20:19.910Z,separate_executor,quote_run_dispatch_probe,50,1565.31,success,,200,success
p3-ex-official-vu50,af5c6d0a-ece3-410b-8e7e-bdfe54f59bf2,2026-08-31T18:20:19.911Z,separate_executor,quote_run_dispatch_probe,50,1505.83,success,,200,success
p3-ex-official-vu50,e42cda66-94ea-491d-be4a-541c47ade175,2026-08-31T18:20:19.929Z,separate_executor,quote_run_dispatch_probe,50,1573.09,success,,200,success
p3-ex-official-vu50,b2bab941-0a8b-4589-b60b-5235d1717788,2026-08-31T18:20:19.930Z,separate_executor,quote_run_dispatch_probe,50,1584.19,success,,200,success
p3-ex-official-vu50,ab460b80-41b5-4172-9aa4-0021436285ce,2026-08-31T18:20:19.931Z,separate_executor,quote_run_dispatch_probe,50,1589.36,success,,200,success
p3-ex-official-vu50,ab045245-a7f8-4229-8e78-befc1243606b,2026-08-31T18:20:19.932Z,separate_executor,quote_run_dispatch_probe,50,1490.83,success,,200,success
p3-ex-official-vu50,e062c9ff-fe20-4aa3-a120-91359b54d735,2026-08-31T18:20:19.933Z,separate_executor,quote_run_dispatch_probe,50,1535.8,success,,200,success
p3-ex-official-vu50,79f2a713-1348-4e70-8c15-6d7b3cad1d5f,2026-08-31T18:20:19.937Z,separate_executor,quote_run_dispatch_probe,50,1590.3,success,,200,success
p3-ex-official-vu50,4af1bf70-5818-4d4b-9e01-ddb4778ecbc9,2026-08-31T18:20:19.938Z,separate_executor,quote_run_dispatch_probe,50,1410.07,success,,200,success
p3-ex-official-vu50,a3093bcf-9bb0-4310-8dd6-c434341d9fa0,2026-08-31T18:20:19.939Z,separate_executor,quote_run_dispatch_probe,50,1546.47,success,,200,success
p3-ex-official-vu50,b46392ce-4b7b-4adc-8752-22cd85ac42e5,2026-08-31T18:20:19.943Z,separate_executor,quote_run_dispatch_probe,50,1559.63,success,,200,success
p3-ex-official-vu50,013612d6-1f4d-456a-a78b-5ffdb468c90b,2026-08-31T18:20:19.944Z,separate_executor,quote_run_dispatch_probe,50,1606.02,success,,200,success
p3-ex-official-vu50,6f0abdcd-d520-4d19-acc3-49ce69946d66,2026-08-31T18:20:19.946Z,separate_executor,quote_run_dispatch_probe,50,1587.3,success,,200,success
p3-ex-official-vu50,2e7c986f-3ef1-465b-a74a-41cdb41637f3,2026-08-31T18:20:19.950Z,separate_executor,quote_run_dispatch_probe,50,1560.5,success,,200,success
p3-ex-official-vu50,66928423-43e4-4ba3-a2a4-81bae73cd459,2026-08-31T18:20:19.956Z,separate_executor,quote_run_dispatch_probe,50,1577.82,success,,200,success
p3-ex-official-vu50,c85a2aac-4f35-4775-8677-ce7613cd0bd8,2026-08-31T18:20:19.959Z,separate_executor,quote_run_dispatch_probe,50,1616.64,success,,200,success
p3-ex-official-vu50,ff06fc13-019e-4ad6-9a2f-0bb294305774,2026-08-31T18:20:19.960Z,separate_executor,quote_run_dispatch_probe,50,1561.79,success,,200,success
p3-ex-official-vu50,5bbaa27a-2818-4910-be9b-760d0db14db0,2026-08-31T18:20:19.960Z,separate_executor,quote_run_dispatch_probe,50,1593.26,success,,200,success
p3-ex-official-vu50,6328bc05-ca55-4f8e-a290-176a1b249082,2026-08-31T18:20:19.965Z,separate_executor,quote_run_dispatch_probe,50,1616.39,success,,200,success
p3-ex-official-vu50,2d684637-2ab8-4e0d-8afd-6a20337f68fd,2026-08-31T18:20:19.972Z,separate_executor,quote_run_dispatch_probe,50,1452.57,success,,200,success
p3-ex-official-vu50,6f9f40cb-33ba-48ce-a199-f51c229f9e99,2026-08-31T18:20:19.976Z,separate_executor,quote_run_dispatch_probe,50,1601.15,success,,200,success
p3-ex-official-vu50,d8dd0152-499a-4f27-b8f7-1635904bdace,2026-08-31T18:20:19.977Z,separate_executor,quote_run_dispatch_probe,50,1385.15,success,,200,success
p3-ex-official-vu50,3f4f655b-6d63-4dc4-822a-a1584573e6bb,2026-08-31T18:20:19.981Z,separate_executor,quote_run_dispatch_probe,50,1583.56,success,,200,success
p3-ex-official-vu50,9bd351cd-77d2-4b62-a60a-9e1b56915018,2026-08-31T18:20:19.991Z,separate_executor,quote_run_dispatch_probe,50,1398.44,success,,200,success
p3-ex-official-vu50,b5ed885f-7b5e-4d5f-8ce4-7bdc6f5e8692,2026-08-31T18:20:20.065Z,separate_executor,quote_run_dispatch_probe,50,1368.12,success,,200,success
p3-ex-official-vu50,3649b4ee-23c4-479d-ad69-148165ceed4b,2026-08-31T18:20:20.205Z,separate_executor,quote_run_dispatch_probe,50,1410.16,success,,200,success
p3-ex-official-vu50,e646e59f-6d59-447e-9e98-05a2622fcd70,2026-08-31T18:20:20.208Z,separate_executor,quote_run_dispatch_probe,50,1373.62,success,,200,success
p3-ex-official-vu50,684b705b-72f0-4b1b-abe8-4402f8e1c580,2026-08-31T18:20:20.257Z,separate_executor,quote_run_dispatch_probe,50,1358.8,success,,200,success
p3-ex-official-vu50,23058b78-5a58-4fc2-b8ee-1b51ae8e1d10,2026-08-31T18:20:20.272Z,separate_executor,quote_run_dispatch_probe,50,1360.72,success,,200,success
p3-ex-official-vu50,14a21db4-9d2f-4dcd-b4a7-a9fd20c55d58,2026-08-31T18:20:20.354Z,separate_executor,quote_run_dispatch_probe,50,1618.76,success,,200,success
p3-ex-official-vu50,261341aa-6cbe-4f5b-a9c1-2a5289fc53d2,2026-08-31T18:20:20.429Z,separate_executor,quote_run_dispatch_probe,50,1447.9,success,,200,success
p3-ex-official-vu50,017023f5-6f90-49f0-8289-21a221557ab0,2026-08-31T18:20:20.433Z,separate_executor,quote_run_dispatch_probe,50,1420.64,success,,200,success
p3-ex-official-vu50,c7599d7f-6ac3-4067-962b-9c518a6dcbc1,2026-08-31T18:20:20.453Z,separate_executor,quote_run_dispatch_probe,50,905.46,success,,200,success
p3-ex-official-vu50,70191cd1-0c8a-4f09-b098-650692606c18,2026-08-31T18:20:20.456Z,separate_executor,quote_run_dispatch_probe,50,1020.26,success,,200,success
p3-ex-official-vu50,3f704f45-b5f9-4f35-9582-a40751e684fc,2026-08-31T18:20:20.457Z,separate_executor,quote_run_dispatch_probe,50,897.89,success,,200,success
p3-ex-official-vu50,efd6d49e-80eb-40b7-b55e-e47825cb5b57,2026-08-31T18:20:20.463Z,separate_executor,quote_run_dispatch_probe,50,1379.97,success,,200,success
p3-ex-official-vu50,c663ac23-e87f-447a-8db7-033192c6894e,2026-08-31T18:20:20.588Z,separate_executor,quote_run_dispatch_probe,50,1056.82,success,,200,success
p3-ex-official-vu50,8924584f-b5f3-4e5d-94d6-bf84a52cd6b5,2026-08-31T18:20:20.681Z,separate_executor,quote_run_dispatch_probe,50,1061.34,success,,200,success
p3-ex-official-vu50,55e46257-e1bf-4d51-80a6-e7c35423af71,2026-08-31T18:20:20.811Z,separate_executor,quote_run_dispatch_probe,50,1114.94,success,,200,success
p3-ex-official-vu50,f09423bc-3f32-4104-9f42-50d32b8d4ca9,2026-08-31T18:20:20.936Z,separate_executor,quote_run_dispatch_probe,50,1225.51,success,,200,success
p3-ex-official-vu50,c6d083a1-3d8d-4d87-8509-e7c4e8b669b9,2026-08-31T18:20:20.937Z,separate_executor,quote_run_dispatch_probe,50,1241.85,success,,200,success
p3-ex-official-vu50,69bd77ec-8078-41bb-ae60-d5149b515464,2026-08-31T18:20:20.938Z,separate_executor,quote_run_dispatch_probe,50,1305.14,success,,200,success
p3-ex-official-vu50,19a70d12-d796-4c4c-a9af-f06727e5d0c5,2026-08-31T18:20:20.938Z,separate_executor,quote_run_dispatch_probe,50,1288.65,success,,200,success
p3-ex-official-vu50,92cade67-e564-4d45-8144-f4aa7cfb1fb8,2026-08-31T18:20:20.989Z,separate_executor,quote_run_dispatch_probe,50,1274.96,success,,200,success
p3-ex-official-vu50,345b6e0f-4778-4d51-87e0-2a6ab9bf7347,2026-08-31T18:20:21.006Z,separate_executor,quote_run_dispatch_probe,50,1282.84,success,,200,success
p3-ex-official-vu50,bca9c8f6-1bda-438e-884e-0f6743e8a448,2026-08-31T18:20:21.026Z,separate_executor,quote_run_dispatch_probe,50,1278.74,success,,200,success
p3-ex-official-vu50,cb542d4e-0dcc-467c-83f4-095cc7af15ae,2026-08-31T18:20:21.033Z,separate_executor,quote_run_dispatch_probe,50,1324.37,success,,200,success
p3-ex-official-vu50,e7735e7b-2e85-4611-8700-1cb583839f00,2026-08-31T18:20:21.091Z,separate_executor,quote_run_dispatch_probe,50,1359.55,success,,200,success
p3-ex-official-vu50,eb4abda2-0ec1-4f6e-9c42-add26d9009e0,2026-08-31T18:20:21.162Z,separate_executor,quote_run_dispatch_probe,50,1438.59,success,,200,success
p3-ex-official-vu50,ee90e4a6-f9ee-4170-9900-18c43b750d90,2026-08-31T18:20:21.171Z,separate_executor,quote_run_dispatch_probe,50,1259.78,success,,200,success
p3-ex-official-vu50,72a4dd00-1e2e-4cdd-9c1a-007d21877e9e,2026-08-31T18:20:21.174Z,separate_executor,quote_run_dispatch_probe,50,1229.91,success,,200,success
p3-ex-official-vu50,6fa34124-2c08-4a16-a5fd-47aa8d91a339,2026-08-31T18:20:21.175Z,separate_executor,quote_run_dispatch_probe,50,1242.07,success,,200,success
p3-ex-official-vu50,9cccda78-529b-419f-bed4-0bbecee8b6f6,2026-08-31T18:20:21.199Z,separate_executor,quote_run_dispatch_probe,50,1268.46,success,,200,success
p3-ex-official-vu50,1796ae5c-708a-41f8-af55-d5d8e5189a14,2026-08-31T18:20:21.229Z,separate_executor,quote_run_dispatch_probe,50,1508.12,success,,200,success
p3-ex-official-vu50,91ec910f-dd97-4916-95bb-d0fdb92a0c0d,2026-08-31T18:20:21.249Z,separate_executor,quote_run_dispatch_probe,50,1299.14,success,,200,success
p3-ex-official-vu50,4a43b42f-cfaf-46a0-928f-9c64773bb834,2026-08-31T18:20:21.259Z,separate_executor,quote_run_dispatch_probe,50,1349.78,success,,200,success
p3-ex-official-vu50,01006578-154e-45bc-8ae1-fd7b8df35b25,2026-08-31T18:20:21.288Z,separate_executor,quote_run_dispatch_probe,50,1358.31,success,,200,success
p3-ex-official-vu50,1be2b294-5204-43b0-a358-143f7f45323f,2026-08-31T18:20:21.294Z,separate_executor,quote_run_dispatch_probe,50,1362.49,success,,200,success
p3-ex-official-vu50,459b92f0-b82f-4c76-99df-33a367ea41b9,2026-08-31T18:20:21.295Z,separate_executor,quote_run_dispatch_probe,50,1335.63,success,,200,success
p3-ex-official-vu50,b048596c-0db4-4f58-bb6f-6dd58f80d128,2026-08-31T18:20:21.299Z,separate_executor,quote_run_dispatch_probe,50,1352.9,success,,200,success
p3-ex-official-vu50,c09748cb-d2ea-4426-a481-7b5c4f405c58,2026-08-31T18:20:21.300Z,separate_executor,quote_run_dispatch_probe,50,1339.53,success,,200,success
p3-ex-official-vu50,6e8fbba6-58d3-4978-abcb-fa5e21ee5e11,2026-08-31T18:20:21.305Z,separate_executor,quote_run_dispatch_probe,50,1345.5,success,,200,success
p3-ex-official-vu50,d329f36c-2767-40c2-b9ea-11fd1ce29ca4,2026-08-31T18:20:21.307Z,separate_executor,quote_run_dispatch_probe,50,1342.04,success,,200,success
p3-ex-official-vu50,ea5a92af-e0ad-4ec5-a693-56d13e00fd72,2026-08-31T18:20:21.330Z,separate_executor,quote_run_dispatch_probe,50,1357.75,success,,200,success
p3-ex-official-vu50,d3566e4a-00a1-43da-81e2-770901cabae2,2026-08-31T18:20:21.331Z,separate_executor,quote_run_dispatch_probe,50,1354.32,success,,200,success
p3-ex-official-vu50,b2177cfe-2147-4f82-8a58-155e4a01f742,2026-08-31T18:20:21.357Z,separate_executor,quote_run_dispatch_probe,50,1365.31,success,,200,success
p3-ex-official-vu50,f9208448-c869-404b-b690-88bee489bb1c,2026-08-31T18:20:21.358Z,separate_executor,quote_run_dispatch_probe,50,1399.98,success,,200,success
p3-ex-official-vu50,390fd655-3e72-4b5b-90b6-06a33436e0d8,2026-08-31T18:20:21.405Z,separate_executor,quote_run_dispatch_probe,50,1465.79,success,,200,success
p3-ex-official-vu50,e88255bc-e686-43ad-b1f9-4b9d99a90b48,2026-08-31T18:20:21.412Z,separate_executor,quote_run_dispatch_probe,50,1473.77,success,,200,success
p3-ex-official-vu50,22480983-7050-42b2-ad50-80b1a55da1e7,2026-08-31T18:20:21.431Z,separate_executor,quote_run_dispatch_probe,50,1222.91,success,,200,success
p3-ex-official-vu50,a0b47852-1ae0-448e-9ff0-1188428ef57d,2026-08-31T18:20:21.432Z,separate_executor,quote_run_dispatch_probe,50,1501,success,,200,success
p3-ex-official-vu50,6fa70992-05ea-4273-8488-f67d6928f12b,2026-08-31T18:20:21.489Z,separate_executor,quote_run_dispatch_probe,50,1032.39,success,,200,success
p3-ex-official-vu50,3e661dfe-b1a9-42f6-9fd8-018a8dbc4d64,2026-08-31T18:20:21.504Z,separate_executor,quote_run_dispatch_probe,50,1439.05,success,,200,success
p3-ex-official-vu50,ad4b56d8-d6e5-4406-aa32-d40366fb865a,2026-08-31T18:20:21.505Z,separate_executor,quote_run_dispatch_probe,50,1524,success,,200,success
p3-ex-official-vu50,e2f6bfc7-4f48-4c38-8548-712367b3906d,2026-08-31T18:20:21.529Z,separate_executor,quote_run_dispatch_probe,50,1585.83,success,,200,success
p3-ex-official-vu50,9d819b46-cd9c-48d6-a99d-af8b58656cc3,2026-08-31T18:20:21.555Z,separate_executor,quote_run_dispatch_probe,50,1297.69,success,,200,success
p3-ex-official-vu50,e2b0f1c5-d42d-49eb-9462-90e7e2edcb64,2026-08-31T18:20:21.594Z,separate_executor,quote_run_dispatch_probe,50,1656.69,success,,200,success
p3-ex-official-vu50,2e31a31f-eab2-41d5-bf99-d6e4accbe1d8,2026-08-31T18:20:21.610Z,separate_executor,quote_run_dispatch_probe,50,1405.21,success,,200,success
p3-ex-official-vu50,ead3cb51-a15d-420d-a569-2297dec6ca68,2026-08-31T18:20:21.620Z,separate_executor,quote_run_dispatch_probe,50,1644.4,success,,200,success
p3-ex-official-vu50,e90d34f4-845c-43ad-8850-dbc715395e5c,2026-08-31T18:20:21.694Z,separate_executor,quote_run_dispatch_probe,50,1240.77,success,,200,success
p3-ex-official-vu50,5328a327-2d38-4ba1-a47d-a68a7ff03529,2026-08-31T18:20:21.712Z,separate_executor,quote_run_dispatch_probe,50,1123.81,success,,200,success
p3-ex-official-vu50,42355f87-6deb-44c9-8be6-dde22b41fa25,2026-08-31T18:20:21.725Z,separate_executor,quote_run_dispatch_probe,50,1267.61,success,,200,success
p3-ex-official-vu50,416ff884-b978-4838-af8b-2e9c601a9c3c,2026-08-31T18:20:21.809Z,separate_executor,quote_run_dispatch_probe,50,1127.69,success,,200,success
p3-ex-official-vu50,b1b3671e-819e-4760-bf97-f3345de2391b,2026-08-31T18:20:21.929Z,separate_executor,quote_run_dispatch_probe,50,1465.38,success,,200,success
p3-ex-official-vu50,7ed8ead8-bd02-4fbb-9bb7-1b45722984f7,2026-08-31T18:20:21.932Z,separate_executor,quote_run_dispatch_probe,50,1502.58,success,,200,success
p3-ex-official-vu50,d181fa20-f577-46ab-a496-405173d89657,2026-08-31T18:20:21.948Z,separate_executor,quote_run_dispatch_probe,50,1594.11,success,,200,success
p3-ex-official-vu50,f777254f-2c9a-4460-a76f-800f35ee7b16,2026-08-31T18:20:21.993Z,separate_executor,quote_run_dispatch_probe,50,1055.34,success,,200,success
p3-ex-official-vu50,b635e3ec-d1bc-4bf2-8f01-67aa94b3d0d2,2026-08-31T18:20:21.994Z,separate_executor,quote_run_dispatch_probe,50,1183.7,success,,200,success
p3-ex-official-vu50,61b6d0c0-5ef3-43de-a29a-25aead95b44b,2026-08-31T18:20:22.038Z,separate_executor,quote_run_dispatch_probe,50,1765.35,success,,200,success
p3-ex-official-vu50,3229ecd4-0ae1-451b-9116-5a791f4c6f45,2026-08-31T18:20:22.075Z,separate_executor,quote_run_dispatch_probe,50,1137.66,success,,200,success
p3-ex-official-vu50,e799adce-0a7d-42f8-9593-8d4bc3a4d388,2026-08-31T18:20:22.108Z,separate_executor,quote_run_dispatch_probe,50,1674.6,success,,200,success
p3-ex-official-vu50,1f4e63e5-a3d6-41d7-86ed-685f0d07e5c8,2026-08-31T18:20:22.158Z,separate_executor,quote_run_dispatch_probe,50,1221.38,success,,200,success
p3-ex-official-vu50,5b218df7-843a-4e0c-820b-54e2a157a48a,2026-08-31T18:20:22.354Z,separate_executor,quote_run_dispatch_probe,50,1104.76,success,,200,success
p3-ex-official-vu50,915bb38a-40da-4024-8d52-e299223f9b44,2026-08-31T18:20:22.356Z,separate_executor,quote_run_dispatch_probe,50,1349.5,success,,200,success
p3-ex-official-vu50,5c3dc270-7285-48b0-ab36-5e49228ce362,2026-08-31T18:20:22.357Z,separate_executor,quote_run_dispatch_probe,50,1367.6,success,,200,success
p3-ex-official-vu50,868e381e-390c-4d29-934d-34f4a0d7f328,2026-08-31T18:20:22.360Z,separate_executor,quote_run_dispatch_probe,50,1423.69,success,,200,success
p3-ex-official-vu50,fdde877d-940f-4537-a306-7bdbef123ef7,2026-08-31T18:20:22.365Z,separate_executor,quote_run_dispatch_probe,50,1274.59,success,,200,success
p3-ex-official-vu50,7134bbe5-5ee6-4c6d-ac3f-bd6b14bb372b,2026-08-31T18:20:22.381Z,separate_executor,quote_run_dispatch_probe,50,1347.88,success,,200,success
p3-ex-official-vu50,f0b86fc7-05d0-41f6-b0cc-e1cb1b799237,2026-08-31T18:20:22.400Z,separate_executor,quote_run_dispatch_probe,50,1201.26,success,,200,success
p3-ex-official-vu50,828238dd-0258-4a20-8495-5880b9200537,2026-08-31T18:20:22.438Z,separate_executor,quote_run_dispatch_probe,50,1264.48,success,,200,success
p3-ex-official-vu50,aa765676-98a5-4623-b14f-9416908f88fd,2026-08-31T18:20:22.446Z,separate_executor,quote_run_dispatch_probe,50,1275.54,success,,200,success
p3-ex-official-vu50,477f9fa2-4b04-4fd0-9716-5b66ae8b2069,2026-08-31T18:20:22.456Z,separate_executor,quote_run_dispatch_probe,50,1149.11,success,,200,success
p3-ex-official-vu50,50773838-4c05-4e2d-94c6-8f0fea927154,2026-08-31T18:20:22.488Z,separate_executor,quote_run_dispatch_probe,50,1461.39,success,,200,success
p3-ex-official-vu50,dd733ca0-c8a3-449d-8915-841d77f0d22d,2026-08-31T18:20:22.531Z,separate_executor,quote_run_dispatch_probe,50,1355.68,success,,200,success
p3-ex-official-vu50,7f853603-7b82-478b-934f-055fdff9deca,2026-08-31T18:20:22.555Z,separate_executor,quote_run_dispatch_probe,50,1392.71,success,,200,success
p3-ex-official-vu50,768f4051-9edc-4c7a-b5f6-dbe1d823a91b,2026-08-31T18:20:22.561Z,separate_executor,quote_run_dispatch_probe,50,1301.01,success,,200,success
p3-ex-official-vu50,97c209e0-7a4d-4539-86b3-13e00b26b564,2026-08-31T18:20:22.619Z,separate_executor,quote_run_dispatch_probe,50,1261.13,success,,200,success
p3-ex-official-vu50,8d14fdef-d958-45b7-8326-0047d31581fe,2026-08-31T18:20:22.662Z,separate_executor,quote_run_dispatch_probe,50,1172.74,success,,200,success
p3-ex-official-vu50,c8d8e7f8-d639-4097-80ec-ee57daaba5aa,2026-08-31T18:20:22.663Z,separate_executor,quote_run_dispatch_probe,50,1258.17,success,,200,success
p3-ex-official-vu50,df38990c-4f82-43e1-b4b7-6681031132bd,2026-08-31T18:20:22.676Z,separate_executor,quote_run_dispatch_probe,50,1381.5,success,,200,success
p3-ex-official-vu50,c9d32b05-9f9b-4b8e-b459-f026d4fe99f4,2026-08-31T18:20:22.701Z,separate_executor,quote_run_dispatch_probe,50,1413.42,success,,200,success
p3-ex-official-vu50,15da6625-e968-40e4-a98d-3c7323485387,2026-08-31T18:20:22.712Z,separate_executor,quote_run_dispatch_probe,50,1412.84,success,,200,success
p3-ex-official-vu50,1bb85a78-7a01-4451-8253-fb07e9f0027e,2026-08-31T18:20:22.713Z,separate_executor,quote_run_dispatch_probe,50,1418.36,success,,200,success
p3-ex-official-vu50,08b884b3-368e-4787-ac8d-bf16959ccbde,2026-08-31T18:20:22.714Z,separate_executor,quote_run_dispatch_probe,50,1415.62,success,,200,success
p3-ex-official-vu50,57f10f8b-8c38-4094-a0a2-6499a18bf637,2026-08-31T18:20:22.720Z,separate_executor,quote_run_dispatch_probe,50,1491.51,success,,200,success
p3-ex-official-vu50,05c1efa6-b1c6-43d1-bdf7-bab59e17724b,2026-08-31T18:20:22.748Z,separate_executor,quote_run_dispatch_probe,50,1243.26,success,,200,success
p3-ex-official-vu50,bdf68a71-847c-4bfa-832a-050cbbb30ea5,2026-08-31T18:20:22.841Z,separate_executor,quote_run_dispatch_probe,50,1285.9,success,,200,success
p3-ex-official-vu50,952859bc-f3b3-4b76-9755-eaf3e71cf590,2026-08-31T18:20:22.862Z,separate_executor,quote_run_dispatch_probe,50,1530.63,success,,200,success
p3-ex-official-vu50,8c396676-a079-4a8a-991e-3b31b6e33976,2026-08-31T18:20:22.900Z,separate_executor,quote_run_dispatch_probe,50,1594.82,success,,200,success
p3-ex-official-vu50,8bcd7a9a-43cf-4bf6-a81d-e2b639de8b76,2026-08-31T18:20:22.903Z,separate_executor,quote_run_dispatch_probe,50,1546.64,success,,200,success
p3-ex-official-vu50,382e414f-af9e-4056-86ad-14d0e4b6ddc4,2026-08-31T18:20:22.907Z,separate_executor,quote_run_dispatch_probe,50,1377.77,success,,200,success
p3-ex-official-vu50,f42a17aa-4bab-41b3-914a-eb8c158fea2e,2026-08-31T18:20:22.913Z,separate_executor,quote_run_dispatch_probe,50,1103.86,success,,200,success
p3-ex-official-vu50,8748d097-c10d-4f93-8259-82af42878f11,2026-08-31T18:20:22.919Z,separate_executor,quote_run_dispatch_probe,50,1206.3,success,,200,success
p3-ex-official-vu50,69d8eb2f-6063-48a5-b902-885b1e8f0d2a,2026-08-31T18:20:22.929Z,separate_executor,quote_run_dispatch_probe,50,1496.96,success,,200,success
p3-ex-official-vu50,364bb504-e11a-4c5d-bb1d-166c7ff5d6da,2026-08-31T18:20:22.939Z,separate_executor,quote_run_dispatch_probe,50,1507.47,success,,200,success
p3-ex-official-vu50,6ed7c6f9-b1e2-421b-8523-e89f8b4bb05a,2026-08-31T18:20:22.947Z,separate_executor,quote_run_dispatch_probe,50,1443.22,success,,200,success
p3-ex-official-vu50,34e09f66-151d-4896-b0d2-fe059bf38334,2026-08-31T18:20:22.948Z,separate_executor,quote_run_dispatch_probe,50,1535.52,success,,200,success
p3-ex-official-vu50,14b0db8a-3702-4a7c-af1a-db72e23d24ad,2026-08-31T18:20:22.955Z,separate_executor,quote_run_dispatch_probe,50,1261.38,success,,200,success
p3-ex-official-vu50,cca3ec7c-f5d2-40aa-b0da-8044563ec480,2026-08-31T18:20:23.054Z,separate_executor,quote_run_dispatch_probe,50,1460.03,success,,200,success
p3-ex-official-vu50,7ceb0713-2e7f-408d-97c8-e85c3ab44079,2026-08-31T18:20:23.106Z,separate_executor,quote_run_dispatch_probe,50,1485.47,success,,200,success
p3-ex-official-vu50,b5f3781e-b82e-4c03-b09d-ac2d2a359ac2,2026-08-31T18:20:23.114Z,separate_executor,quote_run_dispatch_probe,50,1783.3,success,,200,success
p3-ex-official-vu50,9c37ace8-315e-44a7-9812-720557aef5e8,2026-08-31T18:20:23.120Z,separate_executor,quote_run_dispatch_probe,50,1395.74,success,,200,success
p3-ex-official-vu50,9bbf87a4-0bdf-425a-b8d3-4fe72ab592ff,2026-08-31T18:20:23.121Z,separate_executor,quote_run_dispatch_probe,50,1126.6,success,,200,success
p3-ex-official-vu50,6ae06e9c-2afe-45f5-828e-3cf5536f0355,2026-08-31T18:20:23.194Z,separate_executor,quote_run_dispatch_probe,50,1118.15,success,,200,success
p3-ex-official-vu50,eb0a92b6-4777-42bf-afbc-a2bce994d32b,2026-08-31T18:20:23.221Z,separate_executor,quote_run_dispatch_probe,50,1610.57,success,,200,success
p3-ex-official-vu50,c66c89df-6134-4e75-8025-5e0103e64458,2026-08-31T18:20:23.226Z,separate_executor,quote_run_dispatch_probe,50,1294.3,success,,200,success
p3-ex-official-vu50,f8306d03-c823-428e-b84b-9452dbbb3f82,2026-08-31T18:20:23.231Z,separate_executor,quote_run_dispatch_probe,50,1237.8,success,,200,success
p3-ex-official-vu50,bc45162a-8403-4d4f-93e2-6e8266c1560c,2026-08-31T18:20:23.387Z,separate_executor,quote_run_dispatch_probe,50,1458.14,success,,200,success
p3-ex-official-vu50,f8728cb2-8b41-4063-9256-e96c3b0ddef2,2026-08-31T18:20:23.498Z,separate_executor,quote_run_dispatch_probe,50,1339.99,success,,200,success
p3-ex-official-vu50,e93f879f-7a4e-42c0-add4-67c6313e71e8,2026-08-31T18:20:23.623Z,separate_executor,quote_run_dispatch_probe,50,1176.36,success,,200,success
p3-ex-official-vu50,9a1bfb35-5502-41af-9a15-53cc0b03e9c3,2026-08-31T18:20:23.629Z,separate_executor,quote_run_dispatch_probe,50,1590.73,success,,200,success
p3-ex-official-vu50,f55ee46d-ebce-468f-b23d-8f5090362af9,2026-08-31T18:20:23.637Z,separate_executor,quote_run_dispatch_probe,50,1279.65,success,,200,success
p3-ex-official-vu50,6391fbcf-a402-4a20-ac9d-dc7c3f2d2ee9,2026-08-31T18:20:23.727Z,separate_executor,quote_run_dispatch_probe,50,1271.2,success,,200,success
p3-ex-official-vu50,993067d4-0726-4b7e-b1d4-19d59de554f7,2026-08-31T18:20:23.753Z,separate_executor,quote_run_dispatch_probe,50,1645.07,success,,200,success
p3-ex-official-vu50,0402e305-100c-4961-ab8a-77e00764dd57,2026-08-31T18:20:23.756Z,separate_executor,quote_run_dispatch_probe,50,1400.31,success,,200,success
p3-ex-official-vu50,1d06bb67-d822-47cb-bd0b-7bd40b41c935,2026-08-31T18:20:23.759Z,separate_executor,quote_run_dispatch_probe,50,1810.87,success,,200,success
p3-ex-official-vu50,1b741095-e38c-4294-9918-1d581e5b4053,2026-08-31T18:20:23.769Z,separate_executor,quote_run_dispatch_probe,50,1107.37,success,,200,success
p3-ex-official-vu50,509d89b1-3151-483f-9dd6-9067437566cc,2026-08-31T18:20:23.808Z,separate_executor,quote_run_dispatch_probe,50,1448.52,success,,200,success
p3-ex-official-vu50,df3e3471-8bb9-4643-96aa-8e6dcf9db121,2026-08-31T18:20:23.832Z,separate_executor,quote_run_dispatch_probe,50,1478.16,success,,200,success
p3-ex-official-vu50,b776d66d-c8e4-482d-b2bc-54224ff3b736,2026-08-31T18:20:23.848Z,separate_executor,quote_run_dispatch_probe,50,1317.47,success,,200,success
p3-ex-official-vu50,ac6f782c-dc44-4fef-b9f0-1e1e3a5fd534,2026-08-31T18:20:23.861Z,separate_executor,quote_run_dispatch_probe,50,1495.81,success,,200,success
p3-ex-official-vu50,462876eb-ad61-4943-b1fb-66f57026b279,2026-08-31T18:20:23.921Z,separate_executor,quote_run_dispatch_probe,50,1359.98,success,,200,success
p3-ex-official-vu50,215ca379-1ec8-4740-a051-ec74d088447a,2026-08-31T18:20:23.972Z,separate_executor,quote_run_dispatch_probe,50,1223.77,success,,200,success
p3-ex-official-vu50,18c30463-7eaa-4f3c-91ed-f907f3144f03,2026-08-31T18:20:24.005Z,separate_executor,quote_run_dispatch_probe,50,1450.24,success,,200,success
p3-ex-official-vu50,757a96db-eee1-4815-8420-a38f0845ce9d,2026-08-31T18:20:24.033Z,separate_executor,quote_run_dispatch_probe,50,1652.06,success,,200,success
p3-ex-official-vu50,ceafd0e1-9705-42b4-803b-87fab1875d5d,2026-08-31T18:20:24.045Z,separate_executor,quote_run_dispatch_probe,50,1557.41,success,,200,success
p3-ex-official-vu50,b681e9b6-8448-4d34-8871-bac65b40754c,2026-08-31T18:20:24.060Z,separate_executor,quote_run_dispatch_probe,50,1340.36,success,,200,success
p3-ex-official-vu50,eb62c0a7-0173-4e02-8adb-8c2b836433d6,2026-08-31T18:20:24.125Z,separate_executor,quote_run_dispatch_probe,50,1686.54,success,,200,success
p3-ex-official-vu50,e7ccf3c9-7663-4665-8c2b-7deea4435195,2026-08-31T18:20:24.126Z,separate_executor,quote_run_dispatch_probe,50,1450,success,,200,success
p3-ex-official-vu50,e83e04a5-dd46-426a-8202-dafe0e76528c,2026-08-31T18:20:24.139Z,separate_executor,quote_run_dispatch_probe,50,1225.74,success,,200,success
p3-ex-official-vu50,089ff1c7-50e4-41ba-88aa-572c80797e2e,2026-08-31T18:20:24.140Z,separate_executor,quote_run_dispatch_probe,50,1740.51,success,,200,success
p3-ex-official-vu50,9b8a181b-4590-4b0e-ab32-518ea15e793e,2026-08-31T18:20:24.160Z,separate_executor,quote_run_dispatch_probe,50,1447.85,success,,200,success
p3-ex-official-vu50,c564f924-7240-48f0-a7cc-3e27ff106cb4,2026-08-31T18:20:24.166Z,separate_executor,quote_run_dispatch_probe,50,1503.26,success,,200,success
p3-ex-official-vu50,9b136ca2-9c46-46ef-8a17-527375161a98,2026-08-31T18:20:24.174Z,separate_executor,quote_run_dispatch_probe,50,1555.19,success,,200,success
p3-ex-official-vu50,f8c6ef6d-ca50-4aff-b0b8-eebf0dcdac04,2026-08-31T18:20:24.233Z,separate_executor,quote_run_dispatch_probe,50,1371.58,success,,200,success
p3-ex-official-vu50,c57fe9e6-aa7f-45df-a861-8374058e8f46,2026-08-31T18:20:24.241Z,separate_executor,quote_run_dispatch_probe,50,1322.58,success,,200,success
p3-ex-official-vu50,defebbd5-03aa-47a6-a50a-036c89ada2b3,2026-08-31T18:20:24.245Z,separate_executor,quote_run_dispatch_probe,50,1543.57,success,,200,success
p3-ex-official-vu50,6f673376-6d77-4704-8295-f4fd8de7d134,2026-08-31T18:20:24.245Z,separate_executor,quote_run_dispatch_probe,50,1531.94,success,,200,success
p3-ex-official-vu50,c5a9de99-80e1-4dd3-a156-1e30cb9bc9f6,2026-08-31T18:20:24.275Z,separate_executor,quote_run_dispatch_probe,50,1433.91,success,,200,success
p3-ex-official-vu50,0b336fff-d6e1-4656-8190-52ca585b880e,2026-08-31T18:20:24.331Z,separate_executor,quote_run_dispatch_probe,50,1375.58,success,,200,success
p3-ex-official-vu50,0ec799ed-81ca-4463-b295-e04875cca3b0,2026-08-31T18:20:24.332Z,separate_executor,quote_run_dispatch_probe,50,1431.98,success,,200,success
p3-ex-official-vu50,a6321d9a-a3ee-43eb-84cd-98ed406d4380,2026-08-31T18:20:24.341Z,separate_executor,quote_run_dispatch_probe,50,1392.81,success,,200,success
p3-ex-official-vu50,b9144624-5b34-4058-89ad-245b61e7f551,2026-08-31T18:20:24.343Z,separate_executor,quote_run_dispatch_probe,50,1439.61,success,,200,success
p3-ex-official-vu50,feb16feb-8f28-4f61-89ec-107ec3560618,2026-08-31T18:20:24.370Z,separate_executor,quote_run_dispatch_probe,50,1431.51,success,,200,success
p3-ex-official-vu50,6b998b2a-b990-4525-aab6-e1ce7242c0cb,2026-08-31T18:20:24.411Z,separate_executor,quote_run_dispatch_probe,50,1504.65,success,,200,success
p3-ex-official-vu50,36762174-b76b-44aa-99d6-3fa773ab6bfe,2026-08-31T18:20:24.412Z,separate_executor,quote_run_dispatch_probe,50,1290.78,success,,200,success
p3-ex-official-vu50,2db32f03-13b5-4ef5-9709-e49a0213b59d,2026-08-31T18:20:24.413Z,separate_executor,quote_run_dispatch_probe,50,1219.43,success,,200,success
p3-ex-official-vu50,31b707e5-3927-435f-9c25-e3d6bd3d5763,2026-08-31T18:20:24.421Z,separate_executor,quote_run_dispatch_probe,50,1706.1,success,,200,success
p3-ex-official-vu50,bcb946a4-0af5-4ad2-9473-266078a793e8,2026-08-31T18:20:24.473Z,separate_executor,quote_run_dispatch_probe,50,1241.71,success,,200,success
p3-ex-official-vu50,f314cc95-98c3-4f52-8979-5532bfa59007,2026-08-31T18:20:24.542Z,separate_executor,quote_run_dispatch_probe,50,1595.16,success,,200,success
p3-ex-official-vu50,649bc52e-3ece-4605-83a5-931c8bc2572c,2026-08-31T18:20:24.548Z,separate_executor,quote_run_dispatch_probe,50,1428.08,success,,200,success
p3-ex-official-vu50,9f361d87-5087-4c61-ba9e-38d251cab49d,2026-08-31T18:20:24.629Z,separate_executor,quote_run_dispatch_probe,50,1699.39,success,,200,success
p3-ex-official-vu50,bf89d97d-be74-4280-b881-5f6d7a0d9659,2026-08-31T18:20:24.639Z,separate_executor,quote_run_dispatch_probe,50,1525.57,success,,200,success
p3-ex-official-vu50,4d362def-bdef-422d-bafd-5d71561aef0e,2026-08-31T18:20:24.706Z,separate_executor,quote_run_dispatch_probe,50,1484.69,success,,200,success
p3-ex-official-vu50,f72fbf42-3f1f-4b3e-9890-abd6e1295db6,2026-08-31T18:20:24.731Z,separate_executor,quote_run_dispatch_probe,50,1677.14,success,,200,success
p3-ex-official-vu50,29c80af4-ae7d-4a82-9b93-178ad2770773,2026-08-31T18:20:24.742Z,separate_executor,quote_run_dispatch_probe,50,1636.17,success,,200,success
p3-ex-official-vu50,c3cbb9e7-46df-4381-8554-b839f8381dd1,2026-08-31T18:20:24.825Z,separate_executor,quote_run_dispatch_probe,50,1202.12,success,,200,success
p3-ex-official-vu50,8f5d0ab1-31c3-4e92-90fd-8461c312efd9,2026-08-31T18:20:24.905Z,separate_executor,quote_run_dispatch_probe,50,1679.09,success,,200,success
p3-ex-official-vu50,f9b89a41-86d2-49b9-8ec1-8170cf7907ee,2026-08-31T18:20:24.947Z,separate_executor,quote_run_dispatch_probe,50,1310.88,success,,200,success
p3-ex-official-vu50,4e11afc4-4e4c-4d48-9ba3-4bc78caf4ed4,2026-08-31T18:20:24.950Z,separate_executor,quote_run_dispatch_probe,50,1451.11,success,,200,success
p3-ex-official-vu50,8a968def-1892-4633-a678-40dd121e584a,2026-08-31T18:20:24.970Z,separate_executor,quote_run_dispatch_probe,50,1200.33,success,,200,success
p3-ex-official-vu50,d5873482-80c8-4d02-ba44-c94a849e5622,2026-08-31T18:20:25.031Z,separate_executor,quote_run_dispatch_probe,50,1643.94,success,,200,success
p3-ex-official-vu50,0b40c92a-c2b6-4c18-9204-b2a691dcd9c6,2026-08-31T18:20:25.086Z,separate_executor,quote_run_dispatch_probe,50,1277.55,success,,200,success
p3-ex-official-vu50,60f9c193-b95f-44f6-8352-01f6f1a15372,2026-08-31T18:20:25.147Z,separate_executor,quote_run_dispatch_probe,50,1419.88,success,,200,success
p3-ex-official-vu50,d23066c4-386d-4419-904c-c6a31a752362,2026-08-31T18:20:25.156Z,separate_executor,quote_run_dispatch_probe,50,1527.06,success,,200,success
p3-ex-official-vu50,e60342f5-262f-4448-95b5-e8ee670115c5,2026-08-31T18:20:25.269Z,separate_executor,quote_run_dispatch_probe,50,1436.72,success,,200,success
p3-ex-official-vu50,c42988bb-cabe-448d-843a-4aa14a7a79af,2026-08-31T18:20:25.349Z,separate_executor,quote_run_dispatch_probe,50,1501.08,success,,200,success
p3-ex-official-vu50,204129f3-3d6e-4d25-aaeb-9cbeefeb2b01,2026-08-31T18:20:25.354Z,separate_executor,quote_run_dispatch_probe,50,1601.33,success,,200,success
p3-ex-official-vu50,1b0084ba-162d-4cc2-abcd-5acb472a8ac4,2026-08-31T18:20:25.361Z,separate_executor,quote_run_dispatch_probe,50,1499.7,success,,200,success
p3-ex-official-vu50,1242b2dd-cd97-48c3-bf8b-9af3bb5e54c1,2026-08-31T18:20:25.364Z,separate_executor,quote_run_dispatch_probe,50,1392.05,success,,200,success
p3-ex-official-vu50,d0f1cfcc-f739-4a62-b3ca-068145d5a9a3,2026-08-31T18:20:25.371Z,separate_executor,quote_run_dispatch_probe,50,1615.07,success,,200,success
p3-ex-official-vu50,18f597aa-73d5-4456-b948-dece3a6204b9,2026-08-31T18:20:25.466Z,separate_executor,quote_run_dispatch_probe,50,1460.93,success,,200,success
p3-ex-official-vu50,487dc502-1346-49db-ae72-0cb850d02d67,2026-08-31T18:20:25.475Z,separate_executor,quote_run_dispatch_probe,50,1553.99,success,,200,success
p3-ex-official-vu50,9e1d188c-d1d3-4c0a-8498-b9854da8a0b7,2026-08-31T18:20:25.481Z,separate_executor,quote_run_dispatch_probe,50,1722.19,success,,200,success
p3-ex-official-vu50,207d6407-3f03-4c99-96a8-0ab8796340e1,2026-08-31T18:20:25.550Z,separate_executor,quote_run_dispatch_probe,50,1308.87,success,,200,success
p3-ex-official-vu50,ec5788d9-8925-4427-9eef-e8323c1bfb4d,2026-08-31T18:20:25.555Z,separate_executor,quote_run_dispatch_probe,50,1394.59,success,,200,success
p3-ex-official-vu50,ace43c10-0f93-46ca-9ddd-92b3063e4f09,2026-08-31T18:20:25.556Z,separate_executor,quote_run_dispatch_probe,50,1280.64,success,,200,success
p3-ex-official-vu50,7b8139c2-dab5-492d-adce-386d55c1a4ab,2026-08-31T18:20:25.559Z,separate_executor,quote_run_dispatch_probe,50,1420.32,success,,200,success
p3-ex-official-vu50,d76e4cd1-69d6-4b5f-86a1-0dd790aaf1d0,2026-08-31T18:20:25.575Z,separate_executor,quote_run_dispatch_probe,50,1449.76,success,,200,success
p3-ex-official-vu50,d706fda5-ea28-4d29-b81d-df247e2c5177,2026-08-31T18:20:25.580Z,separate_executor,quote_run_dispatch_probe,50,1346.76,success,,200,success
p3-ex-official-vu50,767dd443-c298-4b6c-81b0-35cd9dbc2921,2026-08-31T18:20:25.591Z,separate_executor,quote_run_dispatch_probe,50,1464.89,success,,200,success
p3-ex-official-vu50,050f38dc-d677-4bed-ab8e-b87208b649e5,2026-08-31T18:20:25.613Z,separate_executor,quote_run_dispatch_probe,50,1281.98,success,,200,success
p3-ex-official-vu50,4ac00ce0-0bef-4be3-aa86-776c787cd708,2026-08-31T18:20:25.616Z,separate_executor,quote_run_dispatch_probe,50,1475.96,success,,200,success
p3-ex-official-vu50,6328e8d3-20a6-4be8-9af7-72fa1fceaef4,2026-08-31T18:20:25.619Z,separate_executor,quote_run_dispatch_probe,50,1585.34,success,,200,success
p3-ex-official-vu50,abc90d4b-f1b7-4238-b2c2-c6aee6100fb0,2026-08-31T18:20:25.628Z,separate_executor,quote_run_dispatch_probe,50,1214.65,success,,200,success
p3-ex-official-vu50,a801ef51-6f44-4ebb-99f9-9c42d8f99ff2,2026-08-31T18:20:25.662Z,separate_executor,quote_run_dispatch_probe,50,1616.68,success,,200,success
p3-ex-official-vu50,e1dad3d8-7e41-44e4-831a-b79ab0c725f1,2026-08-31T18:20:25.662Z,separate_executor,quote_run_dispatch_probe,50,1417.76,success,,200,success
p3-ex-official-vu50,be24c0dd-e87a-47eb-993a-404c14f63356,2026-08-31T18:20:25.672Z,separate_executor,quote_run_dispatch_probe,50,1610.87,success,,200,success
p3-ex-official-vu50,c8165ffe-69db-4628-93e2-971b125c949d,2026-08-31T18:20:25.708Z,separate_executor,quote_run_dispatch_probe,50,1462.2,success,,200,success
p3-ex-official-vu50,707c598b-caf2-4b26-92f9-749c001135b3,2026-08-31T18:20:25.736Z,separate_executor,quote_run_dispatch_probe,50,1324.28,success,,200,success
p3-ex-official-vu50,a647a125-5aec-4d30-ac52-1e180bf7c5e3,2026-08-31T18:20:25.753Z,separate_executor,quote_run_dispatch_probe,50,1579.16,success,,200,success
p3-ex-official-vu50,d3541e43-ee00-474a-8b5a-325485f7b559,2026-08-31T18:20:25.759Z,separate_executor,quote_run_dispatch_probe,50,1388.43,success,,200,success
p3-ex-official-vu50,3a66695f-7b48-49d4-9bf0-b7cee97d1473,2026-08-31T18:20:25.810Z,separate_executor,quote_run_dispatch_probe,50,1337.45,success,,200,success
p3-ex-official-vu50,55d254cc-fd90-4068-9998-0a5f4e25e438,2026-08-31T18:20:25.898Z,separate_executor,quote_run_dispatch_probe,50,1350.06,success,,200,success
p3-ex-official-vu50,0b4b2625-e91d-48cf-8ce8-521de91418aa,2026-08-31T18:20:25.930Z,separate_executor,quote_run_dispatch_probe,50,1597.47,success,,200,success
p3-ex-official-vu50,75a74b74-ad7c-492d-bde9-3dcdd8405f60,2026-08-31T18:20:25.960Z,separate_executor,quote_run_dispatch_probe,50,1616.49,success,,200,success
p3-ex-official-vu50,6d152a6a-e28c-4c15-aa9d-95e1d9f9abab,2026-08-31T18:20:25.974Z,separate_executor,quote_run_dispatch_probe,50,1807.12,success,,200,success
p3-ex-official-vu50,707661e0-f694-42f7-bbd3-8fd778d4b141,2026-08-31T18:20:25.983Z,separate_executor,quote_run_dispatch_probe,50,1561.96,success,,200,success
p3-ex-official-vu50,3b1774a9-f62b-4d31-89e6-12eee41fa9d8,2026-08-31T18:20:26.086Z,separate_executor,quote_run_dispatch_probe,50,1745.26,success,,200,success
p3-ex-official-vu50,4ab1e130-e525-4c65-bc99-94569621cfd7,2026-08-31T18:20:26.180Z,separate_executor,quote_run_dispatch_probe,50,1541.24,success,,200,success
p3-ex-official-vu50,ed0becac-1ca0-4167-8d1d-fd57d4086bd2,2026-08-31T18:20:26.194Z,separate_executor,quote_run_dispatch_probe,50,1488.65,success,,200,success
p3-ex-official-vu50,91bb31ac-6af1-4417-a365-10dacbcf1522,2026-08-31T18:20:26.209Z,separate_executor,quote_run_dispatch_probe,50,1239.64,success,,200,success
p3-ex-official-vu50,c97b701c-0352-4fa7-9f53-57a2a50c8c8a,2026-08-31T18:20:26.210Z,separate_executor,quote_run_dispatch_probe,50,1798.34,success,,200,success
p3-ex-official-vu50,87f45cc3-8049-4e7d-be03-11e1dc063e89,2026-08-31T18:20:26.247Z,separate_executor,quote_run_dispatch_probe,50,1704.23,success,,200,success
p3-ex-official-vu50,08f40c13-a667-4bbe-b94b-8e9ba19d53c5,2026-08-31T18:20:26.355Z,separate_executor,quote_run_dispatch_probe,50,1624.1,success,,200,success
p3-ex-official-vu50,a66b11c3-b8a1-44f4-b425-e7112f35164d,2026-08-31T18:20:26.393Z,separate_executor,quote_run_dispatch_probe,50,1567.91,success,,200,success
p3-ex-official-vu50,d796ce30-6f35-465c-b9ee-2a9982bffb28,2026-08-31T18:20:26.524Z,separate_executor,quote_run_dispatch_probe,50,1895,success,,200,success
p3-ex-official-vu50,b032b550-6eae-44cc-9961-5e045285f62d,2026-08-31T18:20:26.525Z,separate_executor,quote_run_dispatch_probe,50,1439.13,success,,200,success
p3-ex-official-vu50,838c992c-59c3-40b8-aa59-2cf88cea170a,2026-08-31T18:20:26.525Z,separate_executor,quote_run_dispatch_probe,50,1577.82,success,,200,success
p3-ex-official-vu50,3f5cef80-783a-4d71-a607-07e1348b7a16,2026-08-31T18:20:26.552Z,separate_executor,quote_run_dispatch_probe,50,1602.04,success,,200,success
p3-ex-official-vu50,cc0e5de0-fd1b-439a-ae83-f33a7d5d292c,2026-08-31T18:20:26.697Z,separate_executor,quote_run_dispatch_probe,50,1549.64,success,,200,success
p3-ex-official-vu50,b8b5e7b5-1d80-44cf-b62a-437b941b9c75,2026-08-31T18:20:26.699Z,separate_executor,quote_run_dispatch_probe,50,1957.23,success,,200,success
p3-ex-official-vu50,75921da8-91bd-40b0-b998-7b8e0c9d201d,2026-08-31T18:20:26.744Z,separate_executor,quote_run_dispatch_probe,50,1712.69,success,,200,success
p3-ex-official-vu50,1eb4f1e8-790d-4b06-98c5-21a409683807,2026-08-31T18:20:26.771Z,separate_executor,quote_run_dispatch_probe,50,1502.03,success,,200,success
p3-ex-official-vu50,a2f83de8-4162-452c-b2b4-8c97a128a1b4,2026-08-31T18:20:26.786Z,separate_executor,quote_run_dispatch_probe,50,1880.68,success,,200,success
p3-ex-official-vu50,70c1a123-0298-4665-a12a-7b706354dabd,2026-08-31T18:20:26.844Z,separate_executor,quote_run_dispatch_probe,50,1494.09,success,,200,success
p3-ex-official-vu50,23dde187-934c-4faf-8f2c-fa0b7990daac,2026-08-31T18:20:26.846Z,separate_executor,quote_run_dispatch_probe,50,1689.83,success,,200,success
p3-ex-official-vu50,662dd946-d776-4213-b64e-ae05de7dd3d9,2026-08-31T18:20:26.858Z,separate_executor,quote_run_dispatch_probe,50,1302.63,success,,200,success
p3-ex-official-vu50,c432f8bd-2d1e-498b-b24d-2d0975746eb5,2026-08-31T18:20:26.882Z,separate_executor,quote_run_dispatch_probe,50,1332.39,success,,200,success
p3-ex-official-vu50,abeac993-f723-4002-bcc8-1e67eeb8537e,2026-08-31T18:20:26.977Z,separate_executor,quote_run_dispatch_probe,50,1502.49,success,,200,success
p3-ex-official-vu50,92601a0e-a1f4-4dbb-b279-15a187526582,2026-08-31T18:20:26.993Z,separate_executor,quote_run_dispatch_probe,50,1622.26,success,,200,success
p3-ex-official-vu50,87bfcd49-c8a3-4cb4-b56b-91863475661f,2026-08-31T18:20:27.004Z,separate_executor,quote_run_dispatch_probe,50,1413.63,success,,200,success
p3-ex-official-vu50,e0c879df-d6e3-40b2-974a-b1f5fdda407d,2026-08-31T18:20:27.005Z,separate_executor,quote_run_dispatch_probe,50,1641.02,success,,200,success
p3-ex-official-vu50,d0f3e32d-ccd7-4dcc-97b5-ba1e40203b6e,2026-08-31T18:20:27.020Z,separate_executor,quote_run_dispatch_probe,50,1659.08,success,,200,success
p3-ex-official-vu50,2774614c-2e74-4cbd-8639-d704bf7a3b59,2026-08-31T18:20:27.047Z,separate_executor,quote_run_dispatch_probe,50,1434.48,success,,200,success
p3-ex-official-vu50,fc7a4423-d924-4dbe-bd36-db98c9d6ef16,2026-08-31T18:20:27.048Z,separate_executor,quote_run_dispatch_probe,50,1489,success,,200,success
p3-ex-official-vu50,38223d2d-0479-4203-8447-b935625c93c3,2026-08-31T18:20:27.058Z,separate_executor,quote_run_dispatch_probe,50,1430.08,success,,200,success
p3-ex-official-vu50,dab54aee-9fa9-491e-8f89-01e2665eabcf,2026-08-31T18:20:27.115Z,separate_executor,quote_run_dispatch_probe,50,1760.51,success,,200,success
p3-ex-official-vu50,10398e24-d59f-46db-8578-80f8068c7e92,2026-08-31T18:20:27.117Z,separate_executor,quote_run_dispatch_probe,50,1650.31,success,,200,success
p3-ex-official-vu50,330a6e92-2f6e-4cd5-8c5e-ca9f1a242659,2026-08-31T18:20:27.124Z,separate_executor,quote_run_dispatch_probe,50,1387.79,success,,200,success
p3-ex-official-vu50,79934006-6676-4542-ab19-76d6af40730e,2026-08-31T18:20:27.125Z,separate_executor,quote_run_dispatch_probe,50,1644.05,success,,200,success
p3-ex-official-vu50,5179ab64-a998-454b-bd36-11d023ece2a3,2026-08-31T18:20:27.205Z,separate_executor,quote_run_dispatch_probe,50,1497.28,success,,200,success
p3-ex-official-vu50,43edea18-eb82-49d2-aaa1-f49e8b9e0e5f,2026-08-31T18:20:27.212Z,separate_executor,quote_run_dispatch_probe,50,1550.33,success,,200,success
p3-ex-official-vu50,a5552940-cd98-45ea-a171-939271ae2d0e,2026-08-31T18:20:27.214Z,separate_executor,quote_run_dispatch_probe,50,1403.66,success,,200,success
p3-ex-official-vu50,2e787c58-ba9e-489f-9052-15861a9a9c24,2026-08-31T18:20:27.215Z,separate_executor,quote_run_dispatch_probe,50,1598.47,success,,200,success
p3-ex-official-vu50,045651c0-3a39-4b94-bfa3-dc4c20b86136,2026-08-31T18:20:27.218Z,separate_executor,quote_run_dispatch_probe,50,1555.58,success,,200,success
p3-ex-official-vu50,ad885860-a95a-4177-a5e9-27521e4884bd,2026-08-31T18:20:27.219Z,separate_executor,quote_run_dispatch_probe,50,1663.68,success,,200,success
p3-ex-official-vu50,fd78f937-6500-4127-9738-87b8f566afe9,2026-08-31T18:20:27.221Z,separate_executor,quote_run_dispatch_probe,50,1549.26,success,,200,success
p3-ex-official-vu50,66688a7d-44c5-4119-95eb-a327b62e9dad,2026-08-31T18:20:27.222Z,separate_executor,quote_run_dispatch_probe,50,1603.34,success,,200,success
p3-ex-official-vu50,96d8a705-b774-4da5-8da1-62a353167691,2026-08-31T18:20:27.226Z,separate_executor,quote_run_dispatch_probe,50,1645.62,success,,200,success
p3-ex-official-vu50,e6d67236-f20e-4f2f-bc7a-9d8644a7e564,2026-08-31T18:20:27.287Z,separate_executor,quote_run_dispatch_probe,50,1388.57,success,,200,success
p3-ex-official-vu50,ecc246d2-0574-49d2-b9d2-f84fd1ffadcf,2026-08-31T18:20:27.320Z,separate_executor,quote_run_dispatch_probe,50,1745.2,success,,200,success
p3-ex-official-vu50,51713889-dab5-4eb8-afdd-bb429a256972,2026-08-31T18:20:27.329Z,separate_executor,quote_run_dispatch_probe,50,1569.82,success,,200,success
p3-ex-official-vu50,f1a9e7b0-36db-45b9-8ef8-8a2054bbd138,2026-08-31T18:20:27.340Z,separate_executor,quote_run_dispatch_probe,50,1586.47,success,,200,success
p3-ex-official-vu50,a06f5415-bdf3-440a-8d87-876415fdedc4,2026-08-31T18:20:27.439Z,separate_executor,quote_run_dispatch_probe,50,1230.17,success,,200,success
p3-ex-official-vu50,915f77fe-2be7-46e7-996a-e0cfaac9c25a,2026-08-31T18:20:27.494Z,separate_executor,quote_run_dispatch_probe,50,1534.1,success,,200,success
p3-ex-official-vu50,9d3fd523-0bd1-48e0-acd3-afadbf833b17,2026-08-31T18:20:27.496Z,separate_executor,quote_run_dispatch_probe,50,1566.52,success,,200,success
p3-ex-official-vu50,bf8afb9b-9cf7-474b-81a6-26aa55af2b54,2026-08-31T18:20:27.523Z,separate_executor,quote_run_dispatch_probe,50,1540.46,success,,200,success
p3-ex-official-vu50,931f97ad-87f8-49b1-8243-c5bbfda4556c,2026-08-31T18:20:27.607Z,separate_executor,quote_run_dispatch_probe,50,1214.06,success,,200,success
p3-ex-official-vu50,3cff20b9-1882-4e91-a282-01f10605a9ab,2026-08-31T18:20:27.608Z,separate_executor,quote_run_dispatch_probe,50,1634.4,success,,200,success
p3-ex-official-vu50,01fb72dd-f397-4322-aaf5-b8c407d0c52c,2026-08-31T18:20:27.681Z,separate_executor,quote_run_dispatch_probe,50,1500.43,success,,200,success
p3-ex-official-vu50,cef76d50-e8c9-4a60-a83e-f45ce058781b,2026-08-31T18:20:27.691Z,separate_executor,quote_run_dispatch_probe,50,1604.76,success,,200,success
p3-ex-official-vu50,5d63327d-4d2d-4528-aef9-d64162742e6a,2026-08-31T18:20:27.803Z,separate_executor,quote_run_dispatch_probe,50,1593.39,success,,200,success
p3-ex-official-vu50,d51a8df4-ea54-4d94-beea-118d92b1e05b,2026-08-31T18:20:27.846Z,separate_executor,quote_run_dispatch_probe,50,1599.86,success,,200,success
p3-ex-official-vu50,63384ba8-5942-4ced-b428-f2198372f703,2026-08-31T18:20:27.925Z,separate_executor,quote_run_dispatch_probe,50,1730.92,success,,200,success
p3-ex-official-vu50,d51eaead-e8b9-478a-80ab-4aea32c519a5,2026-08-31T18:20:27.939Z,separate_executor,quote_run_dispatch_probe,50,1584.04,success,,200,success
p3-ex-official-vu50,99633562-6e32-464d-be31-d0c692723741,2026-08-31T18:20:28.002Z,separate_executor,quote_run_dispatch_probe,50,1476.47,success,,200,success
p3-ex-official-vu50,959f5add-30fe-4fb8-8d0d-e99d1ecc637b,2026-08-31T18:20:28.039Z,separate_executor,quote_run_dispatch_probe,50,1513.82,success,,200,success
p3-ex-official-vu50,3579f418-f6a7-453a-8892-e66fc59fb2bd,2026-08-31T18:20:28.059Z,separate_executor,quote_run_dispatch_probe,50,1362.43,success,,200,success
p3-ex-official-vu50,c45f2602-5b01-474d-8a38-369345861fd4,2026-08-31T18:20:28.079Z,separate_executor,quote_run_dispatch_probe,50,1527.04,success,,200,success
p3-ex-official-vu50,97c7a75c-bd05-47d7-b05d-426afe2b048f,2026-08-31T18:20:28.252Z,separate_executor,quote_run_dispatch_probe,50,1480.54,success,,200,success
p3-ex-official-vu50,f89a3ac8-47b1-43e7-a206-5119a1e71232,2026-08-31T18:20:28.308Z,separate_executor,quote_run_dispatch_probe,50,1425.61,success,,200,success
p3-ex-official-vu50,6841cb13-205f-4a8c-bbbc-aeba5d26a96f,2026-08-31T18:20:28.327Z,separate_executor,quote_run_dispatch_probe,50,1322.67,success,,200,success
p3-ex-official-vu50,9c735dcb-25d8-4071-bc76-28c7a9e9ac17,2026-08-31T18:20:28.338Z,separate_executor,quote_run_dispatch_probe,50,1345.13,success,,200,success
p3-ex-official-vu50,3e8b1e4c-b27a-475b-aa56-200d85ac94e2,2026-08-31T18:20:28.346Z,separate_executor,quote_run_dispatch_probe,50,1288.51,success,,200,success
p3-ex-official-vu50,b5b4c0c0-5d8a-43fc-a2e9-9d836e989a0b,2026-08-31T18:20:28.352Z,separate_executor,quote_run_dispatch_probe,50,1652.88,success,,200,success
p3-ex-official-vu50,6a8d890c-d3a5-44fe-93a7-0a0dd6620bf0,2026-08-31T18:20:28.381Z,separate_executor,quote_run_dispatch_probe,50,1594.52,success,,200,success
p3-ex-official-vu50,2257cdb3-588a-465a-95ea-afd9341d2a5f,2026-08-31T18:20:28.393Z,separate_executor,quote_run_dispatch_probe,50,1649.5,success,,200,success
p3-ex-official-vu50,f1c9491a-8fda-47ce-b6ab-9caf2f1c7137,2026-08-31T18:20:28.407Z,separate_executor,quote_run_dispatch_probe,50,1882.88,success,,200,success
p3-ex-official-vu50,a822e7a7-f122-4418-87e5-cfdedfc13662,2026-08-31T18:20:28.424Z,separate_executor,quote_run_dispatch_probe,50,1418.09,success,,200,success
p3-ex-official-vu50,25a35600-c7e6-489b-b0f4-ef1aa13c72b7,2026-08-31T18:20:28.439Z,separate_executor,quote_run_dispatch_probe,50,1392.15,success,,200,success
p3-ex-official-vu50,4ca18500-52e5-4c76-ac7f-a8783c990c4e,2026-08-31T18:20:28.469Z,separate_executor,quote_run_dispatch_probe,50,1611.22,success,,200,success
p3-ex-official-vu50,1695b4a2-3a76-47ea-b05e-db700d9f1b24,2026-08-31T18:20:28.520Z,separate_executor,quote_run_dispatch_probe,50,1472.13,success,,200,success
p3-ex-official-vu50,eb1590b4-493b-41f9-98b8-7a57f4cb663c,2026-08-31T18:20:28.529Z,separate_executor,quote_run_dispatch_probe,50,1683.27,success,,200,success
p3-ex-official-vu50,3ebefd00-4186-43e7-ae50-78c7b6f2d0a1,2026-08-31T18:20:28.531Z,separate_executor,quote_run_dispatch_probe,50,1406.43,success,,200,success
p3-ex-official-vu50,bead1497-980b-46fa-95dc-51aa53bb3aa7,2026-08-31T18:20:28.574Z,separate_executor,quote_run_dispatch_probe,50,1597.12,success,,200,success
p3-ex-official-vu50,552371f7-70cf-44ad-aace-954600206345,2026-08-31T18:20:28.597Z,separate_executor,quote_run_dispatch_probe,50,1752.87,success,,200,success
p3-ex-official-vu50,eb73ccd1-c00d-4537-939c-338fa93c88e0,2026-08-31T18:20:28.633Z,separate_executor,quote_run_dispatch_probe,50,1417.76,success,,200,success
p3-ex-official-vu50,4a48f5cc-cb33-49df-801c-864bd692c997,2026-08-31T18:20:28.675Z,separate_executor,quote_run_dispatch_probe,50,1452.6,success,,200,success
p3-ex-official-vu50,03fd196f-6e79-4bdb-9b38-30b2420bcc41,2026-08-31T18:20:28.675Z,separate_executor,quote_run_dispatch_probe,50,1463.09,success,,200,success
p3-ex-official-vu50,6a6aa7e5-16c1-4bef-91e6-a4b7d3e747ad,2026-08-31T18:20:28.679Z,separate_executor,quote_run_dispatch_probe,50,1658.45,success,,200,success
p3-ex-official-vu50,56ae3471-1356-409f-a558-4069795a7131,2026-08-31T18:20:28.682Z,separate_executor,quote_run_dispatch_probe,50,1567.23,success,,200,success
p3-ex-official-vu50,603c1ced-1485-4b2a-bf9a-713f8586117d,2026-08-31T18:20:28.705Z,separate_executor,quote_run_dispatch_probe,50,1581.53,success,,200,success
p3-ex-official-vu50,3d5a4b1c-7ab7-49cf-ae7b-f89384282116,2026-08-31T18:20:28.721Z,separate_executor,quote_run_dispatch_probe,50,1495.56,success,,200,success
p3-ex-official-vu50,e1da47c8-bb16-4d26-96ec-79800619e56c,2026-08-31T18:20:28.741Z,separate_executor,quote_run_dispatch_probe,50,1453.76,success,,200,success
p3-ex-official-vu50,fcc88257-33c5-4366-9bcc-cb902730849a,2026-08-31T18:20:28.755Z,separate_executor,quote_run_dispatch_probe,50,1549.67,success,,200,success
p3-ex-official-vu50,2061990b-4b39-4e7c-ad00-a75a97ea310a,2026-08-31T18:20:28.773Z,separate_executor,quote_run_dispatch_probe,50,1555.29,success,,200,success
p3-ex-official-vu50,b4528a06-17ff-4dd4-9c8e-62f79375bfc8,2026-08-31T18:20:28.782Z,separate_executor,quote_run_dispatch_probe,50,1342.95,success,,200,success
p3-ex-official-vu50,bb562dc4-e097-46ea-84a7-434ddb744ceb,2026-08-31T18:20:28.787Z,separate_executor,quote_run_dispatch_probe,50,1565.07,success,,200,success
p3-ex-official-vu50,2e66141c-87c8-47da-a30e-aa0e6f0afaa4,2026-08-31T18:20:28.837Z,separate_executor,quote_run_dispatch_probe,50,1517.3,success,,200,success
p3-ex-official-vu50,d02f6f3e-9bde-4be9-930d-762639a14fbe,2026-08-31T18:20:28.863Z,separate_executor,quote_run_dispatch_probe,50,1255.93,success,,200,success
p3-ex-official-vu50,f8a13309-c0d2-4339-9054-677b3053d42e,2026-08-31T18:20:28.863Z,separate_executor,quote_run_dispatch_probe,50,1643.79,success,,200,success
p3-ex-official-vu50,1b5bb746-49b4-499f-a5cb-9eaed2b9e67f,2026-08-31T18:20:28.872Z,separate_executor,quote_run_dispatch_probe,50,1755.11,success,,200,success
p3-ex-official-vu50,e05265b6-68a7-42b0-bbdb-a06095fd0cf2,2026-08-31T18:20:28.909Z,separate_executor,quote_run_dispatch_probe,50,1580.12,success,,200,success
p3-ex-official-vu50,97c1ab92-0ca8-4318-abaf-71b7b0f6a108,2026-08-31T18:20:28.910Z,separate_executor,quote_run_dispatch_probe,50,1695.52,success,,200,success
p3-ex-official-vu50,6673e4e4-8431-49f5-b507-047ae8cf898d,2026-08-31T18:20:28.973Z,separate_executor,quote_run_dispatch_probe,50,1632.67,success,,200,success
p3-ex-official-vu50,bfb29629-ee8b-4e6d-a75d-68da5d74ead3,2026-08-31T18:20:29.007Z,separate_executor,quote_run_dispatch_probe,50,1484.04,success,,200,success
p3-ex-official-vu50,437ac14e-5c9f-48fe-ae32-e08eb18a18c8,2026-08-31T18:20:29.008Z,separate_executor,quote_run_dispatch_probe,50,1326.77,success,,200,success
p3-ex-official-vu50,0cd20ecd-3068-4197-b052-97b255a2e608,2026-08-31T18:20:29.072Z,separate_executor,quote_run_dispatch_probe,50,1578.2,success,,200,success
p3-ex-official-vu50,cb2379bb-5736-4945-abb3-0e6e3925a3f0,2026-08-31T18:20:29.073Z,separate_executor,quote_run_dispatch_probe,50,1577.11,success,,200,success
p3-ex-official-vu50,9445c269-1bd1-4e6d-afa7-b80c18f3c6ae,2026-08-31T18:20:29.140Z,separate_executor,quote_run_dispatch_probe,50,1448.9,success,,200,success
p3-ex-official-vu50,27116f2d-503b-47b7-ae1e-caa9fee19b5d,2026-08-31T18:20:29.222Z,separate_executor,quote_run_dispatch_probe,50,1162.6,success,,200,success
p3-ex-official-vu50,cfc09d1e-22ed-436c-b710-3d29299d6d33,2026-08-31T18:20:29.228Z,separate_executor,quote_run_dispatch_probe,50,1620.13,success,,200,success
p3-ex-official-vu50,142f878c-b29e-4d3f-80d7-63733811d75d,2026-08-31T18:20:29.259Z,separate_executor,quote_run_dispatch_probe,50,1456.25,success,,200,success
p3-ex-official-vu50,a0497468-6c18-4e79-9381-f2d2cdba01df,2026-08-31T18:20:29.270Z,separate_executor,quote_run_dispatch_probe,50,1423.3,success,,200,success
p3-ex-official-vu50,6a778c30-678d-4371-86cb-f907eab052f6,2026-08-31T18:20:29.334Z,separate_executor,quote_run_dispatch_probe,50,1332.03,success,,200,success
p3-ex-official-vu50,582642e3-19fa-4eee-acf8-0a902404a7db,2026-08-31T18:20:29.464Z,separate_executor,quote_run_dispatch_probe,50,1539.05,success,,200,success
p3-ex-official-vu50,1649aedb-6d71-47e1-86b6-03cd1bbe89db,2026-08-31T18:20:29.475Z,separate_executor,quote_run_dispatch_probe,50,1535.93,success,,200,success
p3-ex-official-vu50,76e7a8c8-3ca9-4e9f-96ae-02943067deb6,2026-08-31T18:20:29.531Z,separate_executor,quote_run_dispatch_probe,50,1279.82,success,,200,success
p3-ex-official-vu50,24eed505-723e-4741-bc72-5fa2bbf141e5,2026-08-31T18:20:29.532Z,separate_executor,quote_run_dispatch_probe,50,1493.57,success,,200,success
p3-ex-official-vu50,968149e2-2318-4118-8d63-5cdffd45cf75,2026-08-31T18:20:29.555Z,separate_executor,quote_run_dispatch_probe,50,1246.6,success,,200,success
p3-ex-official-vu50,fe10a283-035c-4a81-8f2f-1dbad546383c,2026-08-31T18:20:29.556Z,separate_executor,quote_run_dispatch_probe,50,1087.28,success,,200,success
p3-ex-official-vu50,9e753536-fc37-4c3a-81b5-b60263828286,2026-08-31T18:20:29.568Z,separate_executor,quote_run_dispatch_probe,50,1128.26,success,,200,success
p3-ex-official-vu50,b799b90d-b5e8-42a5-864a-3c7cdf5eedb3,2026-08-31T18:20:29.621Z,separate_executor,quote_run_dispatch_probe,50,1282.37,success,,200,success
p3-ex-official-vu50,8c2bebf2-e40e-4b66-9dae-35baaf61ad2f,2026-08-31T18:20:29.687Z,separate_executor,quote_run_dispatch_probe,50,1359.58,success,,200,success
p3-ex-official-vu50,23ce14a3-7c85-48f8-9675-f29ad1ac0ca5,2026-08-31T18:20:29.702Z,separate_executor,quote_run_dispatch_probe,50,1623.72,success,,200,success
p3-ex-official-vu50,c8f334ae-d850-4155-a640-4676e8b3895b,2026-08-31T18:20:29.746Z,separate_executor,quote_run_dispatch_probe,50,1400.03,success,,200,success
p3-ex-official-vu50,784fa895-c5fc-4f71-a6d7-91b7afd2eecb,2026-08-31T18:20:29.756Z,separate_executor,quote_run_dispatch_probe,50,1123.45,success,,200,success
p3-ex-official-vu50,193260f1-d5a9-43aa-8b67-e7a2ee4b45ae,2026-08-31T18:20:29.772Z,separate_executor,quote_run_dispatch_probe,50,1240.87,success,,200,success
p3-ex-official-vu50,13116d5c-dd10-4d69-980c-8b998d92d7b8,2026-08-31T18:20:29.827Z,separate_executor,quote_run_dispatch_probe,50,1474.99,success,,200,success
p3-ex-official-vu50,e2637421-c291-4ec6-ab20-360dd3f52226,2026-08-31T18:20:29.853Z,separate_executor,quote_run_dispatch_probe,50,1323.77,success,,200,success
p3-ex-official-vu50,2e2508e3-91e0-4440-8250-92d449324b90,2026-08-31T18:20:29.858Z,separate_executor,quote_run_dispatch_probe,50,1434.33,success,,200,success
p3-ex-official-vu50,bada7d23-e300-453c-b840-48e445b7919c,2026-08-31T18:20:29.882Z,separate_executor,quote_run_dispatch_probe,50,1099.21,success,,200,success
p3-ex-official-vu50,3680175b-95f5-4670-8b35-48d29d701c48,2026-08-31T18:20:29.882Z,separate_executor,quote_run_dispatch_probe,50,1489.19,success,,200,success
p3-ex-official-vu50,07add06c-f64c-44b6-9c83-a6015fa9d178,2026-08-31T18:20:29.921Z,separate_executor,quote_run_dispatch_probe,50,1400.98,success,,200,success
p3-ex-official-vu50,bf6d2375-97eb-4942-8db5-08cf473622a2,2026-08-31T18:20:29.932Z,separate_executor,quote_run_dispatch_probe,50,1524.91,success,,200,success
p3-ex-official-vu50,784c9e52-e720-4baf-9491-86a055451950,2026-08-31T18:20:29.937Z,separate_executor,quote_run_dispatch_probe,50,1555.87,success,,200,success
p3-ex-official-vu50,ce37282b-79b6-4e04-b6f8-e35b02147b95,2026-08-31T18:20:29.970Z,separate_executor,quote_run_dispatch_probe,50,1229.46,success,,200,success
p3-ex-official-vu50,99243514-5724-4b69-b9dd-a9afcdfeb125,2026-08-31T18:20:30.062Z,separate_executor,quote_run_dispatch_probe,50,1198.9,success,,200,success
p3-ex-official-vu50,0322e3ea-c956-45ee-80ec-4cc1e0300f6e,2026-08-31T18:20:30.076Z,separate_executor,quote_run_dispatch_probe,50,1401.23,success,,200,success
p3-ex-official-vu50,63717e85-d433-40f4-8dff-85cb2ef7c8c1,2026-08-31T18:20:30.113Z,separate_executor,quote_run_dispatch_probe,50,1437.72,success,,200,success
p3-ex-official-vu50,176b2048-7e18-44c4-b8ce-0b8e9b77d32f,2026-08-31T18:20:30.114Z,separate_executor,quote_run_dispatch_probe,50,1539.58,success,,200,success
p3-ex-official-vu50,b7280ca7-757c-4369-9b09-808178afbe59,2026-08-31T18:20:30.126Z,separate_executor,quote_run_dispatch_probe,50,1404.82,success,,200,success
p3-ex-official-vu50,3cb66820-e44d-4f2c-948c-3bbf93960448,2026-08-31T18:20:30.196Z,separate_executor,quote_run_dispatch_probe,50,1409.76,success,,200,success
p3-ex-official-vu50,3c143623-d878-4a2b-9a30-c5afd4298cb2,2026-08-31T18:20:30.209Z,separate_executor,quote_run_dispatch_probe,50,1527.13,success,,200,success
p3-ex-official-vu50,71ea07a8-befc-461c-9fad-0ea3b75e1771,2026-08-31T18:20:30.209Z,separate_executor,quote_run_dispatch_probe,50,1530.74,success,,200,success
p3-ex-official-vu50,8bdcaff5-6eee-44cd-a888-087adda93156,2026-08-31T18:20:30.229Z,separate_executor,quote_run_dispatch_probe,50,1474.43,success,,200,success
p3-ex-official-vu50,0c0009b0-37ca-4abf-8226-635ccc28c1c1,2026-08-31T18:20:30.242Z,separate_executor,quote_run_dispatch_probe,50,1332.76,success,,200,success
p3-ex-official-vu50,65f28ef7-344f-4a1b-8ff5-1adc99cf7848,2026-08-31T18:20:30.242Z,separate_executor,quote_run_dispatch_probe,50,1536.54,success,,200,success
p3-ex-official-vu50,c844578c-1bd8-4671-8748-1ca24af1b3dd,2026-08-31T18:20:30.298Z,separate_executor,quote_run_dispatch_probe,50,1461.16,success,,200,success
p3-ex-official-vu50,ddd675b3-c9f1-403c-ae54-4249392c9217,2026-08-31T18:20:30.324Z,separate_executor,quote_run_dispatch_probe,50,1316.31,success,,200,success
p3-ex-official-vu50,ec8f308a-b0ee-4794-a51c-6597830cb599,2026-08-31T18:20:30.356Z,separate_executor,quote_run_dispatch_probe,50,1446.14,success,,200,success
p3-ex-official-vu50,5288f4bc-0366-480c-9456-f38ef6fbe39a,2026-08-31T18:20:30.366Z,separate_executor,quote_run_dispatch_probe,50,1768.97,success,,200,success
p3-ex-official-vu50,0fcfe582-b301-4648-9d73-150d4c49bf10,2026-08-31T18:20:30.394Z,separate_executor,quote_run_dispatch_probe,50,1386.71,success,,200,success
p3-ex-official-vu50,6aad8d36-f29d-44fb-b1c8-620d93efeef8,2026-08-31T18:20:30.395Z,separate_executor,quote_run_dispatch_probe,50,1621.23,success,,200,success
p3-ex-official-vu50,c7bf1917-c59c-4181-9f47-3f181e8fa60b,2026-08-31T18:20:30.419Z,separate_executor,quote_run_dispatch_probe,50,1555.73,success,,200,success
p3-ex-official-vu50,fc67d554-4cb4-48d7-9a6e-56acce1dd164,2026-08-31T18:20:30.424Z,separate_executor,quote_run_dispatch_probe,50,1352.1,success,,200,success
p3-ex-official-vu50,1d093da5-89bb-41cd-b12c-8f1914f30149,2026-08-31T18:20:30.436Z,separate_executor,quote_run_dispatch_probe,50,1564.25,success,,200,success
p3-ex-official-vu50,bb206065-d99f-493d-be71-9fdde91e6fb2,2026-08-31T18:20:30.471Z,separate_executor,quote_run_dispatch_probe,50,1137.42,success,,200,success
p3-ex-official-vu50,80e0e3ba-a6ef-4fda-9e7e-f8eafce51f02,2026-08-31T18:20:30.493Z,separate_executor,quote_run_dispatch_probe,50,1419.6,success,,200,success
p3-ex-official-vu50,30ff4f9b-136b-4fdb-86e7-6cfedf412f6b,2026-08-31T18:20:30.494Z,separate_executor,quote_run_dispatch_probe,50,1521.1,success,,200,success
p3-ex-official-vu50,59ad21e9-479e-4ab3-a8b1-20bb788012bb,2026-08-31T18:20:30.609Z,separate_executor,quote_run_dispatch_probe,50,1387.08,success,,200,success
p3-ex-official-vu50,15c938bc-0d34-4004-9075-b893e900c328,2026-08-31T18:20:30.707Z,separate_executor,quote_run_dispatch_probe,50,1567.41,success,,200,success
p3-ex-official-vu50,7d4a62a7-d71d-48da-8b70-817b406e59d6,2026-08-31T18:20:30.746Z,separate_executor,quote_run_dispatch_probe,50,1475.89,success,,200,success
p3-ex-official-vu50,a8995a62-4f52-4bab-90f6-bece33ba3270,2026-08-31T18:20:30.760Z,separate_executor,quote_run_dispatch_probe,50,1192.58,success,,200,success
p3-ex-official-vu50,f8e2fa43-11da-4631-ac9f-4ce1ed17631d,2026-08-31T18:20:30.765Z,separate_executor,quote_run_dispatch_probe,50,1536.51,success,,200,success
p3-ex-official-vu50,cce824b1-d42d-414e-991b-1912f11df44f,2026-08-31T18:20:30.782Z,separate_executor,quote_run_dispatch_probe,50,1227.6,success,,200,success
p3-ex-official-vu50,e217e6d4-90d9-45f4-ad39-a6f3ab2306c8,2026-08-31T18:20:30.841Z,separate_executor,quote_run_dispatch_probe,50,1581.58,success,,200,success
p3-ex-official-vu50,4085390a-faef-481d-ab69-e32630d8b8d9,2026-08-31T18:20:30.896Z,separate_executor,quote_run_dispatch_probe,50,1363.47,success,,200,success
p3-ex-official-vu50,2668cd4b-9ead-4cc7-8e12-034d3b4a5c41,2026-08-31T18:20:30.938Z,separate_executor,quote_run_dispatch_probe,50,1251.41,success,,200,success
p3-ex-official-vu50,699dadc8-f8fc-46d1-a4d3-0c01cbe0f2c4,2026-08-31T18:20:30.956Z,separate_executor,quote_run_dispatch_probe,50,1399.97,success,,200,success
p3-ex-official-vu50,349afeb7-b052-4f40-9bfc-ac117c1c1715,2026-08-31T18:20:30.989Z,separate_executor,quote_run_dispatch_probe,50,1457.56,success,,200,success
p3-ex-official-vu50,dc531f0b-9641-45df-9ec6-59a028481159,2026-08-31T18:20:30.993Z,separate_executor,quote_run_dispatch_probe,50,1237.16,success,,200,success
p3-ex-official-vu50,c4ab7fdf-e9c1-41df-b4c9-f055a0175bf3,2026-08-31T18:20:31.020Z,separate_executor,quote_run_dispatch_probe,50,1248.08,success,,200,success
p3-ex-official-vu50,9752c730-65cb-4faf-b376-ff320174c6c9,2026-08-31T18:20:31.040Z,separate_executor,quote_run_dispatch_probe,50,1565.09,success,,200,success
p3-ex-official-vu50,bba63338-8fad-4802-b2a5-843d043ff28a,2026-08-31T18:20:31.070Z,separate_executor,quote_run_dispatch_probe,50,1449.16,success,,200,success
p3-ex-official-vu50,9dba6406-873c-4df0-83b5-b6ff1d7df202,2026-08-31T18:20:31.113Z,separate_executor,quote_run_dispatch_probe,50,1230.56,success,,200,success
p3-ex-official-vu50,acb08fc8-8f3b-43fe-bad4-1a5a8729e56e,2026-08-31T18:20:31.122Z,separate_executor,quote_run_dispatch_probe,50,1657.21,success,,200,success
p3-ex-official-vu50,75a82d88-1be0-44fb-b117-22bd3f270cb2,2026-08-31T18:20:31.129Z,separate_executor,quote_run_dispatch_probe,50,1382.45,success,,200,success
p3-ex-official-vu50,4e007766-d70a-4c17-9deb-616f15e9c4cb,2026-08-31T18:20:31.200Z,separate_executor,quote_run_dispatch_probe,50,1497.19,success,,200,success
p3-ex-official-vu50,1632e464-bba6-4640-97d5-cb731578cc61,2026-08-31T18:20:31.204Z,separate_executor,quote_run_dispatch_probe,50,1345.97,success,,200,success
p3-ex-official-vu50,ba59d95c-17cb-4cc7-b9ac-3474516f3ae5,2026-08-31T18:20:31.235Z,separate_executor,quote_run_dispatch_probe,50,1382.34,success,,200,success
p3-ex-official-vu50,08788024-bc6f-42c1-b0de-2108be8605bf,2026-08-31T18:20:31.326Z,separate_executor,quote_run_dispatch_probe,50,1356.09,success,,200,success
p3-ex-official-vu50,a5e0ce94-7189-4294-afc5-5fc0216ce8a6,2026-08-31T18:20:31.332Z,separate_executor,quote_run_dispatch_probe,50,1410.24,success,,200,success
p3-ex-official-vu50,2b4e0641-238e-4752-a050-eaad1cdeba10,2026-08-31T18:20:31.365Z,separate_executor,quote_run_dispatch_probe,50,1303.4,success,,200,success
p3-ex-official-vu50,89af2ced-25bb-40e0-abc5-441ecddc1705,2026-08-31T18:20:31.396Z,separate_executor,quote_run_dispatch_probe,50,1464.01,success,,200,success
p3-ex-official-vu50,e0953995-9212-4d99-b01d-b037b18e28c4,2026-08-31T18:20:31.447Z,separate_executor,quote_run_dispatch_probe,50,1510.29,success,,200,success
p3-ex-official-vu50,ee135d59-02ae-4cd0-a4f9-0d3bc26e85b4,2026-08-31T18:20:31.471Z,separate_executor,quote_run_dispatch_probe,50,1588.96,success,,200,success
p3-ex-official-vu50,c777e784-a83b-456d-80aa-473425ce9e63,2026-08-31T18:20:31.528Z,separate_executor,quote_run_dispatch_probe,50,1331.68,success,,200,success
p3-ex-official-vu50,b8f38d2d-c941-48ec-a9ac-9faca008b0e2,2026-08-31T18:20:31.528Z,separate_executor,quote_run_dispatch_probe,50,1319.13,success,,200,success
p3-ex-official-vu50,55a98460-11cb-4218-bba3-8bb85bf4425f,2026-08-31T18:20:31.529Z,separate_executor,quote_run_dispatch_probe,50,1701.35,success,,200,success
p3-ex-official-vu50,4d4a8471-72ee-4611-b0e8-2419966ee9ac,2026-08-31T18:20:31.557Z,separate_executor,quote_run_dispatch_probe,50,1443.22,success,,200,success
p3-ex-official-vu50,fadcedc4-1a9c-4af0-8b70-2d31eebd96d7,2026-08-31T18:20:31.561Z,separate_executor,quote_run_dispatch_probe,50,1434.56,success,,200,success
p3-ex-official-vu50,14163afb-1ec8-4ccd-a05e-2e7de4fb5224,2026-08-31T18:20:31.607Z,separate_executor,quote_run_dispatch_probe,50,1531.05,success,,200,success
p3-ex-official-vu50,88dcc157-e119-4f35-a9a4-6436c93a48e8,2026-08-31T18:20:31.633Z,separate_executor,quote_run_dispatch_probe,50,1391.04,success,,200,success
p3-ex-official-vu50,55b8b1bc-f814-44fc-8d6b-79a1aa57b3d8,2026-08-31T18:20:31.658Z,separate_executor,quote_run_dispatch_probe,50,1428.58,success,,200,success
p3-ex-official-vu50,2175f691-6f1c-4412-ab87-e6f6e1718c41,2026-08-31T18:20:31.730Z,separate_executor,quote_run_dispatch_probe,50,969.98,success,,200,success
p3-ex-official-vu50,106ca24f-eb9e-44c4-8403-81bcd2aaf3bd,2026-08-31T18:20:31.747Z,separate_executor,quote_run_dispatch_probe,50,1138.34,success,,200,success
p3-ex-official-vu50,cf9adbf1-23f6-4d6c-944c-70c05ef6da61,2026-08-31T18:20:31.751Z,separate_executor,quote_run_dispatch_probe,50,1426.73,success,,200,success
p3-ex-official-vu50,bad446b6-0098-42cf-92e4-2804b5af7f01,2026-08-31T18:20:31.840Z,separate_executor,quote_run_dispatch_probe,50,1726.48,success,,200,success
p3-ex-official-vu50,df6df321-3a10-44ad-b61f-5c253674f133,2026-08-31T18:20:31.843Z,separate_executor,quote_run_dispatch_probe,50,1449.56,success,,200,success
p3-ex-official-vu50,8e6e2cd7-f821-4dea-a1fb-00b39f3fcaae,2026-08-31T18:20:31.847Z,separate_executor,quote_run_dispatch_probe,50,1428.25,success,,200,success
p3-ex-official-vu50,2988117d-b0da-4984-be69-c1de6b43198c,2026-08-31T18:20:31.848Z,separate_executor,quote_run_dispatch_probe,50,1491.66,success,,200,success
p3-ex-official-vu50,c06e8c87-9e2f-4bba-97d1-99229ac60b19,2026-08-31T18:20:31.848Z,separate_executor,quote_run_dispatch_probe,50,1638.81,success,,200,success
p3-ex-official-vu50,32ef3890-8f96-43c9-934f-f129f7f3c282,2026-08-31T18:20:31.848Z,separate_executor,quote_run_dispatch_probe,50,1549.53,success,,200,success
p3-ex-official-vu50,c871fd97-4786-4391-b65f-6131f58c624b,2026-08-31T18:20:31.856Z,separate_executor,quote_run_dispatch_probe,50,1074.06,success,,200,success
p3-ex-official-vu50,c3a871a0-7516-430e-9cbf-ea7794ab2ab1,2026-08-31T18:20:31.858Z,separate_executor,quote_run_dispatch_probe,50,1463.95,success,,200,success
p3-ex-official-vu50,cd9a0e6a-7650-4c73-982d-3e72783cfd50,2026-08-31T18:20:31.872Z,separate_executor,quote_run_dispatch_probe,50,1448.23,success,,200,success
p3-ex-official-vu50,703ee5a9-54de-41cd-b43b-4a7264700d0e,2026-08-31T18:20:31.878Z,separate_executor,quote_run_dispatch_probe,50,1384.07,success,,200,success
p3-ex-official-vu50,dc400e5b-8687-4427-99a2-fabc8615df0a,2026-08-31T18:20:31.921Z,separate_executor,quote_run_dispatch_probe,50,1485.04,success,,200,success
p3-ex-official-vu50,bf669ed8-46bf-403e-8d06-f458d2695613,2026-08-31T18:20:31.961Z,separate_executor,quote_run_dispatch_probe,50,1595.23,success,,200,success
p3-ex-official-vu50,1c33642e-3d72-41f1-8a64-b290922be0db,2026-08-31T18:20:31.991Z,separate_executor,quote_run_dispatch_probe,50,1497.86,success,,200,success
p3-ex-official-vu50,9d217566-3283-4294-b72e-18bb984a148a,2026-08-31T18:20:32.019Z,separate_executor,quote_run_dispatch_probe,50,1548.05,success,,200,success
p3-ex-official-vu50,cc0b20a2-a178-4080-b3c9-c3be07c1edd4,2026-08-31T18:20:32.077Z,separate_executor,quote_run_dispatch_probe,50,1181.63,success,,200,success
p3-ex-official-vu50,1004f433-3888-4227-941c-7dd32facfed5,2026-08-31T18:20:32.078Z,separate_executor,quote_run_dispatch_probe,50,1836.4,success,,200,success
p3-ex-official-vu50,9093632f-218e-4ef6-bb5a-c84901ccf2af,2026-08-31T18:20:32.131Z,separate_executor,quote_run_dispatch_probe,50,1110.71,success,,200,success
p3-ex-official-vu50,676da419-c0ab-415a-91f3-25e16c28dee9,2026-08-31T18:20:32.133Z,separate_executor,quote_run_dispatch_probe,50,1368.39,success,,200,success
p3-ex-official-vu50,fac2f02c-10fd-4063-a985-c13be773c196,2026-08-31T18:20:32.137Z,separate_executor,quote_run_dispatch_probe,50,1391.61,success,,200,success
p3-ex-official-vu50,5a9371a1-aabc-4416-8e2d-398a265a4458,2026-08-31T18:20:32.174Z,separate_executor,quote_run_dispatch_probe,50,1180.67,success,,200,success
p3-ex-official-vu50,e213ff49-2877-4a17-af51-70519caea0d0,2026-08-31T18:20:32.174Z,separate_executor,quote_run_dispatch_probe,50,1236.38,success,,200,success
p3-ex-official-vu50,c4086d71-e836-4c68-8b37-af3944d6ac20,2026-08-31T18:20:32.293Z,separate_executor,quote_run_dispatch_probe,50,1163.93,success,,200,success
p3-ex-official-vu50,6625c6d9-fd67-4670-90f8-cd473c28d062,2026-08-31T18:20:32.298Z,separate_executor,quote_run_dispatch_probe,50,1098.06,success,,200,success
p3-ex-official-vu50,ba583b58-fc9d-40b9-a963-bfe595f94dc1,2026-08-31T18:20:32.298Z,separate_executor,quote_run_dispatch_probe,50,1342.13,success,,200,success
p3-ex-official-vu50,665ff9c6-a69d-441e-8430-0ab9e5a04858,2026-08-31T18:20:32.306Z,separate_executor,quote_run_dispatch_probe,50,940.83,success,,200,success
p3-ex-official-vu50,5d07853c-7d12-4fe1-8cac-5105c632d953,2026-08-31T18:20:32.323Z,separate_executor,quote_run_dispatch_probe,50,1481.83,success,,200,success
p3-ex-official-vu50,0024dd71-001c-4acc-b86b-d9fd4224d6f4,2026-08-31T18:20:32.357Z,separate_executor,quote_run_dispatch_probe,50,1287.18,success,,200,success
p3-ex-official-vu50,9d54f679-3765-40d7-a20d-532f713b8cca,2026-08-31T18:20:32.376Z,separate_executor,quote_run_dispatch_probe,50,1668.97,success,,200,success
p3-ex-official-vu50,4097a191-2794-460a-a3f5-f3ffa4a1534b,2026-08-31T18:20:32.388Z,separate_executor,quote_run_dispatch_probe,50,1275.23,success,,200,success
p3-ex-official-vu50,c1b3b109-8ef0-4f6f-8dbf-038320a13869,2026-08-31T18:20:32.493Z,separate_executor,quote_run_dispatch_probe,50,1166.61,success,,200,success
p3-ex-official-vu50,e34d5094-e83a-4287-8289-142de6fa9251,2026-08-31T18:20:32.548Z,separate_executor,quote_run_dispatch_probe,50,1558.97,success,,200,success
p3-ex-official-vu50,868ca359-d21a-49b9-b2c0-09ca5356ab57,2026-08-31T18:20:32.562Z,separate_executor,quote_run_dispatch_probe,50,1440.7,success,,200,success
p3-ex-official-vu50,33a87a2a-7991-46f7-8988-ae917fc98ad5,2026-08-31T18:20:32.582Z,separate_executor,quote_run_dispatch_probe,50,1347.5,success,,200,success
p3-ex-official-vu50,1f09014b-948b-42a5-a64b-ebf3e2095773,2026-08-31T18:20:32.643Z,separate_executor,quote_run_dispatch_probe,50,1311.85,success,,200,success
p3-ex-official-vu50,fccffcb5-9d4a-4668-9fa2-66c8b96b6727,2026-08-31T18:20:32.729Z,separate_executor,quote_run_dispatch_probe,50,1688.46,success,,200,success
p3-ex-official-vu50,0828e5de-dabe-481c-b03f-ef417cde0744,2026-08-31T18:20:32.730Z,separate_executor,quote_run_dispatch_probe,50,1525.76,success,,200,success
p3-ex-official-vu50,47388f91-1f99-4249-8f02-546e05402414,2026-08-31T18:20:32.748Z,separate_executor,quote_run_dispatch_probe,50,1219.64,success,,200,success
p3-ex-official-vu50,21dfd337-a8d9-4f0c-beac-7ca790b72622,2026-08-31T18:20:32.757Z,separate_executor,quote_run_dispatch_probe,50,1149.46,success,,200,success
p3-ex-official-vu50,ee24f99b-c30e-48c0-88b8-13b5944422b6,2026-08-31T18:20:32.760Z,separate_executor,quote_run_dispatch_probe,50,1313.21,success,,200,success
p3-ex-official-vu50,76921478-ae7d-4ea1-94fd-8b9ee23dc05a,2026-08-31T18:20:32.844Z,separate_executor,quote_run_dispatch_probe,50,1186.35,success,,200,success
p3-ex-official-vu50,568b7a79-7343-4f2f-ba49-2514ef12fe88,2026-08-31T18:20:32.856Z,separate_executor,quote_run_dispatch_probe,50,1125.56,success,,200,success
p3-ex-official-vu50,80f3756a-ddc0-462c-9727-25f4180061b6,2026-08-31T18:20:32.952Z,separate_executor,quote_run_dispatch_probe,50,1423.76,success,,200,success
p3-ex-official-vu50,7bf6efe2-f006-48c8-99bf-2ddc82b6de82,2026-08-31T18:20:32.965Z,separate_executor,quote_run_dispatch_probe,50,1407.93,success,,200,success
p3-ex-official-vu50,d979980d-379e-49a3-a60b-7b2b52cdde45,2026-08-31T18:20:33.292Z,separate_executor,quote_run_dispatch_probe,50,1731.22,success,,200,success
p3-ex-official-vu50,dd17b367-554b-410c-8378-fd4f4e5b652e,2026-08-31T18:20:33.293Z,separate_executor,quote_run_dispatch_probe,50,1897.9,success,,200,success
p3-ex-official-vu50,9faa32ba-d788-4a52-a1d0-e8fbfaa33b08,2026-08-31T18:20:33.296Z,separate_executor,quote_run_dispatch_probe,50,1663.83,success,,200,success
p3-ex-official-vu50,b60e8d69-ae06-4464-80ab-15a8751f44dd,2026-08-31T18:20:33.297Z,separate_executor,quote_run_dispatch_probe,50,1448.93,success,,200,success
p3-ex-official-vu50,7c69505e-5018-4e18-aedf-8b7b35d37fe4,2026-08-31T18:20:33.298Z,separate_executor,quote_run_dispatch_probe,50,1827.73,success,,200,success
p3-ex-official-vu50,48e3c636-8c79-4c3b-bd6d-c5128a477c3a,2026-08-31T18:20:33.299Z,separate_executor,quote_run_dispatch_probe,50,1551.43,success,,200,success
p3-ex-official-vu50,1bb8f413-d6e0-4d4b-aff4-a0b89797722d,2026-08-31T18:20:33.300Z,separate_executor,quote_run_dispatch_probe,50,1452.06,success,,200,success
p3-ex-official-vu50,4c18f5ab-84b3-4cf2-998a-157ae7a10e71,2026-08-31T18:20:33.302Z,separate_executor,quote_run_dispatch_probe,50,1445.78,success,,200,success
p3-ex-official-vu50,9fd0fb00-2e34-4387-b4b6-1936e9cb02a6,2026-08-31T18:20:33.305Z,separate_executor,quote_run_dispatch_probe,50,1776.33,success,,200,success
p3-ex-official-vu50,87690e0d-f410-45d6-9cff-36219987c047,2026-08-31T18:20:33.305Z,separate_executor,quote_run_dispatch_probe,50,1481.62,success,,200,success
p3-ex-official-vu50,30574829-5e18-4140-ab86-9333e87f9a53,2026-08-31T18:20:33.306Z,separate_executor,quote_run_dispatch_probe,50,1427.7,success,,200,success
p3-ex-official-vu50,f344df80-63c4-4a6f-9f4f-8d065af4d7c1,2026-08-31T18:20:33.306Z,separate_executor,quote_run_dispatch_probe,50,1462.61,success,,200,success
p3-ex-official-vu50,128335ac-fb68-494b-911a-d98f535229f0,2026-08-31T18:20:33.306Z,separate_executor,quote_run_dispatch_probe,50,1131.89,success,,200,success
p3-ex-official-vu50,fb4ae169-b9cd-40ec-a667-693240801f82,2026-08-31T18:20:33.307Z,separate_executor,quote_run_dispatch_probe,50,1316.53,success,,200,success
p3-ex-official-vu50,7afa2d5e-f100-4483-b43f-f5b17d0348db,2026-08-31T18:20:33.308Z,separate_executor,quote_run_dispatch_probe,50,1460.78,success,,200,success
p3-ex-official-vu50,4214ff21-eb66-47cc-8f93-82c709e18815,2026-08-31T18:20:33.309Z,separate_executor,quote_run_dispatch_probe,50,1450.37,success,,200,success
p3-ex-official-vu50,f48d5168-7fd1-49ac-90c9-81ab26fdf148,2026-08-31T18:20:33.309Z,separate_executor,quote_run_dispatch_probe,50,1461.44,success,,200,success
p3-ex-official-vu50,8c509c25-1e2d-4ff6-a8ce-3f40ec1f0efc,2026-08-31T18:20:33.311Z,separate_executor,quote_run_dispatch_probe,50,1439.09,success,,200,success
p3-ex-official-vu50,cb724af9-0ba0-4c05-be75-322d916d97cc,2026-08-31T18:20:33.315Z,separate_executor,quote_run_dispatch_probe,50,1475.66,success,,200,success
p3-ex-official-vu50,6e0b9aa1-8573-46e0-bbd7-cc1110bb3eb8,2026-08-31T18:20:33.322Z,separate_executor,quote_run_dispatch_probe,50,1147.66,success,,200,success
p3-ex-official-vu50,4660b2f0-053e-4438-948b-9dae377a90d1,2026-08-31T18:20:33.323Z,separate_executor,quote_run_dispatch_probe,50,1244.27,success,,200,success
p3-ex-official-vu50,0cb6de4e-df06-4256-8db4-11923fc67cca,2026-08-31T18:20:33.325Z,separate_executor,quote_run_dispatch_probe,50,1187.35,success,,200,success
p3-ex-official-vu50,045b8c47-5b8e-48c9-90a8-e29c5e38db52,2026-08-31T18:20:33.326Z,separate_executor,quote_run_dispatch_probe,50,1027.61,success,,200,success
p3-ex-official-vu50,22c850e9-0487-4071-8bff-a2c2914ab047,2026-08-31T18:20:33.329Z,separate_executor,quote_run_dispatch_probe,50,1368.02,success,,200,success
p3-ex-official-vu50,9589a59e-113f-47f2-9650-c3d762ccdde5,2026-08-31T18:20:33.340Z,separate_executor,quote_run_dispatch_probe,50,951.92,success,,200,success
p3-ex-official-vu50,ef30bf02-1030-4b5a-ac1f-41ecd4db4e6d,2026-08-31T18:20:33.363Z,separate_executor,quote_run_dispatch_probe,50,1343.7,success,,200,success
p3-ex-official-vu50,80467e36-c460-4864-b67f-8ff6384b5049,2026-08-31T18:20:33.374Z,separate_executor,quote_run_dispatch_probe,50,1243.31,success,,200,success
p3-ex-official-vu50,f1002fe1-72e3-4864-844a-32f2cce34b76,2026-08-31T18:20:33.449Z,separate_executor,quote_run_dispatch_probe,50,955.48,success,,200,success
p3-ex-official-vu50,44449256-01c0-4e66-bedd-e8a332f52c02,2026-08-31T18:20:33.452Z,separate_executor,quote_run_dispatch_probe,50,1146.13,success,,200,success
p3-ex-official-vu50,8c72f490-8d78-47dc-a4ae-45bc68f48f60,2026-08-31T18:20:33.459Z,separate_executor,quote_run_dispatch_probe,50,1101.41,success,,200,success
p3-ex-official-vu50,1c7e58a3-343e-4700-8db1-ce089b5e7932,2026-08-31T18:20:33.459Z,separate_executor,quote_run_dispatch_probe,50,1166.68,success,,200,success
p3-ex-official-vu50,d360d1a1-71c2-41a0-8d58-d8bb26decf57,2026-08-31T18:20:33.509Z,separate_executor,quote_run_dispatch_probe,50,1375.82,success,,200,success
p3-ex-official-vu50,c5124bed-48c9-4385-9b81-6736c0676df7,2026-08-31T18:20:33.553Z,separate_executor,quote_run_dispatch_probe,50,1475.54,success,,200,success
p3-ex-official-vu50,965dc067-fac1-40f2-8d74-3c9ebb3bb7a7,2026-08-31T18:20:33.563Z,separate_executor,quote_run_dispatch_probe,50,1014.55,success,,200,success
p3-ex-official-vu50,331774a5-8128-47e7-bc26-8ed5cd572194,2026-08-31T18:20:33.624Z,separate_executor,quote_run_dispatch_probe,50,1326.68,success,,200,success
p3-ex-official-vu50,d699fd0b-19e9-4a66-aa11-164516b4a49c,2026-08-31T18:20:33.663Z,separate_executor,quote_run_dispatch_probe,50,1742.05,success,,200,success
p3-ex-official-vu50,013960f8-fa96-4688-ab6f-dbef42b7b6fa,2026-08-31T18:20:33.792Z,separate_executor,quote_run_dispatch_probe,50,935.96,success,,200,success
p3-ex-official-vu50,e6a394d7-d2ee-4449-b308-61019fc6ac4b,2026-08-31T18:20:33.792Z,separate_executor,quote_run_dispatch_probe,50,1416.11,success,,200,success
p3-ex-official-vu50,24af5df2-3902-4999-9492-edbe70d97bf2,2026-08-31T18:20:33.793Z,separate_executor,quote_run_dispatch_probe,50,1063.09,success,,200,success
p3-ex-official-vu50,3f7acb15-d658-47e1-94ad-b746e54fb636,2026-08-31T18:20:33.795Z,separate_executor,quote_run_dispatch_probe,50,1472.45,success,,200,success
p3-ex-official-vu50,7baff40a-926a-4a5f-b929-1815fe990529,2026-08-31T18:20:33.825Z,separate_executor,quote_run_dispatch_probe,50,1243,success,,200,success
p3-ex-official-vu50,9f95399e-f98e-4af4-87fe-41dcbe517ed8,2026-08-31T18:20:33.826Z,separate_executor,quote_run_dispatch_probe,50,1182.81,success,,200,success
p3-ex-official-vu50,9d2196e1-f052-4e0a-a13a-aa23b01ea1ac,2026-08-31T18:20:33.874Z,separate_executor,quote_run_dispatch_probe,50,1311.49,success,,200,success
p3-ex-official-vu50,3223109e-3a76-44ad-b34d-05f3c2fea1d5,2026-08-31T18:20:34.025Z,separate_executor,quote_run_dispatch_probe,50,1268.54,success,,200,success
p3-ex-official-vu50,8a59077f-67bf-40ae-9159-b315b17d8332,2026-08-31T18:20:34.026Z,separate_executor,quote_run_dispatch_probe,50,1265.49,success,,200,success
p3-ex-official-vu50,abead880-295c-4cb5-9a09-1721fb1224fe,2026-08-31T18:20:34.075Z,separate_executor,quote_run_dispatch_probe,50,1230.55,success,,200,success
p3-ex-official-vu50,5bcf63a1-4a13-455a-9961-81eb6f54ec0b,2026-08-31T18:20:34.120Z,separate_executor,quote_run_dispatch_probe,50,1371.61,success,,200,success
p3-ex-official-vu50,4e8eeb62-6624-4686-80d5-84e70bf9a4ac,2026-08-31T18:20:34.146Z,separate_executor,quote_run_dispatch_probe,50,1417.89,success,,200,success
p3-ex-official-vu50,1781518a-a8cf-41de-b7dd-8683392cde12,2026-08-31T18:20:34.180Z,separate_executor,quote_run_dispatch_probe,50,1228.3,success,,200,success
p3-ex-official-vu50,260d2673-55b2-4d57-ab8c-24ced3839cea,2026-08-31T18:20:34.260Z,separate_executor,quote_run_dispatch_probe,50,952.38,success,,200,success
p3-ex-official-vu50,0ddde3ed-40d0-4e00-8505-d22c57c9ea19,2026-08-31T18:20:34.397Z,separate_executor,quote_run_dispatch_probe,50,1074.87,success,,200,success
p3-ex-official-vu50,000e9a17-d9fc-4e49-bd11-87bdaf8c8b5d,2026-08-31T18:20:34.425Z,separate_executor,quote_run_dispatch_probe,50,1126.25,success,,200,success
p3-ex-official-vu50,8f39ffd7-ae10-4dc3-990c-5c6fe8a0c679,2026-08-31T18:20:34.445Z,separate_executor,quote_run_dispatch_probe,50,1104.74,success,,200,success
p3-ex-official-vu50,385d8423-1780-4edd-ac74-864ec1306f84,2026-08-31T18:20:34.455Z,separate_executor,quote_run_dispatch_probe,50,1148.77,success,,200,success
p3-ex-official-vu50,502a226a-dfd6-4502-adf5-3de5b5e1f8d7,2026-08-31T18:20:34.476Z,separate_executor,quote_run_dispatch_probe,50,1167.02,success,,200,success
p3-ex-official-vu50,3ae8c52b-2413-4a4b-83af-781a7121af17,2026-08-31T18:20:34.477Z,separate_executor,quote_run_dispatch_probe,50,1511.65,success,,200,success
p3-ex-official-vu50,03721998-56d4-4e68-a6ce-65e00b6d929d,2026-08-31T18:20:34.512Z,separate_executor,quote_run_dispatch_probe,50,1187.42,success,,200,success
p3-ex-official-vu50,6d1a31fe-106e-49c4-aa9a-ea7cb2180f23,2026-08-31T18:20:34.571Z,separate_executor,quote_run_dispatch_probe,50,1118.56,success,,200,success
p3-ex-official-vu50,63bc4400-7f4d-4dc1-9cad-2d1f7d2f42f6,2026-08-31T18:20:34.579Z,separate_executor,quote_run_dispatch_probe,50,1252.71,success,,200,success
p3-ex-official-vu50,bc658546-eac5-4c7a-9d72-b9cc08ea1657,2026-08-31T18:20:34.590Z,separate_executor,quote_run_dispatch_probe,50,1267.09,success,,200,success
p3-ex-official-vu50,abf42e6a-4b9d-4940-af47-6f1c6c73bd4d,2026-08-31T18:20:34.591Z,separate_executor,quote_run_dispatch_probe,50,1275.75,success,,200,success
p3-ex-official-vu50,67e9e2d0-151b-46f7-aa7d-05768b9a2ed1,2026-08-31T18:20:34.669Z,separate_executor,quote_run_dispatch_probe,50,1359.85,success,,200,success
p3-ex-official-vu50,3181149f-d382-478c-a773-37915f97523a,2026-08-31T18:20:34.671Z,separate_executor,quote_run_dispatch_probe,50,1365.34,success,,200,success
p3-ex-official-vu50,fe1ad754-df39-43e2-ba1d-f23ee09d2977,2026-08-31T18:20:34.674Z,separate_executor,quote_run_dispatch_probe,50,1367.81,success,,200,success
p3-ex-official-vu50,3c5417ed-d1aa-4bd3-8928-11c3aaeb7b22,2026-08-31T18:20:34.675Z,separate_executor,quote_run_dispatch_probe,50,1378.11,success,,200,success
p3-ex-official-vu50,11792408-4b42-4157-ae8e-349978b98f56,2026-08-31T18:20:34.676Z,separate_executor,quote_run_dispatch_probe,50,1367.93,success,,200,success
p3-ex-official-vu50,d191aa52-68c4-4940-9f04-6c511973991a,2026-08-31T18:20:34.677Z,separate_executor,quote_run_dispatch_probe,50,1383.31,success,,200,success
p3-ex-official-vu50,9b5d0d72-c98d-4ab7-90ac-69a30ff0294b,2026-08-31T18:20:34.692Z,separate_executor,quote_run_dispatch_probe,50,1393.64,success,,200,success
p3-ex-official-vu50,63cdddfe-6b61-4f3d-bfa2-b797a179d792,2026-08-31T18:20:34.693Z,separate_executor,quote_run_dispatch_probe,50,1318.43,success,,200,success
p3-ex-official-vu50,6b0eb68d-cc39-4f31-a04c-3b981562d851,2026-08-31T18:20:34.697Z,separate_executor,quote_run_dispatch_probe,50,1385.04,success,,200,success
p3-ex-official-vu50,30780357-c134-4406-b6ca-45c94c5737f2,2026-08-31T18:20:34.699Z,separate_executor,quote_run_dispatch_probe,50,1393.65,success,,200,success
p3-ex-official-vu50,db9a342c-9746-430d-bdde-b89a7a43d770,2026-08-31T18:20:34.736Z,separate_executor,quote_run_dispatch_probe,50,1277.36,success,,200,success
p3-ex-official-vu50,7788a86f-183f-4d4c-bcc9-c98b1048c9b5,2026-08-31T18:20:34.737Z,separate_executor,quote_run_dispatch_probe,50,1434.48,success,,200,success
p3-ex-official-vu50,81b43d09-62cb-4206-a450-26cdb65935c3,2026-08-31T18:20:34.770Z,separate_executor,quote_run_dispatch_probe,50,1477.98,success,,200,success
p3-ex-official-vu50,a46eeb29-4dbe-42f2-a45b-867fab6ebdbe,2026-08-31T18:20:34.781Z,separate_executor,quote_run_dispatch_probe,50,1332.19,success,,200,success
p3-ex-official-vu50,d3994130-4f50-4837-a0fc-945134a43fcd,2026-08-31T18:20:34.782Z,separate_executor,quote_run_dispatch_probe,50,1419.14,success,,200,success
p3-ex-official-vu50,37ca1aa5-349e-4346-8df5-192fa48275de,2026-08-31T18:20:34.787Z,separate_executor,quote_run_dispatch_probe,50,1482.34,success,,200,success
p3-ex-official-vu50,d5112957-528e-424f-8eb9-433b287a5614,2026-08-31T18:20:34.792Z,separate_executor,quote_run_dispatch_probe,50,1167.53,success,,200,success
p3-ex-official-vu50,c33a377e-20b9-4c72-9dde-70cd77d8f14a,2026-08-31T18:20:34.793Z,separate_executor,quote_run_dispatch_probe,50,1493.69,success,,200,success
p3-ex-official-vu50,d06752d8-a91a-48ab-a1e3-d94414a4cb23,2026-08-31T18:20:34.797Z,separate_executor,quote_run_dispatch_probe,50,1337.18,success,,200,success
p3-ex-official-vu50,d1d6a318-9afb-4489-9620-d9fb257f0b34,2026-08-31T18:20:34.798Z,separate_executor,quote_run_dispatch_probe,50,1235.61,success,,200,success
p3-ex-official-vu50,8332909a-518c-48d0-96e8-5d7a8df65b4e,2026-08-31T18:20:34.830Z,separate_executor,quote_run_dispatch_probe,50,1501.51,success,,200,success
p3-ex-official-vu50,47566abe-59f3-42c2-931c-0a48c4ca83b7,2026-08-31T18:20:34.925Z,separate_executor,quote_run_dispatch_probe,50,1416.62,success,,200,success
p3-ex-official-vu50,a980e42a-3a58-4fa6-a478-5a64b03a8c94,2026-08-31T18:20:34.970Z,separate_executor,quote_run_dispatch_probe,50,1673.57,success,,200,success
p3-ex-official-vu50,7c8f6801-4b4b-4a1b-b599-1cc9ecef54ef,2026-08-31T18:20:34.991Z,separate_executor,quote_run_dispatch_probe,50,1165.12,success,,200,success
p3-ex-official-vu50,16518c77-8530-4d0a-a6c0-83f17f7ace92,2026-08-31T18:20:35.059Z,separate_executor,quote_run_dispatch_probe,50,1506.05,success,,200,success
p3-ex-official-vu50,e5d83279-b4b2-4b80-8487-6e0805239789,2026-08-31T18:20:35.146Z,separate_executor,quote_run_dispatch_probe,50,1350.78,success,,200,success
p3-ex-official-vu50,ebccd55d-61ae-44e2-b863-c5eb44b8ae47,2026-08-31T18:20:35.230Z,separate_executor,quote_run_dispatch_probe,50,1438.41,success,,200,success
p3-ex-official-vu50,3b5c592a-f59d-4c2e-934f-531f24ad05ea,2026-08-31T18:20:35.314Z,separate_executor,quote_run_dispatch_probe,50,1650.59,success,,200,success
p3-ex-official-vu50,5cd6147c-73ad-4c92-8fd6-0a976162b6bb,2026-08-31T18:20:35.338Z,separate_executor,quote_run_dispatch_probe,50,1545.48,success,,200,success
p3-ex-official-vu50,f85a2e24-4abd-4592-b6a3-27f3a5975e0c,2026-08-31T18:20:35.359Z,separate_executor,quote_run_dispatch_probe,50,1485.37,success,,200,success
p3-ex-official-vu50,0a36765d-6437-405b-b3f1-0de773d2f062,2026-08-31T18:20:35.424Z,separate_executor,quote_run_dispatch_probe,50,1598.91,success,,200,success
p3-ex-official-vu50,634dccd2-e90c-47db-9aa8-de32d652bf4c,2026-08-31T18:20:35.425Z,separate_executor,quote_run_dispatch_probe,50,1632.18,success,,200,success
p3-ex-official-vu50,adeb7636-b7d0-4dd4-baf1-429533d197cc,2026-08-31T18:20:35.431Z,separate_executor,quote_run_dispatch_probe,50,1405.1,success,,200,success
p3-ex-official-vu50,e680f952-49c1-4b8a-b215-a751a79d3ebb,2026-08-31T18:20:35.434Z,separate_executor,quote_run_dispatch_probe,50,1173.8,success,,200,success
p3-ex-official-vu50,b2a1e22b-b4d6-4ddb-9385-4b1aad05130c,2026-08-31T18:20:35.437Z,separate_executor,quote_run_dispatch_probe,50,1362.51,success,,200,success
p3-ex-official-vu50,cee435f4-1134-4082-8300-7b003e442aa5,2026-08-31T18:20:35.440Z,separate_executor,quote_run_dispatch_probe,50,1415.27,success,,200,success
p3-ex-official-vu50,f0ba00ca-2281-4509-a6ed-cf4537d209b3,2026-08-31T18:20:35.510Z,separate_executor,quote_run_dispatch_probe,50,1330.03,success,,200,success
p3-ex-official-vu50,3d150123-aff0-439a-a0a2-f8ea5aec6560,2026-08-31T18:20:35.535Z,separate_executor,quote_run_dispatch_probe,50,1109.59,success,,200,success
p3-ex-official-vu50,8f018c08-7c18-4938-9007-9116699a13b4,2026-08-31T18:20:35.589Z,separate_executor,quote_run_dispatch_probe,50,1076.57,success,,200,success
p3-ex-official-vu50,a4b52ca6-50fe-495f-a90a-c7b97095b8b3,2026-08-31T18:20:35.589Z,separate_executor,quote_run_dispatch_probe,50,1144.48,success,,200,success
p3-ex-official-vu50,9c01a634-ba9d-4cc3-937e-72c49b2d2185,2026-08-31T18:20:35.590Z,separate_executor,quote_run_dispatch_probe,50,1193.29,success,,200,success
p3-ex-official-vu50,f0cfd6d4-c3fc-44bf-95a4-868948247e33,2026-08-31T18:20:35.723Z,separate_executor,quote_run_dispatch_probe,50,1267.75,success,,200,success
p3-ex-official-vu50,976e1166-f9f1-4161-8921-6bd0047fbae6,2026-08-31T18:20:35.723Z,separate_executor,quote_run_dispatch_probe,50,1603.02,success,,200,success
p3-ex-official-vu50,f3ffb018-2541-4e03-a3aa-420a67ee8a7e,2026-08-31T18:20:35.726Z,separate_executor,quote_run_dispatch_probe,50,1579.94,success,,200,success
p3-ex-official-vu50,42673fd4-277b-4348-b023-2de4bb3e135a,2026-08-31T18:20:35.728Z,separate_executor,quote_run_dispatch_probe,50,1157.35,success,,200,success
p3-ex-official-vu50,506f02ad-5f7f-4c84-84d5-6529d2d07c52,2026-08-31T18:20:35.728Z,separate_executor,quote_run_dispatch_probe,50,1251.79,success,,200,success
p3-ex-official-vu50,83dba9b0-903e-44c5-89c5-6f26500e77a6,2026-08-31T18:20:35.766Z,separate_executor,quote_run_dispatch_probe,50,1187.28,success,,200,success
p3-ex-official-vu50,84d3e25e-74d0-42ea-a943-d8a5cd76db0f,2026-08-31T18:20:35.778Z,separate_executor,quote_run_dispatch_probe,50,1109.52,success,,200,success
p3-ex-official-vu50,efd55b89-a422-495c-addb-0de436f2326b,2026-08-31T18:20:35.827Z,separate_executor,quote_run_dispatch_probe,50,1237.05,success,,200,success
p3-ex-official-vu50,c3a9a8f7-bf67-4a61-a834-9d43327f73a0,2026-08-31T18:20:35.855Z,separate_executor,quote_run_dispatch_probe,50,1263.57,success,,200,success
p3-ex-official-vu50,298398bb-a01b-4fbc-889f-1221e0920c09,2026-08-31T18:20:35.895Z,separate_executor,quote_run_dispatch_probe,50,1114.58,success,,200,success
p3-ex-official-vu50,346db258-632d-420e-953b-399eff0cc376,2026-08-31T18:20:36.019Z,separate_executor,quote_run_dispatch_probe,50,1542.65,success,,200,success
p3-ex-official-vu50,99c2cee8-c131-4b29-a4de-81da7335f113,2026-08-31T18:20:36.110Z,separate_executor,quote_run_dispatch_probe,50,1432.74,success,,200,success
p3-ex-official-vu50,6f469179-8df9-4f78-b0f0-2bc9af4037a5,2026-08-31T18:20:36.113Z,separate_executor,quote_run_dispatch_probe,50,1320.6,success,,200,success
p3-ex-official-vu50,683f792e-0ca7-49a1-b401-ee9ef71b8ef5,2026-08-31T18:20:36.113Z,separate_executor,quote_run_dispatch_probe,50,1420.19,success,,200,success
p3-ex-official-vu50,e97d534f-41af-425a-92a1-dcfe35a470b6,2026-08-31T18:20:36.113Z,separate_executor,quote_run_dispatch_probe,50,1442.54,success,,200,success
p3-ex-official-vu50,79a9ed08-9cda-4e3e-a802-8e705f98ac01,2026-08-31T18:20:36.114Z,separate_executor,quote_run_dispatch_probe,50,1437.84,success,,200,success
p3-ex-official-vu50,375c1e49-3c34-4eda-b54b-2e4fcba72562,2026-08-31T18:20:36.119Z,separate_executor,quote_run_dispatch_probe,50,1444.9,success,,200,success
p3-ex-official-vu50,b3b3d370-39d0-4e61-9982-629fb68968b2,2026-08-31T18:20:36.119Z,separate_executor,quote_run_dispatch_probe,50,1321.14,success,,200,success
p3-ex-official-vu50,f6f18e74-e0a5-47ee-8454-30c377ee6046,2026-08-31T18:20:36.120Z,separate_executor,quote_run_dispatch_probe,50,1383.53,success,,200,success
p3-ex-official-vu50,c5ca573f-0323-4da7-83c7-49f8ee3e8fed,2026-08-31T18:20:36.126Z,separate_executor,quote_run_dispatch_probe,50,1427.4,success,,200,success
p3-ex-official-vu50,30309149-ffd5-469c-87a4-d33577080db5,2026-08-31T18:20:36.127Z,separate_executor,quote_run_dispatch_probe,50,1390.22,success,,200,success
p3-ex-official-vu50,7c2f4f42-efb2-4eb9-a9bf-d3a57640e25c,2026-08-31T18:20:36.128Z,separate_executor,quote_run_dispatch_probe,50,1453.72,success,,200,success
p3-ex-official-vu50,b2cdede1-3775-48fe-9766-ade1d955b62b,2026-08-31T18:20:36.129Z,separate_executor,quote_run_dispatch_probe,50,1358.8,success,,200,success
p3-ex-official-vu50,eba564e2-3247-4e04-aad3-da83d47f54f7,2026-08-31T18:20:36.129Z,separate_executor,quote_run_dispatch_probe,50,1432.04,success,,200,success
p3-ex-official-vu50,38e3cbea-bfb1-433c-b26d-3cff7bf1ef40,2026-08-31T18:20:36.137Z,separate_executor,quote_run_dispatch_probe,50,1340.42,success,,200,success
p3-ex-official-vu50,ff8029ff-1d92-4f80-bd93-5f0c0a0b732d,2026-08-31T18:20:36.142Z,separate_executor,quote_run_dispatch_probe,50,1450.25,success,,200,success
p3-ex-official-vu50,8b4ea7ac-4756-404c-8752-5507c052f8cd,2026-08-31T18:20:36.178Z,separate_executor,quote_run_dispatch_probe,50,1390.91,success,,200,success
p3-ex-official-vu50,192836d2-2015-49ad-8dcb-c245f8ccb2d8,2026-08-31T18:20:36.179Z,separate_executor,quote_run_dispatch_probe,50,1187.18,success,,200,success
p3-ex-official-vu50,ef5cbf8f-e56f-477d-96ae-a45e02026d72,2026-08-31T18:20:36.295Z,separate_executor,quote_run_dispatch_probe,50,1512.53,success,,200,success
p3-ex-official-vu50,cc447c72-5d11-4fba-a76f-5e9ce82af713,2026-08-31T18:20:36.296Z,separate_executor,quote_run_dispatch_probe,50,1503.05,success,,200,success
p3-ex-official-vu50,6b85f2e2-5be2-4abd-8fe5-75eca115633b,2026-08-31T18:20:36.298Z,separate_executor,quote_run_dispatch_probe,50,1372.15,success,,200,success
p3-ex-official-vu50,e82d3a81-6d1c-4f0c-8629-7702cfe856b6,2026-08-31T18:20:36.304Z,separate_executor,quote_run_dispatch_probe,50,1157.65,success,,200,success
p3-ex-official-vu50,9a53e51d-eff4-498d-9f49-9fbf68f75513,2026-08-31T18:20:36.310Z,separate_executor,quote_run_dispatch_probe,50,1479.18,success,,200,success
p3-ex-official-vu50,bc1553a7-dfc5-436c-a580-cc6b6897819b,2026-08-31T18:20:36.362Z,separate_executor,quote_run_dispatch_probe,50,1391.69,success,,200,success
p3-ex-official-vu50,c739bf15-070d-44fa-9049-6ed43271dee6,2026-08-31T18:20:36.476Z,separate_executor,quote_run_dispatch_probe,50,1051.16,success,,200,success
p3-ex-official-vu50,5e01267e-8752-42af-8992-aea9c8249637,2026-08-31T18:20:36.514Z,separate_executor,quote_run_dispatch_probe,50,1455.23,success,,200,success
p3-ex-official-vu50,2f192f1d-c308-4e30-9a2b-e6958baaacc0,2026-08-31T18:20:36.523Z,separate_executor,quote_run_dispatch_probe,50,1185.6,success,,200,success
p3-ex-official-vu50,1b10beca-547d-45bd-a024-7af15cff66c3,2026-08-31T18:20:36.541Z,separate_executor,quote_run_dispatch_probe,50,1006.32,success,,200,success
p3-ex-official-vu50,eb06ac3b-2d39-426d-acfa-8506129c33a0,2026-08-31T18:20:36.641Z,separate_executor,quote_run_dispatch_probe,50,1209.76,success,,200,success
p3-ex-official-vu50,81443294-9e9b-4c51-b78c-6c96785dbf01,2026-08-31T18:20:36.656Z,separate_executor,quote_run_dispatch_probe,50,1067.11,success,,200,success
p3-ex-official-vu50,98cc6b10-71ba-40d2-9bc5-a8044113df4e,2026-08-31T18:20:36.681Z,separate_executor,quote_run_dispatch_probe,50,1366.97,success,,200,success
p3-ex-official-vu50,ac596c4d-8378-4db4-b7b3-a800fcb234cb,2026-08-31T18:20:36.688Z,separate_executor,quote_run_dispatch_probe,50,1254.01,success,,200,success
p3-ex-official-vu50,e4e1cd31-4764-4e4b-9c28-6cd4f6d77034,2026-08-31T18:20:36.703Z,separate_executor,quote_run_dispatch_probe,50,1343.35,success,,200,success
p3-ex-official-vu50,407e84a8-35ef-4cdc-9a56-c83b45c8cffc,2026-08-31T18:20:36.703Z,separate_executor,quote_run_dispatch_probe,50,1266.04,success,,200,success
p3-ex-official-vu50,5dcb444c-c448-4ceb-9ceb-1d584b9370d2,2026-08-31T18:20:36.721Z,separate_executor,quote_run_dispatch_probe,50,1296.15,success,,200,success
p3-ex-official-vu50,20303a41-e754-4fba-bf48-33a2fa0e3038,2026-08-31T18:20:36.728Z,separate_executor,quote_run_dispatch_probe,50,1138.09,success,,200,success
p3-ex-official-vu50,72c1a00c-d25a-4d3a-a9b3-fbad79b88c58,2026-08-31T18:20:36.732Z,separate_executor,quote_run_dispatch_probe,50,1142.39,success,,200,success
p3-ex-official-vu50,98d2d2ba-07f5-4edd-9ad7-4459248d6e2f,2026-08-31T18:20:36.736Z,separate_executor,quote_run_dispatch_probe,50,1505.26,success,,200,success
p3-ex-official-vu50,dd0364f1-7e25-4cc4-9c97-6a98fa107f29,2026-08-31T18:20:36.753Z,separate_executor,quote_run_dispatch_probe,50,1025.01,success,,200,success
p3-ex-official-vu50,ed5e7fae-6ed6-487e-a731-ef3d725542d5,2026-08-31T18:20:36.765Z,separate_executor,quote_run_dispatch_probe,50,1324.41,success,,200,success
p3-ex-official-vu50,22b324a4-3a59-4ae6-b366-6fd6d502206c,2026-08-31T18:20:36.828Z,separate_executor,quote_run_dispatch_probe,50,1104.7,success,,200,success
p3-ex-official-vu50,7c80202f-92e8-4a30-bb5d-61b97c81ca00,2026-08-31T18:20:36.834Z,separate_executor,quote_run_dispatch_probe,50,979.62,success,,200,success
p3-ex-official-vu50,6ee69804-9076-43d0-9019-94962cd364de,2026-08-31T18:20:36.881Z,separate_executor,quote_run_dispatch_probe,50,1115.23,success,,200,success
p3-ex-official-vu50,470d80ed-05ef-4d78-9073-8fb2e431ecf7,2026-08-31T18:20:36.927Z,separate_executor,quote_run_dispatch_probe,50,1198.68,success,,200,success
p3-ex-official-vu50,df2b898d-abb9-4be5-a8fb-4092653d0517,2026-08-31T18:20:36.929Z,separate_executor,quote_run_dispatch_probe,50,1418.46,success,,200,success
p3-ex-official-vu50,dfb64a52-c8f5-4fbe-9e49-2dddd72523a9,2026-08-31T18:20:36.976Z,separate_executor,quote_run_dispatch_probe,50,1252.97,success,,200,success
p3-ex-official-vu50,e02eb60c-5583-4c8f-9706-f1ae6a546474,2026-08-31T18:20:37.084Z,separate_executor,quote_run_dispatch_probe,50,1305.36,success,,200,success
p3-ex-official-vu50,79860abf-4fac-4d2d-a76e-3ad8741239dd,2026-08-31T18:20:37.140Z,separate_executor,quote_run_dispatch_probe,50,1245.04,success,,200,success
p3-ex-official-vu50,61e2027c-316e-4cdf-9e42-49c4b1ea2e35,2026-08-31T18:20:37.142Z,separate_executor,quote_run_dispatch_probe,50,1415.89,success,,200,success
p3-ex-official-vu50,4215fd8d-1b99-4518-aa79-69311c0ed9e7,2026-08-31T18:20:37.172Z,separate_executor,quote_run_dispatch_probe,50,1345.38,success,,200,success
p3-ex-official-vu50,e49d4048-d31f-40cd-8971-a471d4ed2749,2026-08-31T18:20:37.280Z,separate_executor,quote_run_dispatch_probe,50,1166.97,success,,200,success
p3-ex-official-vu50,b62a1c04-440f-4eb3-83a6-dbd21d3e3c62,2026-08-31T18:20:37.317Z,separate_executor,quote_run_dispatch_probe,50,1191.29,success,,200,success
p3-ex-official-vu50,f7675900-5449-4647-92d1-fb8c79d83849,2026-08-31T18:20:37.343Z,separate_executor,quote_run_dispatch_probe,50,1213.7,success,,200,success
p3-ex-official-vu50,3804ced3-2478-4890-8544-65a6d41a4900,2026-08-31T18:20:37.395Z,separate_executor,quote_run_dispatch_probe,50,1267.1,success,,200,success
p3-ex-official-vu50,94223bde-e5f5-41cb-9068-e6c3cae6e48f,2026-08-31T18:20:37.412Z,separate_executor,quote_run_dispatch_probe,50,1292.56,success,,200,success
p3-ex-official-vu50,caf413c7-d203-4dc2-bd0e-02fe3fd0b13c,2026-08-31T18:20:37.428Z,separate_executor,quote_run_dispatch_probe,50,1286.21,success,,200,success
p3-ex-official-vu50,3538904c-0673-4c0d-8878-09a728d54540,2026-08-31T18:20:37.436Z,separate_executor,quote_run_dispatch_probe,50,1257.68,success,,200,success
p3-ex-official-vu50,426ad526-89ff-43a3-81b4-32e68984be73,2026-08-31T18:20:37.438Z,separate_executor,quote_run_dispatch_probe,50,1418.69,success,,200,success
p3-ex-official-vu50,e017874c-ad7d-4b47-95fb-7557166bae87,2026-08-31T18:20:37.489Z,separate_executor,quote_run_dispatch_probe,50,1309.98,success,,200,success
p3-ex-official-vu50,b2e651a6-86eb-4491-8817-e935f8bcf9ad,2026-08-31T18:20:37.509Z,separate_executor,quote_run_dispatch_probe,50,1379.88,success,,200,success
p3-ex-official-vu50,73824493-662a-4e00-bd63-b78a0f08e9fa,2026-08-31T18:20:37.520Z,separate_executor,quote_run_dispatch_probe,50,1406.08,success,,200,success
p3-ex-official-vu50,799e6422-1555-45ca-ba63-6c2cb3e09956,2026-08-31T18:20:37.525Z,separate_executor,quote_run_dispatch_probe,50,1412.23,success,,200,success
p3-ex-official-vu50,24b6ea90-4fcc-4880-bf0f-7c633da33fb1,2026-08-31T18:20:37.556Z,separate_executor,quote_run_dispatch_probe,50,1428.72,success,,200,success
p3-ex-official-vu50,d10c507b-f073-4d67-938a-9f1a7b5c5aad,2026-08-31T18:20:37.565Z,separate_executor,quote_run_dispatch_probe,50,1269.65,success,,200,success
p3-ex-official-vu50,43f2bb69-bd1d-4eae-bba3-a18124028d3a,2026-08-31T18:20:37.565Z,separate_executor,quote_run_dispatch_probe,50,1427.89,success,,200,success
p3-ex-official-vu50,462cc299-a09c-4133-b33c-0bcd46a39a6f,2026-08-31T18:20:37.565Z,separate_executor,quote_run_dispatch_probe,50,1261.8,success,,200,success
p3-ex-official-vu50,baca390f-d80f-403e-868d-be115ca7f4ea,2026-08-31T18:20:37.575Z,separate_executor,quote_run_dispatch_probe,50,1460.77,success,,200,success
p3-ex-official-vu50,9c3c3b8f-bd82-4388-acbb-324d2a103a76,2026-08-31T18:20:37.575Z,separate_executor,quote_run_dispatch_probe,50,1465.43,success,,200,success
p3-ex-official-vu50,9937458b-9904-43bd-b1e9-bac4e3deacf9,2026-08-31T18:20:37.597Z,separate_executor,quote_run_dispatch_probe,50,1477.49,success,,200,success
p3-ex-official-vu50,ce5ec27d-2f38-4c9d-ac00-26a2f32b39f6,2026-08-31T18:20:37.614Z,separate_executor,quote_run_dispatch_probe,50,1072.68,success,,200,success
p3-ex-official-vu50,35eb4a23-e9ac-4d76-9339-83496b8a5593,2026-08-31T18:20:37.614Z,separate_executor,quote_run_dispatch_probe,50,1318.06,success,,200,success
p3-ex-official-vu50,ce266713-063c-46fb-babb-c9f582e0b87c,2026-08-31T18:20:37.679Z,separate_executor,quote_run_dispatch_probe,50,1202.49,success,,200,success
p3-ex-official-vu50,400048ed-7ee6-403d-b9be-4fc96903afdb,2026-08-31T18:20:37.698Z,separate_executor,quote_run_dispatch_probe,50,1578.63,success,,200,success
p3-ex-official-vu50,3430c556-9c05-4a0b-ae36-006660198427,2026-08-31T18:20:37.756Z,separate_executor,quote_run_dispatch_probe,50,1458.65,success,,200,success
p3-ex-official-vu50,6ea72fea-cf9d-49eb-b237-f2a3d6bd4ee7,2026-08-31T18:20:37.765Z,separate_executor,quote_run_dispatch_probe,50,1403.09,success,,200,success
p3-ex-official-vu50,83884695-8cf8-40a7-9440-787c9301afa7,2026-08-31T18:20:37.783Z,separate_executor,quote_run_dispatch_probe,50,1473.07,success,,200,success
p3-ex-official-vu50,655ffd4c-2e48-4da7-ad79-b30bce48c386,2026-08-31T18:20:37.889Z,separate_executor,quote_run_dispatch_probe,50,1061.51,success,,200,success
p3-ex-official-vu50,10de4d52-1ac3-4664-9329-c5b25d60c725,2026-08-31T18:20:37.902Z,separate_executor,quote_run_dispatch_probe,50,1170.63,success,,200,success
p3-ex-official-vu50,dd30b309-9e72-42a7-8d91-01aa8c987c1d,2026-08-31T18:20:38.094Z,separate_executor,quote_run_dispatch_probe,50,1438.35,success,,200,success
p3-ex-official-vu50,76a1388c-c201-4990-9f31-073ffb46a4d3,2026-08-31T18:20:38.095Z,separate_executor,quote_run_dispatch_probe,50,1454.4,success,,200,success
p3-ex-official-vu50,84032c00-32da-4f88-8994-c3da3c86f423,2026-08-31T18:20:38.194Z,separate_executor,quote_run_dispatch_probe,50,1440.82,success,,200,success
p3-ex-official-vu50,d3f8c603-8a5f-4fd2-a1c7-6a5636f56067,2026-08-31T18:20:38.195Z,separate_executor,quote_run_dispatch_probe,50,1466.67,success,,200,success
p3-ex-official-vu50,cd621788-eff1-45e0-a2f9-81234d089957,2026-08-31T18:20:38.202Z,separate_executor,quote_run_dispatch_probe,50,1678.94,success,,200,success
p3-ex-official-vu50,c4070a80-83b3-444c-99f1-0654be27d5e9,2026-08-31T18:20:38.203Z,separate_executor,quote_run_dispatch_probe,50,1515.74,success,,200,success
p3-ex-official-vu50,d255c4c2-bd97-4e63-9c01-539c64d7edbc,2026-08-31T18:20:38.231Z,separate_executor,quote_run_dispatch_probe,50,1349.59,success,,200,success
p3-ex-official-vu50,8767fa58-b0d1-4ab4-8262-7d1e666330b2,2026-08-31T18:20:38.232Z,separate_executor,quote_run_dispatch_probe,50,1529.07,success,,200,success
p3-ex-official-vu50,17620c72-fbac-449f-8d2c-d62e274f90c8,2026-08-31T18:20:38.233Z,separate_executor,quote_run_dispatch_probe,50,1529.41,success,,200,success
p3-ex-official-vu50,989a7a02-4e0e-439b-bbc2-7dcf2f6ca070,2026-08-31T18:20:38.245Z,separate_executor,quote_run_dispatch_probe,50,1411.24,success,,200,success
p3-ex-official-vu50,5ae1e914-a7a7-48fd-81d8-dd73b7829c30,2026-08-31T18:20:38.246Z,separate_executor,quote_run_dispatch_probe,50,1319.27,success,,200,success
p3-ex-official-vu50,8c3a8ca5-4591-4dd7-a5d6-4dc0665b9301,2026-08-31T18:20:38.247Z,separate_executor,quote_run_dispatch_probe,50,1732.78,success,,200,success
p3-ex-official-vu50,731b4ae5-cef8-453b-8d17-2a2f03d04549,2026-08-31T18:20:38.248Z,separate_executor,quote_run_dispatch_probe,50,1527.05,success,,200,success
p3-ex-official-vu50,ccd96213-2b19-4def-99d9-d1bcda182b2e,2026-08-31T18:20:38.257Z,separate_executor,quote_run_dispatch_probe,50,1328.21,success,,200,success
p3-ex-official-vu50,383510f8-748b-4e70-ae08-81b1893fe80e,2026-08-31T18:20:38.258Z,separate_executor,quote_run_dispatch_probe,50,1492.84,success,,200,success
p3-ex-official-vu50,2b02558c-4adb-4710-9b75-64edb1209a9e,2026-08-31T18:20:38.275Z,separate_executor,quote_run_dispatch_probe,50,1594.48,success,,200,success
p3-ex-official-vu50,037e9d88-069d-4e42-b13f-4c3b466bc87d,2026-08-31T18:20:38.279Z,separate_executor,quote_run_dispatch_probe,50,1138.6,success,,200,success
p3-ex-official-vu50,dbf3a112-5094-46c7-819e-63075279c21f,2026-08-31T18:20:38.294Z,separate_executor,quote_run_dispatch_probe,50,1318.25,success,,200,success
p3-ex-official-vu50,97c57190-1961-4510-b753-b74db6bdfd38,2026-08-31T18:20:38.313Z,separate_executor,quote_run_dispatch_probe,50,1140.79,success,,200,success
p3-ex-official-vu50,a5ed9260-0609-4091-bdef-15f400513ea8,2026-08-31T18:20:38.314Z,separate_executor,quote_run_dispatch_probe,50,1578.4,success,,200,success
p3-ex-official-vu50,4bdf6d22-5c13-4ece-be6c-13f21153ea11,2026-08-31T18:20:38.432Z,separate_executor,quote_run_dispatch_probe,50,1114.88,success,,200,success
p3-ex-official-vu50,7fcacef6-c03c-4927-befb-a65c30a6bb3a,2026-08-31T18:20:38.479Z,separate_executor,quote_run_dispatch_probe,50,865.67,success,,200,success
p3-ex-official-vu50,fe6ef1f4-b104-4416-8d1b-dbcffe1dc641,2026-08-31T18:20:38.515Z,separate_executor,quote_run_dispatch_probe,50,1431.38,success,,200,success
p3-ex-official-vu50,cb4c03a0-77de-484f-aa0c-d2d573624de7,2026-08-31T18:20:38.536Z,separate_executor,quote_run_dispatch_probe,50,1255.63,success,,200,success
p3-ex-official-vu50,74f8a24c-44a5-4b99-84d5-a40183275f3b,2026-08-31T18:20:38.537Z,separate_executor,quote_run_dispatch_probe,50,1100.83,success,,200,success
p3-ex-official-vu50,6104f217-5cfc-46ae-9a12-d303c50eb6bd,2026-08-31T18:20:38.542Z,separate_executor,quote_run_dispatch_probe,50,976.66,success,,200,success
p3-ex-official-vu50,9c3e8a0c-31d6-4d84-ab0d-c34e3cc0e356,2026-08-31T18:20:38.575Z,separate_executor,quote_run_dispatch_probe,50,1179.31,success,,200,success
p3-ex-official-vu50,45fa2ef7-ca74-4960-a776-ed6b7c1d9738,2026-08-31T18:20:38.595Z,separate_executor,quote_run_dispatch_probe,50,1452.22,success,,200,success
p3-ex-official-vu50,be2ac1ed-e22b-4860-8b01-81a14a28a55a,2026-08-31T18:20:38.599Z,separate_executor,quote_run_dispatch_probe,50,1186.68,success,,200,success
p3-ex-official-vu50,a0a6cad0-451b-4335-ab94-bdd624372fbd,2026-08-31T18:20:38.602Z,separate_executor,quote_run_dispatch_probe,50,1259.29,success,,200,success
p3-ex-official-vu50,89ae599e-1f89-4f7c-8222-d505e6b24baf,2026-08-31T18:20:38.677Z,separate_executor,quote_run_dispatch_probe,50,998.62,success,,200,success
p3-ex-official-vu50,7fdb370e-666c-4812-be20-c07ee6b1ee44,2026-08-31T18:20:38.723Z,separate_executor,quote_run_dispatch_probe,50,1294.21,success,,200,success
p3-ex-official-vu50,f536cfc8-7605-494e-84bf-cbec4462acf8,2026-08-31T18:20:38.733Z,separate_executor,quote_run_dispatch_probe,50,1244.77,success,,200,success
p3-ex-official-vu50,b49debcd-502e-44fa-b790-82423ca14eb2,2026-08-31T18:20:38.743Z,separate_executor,quote_run_dispatch_probe,50,1218.49,success,,200,success
p3-ex-official-vu50,a48c280d-b039-4911-ba77-dd981f100fbb,2026-08-31T18:20:38.760Z,separate_executor,quote_run_dispatch_probe,50,1251.15,success,,200,success
p3-ex-official-vu50,a50dc147-756b-4264-b8b1-d8cb14226b65,2026-08-31T18:20:38.776Z,separate_executor,quote_run_dispatch_probe,50,1211.7,success,,200,success
p3-ex-official-vu50,e8bf2dbf-a074-4569-b5b4-b9ffa5f602c6,2026-08-31T18:20:38.825Z,separate_executor,quote_run_dispatch_probe,50,1386.96,success,,200,success
p3-ex-official-vu50,ebdde784-f700-4fe3-817d-d41fbb54cc54,2026-08-31T18:20:38.839Z,separate_executor,quote_run_dispatch_probe,50,1273.83,success,,200,success
p3-ex-official-vu50,7c1dbdaa-db38-4d51-ab2e-654ebf16064f,2026-08-31T18:20:38.849Z,separate_executor,quote_run_dispatch_probe,50,1234.9,success,,200,success
p3-ex-official-vu50,35dc0faf-3729-4db6-948e-b9f77e6c39fa,2026-08-31T18:20:38.853Z,separate_executor,quote_run_dispatch_probe,50,1277.97,success,,200,success
p3-ex-official-vu50,083c3651-cdde-434e-a673-b24d6310d1a9,2026-08-31T18:20:38.862Z,separate_executor,quote_run_dispatch_probe,50,1264.96,success,,200,success
p3-ex-official-vu50,876b7714-c9fb-4711-a67e-46a990667503,2026-08-31T18:20:38.868Z,separate_executor,quote_run_dispatch_probe,50,1348.55,success,,200,success
p3-ex-official-vu50,9e7a7364-cc49-4f63-a793-e6824f59ea2f,2026-08-31T18:20:38.923Z,separate_executor,quote_run_dispatch_probe,50,1367.64,success,,200,success
p3-ex-official-vu50,cc037811-2824-43a8-8ef9-67da62176aa7,2026-08-31T18:20:38.943Z,separate_executor,quote_run_dispatch_probe,50,1368.33,success,,200,success
p3-ex-official-vu50,228afa00-f4c8-4473-a63e-5e29ee804e3e,2026-08-31T18:20:38.999Z,separate_executor,quote_run_dispatch_probe,50,1110.11,success,,200,success
p3-ex-official-vu50,8205dc89-9ada-4603-a155-de9c3068b409,2026-08-31T18:20:39.060Z,separate_executor,quote_run_dispatch_probe,50,1303.74,success,,200,success
p3-ex-official-vu50,7c28a4e0-d8b8-498e-8584-9f24d20403dc,2026-08-31T18:20:39.062Z,separate_executor,quote_run_dispatch_probe,50,1364.24,success,,200,success
p3-ex-official-vu50,df7dbde8-61fc-4c0e-b65d-1edee2a7d5a7,2026-08-31T18:20:39.068Z,separate_executor,quote_run_dispatch_probe,50,1165.44,success,,200,success
p3-ex-official-vu50,5eca49b7-f031-42ef-ae8e-fcc176bb2fb7,2026-08-31T18:20:39.127Z,separate_executor,quote_run_dispatch_probe,50,1361.42,success,,200,success
p3-ex-official-vu50,5b851052-4bb8-4178-ae15-39d9dbd377be,2026-08-31T18:20:39.209Z,separate_executor,quote_run_dispatch_probe,50,1426.57,success,,200,success
p3-ex-official-vu50,2f7d562e-c2ff-4deb-a266-7b9d6b008196,2026-08-31T18:20:39.221Z,separate_executor,quote_run_dispatch_probe,50,1126.3,success,,200,success
p3-ex-official-vu50,27123063-f979-4720-b278-c3f46d5378ee,2026-08-31T18:20:39.297Z,separate_executor,quote_run_dispatch_probe,50,1049.32,success,,200,success
p3-ex-official-vu50,2b1eaef4-95ea-4f2f-9348-fcd468953cbb,2026-08-31T18:20:39.341Z,separate_executor,quote_run_dispatch_probe,50,1137.38,success,,200,success
p3-ex-official-vu50,6b47d460-2f16-426b-811d-a92a0681c928,2026-08-31T18:20:39.391Z,separate_executor,quote_run_dispatch_probe,50,1144.18,success,,200,success
p3-ex-official-vu50,a3f9fe70-c4ab-4936-ab17-227e9dd4652f,2026-08-31T18:20:39.399Z,separate_executor,quote_run_dispatch_probe,50,1204.47,success,,200,success
p3-ex-official-vu50,0eb197c8-cc27-41b5-a983-58c67da49ae2,2026-08-31T18:20:39.407Z,separate_executor,quote_run_dispatch_probe,50,1204.19,success,,200,success
p3-ex-official-vu50,32da024a-6496-4705-af95-8b6e3f059d13,2026-08-31T18:20:39.428Z,separate_executor,quote_run_dispatch_probe,50,1333.47,success,,200,success
p3-ex-official-vu50,2068607d-872d-454b-80e8-9bd405f3eebc,2026-08-31T18:20:39.440Z,separate_executor,quote_run_dispatch_probe,50,1164.67,success,,200,success
p3-ex-official-vu50,e5ab1b25-3656-42ef-8ee5-473de9778310,2026-08-31T18:20:39.556Z,separate_executor,quote_run_dispatch_probe,50,1299.05,success,,200,success
p3-ex-official-vu50,62e6e84c-f887-4c27-9293-1bfec30d4499,2026-08-31T18:20:39.557Z,separate_executor,quote_run_dispatch_probe,50,1362.93,success,,200,success
p3-ex-official-vu50,3a9e185a-db68-4a54-8981-46ecbb1b6bca,2026-08-31T18:20:39.569Z,separate_executor,quote_run_dispatch_probe,50,1089.37,success,,200,success
p3-ex-official-vu50,abdd9a8d-0272-4021-9898-2596981e0767,2026-08-31T18:20:39.590Z,separate_executor,quote_run_dispatch_probe,50,1327.94,success,,200,success
p3-ex-official-vu50,543ebf02-495b-4851-bbf8-f96d424a8116,2026-08-31T18:20:39.604Z,separate_executor,quote_run_dispatch_probe,50,1358.59,success,,200,success
p3-ex-official-vu50,3ff48c03-61c7-477d-9d42-22ba2ca5ddfc,2026-08-31T18:20:39.610Z,separate_executor,quote_run_dispatch_probe,50,1378.81,success,,200,success
p3-ex-official-vu50,5e191251-b461-4611-8d8d-584bcdfd2b66,2026-08-31T18:20:39.613Z,separate_executor,quote_run_dispatch_probe,50,1366.02,success,,200,success
p3-ex-official-vu50,7dd2a598-6369-4f06-90e4-d950f20822d4,2026-08-31T18:20:39.615Z,separate_executor,quote_run_dispatch_probe,50,1335.75,success,,200,success
p3-ex-official-vu50,051c1cb8-9a46-4c6a-9f39-80dd5d88d6da,2026-08-31T18:20:39.626Z,separate_executor,quote_run_dispatch_probe,50,1395.33,success,,200,success
p3-ex-official-vu50,8d333cd5-27e9-44ef-b218-3242ff800c70,2026-08-31T18:20:39.661Z,separate_executor,quote_run_dispatch_probe,50,1366.97,success,,200,success
p3-ex-official-vu50,9e443921-c2e8-4574-9678-f70496982eb9,2026-08-31T18:20:39.672Z,separate_executor,quote_run_dispatch_probe,50,1240.01,success,,200,success
p3-ex-official-vu50,38cc982f-eb6d-4f64-8d88-0d79a21f58cc,2026-08-31T18:20:39.731Z,separate_executor,quote_run_dispatch_probe,50,1189.33,success,,200,success
p3-ex-official-vu50,4d884783-b0cd-45e2-bbbb-7334e3d809ad,2026-08-31T18:20:39.751Z,separate_executor,quote_run_dispatch_probe,50,1214.8,success,,200,success
p3-ex-official-vu50,118f48f7-4c97-483e-ad9c-3528c06a816c,2026-08-31T18:20:39.755Z,separate_executor,quote_run_dispatch_probe,50,1219.12,success,,200,success
p3-ex-official-vu50,fa2795a6-d87c-451b-9605-79260749d7b0,2026-08-31T18:20:39.780Z,separate_executor,quote_run_dispatch_probe,50,1547.65,success,,200,success
p3-ex-official-vu50,7cd4f4a8-27ab-49cd-bb19-3c87076d62c3,2026-08-31T18:20:39.799Z,separate_executor,quote_run_dispatch_probe,50,1484.96,success,,200,success
p3-ex-official-vu50,a4223b1a-3f04-44d2-8c59-dc59565ce489,2026-08-31T18:20:39.836Z,separate_executor,quote_run_dispatch_probe,50,1522.53,success,,200,success
p3-ex-official-vu50,0a664095-12b2-4d91-80b9-accff12d561c,2026-08-31T18:20:39.874Z,separate_executor,quote_run_dispatch_probe,50,1299.08,success,,200,success
p3-ex-official-vu50,c4f42f6b-3dab-45ea-beb5-e1e7eae6b3d5,2026-08-31T18:20:39.918Z,separate_executor,quote_run_dispatch_probe,50,1403,success,,200,success
p3-ex-official-vu50,2e5625ed-f1a9-4e2c-a54f-cb2a97803cd7,2026-08-31T18:20:39.976Z,separate_executor,quote_run_dispatch_probe,50,1298.48,success,,200,success
p3-ex-official-vu50,efda8b11-295a-4b76-bd98-a41380169014,2026-08-31T18:20:40.038Z,separate_executor,quote_run_dispatch_probe,50,1294.22,success,,200,success
p3-ex-official-vu50,66d49863-82a7-4db6-ba66-dd124dabf44f,2026-08-31T18:20:40.045Z,separate_executor,quote_run_dispatch_probe,50,1445.88,success,,200,success
p3-ex-official-vu50,bfa73fd3-55ec-4510-bc0c-1913c78f42bd,2026-08-31T18:20:40.061Z,separate_executor,quote_run_dispatch_probe,50,1061.42,success,,200,success
p3-ex-official-vu50,60b23582-4c62-4be2-9887-a3fe266bb692,2026-08-31T18:20:40.111Z,separate_executor,quote_run_dispatch_probe,50,1271.8,success,,200,success
p3-ex-official-vu50,7b803321-d263-478a-9376-51eb626816c1,2026-08-31T18:20:40.129Z,separate_executor,quote_run_dispatch_probe,50,1526.89,success,,200,success
p3-ex-official-vu50,4cea5d5b-3fd8-47ec-9874-6d2e6368dd17,2026-08-31T18:20:40.209Z,separate_executor,quote_run_dispatch_probe,50,1449.23,success,,200,success
p3-ex-official-vu50,62e470dd-646f-4a3a-a90a-bf2ac898f6b9,2026-08-31T18:20:40.210Z,separate_executor,quote_run_dispatch_probe,50,1615.24,success,,200,success
p3-ex-official-vu50,3ee5fc33-d80e-4da1-97ed-8bfadd63bad7,2026-08-31T18:20:40.211Z,separate_executor,quote_run_dispatch_probe,50,1477.99,success,,200,success
p3-ex-official-vu50,19be5d54-3ee3-493d-80a6-16533570df25,2026-08-31T18:20:40.220Z,separate_executor,quote_run_dispatch_probe,50,1151.74,success,,200,success
p3-ex-official-vu50,2b63c061-5747-425c-816e-3d11f3e05153,2026-08-31T18:20:40.299Z,separate_executor,quote_run_dispatch_probe,50,1522.66,success,,200,success
p3-ex-official-vu50,9d1f24eb-3c8d-498a-8784-89c4a7bf6cc3,2026-08-31T18:20:40.301Z,separate_executor,quote_run_dispatch_probe,50,1448.39,success,,200,success
p3-ex-official-vu50,6e48fd44-6436-43ac-95d9-71673a4347ad,2026-08-31T18:20:40.306Z,separate_executor,quote_run_dispatch_probe,50,1382.28,success,,200,success
p3-ex-official-vu50,9030b24c-7e6d-4113-b742-5c4d54e511a1,2026-08-31T18:20:40.306Z,separate_executor,quote_run_dispatch_probe,50,1583.56,success,,200,success
p3-ex-official-vu50,eed97353-d202-4a24-87c5-789ccd6f04cc,2026-08-31T18:20:40.316Z,separate_executor,quote_run_dispatch_probe,50,1453.94,success,,200,success
p3-ex-official-vu50,ac93d5a5-5eab-4008-b193-30d099d977d4,2026-08-31T18:20:40.330Z,separate_executor,quote_run_dispatch_probe,50,1461.44,success,,200,success
p3-ex-official-vu50,5a086bac-6af1-4486-8da0-2580d24275c4,2026-08-31T18:20:40.385Z,separate_executor,quote_run_dispatch_probe,50,985.79,success,,200,success
p3-ex-official-vu50,85e45aa9-de1b-4547-8ffe-65846752a310,2026-08-31T18:20:40.389Z,separate_executor,quote_run_dispatch_probe,50,1092.16,success,,200,success
p3-ex-official-vu50,c256130d-80e2-4309-8f57-25c8b5fe3fc7,2026-08-31T18:20:40.410Z,separate_executor,quote_run_dispatch_probe,50,1189.14,success,,200,success
p3-ex-official-vu50,f506c3f9-b9a4-482e-bfdd-47f7b6d83a66,2026-08-31T18:20:40.427Z,separate_executor,quote_run_dispatch_probe,50,1602.77,success,,200,success
p3-ex-official-vu50,39f7c3bb-ca4d-4216-8eb5-85419e5b2308,2026-08-31T18:20:40.428Z,separate_executor,quote_run_dispatch_probe,50,1367.99,success,,200,success
p3-ex-official-vu50,6058de3f-09b2-47a7-9ea0-4b563e1dfb3c,2026-08-31T18:20:40.463Z,separate_executor,quote_run_dispatch_probe,50,1519.64,success,,200,success
p3-ex-official-vu50,87e05565-aa82-4ff3-8a45-947783695d63,2026-08-31T18:20:40.481Z,separate_executor,quote_run_dispatch_probe,50,1631.28,success,,200,success
p3-ex-official-vu50,fe9ece87-8573-4843-a4ad-704982ae07f5,2026-08-31T18:20:40.512Z,separate_executor,quote_run_dispatch_probe,50,1121.64,success,,200,success
p3-ex-official-vu50,1406c1f3-1f44-43d9-a923-87bb47f0e210,2026-08-31T18:20:40.527Z,separate_executor,quote_run_dispatch_probe,50,1399.99,success,,200,success
p3-ex-official-vu50,c64bca1d-9219-41e7-87b7-aa5c5d8a716e,2026-08-31T18:20:40.548Z,separate_executor,quote_run_dispatch_probe,50,1485.71,success,,200,success
p3-ex-official-vu50,4e81b9aa-1dd4-4188-baa2-b6c5cc6b4d3e,2026-08-31T18:20:40.619Z,separate_executor,quote_run_dispatch_probe,50,1212.41,success,,200,success
p3-ex-official-vu50,b143ef79-3cc9-405e-bd32-a466161a4a7b,2026-08-31T18:20:40.725Z,separate_executor,quote_run_dispatch_probe,50,1156.55,success,,200,success
p3-ex-official-vu50,a9e4f2e4-bd66-4ffc-adba-1eb9cab23292,2026-08-31T18:20:40.764Z,separate_executor,quote_run_dispatch_probe,50,1423.36,success,,200,success
p3-ex-official-vu50,6ed9adfd-81c3-492f-8cec-562472d7bf89,2026-08-31T18:20:40.772Z,separate_executor,quote_run_dispatch_probe,50,1332.16,success,,200,success
p3-ex-official-vu50,d1a5124d-73ab-48ca-9bf8-8f1c896885d1,2026-08-31T18:20:40.773Z,separate_executor,quote_run_dispatch_probe,50,1216.79,success,,200,success
p3-ex-official-vu50,77a5b015-bc3d-42c2-ad89-b61ea50cb3e5,2026-08-31T18:20:40.854Z,separate_executor,quote_run_dispatch_probe,50,1122.55,success,,200,success
p3-ex-official-vu50,62c0eead-bdca-42c1-acb6-5723806fb1d0,2026-08-31T18:20:40.902Z,separate_executor,quote_run_dispatch_probe,50,1344.83,success,,200,success
p3-ex-official-vu50,c5482f9b-ce5d-4d65-be19-5ec890888c3c,2026-08-31T18:20:40.929Z,separate_executor,quote_run_dispatch_probe,50,1500.69,success,,200,success
p3-ex-official-vu50,47cd0808-d52b-43a8-a1fb-533f0f33a7cd,2026-08-31T18:20:40.982Z,separate_executor,quote_run_dispatch_probe,50,1227.36,success,,200,success
p3-ex-official-vu50,f55ea023-dbe6-4e77-b3c2-20d0c56b978e,2026-08-31T18:20:40.989Z,separate_executor,quote_run_dispatch_probe,50,1373.87,success,,200,success
p3-ex-official-vu50,0171e751-97fa-4976-bd2b-e3edb69c68bc,2026-08-31T18:20:40.993Z,separate_executor,quote_run_dispatch_probe,50,1379.49,success,,200,success
p3-ex-official-vu50,a786c0f7-8007-4760-ab49-f9339100b376,2026-08-31T18:20:40.994Z,separate_executor,quote_run_dispatch_probe,50,1404.04,success,,200,success
p3-ex-official-vu50,d01e130a-c7cf-4047-b664-5cf822f0878e,2026-08-31T18:20:40.997Z,separate_executor,quote_run_dispatch_probe,50,1245.53,success,,200,success
p3-ex-official-vu50,5c9b7cf6-2930-406a-8fe8-ee44371da108,2026-08-31T18:20:41.023Z,separate_executor,quote_run_dispatch_probe,50,1412.8,success,,200,success
p3-ex-official-vu50,7ccc3427-99d2-4667-933d-79598ce96bca,2026-08-31T18:20:41.029Z,separate_executor,quote_run_dispatch_probe,50,1356.26,success,,200,success
p3-ex-official-vu50,04fd665c-3bfc-4fa2-b056-8f888e852cca,2026-08-31T18:20:41.059Z,separate_executor,quote_run_dispatch_probe,50,1849.29,success,,200,success
p3-ex-official-vu50,cfb54651-216d-4a00-b3fc-0cb2f0bce183,2026-08-31T18:20:41.121Z,separate_executor,quote_run_dispatch_probe,50,1145.16,success,,200,success
p3-ex-official-vu50,9f874aec-858d-4adb-a607-60c4f6152c87,2026-08-31T18:20:41.133Z,separate_executor,quote_run_dispatch_probe,50,1471.76,success,,200,success
p3-ex-official-vu50,e917e1e7-ff59-4581-8b19-4f8da3b9b9bd,2026-08-31T18:20:41.146Z,separate_executor,quote_run_dispatch_probe,50,1310.57,success,,200,success
p3-ex-official-vu50,0a97f0ec-f759-4a7e-8a1e-583764fb73ce,2026-08-31T18:20:41.206Z,separate_executor,quote_run_dispatch_probe,50,1579.29,success,,200,success
p3-ex-official-vu50,7ae0c909-85e5-44f5-9917-19200f795062,2026-08-31T18:20:41.215Z,separate_executor,quote_run_dispatch_probe,50,1170.76,success,,200,success
p3-ex-official-vu50,73a374c3-9520-42c9-80fc-49cf05473203,2026-08-31T18:20:41.222Z,separate_executor,quote_run_dispatch_probe,50,1348.44,success,,200,success
p3-ex-official-vu50,32190412-d39c-4126-a2e0-31b1c6a230f7,2026-08-31T18:20:41.224Z,separate_executor,quote_run_dispatch_probe,50,1620.21,success,,200,success
p3-ex-official-vu50,b1b58b1a-3f58-4776-973e-d0732dd44ad4,2026-08-31T18:20:41.246Z,separate_executor,quote_run_dispatch_probe,50,1327.49,success,,200,success
p3-ex-official-vu50,94fc32a5-6e29-4343-a31a-db6469592eea,2026-08-31T18:20:41.292Z,separate_executor,quote_run_dispatch_probe,50,1230.86,success,,200,success
p3-ex-official-vu50,b38497cd-8592-41af-b339-cff2b389a55e,2026-08-31T18:20:41.353Z,separate_executor,quote_run_dispatch_probe,50,1315.58,success,,200,success
p3-ex-official-vu50,c9b9804e-afc0-4c2d-8dca-4707aa4aa152,2026-08-31T18:20:41.382Z,separate_executor,quote_run_dispatch_probe,50,1602.05,success,,200,success
p3-ex-official-vu50,a6f6da8c-42b3-4d5e-a299-761844cd980c,2026-08-31T18:20:41.386Z,separate_executor,quote_run_dispatch_probe,50,1586.96,success,,200,success
p3-ex-official-vu50,a0d39070-ac81-47ce-afb0-45479ed9de1e,2026-08-31T18:20:41.393Z,separate_executor,quote_run_dispatch_probe,50,1173.91,success,,200,success
p3-ex-official-vu50,bc0c3205-b00c-460b-a05f-4efb3565171a,2026-08-31T18:20:41.510Z,separate_executor,quote_run_dispatch_probe,50,1399.35,success,,200,success
p3-ex-official-vu50,dc133974-6e6b-4e91-8c99-05ba550b4942,2026-08-31T18:20:41.580Z,separate_executor,quote_run_dispatch_probe,50,1191.19,success,,200,success
p3-ex-official-vu50,b1563b86-76ab-4ed0-bb93-b93723748699,2026-08-31T18:20:41.611Z,separate_executor,quote_run_dispatch_probe,50,1399.27,success,,200,success
p3-ex-official-vu50,111f0c91-d70c-426b-a416-0d3c747ce959,2026-08-31T18:20:41.670Z,separate_executor,quote_run_dispatch_probe,50,1363.93,success,,200,success
p3-ex-official-vu50,a5892eb2-1da2-4836-a90e-df4f46ee621d,2026-08-31T18:20:41.692Z,separate_executor,quote_run_dispatch_probe,50,1482.33,success,,200,success
p3-ex-official-vu50,c0852f29-baa7-40e2-9482-bf2cb511bf6d,2026-08-31T18:20:41.694Z,separate_executor,quote_run_dispatch_probe,50,1181.93,success,,200,success
p3-ex-official-vu50,755117b3-061d-4626-ac07-8e41209e11dc,2026-08-31T18:20:41.695Z,separate_executor,quote_run_dispatch_probe,50,1394.18,success,,200,success
p3-ex-official-vu50,baace585-0507-4337-9e1a-f661362c1eb2,2026-08-31T18:20:41.696Z,separate_executor,quote_run_dispatch_probe,50,1566.49,success,,200,success
p3-ex-official-vu50,69ccc2f1-d15c-45d0-9337-6893ae1edb0e,2026-08-31T18:20:41.699Z,separate_executor,quote_run_dispatch_probe,50,1382.73,success,,200,success
p3-ex-official-vu50,8a3c0f0d-0d35-4b65-8cf3-a02e0f00cd40,2026-08-31T18:20:41.699Z,separate_executor,quote_run_dispatch_probe,50,1289.54,success,,200,success
p3-ex-official-vu50,a43e5434-614d-4ea1-899a-2f97e6954b4c,2026-08-31T18:20:41.702Z,separate_executor,quote_run_dispatch_probe,50,1316.63,success,,200,success
p3-ex-official-vu50,b83f2112-ef3f-4b3b-b72a-21fce3b45d88,2026-08-31T18:20:41.706Z,separate_executor,quote_run_dispatch_probe,50,1496.82,success,,200,success
p3-ex-official-vu50,45a139c3-181e-4571-ac28-097f9baf0cac,2026-08-31T18:20:41.722Z,separate_executor,quote_run_dispatch_probe,50,1423.51,success,,200,success
p3-ex-official-vu50,3c648a0c-eb5d-40e0-91fb-9942d4d1484c,2026-08-31T18:20:41.732Z,separate_executor,quote_run_dispatch_probe,50,1251.82,success,,200,success
p3-ex-official-vu50,61c24b23-dffa-4770-8df2-fb09c9c363ff,2026-08-31T18:20:41.750Z,separate_executor,quote_run_dispatch_probe,50,1321.9,success,,200,success
p3-ex-official-vu50,d5d1c5e6-16a3-4dbf-8dfa-a931110487a5,2026-08-31T18:20:41.811Z,separate_executor,quote_run_dispatch_probe,50,1481.73,success,,200,success
p3-ex-official-vu50,e86d156c-576f-4e62-8135-2525b35621b8,2026-08-31T18:20:41.891Z,separate_executor,quote_run_dispatch_probe,50,1272.39,success,,200,success
p3-ex-official-vu50,f5c8cf4b-712e-4211-a983-48203d345bac,2026-08-31T18:20:41.899Z,separate_executor,quote_run_dispatch_probe,50,1435.7,success,,200,success
p3-ex-official-vu50,55a95d2f-26f0-4778-8ab0-994e9df1d99d,2026-08-31T18:20:41.909Z,separate_executor,quote_run_dispatch_probe,50,1145.09,success,,200,success
p3-ex-official-vu50,96af7597-2d1e-44fc-b3f7-6da2adc3dc11,2026-08-31T18:20:41.927Z,separate_executor,quote_run_dispatch_probe,50,1499.36,success,,200,success
p3-ex-official-vu50,e2a565bd-f8ac-421f-abeb-3079df700935,2026-08-31T18:20:41.953Z,separate_executor,quote_run_dispatch_probe,50,1227.64,success,,200,success
p3-ex-official-vu50,65ab3475-8626-49bb-9a18-79822252d05a,2026-08-31T18:20:42.069Z,separate_executor,quote_run_dispatch_probe,50,1521.46,success,,200,success
p3-ex-official-vu50,54bc3670-c47a-4431-bade-566d09cbfcd2,2026-08-31T18:20:42.076Z,separate_executor,quote_run_dispatch_probe,50,1769.28,success,,200,success
p3-ex-official-vu50,4f5fb42c-e7ac-4d6c-9065-4aebe21f9c44,2026-08-31T18:20:42.094Z,separate_executor,quote_run_dispatch_probe,50,1321.79,success,,200,success
p3-ex-official-vu50,61823f71-65b0-4c17-8d72-30707d51cfdc,2026-08-31T18:20:42.102Z,separate_executor,quote_run_dispatch_probe,50,1575.37,success,,200,success
p3-ex-official-vu50,f3d70db4-222e-4b15-aa31-2c86c655a20e,2026-08-31T18:20:42.120Z,separate_executor,quote_run_dispatch_probe,50,1265.52,success,,200,success
p3-ex-official-vu50,f58a972d-0020-486e-a373-356a53022a6f,2026-08-31T18:20:42.170Z,separate_executor,quote_run_dispatch_probe,50,1268.35,success,,200,success
p3-ex-official-vu50,e68b124b-0e3e-425d-8f00-2146f831dd6c,2026-08-31T18:20:42.227Z,separate_executor,quote_run_dispatch_probe,50,1454.18,success,,200,success
p3-ex-official-vu50,339f0777-5266-4de7-ac6f-c5c244bfeb39,2026-08-31T18:20:42.232Z,separate_executor,quote_run_dispatch_probe,50,1111.51,success,,200,success
p3-ex-official-vu50,2c944b69-407a-4beb-ad8c-95962673b3ca,2026-08-31T18:20:42.236Z,separate_executor,quote_run_dispatch_probe,50,1253.63,success,,200,success
p3-ex-official-vu50,77e64b0a-5204-47bb-8188-2a0c17e037b8,2026-08-31T18:20:42.282Z,separate_executor,quote_run_dispatch_probe,50,1288.34,success,,200,success
p3-ex-official-vu50,67946e3c-48d5-4cef-b00a-0132653683ae,2026-08-31T18:20:42.346Z,separate_executor,quote_run_dispatch_probe,50,1317.46,success,,200,success
p3-ex-official-vu50,aec1aa4c-96f5-4fc4-8bea-efdceb10ace2,2026-08-31T18:20:42.448Z,separate_executor,quote_run_dispatch_probe,50,1518.87,success,,200,success
p3-ex-official-vu50,e2b4f788-27da-462a-ad83-44dd153e5fc1,2026-08-31T18:20:42.484Z,separate_executor,quote_run_dispatch_probe,50,1486.61,success,,200,success
p3-ex-official-vu50,cd0bcd3d-a49b-4e7f-b1de-9ef2e5243ded,2026-08-31T18:20:42.488Z,separate_executor,quote_run_dispatch_probe,50,1355.2,success,,200,success
p3-ex-official-vu50,830ea975-9d6c-4d5a-81f0-32bda3b70332,2026-08-31T18:20:42.488Z,separate_executor,quote_run_dispatch_probe,50,1495.79,success,,200,success
p3-ex-official-vu50,f519617b-d1d9-441e-afc4-59005c526a05,2026-08-31T18:20:42.495Z,separate_executor,quote_run_dispatch_probe,50,1505.8,success,,200,success
p3-ex-official-vu50,6cf8ec80-4686-4ff5-9d81-1b6b858f52c3,2026-08-31T18:20:42.498Z,separate_executor,quote_run_dispatch_probe,50,1206.64,success,,200,success
p3-ex-official-vu50,051ecfe2-0cdc-43c2-9a54-0d33687a55ec,2026-08-31T18:20:42.530Z,separate_executor,quote_run_dispatch_probe,50,1506.72,success,,200,success
p3-ex-official-vu50,e4737fc7-1c2d-4f66-aec9-06f36fe00fc9,2026-08-31T18:20:42.611Z,separate_executor,quote_run_dispatch_probe,50,1465.2,success,,200,success
p3-ex-official-vu50,fa1d4bdb-7cf9-4b91-9abe-433522d0e05c,2026-08-31T18:20:42.622Z,separate_executor,quote_run_dispatch_probe,50,1563.37,success,,200,success
p3-ex-official-vu50,17b08ede-de1e-4db0-8a6b-0f948f2feb25,2026-08-31T18:20:42.659Z,separate_executor,quote_run_dispatch_probe,50,1265.21,success,,200,success
p3-ex-official-vu50,ad0899ac-453e-44dd-a3f7-8a23b9def706,2026-08-31T18:20:42.770Z,separate_executor,quote_run_dispatch_probe,50,1547.66,success,,200,success
p3-ex-official-vu50,bd69477b-ccc7-4777-a143-10e4ce03d476,2026-08-31T18:20:42.772Z,separate_executor,quote_run_dispatch_probe,50,1556.25,success,,200,success
p3-ex-official-vu50,355d2cd3-6257-4a77-a461-22cbd2539bb5,2026-08-31T18:20:42.777Z,separate_executor,quote_run_dispatch_probe,50,1571.77,success,,200,success
p3-ex-official-vu50,9afd24ce-0556-48af-af61-e37ddc94f602,2026-08-31T18:20:42.825Z,separate_executor,quote_run_dispatch_probe,50,1315,success,,200,success
p3-ex-official-vu50,15df20c1-c771-4703-802a-02970fb751de,2026-08-31T18:20:42.840Z,separate_executor,quote_run_dispatch_probe,50,1487.28,success,,200,success
p3-ex-official-vu50,54d7bdbc-9a4b-41ed-a1b8-9df93302196e,2026-08-31T18:20:42.845Z,separate_executor,quote_run_dispatch_probe,50,1146.52,success,,200,success
p3-ex-official-vu50,905f5438-ac0c-4002-9d15-1416bcb5e5f5,2026-08-31T18:20:42.877Z,separate_executor,quote_run_dispatch_probe,50,1631.28,success,,200,success
p3-ex-official-vu50,d9262079-413c-498a-8f9d-7b1b747b209c,2026-08-31T18:20:42.943Z,separate_executor,quote_run_dispatch_probe,50,1362.84,success,,200,success
p3-ex-official-vu50,4a68eb8a-02f8-49a1-92bd-44919323d14f,2026-08-31T18:20:42.955Z,separate_executor,quote_run_dispatch_probe,50,1730.88,success,,200,success
p3-ex-official-vu50,243af41f-4b8f-4fac-8093-8519d1bf79a0,2026-08-31T18:20:42.987Z,separate_executor,quote_run_dispatch_probe,50,1601.48,success,,200,success
p3-ex-official-vu50,c5d3f50e-37e4-450b-916d-e91cc5f3202e,2026-08-31T18:20:43.074Z,separate_executor,quote_run_dispatch_probe,50,1691.3,success,,200,success
p3-ex-official-vu50,f152096e-e469-4a91-ba1e-1ce50c9872a3,2026-08-31T18:20:43.108Z,separate_executor,quote_run_dispatch_probe,50,1216.23,success,,200,success
p3-ex-official-vu50,43ad2da6-0f23-42ee-8ca4-3dea76965048,2026-08-31T18:20:43.118Z,separate_executor,quote_run_dispatch_probe,50,1418.24,success,,200,success
p3-ex-official-vu50,fccc5aa3-4331-4381-b13d-ec6276b7a295,2026-08-31T18:20:43.124Z,separate_executor,quote_run_dispatch_probe,50,1513.19,success,,200,success
p3-ex-official-vu50,c8500a3e-3606-4792-bf28-f9e8f77a5b93,2026-08-31T18:20:43.129Z,separate_executor,quote_run_dispatch_probe,50,1437.12,success,,200,success
p3-ex-official-vu50,3f8a5b07-e8b9-43c0-8493-a25bb5578ce4,2026-08-31T18:20:43.167Z,separate_executor,quote_run_dispatch_probe,50,1444.11,success,,200,success
p3-ex-official-vu50,4e725400-66bf-4d98-bc3e-56e48c3b7cbe,2026-08-31T18:20:43.176Z,separate_executor,quote_run_dispatch_probe,50,1443.74,success,,200,success
p3-ex-official-vu50,f437c9be-dd95-4000-aa15-772e8a34325e,2026-08-31T18:20:43.245Z,separate_executor,quote_run_dispatch_probe,50,1538.8,success,,200,success
p3-ex-official-vu50,060e3958-b6c9-4a27-8d07-99aee0c6c7f4,2026-08-31T18:20:43.251Z,separate_executor,quote_run_dispatch_probe,50,1298.37,success,,200,success
p3-ex-official-vu50,66bbd5b7-63ab-4493-9d9e-5adaaf119982,2026-08-31T18:20:43.270Z,separate_executor,quote_run_dispatch_probe,50,1576.07,success,,200,success
p3-ex-official-vu50,9a335f52-8ab3-4773-980f-14267fc75813,2026-08-31T18:20:43.326Z,separate_executor,quote_run_dispatch_probe,50,1656.87,success,,200,success
p3-ex-official-vu50,89c6bba8-0665-4bdc-aa32-3b7d055ae3c4,2026-08-31T18:20:43.327Z,separate_executor,quote_run_dispatch_probe,50,1515.83,success,,200,success
p3-ex-official-vu50,564e181a-5eca-4cfe-830a-66dc96cca222,2026-08-31T18:20:43.328Z,separate_executor,quote_run_dispatch_probe,50,1577.33,success,,200,success
p3-ex-official-vu50,76fea935-ca64-4bbf-901a-cee625233e17,2026-08-31T18:20:43.375Z,separate_executor,quote_run_dispatch_probe,50,1679.55,success,,200,success
p3-ex-official-vu50,48d3275d-fc6a-46fb-aca0-3ae2f0711a3e,2026-08-31T18:20:43.380Z,separate_executor,quote_run_dispatch_probe,50,1470.45,success,,200,success
p3-ex-official-vu50,b23523b1-ded8-4bf5-bbfb-8027896db6d8,2026-08-31T18:20:43.403Z,separate_executor,quote_run_dispatch_probe,50,1700.92,success,,200,success
p3-ex-official-vu50,f3ac8a7d-89fd-4e3f-a07c-982145ebe7d5,2026-08-31T18:20:43.435Z,separate_executor,quote_run_dispatch_probe,50,1740.15,success,,200,success
p3-ex-official-vu50,0f85aa08-8ab2-413c-a7a4-757889fc6dd8,2026-08-31T18:20:43.540Z,separate_executor,quote_run_dispatch_probe,50,1303.71,success,,200,success
p3-ex-official-vu50,f2511ecf-4c3c-46f4-9e07-2416e0761cb7,2026-08-31T18:20:43.575Z,separate_executor,quote_run_dispatch_probe,50,1676.48,success,,200,success
p3-ex-official-vu50,0f8d3c6d-8795-41bc-ae34-17a3c33ef6d9,2026-08-31T18:20:43.588Z,separate_executor,quote_run_dispatch_probe,50,1418.4,success,,200,success
p3-ex-official-vu50,54adadab-276a-4e72-ae7f-041a9f773fa9,2026-08-31T18:20:43.654Z,separate_executor,quote_run_dispatch_probe,50,1534.63,success,,200,success
p3-ex-official-vu50,8c7e0146-3fdc-4883-8161-370ef2dfc1a1,2026-08-31T18:20:43.693Z,separate_executor,quote_run_dispatch_probe,50,1460.77,success,,200,success
p3-ex-official-vu50,d6535ccd-0604-4e76-961c-2adb75032de4,2026-08-31T18:20:43.778Z,separate_executor,quote_run_dispatch_probe,50,1709.28,success,,200,success
p3-ex-official-vu50,5ce51ea4-5f4d-4478-ad41-89c5cfe9de0d,2026-08-31T18:20:43.880Z,separate_executor,quote_run_dispatch_probe,50,1803.95,success,,200,success
p3-ex-official-vu50,0ccee11e-0e6a-4701-83b6-f8a0016d1610,2026-08-31T18:20:43.886Z,separate_executor,quote_run_dispatch_probe,50,1387.94,success,,200,success
p3-ex-official-vu50,b25998bd-de26-4d3d-92e8-6bde27b69ee5,2026-08-31T18:20:43.889Z,separate_executor,quote_run_dispatch_probe,50,1962.47,success,,200,success
p3-ex-official-vu50,9160fbca-6556-4f9b-b33d-5fba34112aaf,2026-08-31T18:20:43.920Z,separate_executor,quote_run_dispatch_probe,50,1825.81,success,,200,success
p3-ex-official-vu50,785c13b8-b9e3-498b-988b-55b79888b09b,2026-08-31T18:20:43.921Z,separate_executor,quote_run_dispatch_probe,50,1694.32,success,,200,success
p3-ex-official-vu50,3c9c8b43-2e9d-42c1-8821-df47c09e1fa0,2026-08-31T18:20:43.934Z,separate_executor,quote_run_dispatch_probe,50,1652.34,success,,200,success
p3-ex-official-vu50,0cf02e98-55df-4849-9a87-3fb0baa96dcb,2026-08-31T18:20:43.939Z,separate_executor,quote_run_dispatch_probe,50,1592.71,success,,200,success
p3-ex-official-vu50,1846b552-6cba-4355-b6a2-c18f8eaa1543,2026-08-31T18:20:43.986Z,separate_executor,quote_run_dispatch_probe,50,1455.74,success,,200,success
p3-ex-official-vu50,dc51ea28-959e-4dc1-816b-6d3389c7b9bd,2026-08-31T18:20:44.003Z,separate_executor,quote_run_dispatch_probe,50,1900.62,success,,200,success
p3-ex-official-vu50,0df3ff21-5dd5-4907-a73a-ed1be577e8d0,2026-08-31T18:20:44.013Z,separate_executor,quote_run_dispatch_probe,50,1518.63,success,,200,success
p3-ex-official-vu50,a6d86f55-5fdb-4300-a8d8-7e1332c827f9,2026-08-31T18:20:44.078Z,separate_executor,quote_run_dispatch_probe,50,1419.21,success,,200,success
p3-ex-official-vu50,183d2084-7d79-4ea9-b57b-102bef01a0f7,2026-08-31T18:20:44.103Z,separate_executor,quote_run_dispatch_probe,50,1614.73,success,,200,success
p3-ex-official-vu50,9ae79be0-09fe-4f73-b5c8-d9a38ed1c117,2026-08-31T18:20:44.197Z,separate_executor,quote_run_dispatch_probe,50,1351.73,success,,200,success
p3-ex-official-vu50,be005dd1-82f3-4e73-843c-3376bca1dd48,2026-08-31T18:20:44.199Z,separate_executor,quote_run_dispatch_probe,50,1711.12,success,,200,success
p3-ex-official-vu50,48ec40dc-41d1-4c2b-af0e-d0aa66bad15f,2026-08-31T18:20:44.210Z,separate_executor,quote_run_dispatch_probe,50,1598.92,success,,200,success
p3-ex-official-vu50,97faa5a7-1659-4717-8303-5744e90316f1,2026-08-31T18:20:44.279Z,separate_executor,quote_run_dispatch_probe,50,1830.89,success,,200,success
p3-ex-official-vu50,45a6de6d-a8e8-4cc9-bba0-a0dad8ea8099,2026-08-31T18:20:44.280Z,separate_executor,quote_run_dispatch_probe,50,1796.2,success,,200,success
p3-ex-official-vu50,309e03bf-cbe2-450d-9716-73c4ba6fb93e,2026-08-31T18:20:44.335Z,separate_executor,quote_run_dispatch_probe,50,1391.9,success,,200,success
p3-ex-official-vu50,80e3ed0c-3dfa-4f6b-a69e-5d0402d67d99,2026-08-31T18:20:44.370Z,separate_executor,quote_run_dispatch_probe,50,1600.26,success,,200,success
p3-ex-official-vu50,82333385-bd60-437a-b60b-a5808858eac8,2026-08-31T18:20:44.392Z,separate_executor,quote_run_dispatch_probe,50,1620.39,success,,200,success
p3-ex-official-vu50,22f6dff3-03f4-4d3a-9a96-7e3d7c64e0e7,2026-08-31T18:20:44.443Z,separate_executor,quote_run_dispatch_probe,50,1602.52,success,,200,success
p3-ex-official-vu50,fa0328fa-7bff-4345-8091-15333c1e5a4b,2026-08-31T18:20:44.457Z,separate_executor,quote_run_dispatch_probe,50,1580.2,success,,200,success
p3-ex-official-vu50,92b31283-e09d-4cb0-9712-ecdfafd907e0,2026-08-31T18:20:44.470Z,separate_executor,quote_run_dispatch_probe,50,1645.11,success,,200,success
p3-ex-official-vu50,2769af53-8f29-4d19-9d65-8aacba41258d,2026-08-31T18:20:44.510Z,separate_executor,quote_run_dispatch_probe,50,1258.98,success,,200,success
p3-ex-official-vu50,2fcd5755-0d0a-4494-a152-443c933d1968,2026-08-31T18:20:44.535Z,separate_executor,quote_run_dispatch_probe,50,1912.6,success,,200,success
p3-ex-official-vu50,e0fa5989-679e-4c20-bf83-b10766d0c04c,2026-08-31T18:20:44.625Z,separate_executor,quote_run_dispatch_probe,50,1517.08,success,,200,success
p3-ex-official-vu50,6345d581-131d-4402-8c89-705c6c51c9f5,2026-08-31T18:20:44.645Z,separate_executor,quote_run_dispatch_probe,50,1867.37,success,,200,success
p3-ex-official-vu50,4a702141-b6be-43de-ad15-c2dd97fc3a5d,2026-08-31T18:20:44.658Z,separate_executor,quote_run_dispatch_probe,50,1278.5,success,,200,success
p3-ex-official-vu50,4b5989f4-2a59-4983-9422-ef1551206f31,2026-08-31T18:20:44.666Z,separate_executor,quote_run_dispatch_probe,50,1420.75,success,,200,success
p3-ex-official-vu50,65ce78d5-c429-48fb-87ca-944fcf0f262b,2026-08-31T18:20:44.705Z,separate_executor,quote_run_dispatch_probe,50,1434.76,success,,200,success
p3-ex-official-vu50,1687c53d-d99c-45b4-87de-630fda7f6b2e,2026-08-31T18:20:44.715Z,separate_executor,quote_run_dispatch_probe,50,1590.58,success,,200,success
p3-ex-official-vu50,151e8a98-58a9-4a69-afa6-c51066592584,2026-08-31T18:20:44.718Z,separate_executor,quote_run_dispatch_probe,50,1600.46,success,,200,success
p3-ex-official-vu50,98e32f21-0620-4384-b1fa-95f03c830828,2026-08-31T18:20:44.792Z,separate_executor,quote_run_dispatch_probe,50,1662.33,success,,200,success
p3-ex-official-vu50,c415ca25-f9f6-442b-af69-25b97faa53e4,2026-08-31T18:20:44.793Z,separate_executor,quote_run_dispatch_probe,50,1837.68,success,,200,success
p3-ex-official-vu50,3a0a745a-90dd-4855-955b-aafaf8d1f8a5,2026-08-31T18:20:44.864Z,separate_executor,quote_run_dispatch_probe,50,1536.8,success,,200,success
p3-ex-official-vu50,abf07cc4-7ee1-4c73-99ef-0d3878b5217c,2026-08-31T18:20:44.865Z,separate_executor,quote_run_dispatch_probe,50,1698.03,success,,200,success
p3-ex-official-vu50,e2a5c2f2-9995-4baf-89ad-51b8a31339d0,2026-08-31T18:20:44.903Z,separate_executor,quote_run_dispatch_probe,50,1363.04,success,,200,success
p3-ex-official-vu50,14acce6c-e092-4859-a737-13a15d2c61cb,2026-08-31T18:20:44.927Z,separate_executor,quote_run_dispatch_probe,50,1751.19,success,,200,success
p3-ex-official-vu50,9d8c2a97-aedb-4adb-bedb-ea0b805f53b3,2026-08-31T18:20:44.973Z,separate_executor,quote_run_dispatch_probe,50,1985.32,success,,200,success
p3-ex-official-vu50,6cdbdd08-298d-4e42-bce6-06d7fb34a03d,2026-08-31T18:20:44.996Z,separate_executor,quote_run_dispatch_probe,50,1302.33,success,,200,success
p3-ex-official-vu50,745ecfd9-9c50-4edc-8749-9524633f0159,2026-08-31T18:20:45.078Z,separate_executor,quote_run_dispatch_probe,50,1489.26,success,,200,success
p3-ex-official-vu50,f735f376-d330-4572-a849-1f7b97a38751,2026-08-31T18:20:45.078Z,separate_executor,quote_run_dispatch_probe,50,1750.81,success,,200,success
p3-ex-official-vu50,c8d710c4-9c62-4cb1-83ba-7de03737abdc,2026-08-31T18:20:45.079Z,separate_executor,quote_run_dispatch_probe,50,2005.04,success,,200,success
p3-ex-official-vu50,5ce7988e-6da1-420d-8795-81ef2190dc55,2026-08-31T18:20:45.164Z,separate_executor,quote_run_dispatch_probe,50,1761.85,success,,200,success
p3-ex-official-vu50,027307d8-774a-4535-a971-31913846c212,2026-08-31T18:20:45.165Z,separate_executor,quote_run_dispatch_probe,50,1838.55,success,,200,success
p3-ex-official-vu50,234fd882-6ed1-492c-9736-ff51a2c7cd31,2026-08-31T18:20:45.172Z,separate_executor,quote_run_dispatch_probe,50,1517.29,success,,200,success
p3-ex-official-vu50,81950367-a903-40f9-8a98-595a3b3ec4f8,2026-08-31T18:20:45.174Z,separate_executor,quote_run_dispatch_probe,50,1799.32,success,,200,success
p3-ex-official-vu50,08c002e7-9189-4ca5-8970-a15387c7aa73,2026-08-31T18:20:45.176Z,separate_executor,quote_run_dispatch_probe,50,1601.07,success,,200,success
p3-ex-official-vu50,fd954675-c886-47bf-8cda-0e527a075784,2026-08-31T18:20:45.177Z,separate_executor,quote_run_dispatch_probe,50,1290.45,success,,200,success
p3-ex-official-vu50,befe8261-9226-4657-b0e8-c2f5de6b3b27,2026-08-31T18:20:45.178Z,separate_executor,quote_run_dispatch_probe,50,1742.71,success,,200,success
p3-ex-official-vu50,9658e97a-fa09-446e-a49d-c60f12a13909,2026-08-31T18:20:45.179Z,separate_executor,quote_run_dispatch_probe,50,1400.38,success,,200,success
p3-ex-official-vu50,9aa1ea13-a8a0-4788-b916-30a1e97ddf31,2026-08-31T18:20:45.279Z,separate_executor,quote_run_dispatch_probe,50,1201.14,success,,200,success
p3-ex-official-vu50,d8952479-88ea-41a1-8d7f-5eabacad1db7,2026-08-31T18:20:45.287Z,separate_executor,quote_run_dispatch_probe,50,1365.36,success,,200,success
p3-ex-official-vu50,581b176d-ffc0-4551-ae83-930ad8d69f41,2026-08-31T18:20:45.324Z,separate_executor,quote_run_dispatch_probe,50,1404.17,success,,200,success
p3-ex-official-vu50,b8f0168e-3fbd-48e7-bd51-e69af27403a1,2026-08-31T18:20:45.358Z,separate_executor,quote_run_dispatch_probe,50,1419.48,success,,200,success
p3-ex-official-vu50,66c5448b-3e14-4e29-858d-8e6f19a63ee4,2026-08-31T18:20:45.360Z,separate_executor,quote_run_dispatch_probe,50,1162.63,success,,200,success
p3-ex-official-vu50,fe58e656-a73f-44ce-80c9-d824bd945e0f,2026-08-31T18:20:45.371Z,separate_executor,quote_run_dispatch_probe,50,1491.43,success,,200,success
p3-ex-official-vu50,2f133b49-e987-4d2b-a839-805b6587cec0,2026-08-31T18:20:45.374Z,separate_executor,quote_run_dispatch_probe,50,1439.41,success,,200,success
p3-ex-official-vu50,47dd9dda-a365-4330-8879-6efd97d796fa,2026-08-31T18:20:45.385Z,separate_executor,quote_run_dispatch_probe,50,1371.96,success,,200,success
p3-ex-official-vu50,bbf0c023-390b-4675-bd15-9cbce4e11132,2026-08-31T18:20:45.392Z,separate_executor,quote_run_dispatch_probe,50,1056.83,success,,200,success
p3-ex-official-vu50,fc2861aa-52e2-40bb-85e6-68e0a39efde6,2026-08-31T18:20:45.402Z,separate_executor,quote_run_dispatch_probe,50,1512.74,success,,200,success
p3-ex-official-vu50,fa9f9de7-149a-4aea-b6a1-79e28bf9e16c,2026-08-31T18:20:45.428Z,separate_executor,quote_run_dispatch_probe,50,1425.09,success,,200,success
p3-ex-official-vu50,d89592ba-7a6a-40a1-bde8-63eecc343483,2026-08-31T18:20:45.528Z,separate_executor,quote_run_dispatch_probe,50,1248.17,success,,200,success
p3-ex-official-vu50,412fcb15-cb17-4f41-9b6a-4873792601bb,2026-08-31T18:20:45.536Z,separate_executor,quote_run_dispatch_probe,50,1550.36,success,,200,success
p3-ex-official-vu50,cf84dc84-074d-485b-b150-43d39b1ba600,2026-08-31T18:20:45.571Z,separate_executor,quote_run_dispatch_probe,50,1179.23,success,,200,success
p3-ex-official-vu50,f99fe4dc-ce5b-4944-a06d-110eaa788d54,2026-08-31T18:20:45.608Z,separate_executor,quote_run_dispatch_probe,50,1504.74,success,,200,success
p3-ex-official-vu50,99f8bd7c-ed47-4a01-a3fa-8499064286a7,2026-08-31T18:20:45.609Z,separate_executor,quote_run_dispatch_probe,50,1329.89,success,,200,success
p3-ex-official-vu50,7231ce19-5a4f-4fc2-8e6f-cfcb558c6762,2026-08-31T18:20:45.618Z,separate_executor,quote_run_dispatch_probe,50,1419.49,success,,200,success
p3-ex-official-vu50,9f868c31-83c7-4c4d-aaf5-b2cb5443895d,2026-08-31T18:20:45.629Z,separate_executor,quote_run_dispatch_probe,50,1258.95,success,,200,success
p3-ex-official-vu50,d98f319d-6872-49db-b63a-26bdbb5d54f3,2026-08-31T18:20:45.658Z,separate_executor,quote_run_dispatch_probe,50,1447.81,success,,200,success
p3-ex-official-vu50,5c7e43ed-104a-44a3-9ee4-30ab6f3eb33d,2026-08-31T18:20:45.706Z,separate_executor,quote_run_dispatch_probe,50,1060.97,success,,200,success
p3-ex-official-vu50,2f129a37-e3d0-47c1-a398-e34c0c54028a,2026-08-31T18:20:45.756Z,separate_executor,quote_run_dispatch_probe,50,1245.67,success,,200,success
p3-ex-official-vu50,f51b0772-2265-4542-83a6-4f7f20d7b805,2026-08-31T18:20:45.759Z,separate_executor,quote_run_dispatch_probe,50,1302.34,success,,200,success
p3-ex-official-vu50,0ff35f10-377e-43e4-a931-c551934d6acd,2026-08-31T18:20:45.778Z,separate_executor,quote_run_dispatch_probe,50,1334.57,success,,200,success
p3-ex-official-vu50,76106036-0cc9-4213-876d-8059eedba684,2026-08-31T18:20:45.801Z,separate_executor,quote_run_dispatch_probe,50,1142.76,success,,200,success
p3-ex-official-vu50,573a8cce-4bd3-4c20-be00-9688fcb84d95,2026-08-31T18:20:45.828Z,separate_executor,quote_run_dispatch_probe,50,1113.93,success,,200,success
p3-ex-official-vu50,d93beca4-2196-4028-8356-cec5660255b7,2026-08-31T18:20:45.838Z,separate_executor,quote_run_dispatch_probe,50,1120.16,success,,200,success
p3-ex-official-vu50,4d9bd8ed-66d3-4062-be2b-df2ac5d3b9a3,2026-08-31T18:20:45.879Z,separate_executor,quote_run_dispatch_probe,50,1408.72,success,,200,success
p3-ex-official-vu50,eaf500d1-481f-4931-a416-5b4b547d0019,2026-08-31T18:20:45.957Z,separate_executor,quote_run_dispatch_probe,50,1251.62,success,,200,success
p3-ex-official-vu50,582a2aef-b958-449c-842c-c10e6d101432,2026-08-31T18:20:45.995Z,separate_executor,quote_run_dispatch_probe,50,1329.74,success,,200,success
p3-ex-official-vu50,a97ccebc-c3fe-419b-a044-785dfb028f64,2026-08-31T18:20:45.997Z,separate_executor,quote_run_dispatch_probe,50,1204.17,success,,200,success
p3-ex-official-vu50,b4039d29-1d2c-408e-8b0c-c0c8388978a2,2026-08-31T18:20:46.068Z,separate_executor,quote_run_dispatch_probe,50,1533.83,success,,200,success
p3-ex-official-vu50,e0930c1e-9458-461d-ae7c-b8452dc73e7d,2026-08-31T18:20:46.091Z,separate_executor,quote_run_dispatch_probe,50,1299.62,success,,200,success
p3-ex-official-vu50,f7de9282-c6b4-4de6-b4aa-f5ac19c0c730,2026-08-31T18:20:46.103Z,separate_executor,quote_run_dispatch_probe,50,1477.73,success,,200,success
p3-ex-official-vu50,e17b82f3-431d-499f-a5cd-6d613bfe9f7d,2026-08-31T18:20:46.161Z,separate_executor,quote_run_dispatch_probe,50,1082.09,success,,200,success
p3-ex-official-vu50,2e333117-3b75-4724-8eda-be8bd99dd6fe,2026-08-31T18:20:46.176Z,separate_executor,quote_run_dispatch_probe,50,1311.69,success,,200,success
p3-ex-official-vu50,f0dd9a18-f9fe-4d90-8cf3-e2214a2c42c0,2026-08-31T18:20:46.205Z,separate_executor,quote_run_dispatch_probe,50,1232.19,success,,200,success
p3-ex-official-vu50,0679bb43-b988-48a4-8125-3a4fea575c27,2026-08-31T18:20:46.276Z,separate_executor,quote_run_dispatch_probe,50,1412.32,success,,200,success
p3-ex-official-vu50,ddbdd873-1c76-4a99-8c06-6adf06518c2a,2026-08-31T18:20:46.337Z,separate_executor,quote_run_dispatch_probe,50,1259.29,success,,200,success
p3-ex-official-vu50,5c93cfc6-6f70-4646-a950-dc9d33680abd,2026-08-31T18:20:46.372Z,separate_executor,quote_run_dispatch_probe,50,1092.87,success,,200,success
p3-ex-official-vu50,f2b8b201-d772-4159-949b-8d72538ddea7,2026-08-31T18:20:46.387Z,separate_executor,quote_run_dispatch_probe,50,1390.85,success,,200,success
p3-ex-official-vu50,026df4d0-1361-4ed4-937a-f97e559aa393,2026-08-31T18:20:46.420Z,separate_executor,quote_run_dispatch_probe,50,1493.04,success,,200,success
p3-ex-official-vu50,824f14a7-58a4-4c46-940d-e69b62121783,2026-08-31T18:20:46.452Z,separate_executor,quote_run_dispatch_probe,50,1549.53,success,,200,success
p3-ex-official-vu50,37f24728-0baa-4afc-90d2-4a3ca1e510b3,2026-08-31T18:20:46.465Z,separate_executor,quote_run_dispatch_probe,50,1386.9,success,,200,success
p3-ex-official-vu50,5f61a038-01b2-4717-9d40-675d98ab4585,2026-08-31T18:20:46.470Z,separate_executor,quote_run_dispatch_probe,50,1293.21,success,,200,success
p3-ex-official-vu50,8a496002-475a-48be-a860-51cde6d44fa2,2026-08-31T18:20:46.505Z,separate_executor,quote_run_dispatch_probe,50,1328.98,success,,200,success
p3-ex-official-vu50,172fb906-f17b-4cba-9411-8b12cdd0dedb,2026-08-31T18:20:46.521Z,separate_executor,quote_run_dispatch_probe,50,1356.36,success,,200,success
p3-ex-official-vu50,c48acc2c-4d06-4b55-836e-9364b84f011e,2026-08-31T18:20:46.523Z,separate_executor,quote_run_dispatch_probe,50,1163.23,success,,200,success
p3-ex-official-vu50,6c6767e3-1ba3-49ba-852f-f15332f2a5a9,2026-08-31T18:20:46.547Z,separate_executor,quote_run_dispatch_probe,50,1260.31,success,,200,success
p3-ex-official-vu50,391718ec-1b8c-4e97-af2c-50716eac7d4a,2026-08-31T18:20:46.547Z,separate_executor,quote_run_dispatch_probe,50,1382.41,success,,200,success
p3-ex-official-vu50,f8550b94-f87a-4259-aa7b-de96ee422f0b,2026-08-31T18:20:46.561Z,separate_executor,quote_run_dispatch_probe,50,1382.5,success,,200,success
p3-ex-official-vu50,0875dd9f-9904-4998-aa88-3b7ac5a0a4e5,2026-08-31T18:20:46.561Z,separate_executor,quote_run_dispatch_probe,50,1169.31,success,,200,success
p3-ex-official-vu50,24994d3a-f5fc-40b0-ab4f-3d6a3e3f18ab,2026-08-31T18:20:46.608Z,separate_executor,quote_run_dispatch_probe,50,1429.58,success,,200,success
p3-ex-official-vu50,9e5b2f3f-8902-4ee7-bb15-096aeda5d337,2026-08-31T18:20:46.627Z,separate_executor,quote_run_dispatch_probe,50,1455.42,success,,200,success
p3-ex-official-vu50,17553352-6769-4e71-a5bb-fe78c9d734c9,2026-08-31T18:20:46.628Z,separate_executor,quote_run_dispatch_probe,50,1253.79,success,,200,success
p3-ex-official-vu50,b6cfa874-8458-4aca-b4c7-265cef0dcfbb,2026-08-31T18:20:46.657Z,separate_executor,quote_run_dispatch_probe,50,1271.88,success,,200,success
p3-ex-official-vu50,7851f240-6e9b-4a4c-96b0-719e72e2b265,2026-08-31T18:20:46.704Z,separate_executor,quote_run_dispatch_probe,50,1529.95,success,,200,success
p3-ex-official-vu50,70e9c890-67a0-4b5a-b227-e1ae520e81b4,2026-08-31T18:20:46.731Z,separate_executor,quote_run_dispatch_probe,50,1359.73,success,,200,success
p3-ex-official-vu50,2127a2f5-b412-4687-bc38-cec2999e523e,2026-08-31T18:20:46.778Z,separate_executor,quote_run_dispatch_probe,50,1419.64,success,,200,success
p3-ex-official-vu50,21a7218b-24f8-4aac-8d9d-40be66a8366c,2026-08-31T18:20:46.779Z,separate_executor,quote_run_dispatch_probe,50,1242.64,success,,200,success
p3-ex-official-vu50,4a8caf2c-f975-4094-896a-6840f6a5f406,2026-08-31T18:20:46.827Z,separate_executor,quote_run_dispatch_probe,50,1121.51,success,,200,success
p3-ex-official-vu50,953aae26-c58d-44c3-8527-741ac5621ea1,2026-08-31T18:20:46.861Z,separate_executor,quote_run_dispatch_probe,50,1252.9,success,,200,success
p3-ex-official-vu50,464b2905-269a-432d-99bd-bd0e5179e928,2026-08-31T18:20:46.864Z,separate_executor,quote_run_dispatch_probe,50,1539.65,success,,200,success
p3-ex-official-vu50,67233b76-818d-4345-89a9-79b30b7cd343,2026-08-31T18:20:46.870Z,separate_executor,quote_run_dispatch_probe,50,1342.07,success,,200,success
p3-ex-official-vu50,ef3d21d5-7019-4328-b014-cc5bcc4f5293,2026-08-31T18:20:46.875Z,separate_executor,quote_run_dispatch_probe,50,1304.12,success,,200,success
p3-ex-official-vu50,98c0506a-bfc3-440a-80ce-bb5bd33a1873,2026-08-31T18:20:46.891Z,separate_executor,quote_run_dispatch_probe,50,1089.93,success,,200,success
p3-ex-official-vu50,88206c5d-4d7a-4937-87c7-9883090faa31,2026-08-31T18:20:46.893Z,separate_executor,quote_run_dispatch_probe,50,1136.62,success,,200,success
p3-ex-official-vu50,6850cc28-a7bd-4051-be33-4b67e517e3c1,2026-08-31T18:20:46.941Z,separate_executor,quote_run_dispatch_probe,50,1539.32,success,,200,success
p3-ex-official-vu50,8417c92e-8e16-4e2d-9627-37074323cb61,2026-08-31T18:20:46.980Z,separate_executor,quote_run_dispatch_probe,50,1141.12,success,,200,success
p3-ex-official-vu50,25b6250f-1efd-40a8-8fca-9e409172def1,2026-08-31T18:20:46.992Z,separate_executor,quote_run_dispatch_probe,50,1563.87,success,,200,success
p3-ex-official-vu50,2a518d9d-f9b8-4241-9f4c-d2d2724f1205,2026-08-31T18:20:47.005Z,separate_executor,quote_run_dispatch_probe,50,1395.71,success,,200,success
p3-ex-official-vu50,e409b282-2035-4e95-a093-84b74dd8e89d,2026-08-31T18:20:47.031Z,separate_executor,quote_run_dispatch_probe,50,1401.58,success,,200,success
p3-ex-official-vu50,c44de133-883c-49c3-bb09-7fe582bf3eff,2026-08-31T18:20:47.054Z,separate_executor,quote_run_dispatch_probe,50,1396.29,success,,200,success
p3-ex-official-vu50,75381a77-9491-4213-8299-4aea7da12cc8,2026-08-31T18:20:47.055Z,separate_executor,quote_run_dispatch_probe,50,1436.44,success,,200,success
p3-ex-official-vu50,21db9eff-4ec4-4cba-b171-2f2b4703d3de,2026-08-31T18:20:47.122Z,separate_executor,quote_run_dispatch_probe,50,1243.2,success,,200,success
p3-ex-official-vu50,d33d5192-3c28-4993-a749-e1dc0263ae40,2026-08-31T18:20:47.143Z,separate_executor,quote_run_dispatch_probe,50,1383.76,success,,200,success
p3-ex-official-vu50,6ebf6e87-01bd-4702-9921-3450e2aaedb9,2026-08-31T18:20:47.178Z,separate_executor,quote_run_dispatch_probe,50,1349.94,success,,200,success
p3-ex-official-vu50,e0edc2c4-cd33-451f-abb6-adee961f2a75,2026-08-31T18:20:47.185Z,separate_executor,quote_run_dispatch_probe,50,1228.58,success,,200,success
p3-ex-official-vu50,c94d976f-3c05-41bf-b4e4-6aa88486321b,2026-08-31T18:20:47.212Z,separate_executor,quote_run_dispatch_probe,50,1434.12,success,,200,success
p3-ex-official-vu50,dd9fe1f8-080f-4d19-a171-f1bba743a252,2026-08-31T18:20:47.328Z,separate_executor,quote_run_dispatch_probe,50,1332.78,success,,200,success
p3-ex-official-vu50,a706e92c-4ac3-4d63-933b-de8cf93b6252,2026-08-31T18:20:47.378Z,separate_executor,quote_run_dispatch_probe,50,1217.04,success,,200,success
p3-ex-official-vu50,2800d092-143e-416f-bcd5-b883251765d0,2026-08-31T18:20:47.385Z,separate_executor,quote_run_dispatch_probe,50,1282.31,success,,200,success
p3-ex-official-vu50,24b71d13-4fcc-41b3-aa2c-3d28eeed7205,2026-08-31T18:20:47.404Z,separate_executor,quote_run_dispatch_probe,50,1199.36,success,,200,success
p3-ex-official-vu50,96921891-b304-443d-a157-9bb471be6753,2026-08-31T18:20:47.430Z,separate_executor,quote_run_dispatch_probe,50,1057.76,success,,200,success
p3-ex-official-vu50,928a4107-0955-4b25-a5c8-7e205c8444dd,2026-08-31T18:20:47.437Z,separate_executor,quote_run_dispatch_probe,50,1439.57,success,,200,success
p3-ex-official-vu50,8cf8003d-3a87-4e41-89dc-4d18bd958f37,2026-08-31T18:20:47.482Z,separate_executor,quote_run_dispatch_probe,50,1390.82,success,,200,success
p3-ex-official-vu50,61aae56b-621d-4eda-b7a5-bfed51c658e4,2026-08-31T18:20:47.503Z,separate_executor,quote_run_dispatch_probe,50,1165.47,success,,200,success
p3-ex-official-vu50,76317c1e-46bd-46ae-b9f8-1e300a123d05,2026-08-31T18:20:47.509Z,separate_executor,quote_run_dispatch_probe,50,1332.79,success,,200,success
p3-ex-official-vu50,a103b541-f03f-43ba-8043-75d3a67b00a6,2026-08-31T18:20:47.524Z,separate_executor,quote_run_dispatch_probe,50,1455.16,success,,200,success
p3-ex-official-vu50,4ab8f36c-0c5a-439c-b382-40af82473938,2026-08-31T18:20:47.528Z,separate_executor,quote_run_dispatch_probe,50,1007.49,success,,200,success
p3-ex-official-vu50,b50752c5-c1bd-47ef-9d7a-474253caa107,2026-08-31T18:20:47.628Z,separate_executor,quote_run_dispatch_probe,50,1104.99,success,,200,success
p3-ex-official-vu50,111c11c2-aff1-43c2-910d-ae0bf9447915,2026-08-31T18:20:47.639Z,separate_executor,quote_run_dispatch_probe,50,1077.61,success,,200,success
p3-ex-official-vu50,c2503814-438f-484b-8419-1f315f7b4279,2026-08-31T18:20:47.722Z,separate_executor,quote_run_dispatch_probe,50,1175.47,success,,200,success
p3-ex-official-vu50,5317a262-08ca-4ed0-8cbf-d587db5aa89f,2026-08-31T18:20:47.754Z,separate_executor,quote_run_dispatch_probe,50,1248.97,success,,200,success
p3-ex-official-vu50,eb6bbbd4-8227-4bb0-8d4c-bfe7c678e8b8,2026-08-31T18:20:47.776Z,separate_executor,quote_run_dispatch_probe,50,1228.55,success,,200,success
p3-ex-official-vu50,0e81a75a-ec20-401f-8ef8-9a49057cb313,2026-08-31T18:20:47.781Z,separate_executor,quote_run_dispatch_probe,50,1360.09,success,,200,success
p3-ex-official-vu50,8ca634d4-f751-4fef-b70b-c6c3b2cf631d,2026-08-31T18:20:47.794Z,separate_executor,quote_run_dispatch_probe,50,1517.39,success,,200,success
p3-ex-official-vu50,bfaa0c96-7517-4c9c-975d-a5c03c00498c,2026-08-31T18:20:47.797Z,separate_executor,quote_run_dispatch_probe,50,1331.77,success,,200,success
p3-ex-official-vu50,aa74699a-76fa-43a0-979d-00c2836eb9ce,2026-08-31T18:20:47.864Z,separate_executor,quote_run_dispatch_probe,50,1235.88,success,,200,success
p3-ex-official-vu50,3fdafc1f-f80b-4ef8-aa68-01248fa492f6,2026-08-31T18:20:47.864Z,separate_executor,quote_run_dispatch_probe,50,1303.47,success,,200,success
p3-ex-official-vu50,3f3a0d51-db04-40bb-8f8f-8cf2be8c9501,2026-08-31T18:20:47.896Z,separate_executor,quote_run_dispatch_probe,50,1425.74,success,,200,success
p3-ex-official-vu50,647fc9f6-965f-4637-92a2-3edd55b03ee4,2026-08-31T18:20:47.946Z,separate_executor,quote_run_dispatch_probe,50,1288.5,success,,200,success
p3-ex-official-vu50,df364c91-f073-4127-996f-74bfa882358b,2026-08-31T18:20:47.946Z,separate_executor,quote_run_dispatch_probe,50,1493.89,success,,200,success
p3-ex-official-vu50,bb47ba6d-b2fc-43c9-9096-948a3bcb7264,2026-08-31T18:20:47.964Z,separate_executor,quote_run_dispatch_probe,50,1136.64,success,,200,success
p3-ex-official-vu50,ad9eac15-7065-44ab-81c5-d6816e01f0e0,2026-08-31T18:20:48.027Z,separate_executor,quote_run_dispatch_probe,50,1640.54,success,,200,success
p3-ex-official-vu50,50a1fee8-f890-42b7-ab2a-b981adefe460,2026-08-31T18:20:48.031Z,separate_executor,quote_run_dispatch_probe,50,1139.91,success,,200,success
p3-ex-official-vu50,96577e53-db36-41dc-9257-5d22e8bf9562,2026-08-31T18:20:48.061Z,separate_executor,quote_run_dispatch_probe,50,1081.5,success,,200,success
p3-ex-official-vu50,155ad090-42bb-4935-b8e9-a259cbbdd3c1,2026-08-31T18:20:48.106Z,separate_executor,quote_run_dispatch_probe,50,1478.84,success,,200,success
p3-ex-official-vu50,4e45d9ac-b2fe-4f86-aa0c-c4c86e41cc9d,2026-08-31T18:20:48.106Z,separate_executor,quote_run_dispatch_probe,50,1328.17,success,,200,success
p3-ex-official-vu50,b71bca61-7bab-473a-a2fd-85aa34d0083a,2026-08-31T18:20:48.107Z,separate_executor,quote_run_dispatch_probe,50,1498.11,success,,200,success
p3-ex-official-vu50,8a63a1f0-4023-41bf-bbf8-2ecad9f2f915,2026-08-31T18:20:48.107Z,separate_executor,quote_run_dispatch_probe,50,1327.97,success,,200,success
p3-ex-official-vu50,6497f1f4-7061-4afc-85b5-3f65efbd9e7d,2026-08-31T18:20:48.152Z,separate_executor,quote_run_dispatch_probe,50,1287.95,success,,200,success
p3-ex-official-vu50,76020159-93d5-4b71-aab4-1b72f0f1ddd1,2026-08-31T18:20:48.160Z,separate_executor,quote_run_dispatch_probe,50,1267.6,success,,200,success
p3-ex-official-vu50,b749b3fe-6f63-4781-a04c-5c3c4867d478,2026-08-31T18:20:48.188Z,separate_executor,quote_run_dispatch_probe,50,1483.85,success,,200,success
p3-ex-official-vu50,9114197f-844a-4c79-871d-242e94712369,2026-08-31T18:20:48.210Z,separate_executor,quote_run_dispatch_probe,50,1478.85,success,,200,success
p3-ex-official-vu50,a2764ff3-0c5d-462e-8cbc-f4b04249dd71,2026-08-31T18:20:48.222Z,separate_executor,quote_run_dispatch_probe,50,1360.78,success,,200,success
p3-ex-official-vu50,1ed4c168-b5fa-4512-8ab3-18ad847dbeb5,2026-08-31T18:20:48.254Z,separate_executor,quote_run_dispatch_probe,50,1378.69,success,,200,success
p3-ex-official-vu50,4d732967-dc8e-417e-ae42-78fc6bfc465c,2026-08-31T18:20:48.302Z,separate_executor,quote_run_dispatch_probe,50,1270.23,success,,200,success
p3-ex-official-vu50,d332637e-8f75-47a1-bd0e-097dbfcde759,2026-08-31T18:20:48.327Z,separate_executor,quote_run_dispatch_probe,50,1322.12,success,,200,success
p3-ex-official-vu50,c9fedcc8-2c19-43ea-9bb7-a454715d4246,2026-08-31T18:20:48.327Z,separate_executor,quote_run_dispatch_probe,50,1184.06,success,,200,success
p3-ex-official-vu50,7b3f94ad-6b6c-4b97-a105-1cb805950008,2026-08-31T18:20:48.454Z,separate_executor,quote_run_dispatch_probe,50,1583.65,success,,200,success
p3-ex-official-vu50,50ab34ea-1c41-4c4b-95f4-beccf905746b,2026-08-31T18:20:48.686Z,separate_executor,quote_run_dispatch_probe,50,1631.46,success,,200,success
p3-ex-official-vu50,1e5766db-7559-4c33-a0f6-29ef66aad3bf,2026-08-31T18:20:48.689Z,separate_executor,quote_run_dispatch_probe,50,1634.47,success,,200,success
p3-ex-official-vu50,56e86045-25e2-464e-a5d5-20bed243269e,2026-08-31T18:20:48.724Z,separate_executor,quote_run_dispatch_probe,50,1732.43,success,,200,success
p3-ex-official-vu50,a05248f7-0c9a-44fa-87b6-d23445515a5c,2026-08-31T18:20:48.731Z,separate_executor,quote_run_dispatch_probe,50,1545.31,success,,200,success
p3-ex-official-vu50,f26fce9a-7c37-4a03-b117-f99c62a2f8dc,2026-08-31T18:20:48.743Z,separate_executor,quote_run_dispatch_probe,50,1365.22,success,,200,success
p3-ex-official-vu50,320943dd-bb8a-4749-9536-0c8bf761f992,2026-08-31T18:20:48.745Z,separate_executor,quote_run_dispatch_probe,50,1804.15,success,,200,success
p3-ex-official-vu50,899d27fe-0cbc-4a4e-98f0-2dc18aa0e977,2026-08-31T18:20:48.881Z,separate_executor,quote_run_dispatch_probe,50,1758.92,success,,200,success
p3-ex-official-vu50,c7ea52ad-db8b-432f-a137-b413b0a1f945,2026-08-31T18:20:49.090Z,separate_executor,quote_run_dispatch_probe,50,1911.94,success,,200,success
p3-ex-official-vu50,f78007f7-06c9-43be-900a-cfba09375791,2026-08-31T18:20:49.091Z,separate_executor,quote_run_dispatch_probe,50,1661.43,success,,200,success
p3-ex-official-vu50,beaf2e79-2660-4365-a5ca-666ea79fa3ea,2026-08-31T18:20:49.092Z,separate_executor,quote_run_dispatch_probe,50,1879.99,success,,200,success
p3-ex-official-vu50,67c2af85-ef59-4ff4-a718-8a7d1a95c72c,2026-08-31T18:20:49.112Z,separate_executor,quote_run_dispatch_probe,50,1708.01,success,,200,success
p3-ex-official-vu50,13ecc899-d832-4e5c-aea1-fb0f36b61f9e,2026-08-31T18:20:49.113Z,separate_executor,quote_run_dispatch_probe,50,1610.42,success,,200,success
p3-ex-official-vu50,f3c6c0a0-44c5-4004-808c-cf4a8ea38255,2026-08-31T18:20:49.189Z,separate_executor,quote_run_dispatch_probe,50,1560.75,success,,200,success
p3-ex-official-vu50,eed9fb83-3ac8-4999-986c-4cfb914ce44b,2026-08-31T18:20:49.189Z,separate_executor,quote_run_dispatch_probe,50,1861.33,success,,200,success
p3-ex-official-vu50,b4d6d327-b22a-46e4-8154-0304be4d23f5,2026-08-31T18:20:49.190Z,separate_executor,quote_run_dispatch_probe,50,1661.54,success,,200,success
p3-ex-official-vu50,aa37a8b7-7647-482d-9bd5-c83691b77498,2026-08-31T18:20:49.190Z,separate_executor,quote_run_dispatch_probe,50,1805.4,success,,200,success
p3-ex-official-vu50,c061ac7d-aced-4e06-b5a6-74eaca386089,2026-08-31T18:20:49.207Z,separate_executor,quote_run_dispatch_probe,50,1770.56,success,,200,success
p3-ex-official-vu50,84cd8155-ad34-4561-a904-88d33ae02262,2026-08-31T18:20:49.208Z,separate_executor,quote_run_dispatch_probe,50,1684.37,success,,200,success
p3-ex-official-vu50,05a157d0-2df8-44e5-80fc-a8b0dd0c8449,2026-08-31T18:20:49.209Z,separate_executor,quote_run_dispatch_probe,50,1569.59,success,,200,success
p3-ex-official-vu50,c5cb93f5-84cf-4afb-9b57-f8400fed87aa,2026-08-31T18:20:49.227Z,separate_executor,quote_run_dispatch_probe,50,1717.77,success,,200,success
p3-ex-official-vu50,8772d5f4-f74a-46b9-9e3c-8c99c8ae451e,2026-08-31T18:20:49.245Z,separate_executor,quote_run_dispatch_probe,50,1762.48,success,,200,success
p3-ex-official-vu50,bc5405a3-1d28-4f97-8dc0-c113943f2149,2026-08-31T18:20:49.245Z,separate_executor,quote_run_dispatch_probe,50,1491.12,success,,200,success
p3-ex-official-vu50,6a8f6da2-4ba1-43f9-b8d0-769622ae590c,2026-08-31T18:20:49.272Z,separate_executor,quote_run_dispatch_probe,50,1549.35,success,,200,success
p3-ex-official-vu50,91cbfe81-de67-4aac-a3ee-5a4958ed7b7a,2026-08-31T18:20:49.273Z,separate_executor,quote_run_dispatch_probe,50,1496.67,success,,200,success
p3-ex-official-vu50,d0b044ea-bb69-439c-b900-e7b07c6b10f3,2026-08-31T18:20:49.273Z,separate_executor,quote_run_dispatch_probe,50,1326.82,success,,200,success
p3-ex-official-vu50,9f5cc981-1c4f-4f35-a95c-50d385fef011,2026-08-31T18:20:49.274Z,separate_executor,quote_run_dispatch_probe,50,1492.98,success,,200,success
p3-ex-official-vu50,425f18e3-9895-4383-b11f-c5c5114bb792,2026-08-31T18:20:49.274Z,separate_executor,quote_run_dispatch_probe,50,1476.83,success,,200,success
p3-ex-official-vu50,4a97c201-cde5-4a7f-aa7e-a89ea786dc5b,2026-08-31T18:20:49.294Z,separate_executor,quote_run_dispatch_probe,50,1262.9,success,,200,success
p3-ex-official-vu50,fba98932-425c-4dd7-8d8f-983d7a03cfa6,2026-08-31T18:20:49.294Z,separate_executor,quote_run_dispatch_probe,50,1430.39,success,,200,success
p3-ex-official-vu50,9ac83c26-46f1-4c72-b173-2beeca2e2bce,2026-08-31T18:20:49.295Z,separate_executor,quote_run_dispatch_probe,50,1399.15,success,,200,success
p3-ex-official-vu50,2b0610ea-4733-4608-8c11-97bcc33062ef,2026-08-31T18:20:49.313Z,separate_executor,quote_run_dispatch_probe,50,1449.68,success,,200,success
p3-ex-official-vu50,1d86b5a0-b19d-43e7-8333-202ca5a0d7b0,2026-08-31T18:20:49.314Z,separate_executor,quote_run_dispatch_probe,50,1350.08,success,,200,success
p3-ex-official-vu50,03e7c0fc-f514-4ed6-a750-104129c462c5,2026-08-31T18:20:49.315Z,separate_executor,quote_run_dispatch_probe,50,1254.38,success,,200,success
p3-ex-official-vu50,96df39de-754e-49af-986f-1ba60561c62c,2026-08-31T18:20:49.335Z,separate_executor,quote_run_dispatch_probe,50,1541.32,success,,200,success
p3-ex-official-vu50,93da6ac3-92e0-4e85-aa8d-7e3b973fb4bc,2026-08-31T18:20:49.347Z,separate_executor,quote_run_dispatch_probe,50,1240.08,success,,200,success
p3-ex-official-vu50,cfa4142c-fdf0-4083-82de-8f1e11c1b09f,2026-08-31T18:20:49.348Z,separate_executor,quote_run_dispatch_probe,50,1187.2,success,,200,success
p3-ex-official-vu50,24cd76f4-c7c1-4677-9a64-4f5095d0d275,2026-08-31T18:20:49.361Z,separate_executor,quote_run_dispatch_probe,50,1254.58,success,,200,success
p3-ex-official-vu50,d324e5e9-7dc5-4eba-8457-002098e06897,2026-08-31T18:20:49.363Z,separate_executor,quote_run_dispatch_probe,50,1256.92,success,,200,success
p3-ex-official-vu50,06b36071-bc72-4a4b-a52a-17e57f582b93,2026-08-31T18:20:49.364Z,separate_executor,quote_run_dispatch_probe,50,1418.04,success,,200,success
p3-ex-official-vu50,d2c2f8ad-0cd3-448b-8fef-a2da7de660ca,2026-08-31T18:20:49.364Z,separate_executor,quote_run_dispatch_probe,50,1212.8,success,,200,success
p3-ex-official-vu50,5a6e1338-e0f9-47fc-8005-53f324a4de0c,2026-08-31T18:20:49.644Z,separate_executor,quote_run_dispatch_probe,50,1617.05,success,,200,success
p3-ex-official-vu50,863fb745-7828-4adc-bfca-5d2ea5f675e3,2026-08-31T18:20:49.645Z,separate_executor,quote_run_dispatch_probe,50,1435.14,success,,200,success
p3-ex-official-vu50,74877bcd-1ff5-43ca-a76f-548d0d5652ea,2026-08-31T18:20:49.912Z,separate_executor,quote_run_dispatch_probe,50,1723.8,success,,200,success
p3-ex-official-vu50,a037be2f-73fc-49e1-94d7-6d57437a95c4,2026-08-31T18:20:49.932Z,separate_executor,quote_run_dispatch_probe,50,1630.58,success,,200,success
p3-ex-official-vu50,aec42355-7797-4b1c-807f-ae32c1a3a71d,2026-08-31T18:20:49.936Z,separate_executor,quote_run_dispatch_probe,50,1829.77,success,,200,success
p3-ex-official-vu50,8736a9c7-88a3-4e05-bf82-b0a21555903f,2026-08-31T18:20:49.937Z,separate_executor,quote_run_dispatch_probe,50,1682.94,success,,200,success
p3-ex-official-vu50,5b943a27-7850-4df1-8ba6-0e7b09a9ae03,2026-08-31T18:20:49.977Z,separate_executor,quote_run_dispatch_probe,50,1649.86,success,,200,success
p3-ex-official-vu50,502ddde9-c22b-4f6e-bd62-163851a0f735,2026-08-31T18:20:49.977Z,separate_executor,quote_run_dispatch_probe,50,1755.65,success,,200,success
p3-ex-official-vu50,8a553ce1-ec25-4a2c-81bb-358b58c21743,2026-08-31T18:20:49.993Z,separate_executor,quote_run_dispatch_probe,50,1665.46,success,,200,success
p3-ex-official-vu50,82b4bc27-4185-4f2a-96dd-7a3b4df6bf57,2026-08-31T18:20:49.994Z,separate_executor,quote_run_dispatch_probe,50,1539.94,success,,200,success
p3-ex-official-vu50,7409b870-8d29-4e70-804b-336da6b1ae18,2026-08-31T18:20:50.007Z,separate_executor,quote_run_dispatch_probe,50,1276.04,success,,200,success
p3-ex-official-vu50,7f5abf5f-3c1c-4c04-89cf-e00e402d7d34,2026-08-31T18:20:50.009Z,separate_executor,quote_run_dispatch_probe,50,1266.34,success,,200,success
p3-ex-official-vu50,9cb29b21-2663-4a25-93c1-7444170296de,2026-08-31T18:20:50.018Z,separate_executor,quote_run_dispatch_probe,50,1293.34,success,,200,success
p3-ex-official-vu50,72aac6f4-5c97-40b3-b5dc-d2db74db7b6e,2026-08-31T18:20:50.019Z,separate_executor,quote_run_dispatch_probe,50,1333.47,success,,200,success
p3-ex-official-vu50,1f8d6b0a-c4d6-4d70-961e-2635adcee027,2026-08-31T18:20:50.024Z,separate_executor,quote_run_dispatch_probe,50,1278.76,success,,200,success
p3-ex-official-vu50,09063e05-9b79-4f1d-a521-51b347874244,2026-08-31T18:20:50.025Z,separate_executor,quote_run_dispatch_probe,50,1335.5,success,,200,success
p3-ex-official-vu50,29510d49-ff6b-4ba8-ac82-422e31f29ff0,2026-08-31T18:20:50.049Z,separate_executor,quote_run_dispatch_probe,50,956.91,success,,200,success
p3-ex-official-vu50,3e86ef2f-5cfb-49f5-bfce-6d27748cf93f,2026-08-31T18:20:50.050Z,separate_executor,quote_run_dispatch_probe,50,1168.9,success,,200,success
p3-ex-official-vu50,0941f829-bf5b-414b-b573-d1059e163c50,2026-08-31T18:20:50.060Z,separate_executor,quote_run_dispatch_probe,50,947.47,success,,200,success
p3-ex-official-vu50,0219e499-b466-4a9a-9e89-dbac8c6a55d9,2026-08-31T18:20:50.061Z,separate_executor,quote_run_dispatch_probe,50,871.22,success,,200,success
p3-ex-official-vu50,7227ba4f-0651-4739-bc4c-215f83da89c5,2026-08-31T18:20:50.062Z,separate_executor,quote_run_dispatch_probe,50,872.14,success,,200,success
p3-ex-official-vu50,7b817d45-219f-469b-bb68-47e47dd4db0e,2026-08-31T18:20:50.076Z,separate_executor,quote_run_dispatch_probe,50,984.99,success,,200,success
p3-ex-official-vu50,0624a9c6-dfab-4aff-bfe9-c92b2f6633f7,2026-08-31T18:20:50.108Z,separate_executor,quote_run_dispatch_probe,50,899.12,success,,200,success
p3-ex-official-vu50,897c83b5-45e2-4509-9af3-3c810de9ac92,2026-08-31T18:20:50.141Z,separate_executor,quote_run_dispatch_probe,50,868.93,success,,200,success
p3-ex-official-vu50,9c5a90ae-1bad-41ab-b843-c1f0b1111369,2026-08-31T18:20:50.186Z,separate_executor,quote_run_dispatch_probe,50,977.62,success,,200,success
p3-ex-official-vu50,eb583232-7b6d-4fd9-ae05-322fa0c8c877,2026-08-31T18:20:50.210Z,separate_executor,quote_run_dispatch_probe,50,936.03,success,,200,success
p3-ex-official-vu50,1b47240c-14ae-40f0-9e1e-f46070b5737c,2026-08-31T18:20:50.215Z,separate_executor,quote_run_dispatch_probe,50,941.72,success,,200,success
p3-ex-official-vu50,c16b61ed-6304-4068-9125-328234e8984c,2026-08-31T18:20:50.226Z,separate_executor,quote_run_dispatch_probe,50,1035.6,success,,200,success
p3-ex-official-vu50,461edaac-ae26-4433-9bff-2b5d974e82ff,2026-08-31T18:20:50.262Z,separate_executor,quote_run_dispatch_probe,50,1034.67,success,,200,success
p3-ex-official-vu50,5971a939-f5a2-469d-a92d-ce6d149514ff,2026-08-31T18:20:50.284Z,separate_executor,quote_run_dispatch_probe,50,989.08,success,,200,success
p3-ex-official-vu50,4375b62b-a4a9-4e48-8b94-5e1b7bfe6d10,2026-08-31T18:20:50.288Z,separate_executor,quote_run_dispatch_probe,50,993.97,success,,200,success
p3-ex-official-vu50,edba9a10-8044-4804-bfe3-336a212b1689,2026-08-31T18:20:50.298Z,separate_executor,quote_run_dispatch_probe,50,1024.27,success,,200,success
p3-ex-official-vu50,cd15fd58-b657-47d7-93c1-934c90499cd4,2026-08-31T18:20:50.410Z,separate_executor,quote_run_dispatch_probe,50,1220.96,success,,200,success
p3-ex-official-vu50,2939a43c-851c-41b8-a17f-a1bfea91f19d,2026-08-31T18:20:50.411Z,separate_executor,quote_run_dispatch_probe,50,1138.08,success,,200,success
p3-ex-official-vu50,72bf2ac4-b243-4cbc-b2e3-96de0bb50bc5,2026-08-31T18:20:50.424Z,separate_executor,quote_run_dispatch_probe,50,1311.57,success,,200,success
p3-ex-official-vu50,a35c1b2f-368b-47fd-8ee7-9c9258df84a3,2026-08-31T18:20:50.439Z,separate_executor,quote_run_dispatch_probe,50,1348.46,success,,200,success
p3-ex-official-vu50,cb95e9e3-694c-453f-af38-3937025006d8,2026-08-31T18:20:50.479Z,separate_executor,quote_run_dispatch_probe,50,1131.6,success,,200,success
p3-ex-official-vu50,08684e74-c91f-48b2-a93d-9de8b5b2310d,2026-08-31T18:20:50.480Z,separate_executor,quote_run_dispatch_probe,50,1166.64,success,,200,success
p3-ex-official-vu50,d760354e-a980-407c-9bb1-03d77bd9f20a,2026-08-31T18:20:50.488Z,separate_executor,quote_run_dispatch_probe,50,1243.37,success,,200,success
p3-ex-official-vu50,7f2fb3fb-fcbf-4d5b-9165-a9989b61018f,2026-08-31T18:20:50.489Z,separate_executor,quote_run_dispatch_probe,50,1173.44,success,,200,success
p3-ex-official-vu50,f20bdd0c-3447-444d-84bc-11e857957030,2026-08-31T18:20:50.491Z,separate_executor,quote_run_dispatch_probe,50,1155.56,success,,200,success
p3-ex-official-vu50,4e407f8e-2757-4374-9433-3322eeda130c,2026-08-31T18:20:50.491Z,separate_executor,quote_run_dispatch_probe,50,1128.66,success,,200,success
p3-ex-official-vu50,08682ee2-5425-4789-b6e5-2bb703af0d13,2026-08-31T18:20:50.497Z,separate_executor,quote_run_dispatch_probe,50,1251.87,success,,200,success
p3-ex-official-vu50,f7db0b6a-5a4d-4533-8cbf-7dead04326be,2026-08-31T18:20:50.507Z,separate_executor,quote_run_dispatch_probe,50,1211.72,success,,200,success
p3-ex-official-vu50,a4ac5de6-7c96-4929-8a43-37e867b57da1,2026-08-31T18:20:50.508Z,separate_executor,quote_run_dispatch_probe,50,1193.8,success,,200,success
p3-ex-official-vu50,96dd2ef0-306b-4f1e-9170-0a67ce993f0c,2026-08-31T18:20:50.525Z,separate_executor,quote_run_dispatch_probe,50,1161.08,success,,200,success
p3-ex-official-vu50,0155e737-c0fc-4bc0-95b9-e758c1805e27,2026-08-31T18:20:50.526Z,separate_executor,quote_run_dispatch_probe,50,1318.82,success,,200,success
p3-ex-official-vu50,ab403a31-9424-48c2-a5b8-d168598f8c8a,2026-08-31T18:20:50.570Z,separate_executor,quote_run_dispatch_probe,50,1205.96,success,,200,success
p3-ex-official-vu50,d86865b1-605a-4f7f-a1fd-9cdc55ae351b,2026-08-31T18:20:50.607Z,separate_executor,quote_run_dispatch_probe,50,1260.21,success,,200,success
p3-ex-official-vu50,8e1c7c4b-9022-4e6d-a840-b3df73763a87,2026-08-31T18:20:50.665Z,separate_executor,quote_run_dispatch_probe,50,1303.86,success,,200,success
p3-ex-official-vu50,5730c284-7fff-4187-957a-05fa1d1aaaf0,2026-08-31T18:20:50.888Z,separate_executor,quote_run_dispatch_probe,50,1243.69,success,,200,success
p3-ex-official-vu50,cfa50287-2227-4daa-9b2c-a8957665db9b,2026-08-31T18:20:50.899Z,separate_executor,quote_run_dispatch_probe,50,1255.27,success,,200,success
p3-ex-official-vu50,78fd8a28-0392-4927-bdb5-6c7c467583a3,2026-08-31T18:20:50.981Z,separate_executor,quote_run_dispatch_probe,50,1068.86,success,,200,success
p3-ex-official-vu50,32e94ba4-fc28-43b3-9dad-8c922a1bce92,2026-08-31T18:20:51.087Z,separate_executor,quote_run_dispatch_probe,50,1094.17,success,,200,success
p3-ex-official-vu50,ad27ea54-3671-4634-84de-f32c2b811efa,2026-08-31T18:20:51.146Z,separate_executor,quote_run_dispatch_probe,50,1097.24,success,,200,success
p3-ex-official-vu50,22b80042-57eb-44a0-9291-2270595d7b0f,2026-08-31T18:20:51.156Z,separate_executor,quote_run_dispatch_probe,50,1219.47,success,,200,success
p3-ex-official-vu50,1b9279ec-f85a-4fc3-8203-3535631e013d,2026-08-31T18:20:51.173Z,separate_executor,quote_run_dispatch_probe,50,1112.08,success,,200,success
p3-ex-official-vu50,2e8798ad-5ec8-4b44-95af-8766e2bc8f0c,2026-08-31T18:20:51.312Z,separate_executor,quote_run_dispatch_probe,50,1171.01,success,,200,success
p3-ex-official-vu50,ac0a5415-2f23-4294-a190-9ba6448aa60c,2026-08-31T18:20:51.347Z,separate_executor,quote_run_dispatch_probe,50,1328.98,success,,200,success
p3-ex-official-vu50,ffcce83b-e016-4ac1-b663-f1ba74ae56cb,2026-08-31T18:20:51.348Z,separate_executor,quote_run_dispatch_probe,50,1370.22,success,,200,success
p3-ex-official-vu50,d9feeb3a-473f-4c2d-8997-51f0ec2fb2a5,2026-08-31T18:20:51.355Z,separate_executor,quote_run_dispatch_probe,50,1140.4,success,,200,success
p3-ex-official-vu50,3ebc7240-1f58-40d2-9d8e-3a8f1c4509be,2026-08-31T18:20:51.357Z,separate_executor,quote_run_dispatch_probe,50,1248.82,success,,200,success
p3-ex-official-vu50,05ae4d10-9971-4c6b-b654-eb9ccbbbbb18,2026-08-31T18:20:51.357Z,separate_executor,quote_run_dispatch_probe,50,1281.11,success,,200,success
p3-ex-official-vu50,58120f88-e795-4bf1-8583-4ce4ce021708,2026-08-31T18:20:51.358Z,separate_executor,quote_run_dispatch_probe,50,1364.34,success,,200,success
p3-ex-official-vu50,c1a1cac7-dc41-45a5-8b27-92070d428592,2026-08-31T18:20:51.363Z,separate_executor,quote_run_dispatch_probe,50,1426.43,success,,200,success
p3-ex-official-vu50,3548ebbf-54a1-41fe-858f-faad1b366d9b,2026-08-31T18:20:51.376Z,separate_executor,quote_run_dispatch_probe,50,1314.57,success,,200,success
p3-ex-official-vu50,17ba9c33-ed84-4f7a-900c-781f1256a55e,2026-08-31T18:20:51.382Z,separate_executor,quote_run_dispatch_probe,50,1372.49,success,,200,success
p3-ex-official-vu50,62e810af-3642-46bf-9032-5609abde8d67,2026-08-31T18:20:51.384Z,separate_executor,quote_run_dispatch_probe,50,1334.35,success,,200,success
p3-ex-official-vu50,6739765e-9722-4684-b7eb-ef4b1f992a5f,2026-08-31T18:20:51.389Z,separate_executor,quote_run_dispatch_probe,50,1163.35,success,,200,success
p3-ex-official-vu50,54f96a63-f75f-4c6f-b6fc-14b32518688d,2026-08-31T18:20:51.390Z,separate_executor,quote_run_dispatch_probe,50,1329.28,success,,200,success
p3-ex-official-vu50,d6f4dc05-148e-47a5-b650-f2fb2d8960df,2026-08-31T18:20:51.394Z,separate_executor,quote_run_dispatch_probe,50,1462.31,success,,200,success
p3-ex-official-vu50,5444d255-337f-45d9-9730-995679183d26,2026-08-31T18:20:51.397Z,separate_executor,quote_run_dispatch_probe,50,1420.88,success,,200,success
p3-ex-official-vu50,49ee0c28-e758-4776-95d4-7dc283aef1c8,2026-08-31T18:20:51.406Z,separate_executor,quote_run_dispatch_probe,50,1118.24,success,,200,success
p3-ex-official-vu50,f957a4dc-5771-45ca-a1f2-2e02ae672b1f,2026-08-31T18:20:51.423Z,separate_executor,quote_run_dispatch_probe,50,1403.65,success,,200,success
p3-ex-official-vu50,19ebc826-cbc0-4e53-9af3-1cf372150643,2026-08-31T18:20:51.462Z,separate_executor,quote_run_dispatch_probe,50,1437.93,success,,200,success
p3-ex-official-vu50,866116c8-ec5b-4387-9438-212ac38ffce3,2026-08-31T18:20:51.466Z,separate_executor,quote_run_dispatch_probe,50,1256.44,success,,200,success
p3-ex-official-vu50,96998cf9-c9de-4966-b23b-b04f74775c63,2026-08-31T18:20:51.530Z,separate_executor,quote_run_dispatch_probe,50,1505.51,success,,200,success
p3-ex-official-vu50,3e03f355-43e4-43d4-bd65-f3c4844051d1,2026-08-31T18:20:51.542Z,separate_executor,quote_run_dispatch_probe,50,1535.69,success,,200,success
p3-ex-official-vu50,9f5ef6a2-dceb-4911-8eb3-ad365c1f5f6d,2026-08-31T18:20:51.557Z,separate_executor,quote_run_dispatch_probe,50,1371.63,success,,200,success
p3-ex-official-vu50,1ae0f671-ea00-4fd3-a9be-69dd38bc9bd1,2026-08-31T18:20:51.564Z,separate_executor,quote_run_dispatch_probe,50,1302.77,success,,200,success
p3-ex-official-vu50,fbeb85ce-ec16-4d66-a05b-6fe3cdc2e653,2026-08-31T18:20:51.631Z,separate_executor,quote_run_dispatch_probe,50,1332.65,success,,200,success
p3-ex-official-vu50,8b4beb9a-61e7-4e06-a7d7-b920895c4911,2026-08-31T18:20:51.634Z,separate_executor,quote_run_dispatch_probe,50,1136.6,success,,200,success
p3-ex-official-vu50,cda0c5d3-6e7f-47d5-9ff8-b21ad9e9d2f5,2026-08-31T18:20:51.645Z,separate_executor,quote_run_dispatch_probe,50,1118.79,success,,200,success
p3-ex-official-vu50,c72514eb-9f34-44cd-97a6-2d14dd12cf17,2026-08-31T18:20:51.665Z,separate_executor,quote_run_dispatch_probe,50,1381.16,success,,200,success
p3-ex-official-vu50,266c8945-a272-429a-beaf-b10fdb2f3c5d,2026-08-31T18:20:51.666Z,separate_executor,quote_run_dispatch_probe,50,1254.56,success,,200,success
p3-ex-official-vu50,11548b7c-789e-447f-afea-0fbc81ace5c3,2026-08-31T18:20:51.726Z,separate_executor,quote_run_dispatch_probe,50,1235.56,success,,200,success
p3-ex-official-vu50,d16b80c8-56c2-457b-8cb7-45124d09453a,2026-08-31T18:20:51.734Z,separate_executor,quote_run_dispatch_probe,50,1226.03,success,,200,success
p3-ex-official-vu50,2f9e0f17-21ef-4f23-8407-12c77884de5b,2026-08-31T18:20:51.746Z,separate_executor,quote_run_dispatch_probe,50,1256.68,success,,200,success
p3-ex-official-vu50,7bc70db5-2947-468f-93da-2b99be31491c,2026-08-31T18:20:51.759Z,separate_executor,quote_run_dispatch_probe,50,1270.89,success,,200,success
p3-ex-official-vu50,a8b3c007-6fa4-47fa-9783-7fff587e52ec,2026-08-31T18:20:51.761Z,separate_executor,quote_run_dispatch_probe,50,1321.7,success,,200,success
p3-ex-official-vu50,a526a7f7-4141-4213-b9b5-81c9dfa04dfd,2026-08-31T18:20:51.764Z,separate_executor,quote_run_dispatch_probe,50,1354.37,success,,200,success
p3-ex-official-vu50,5e49277b-0349-476b-bf33-93b9f6f1a325,2026-08-31T18:20:51.811Z,separate_executor,quote_run_dispatch_probe,50,1386.95,success,,200,success
p3-ex-official-vu50,7a12bc16-ce6f-4ceb-94bc-e53848c3619e,2026-08-31T18:20:51.824Z,separate_executor,quote_run_dispatch_probe,50,1316.85,success,,200,success
p3-ex-official-vu50,1fd414f5-7795-4745-acbe-0f3588811e04,2026-08-31T18:20:51.875Z,separate_executor,quote_run_dispatch_probe,50,1383.98,success,,200,success
p3-ex-official-vu50,408c9843-80a6-47cf-a193-540827f7e092,2026-08-31T18:20:51.895Z,separate_executor,quote_run_dispatch_probe,50,1415.56,success,,200,success
p3-ex-official-vu50,66d07c30-3d88-4563-858c-1756191f5f50,2026-08-31T18:20:51.900Z,separate_executor,quote_run_dispatch_probe,50,1329.41,success,,200,success
p3-ex-official-vu50,8cdc3513-57b3-49f5-8626-f812e2cdb827,2026-08-31T18:20:51.928Z,separate_executor,quote_run_dispatch_probe,50,1447.62,success,,200,success
p3-ex-official-vu50,5c20a900-4ccc-4e67-8feb-d9487b35003a,2026-08-31T18:20:52.037Z,separate_executor,quote_run_dispatch_probe,50,1148.97,success,,200,success
p3-ex-official-vu50,7da4208a-cf9f-4cce-8810-e352a2daaf36,2026-08-31T18:20:52.053Z,separate_executor,quote_run_dispatch_probe,50,1528.47,success,,200,success
p3-ex-official-vu50,15e20691-5d25-4d5f-a7b2-770515ddb628,2026-08-31T18:20:52.097Z,separate_executor,quote_run_dispatch_probe,50,1490.01,success,,200,success
p3-ex-official-vu50,45403044-eb58-4dcf-82dc-c0baea661aa8,2026-08-31T18:20:52.136Z,separate_executor,quote_run_dispatch_probe,50,1236.27,success,,200,success
p3-ex-official-vu50,86e58b49-ce5f-4365-b139-3a13f674159f,2026-08-31T18:20:52.204Z,separate_executor,quote_run_dispatch_probe,50,1539.65,success,,200,success
p3-ex-official-vu50,afd14728-ad4d-4629-9add-5e492ae1ba59,2026-08-31T18:20:52.244Z,separate_executor,quote_run_dispatch_probe,50,1262.54,success,,200,success
p3-ex-official-vu50,5c3e550a-3ff9-4e4c-8382-7aec984ab180,2026-08-31T18:20:52.255Z,separate_executor,quote_run_dispatch_probe,50,1082.38,success,,200,success
p3-ex-official-vu50,70a069d2-c1f0-4e33-a04a-366a229ce780,2026-08-31T18:20:52.291Z,separate_executor,quote_run_dispatch_probe,50,1203.69,success,,200,success
p3-ex-official-vu50,19202442-57d9-4094-868b-38172c821adc,2026-08-31T18:20:52.297Z,separate_executor,quote_run_dispatch_probe,50,1151.29,success,,200,success
p3-ex-official-vu50,a6236784-194e-4506-aea5-cc9a6de04628,2026-08-31T18:20:52.439Z,separate_executor,quote_run_dispatch_probe,50,1283.22,success,,200,success
p3-ex-official-vu50,2f70b51a-b010-41e9-815d-ab110096acaf,2026-08-31T18:20:52.485Z,separate_executor,quote_run_dispatch_probe,50,1096.05,success,,200,success
p3-ex-official-vu50,62541ed0-f619-4e57-8797-78f808b84941,2026-08-31T18:20:52.488Z,separate_executor,quote_run_dispatch_probe,50,1081.86,success,,200,success
p3-ex-official-vu50,07360c44-0ae1-4975-aac9-b4e4e034332a,2026-08-31T18:20:52.560Z,separate_executor,quote_run_dispatch_probe,50,1248.08,success,,200,success
p3-ex-official-vu50,13cfd0f4-4db1-49fb-80e4-134f10616de4,2026-08-31T18:20:52.573Z,separate_executor,quote_run_dispatch_probe,50,1215.26,success,,200,success
p3-ex-official-vu50,9b827116-d582-4c4a-9ffe-b33482345d0c,2026-08-31T18:20:52.648Z,separate_executor,quote_run_dispatch_probe,50,1291.87,success,,200,success
p3-ex-official-vu50,b476f306-2778-4e4c-b7a2-71fab44202c3,2026-08-31T18:20:52.650Z,separate_executor,quote_run_dispatch_probe,50,1302.18,success,,200,success
p3-ex-official-vu50,6215576d-3895-48e1-82ea-5eb80f0e9cd3,2026-08-31T18:20:52.665Z,separate_executor,quote_run_dispatch_probe,50,1198.71,success,,200,success
p3-ex-official-vu50,48281c33-ee50-4dde-8560-5383bef7d22a,2026-08-31T18:20:52.670Z,separate_executor,quote_run_dispatch_probe,50,1274.88,success,,200,success
p3-ex-official-vu50,e6dfb47a-8d17-4a07-818c-e90f0ef3ed95,2026-08-31T18:20:52.696Z,separate_executor,quote_run_dispatch_probe,50,1305.12,success,,200,success
p3-ex-official-vu50,f6a384f7-5743-45b6-a92b-86740978a6eb,2026-08-31T18:20:52.701Z,separate_executor,quote_run_dispatch_probe,50,1337.69,success,,200,success
p3-ex-official-vu50,441f2912-e685-4e3f-a389-68d5b9d1f1e3,2026-08-31T18:20:52.712Z,separate_executor,quote_run_dispatch_probe,50,1354.28,success,,200,success
p3-ex-official-vu50,720205ed-5ad5-48f4-9f08-d7d7b6723ddd,2026-08-31T18:20:52.713Z,separate_executor,quote_run_dispatch_probe,50,1357.17,success,,200,success
p3-ex-official-vu50,cedbcb86-ae84-46d6-b411-fb0be3dacab9,2026-08-31T18:20:52.720Z,separate_executor,quote_run_dispatch_probe,50,1338.23,success,,200,success
p3-ex-official-vu50,5211337e-37b3-4621-9763-d4531fb75c76,2026-08-31T18:20:52.758Z,separate_executor,quote_run_dispatch_probe,50,1373.16,success,,200,success
p3-ex-official-vu50,113b5a0f-87ba-43f5-82d5-864d90b20632,2026-08-31T18:20:52.779Z,separate_executor,quote_run_dispatch_probe,50,1432.81,success,,200,success
p3-ex-official-vu50,1ad29b5e-a0b2-4bd8-b6bb-542422a2efb4,2026-08-31T18:20:52.828Z,separate_executor,quote_run_dispatch_probe,50,1196.84,success,,200,success
p3-ex-official-vu50,de1773f8-069d-458a-885f-80f42ae5d2f4,2026-08-31T18:20:52.858Z,separate_executor,quote_run_dispatch_probe,50,1395.38,success,,200,success
p3-ex-official-vu50,6206a498-5ec9-46ce-906c-8669ba092d78,2026-08-31T18:20:52.876Z,separate_executor,quote_run_dispatch_probe,50,1345.15,success,,200,success
p3-ex-official-vu50,d22337ff-efde-4d87-92cf-f1719b9b6520,2026-08-31T18:20:52.896Z,separate_executor,quote_run_dispatch_probe,50,1520.03,success,,200,success
p3-ex-official-vu50,1feffce1-ff66-49b4-ace0-e2c43bd58109,2026-08-31T18:20:53.022Z,separate_executor,quote_run_dispatch_probe,50,1457.87,success,,200,success
p3-ex-official-vu50,67100fdd-9e35-4ea7-840c-624c6e962640,2026-08-31T18:20:53.031Z,separate_executor,quote_run_dispatch_probe,50,1365.39,success,,200,success
p3-ex-official-vu50,7029d983-4e11-4db7-bbba-a56f3caff595,2026-08-31T18:20:53.062Z,separate_executor,quote_run_dispatch_probe,50,1416.64,success,,200,success
p3-ex-official-vu50,2fb4c82f-a930-4e64-af15-f56605903b36,2026-08-31T18:20:53.116Z,separate_executor,quote_run_dispatch_probe,50,1718.34,success,,200,success
p3-ex-official-vu50,17eded79-45b9-4889-86e4-037f246f84cf,2026-08-31T18:20:53.342Z,separate_executor,quote_run_dispatch_probe,50,1784.25,success,,200,success
p3-ex-official-vu50,771d3396-f9e4-4785-8f6b-118ca4163948,2026-08-31T18:20:53.356Z,separate_executor,quote_run_dispatch_probe,50,1932.87,success,,200,success
p3-ex-official-vu50,ea2a3997-333b-4da0-9920-7dfda60d7533,2026-08-31T18:20:53.358Z,separate_executor,quote_run_dispatch_probe,50,1815.28,success,,200,success
p3-ex-official-vu50,15054608-e0ed-41a8-bc31-3e745724d854,2026-08-31T18:20:53.414Z,separate_executor,quote_run_dispatch_probe,50,1780.01,success,,200,success
p3-ex-official-vu50,93bede74-5488-4ebf-b182-d1c4acb01bc2,2026-08-31T18:20:53.425Z,separate_executor,quote_run_dispatch_probe,50,1679.07,success,,200,success
p3-ex-official-vu50,1b90d922-f8fb-4ffc-a2eb-e3531a225e0b,2026-08-31T18:20:53.426Z,separate_executor,quote_run_dispatch_probe,50,1692.04,success,,200,success
p3-ex-official-vu50,09eebf5e-48b6-42cf-bdaf-5209f2a2439a,2026-08-31T18:20:53.427Z,separate_executor,quote_run_dispatch_probe,50,1666.1,success,,200,success
p3-ex-official-vu50,86da0b9a-18d8-4785-b92a-827b485c68ac,2026-08-31T18:20:53.428Z,separate_executor,quote_run_dispatch_probe,50,1701.22,success,,200,success
p3-ex-official-vu50,d88871ec-d4a4-4bba-b62d-9a4c54ca7844,2026-08-31T18:20:53.444Z,separate_executor,quote_run_dispatch_probe,50,1568.51,success,,200,success
p3-ex-official-vu50,9be07bc0-6791-4ac3-9dcc-ebf102a9bb4b,2026-08-31T18:20:53.445Z,separate_executor,quote_run_dispatch_probe,50,1633.8,success,,200,success
p3-ex-official-vu50,d0700d8f-de9e-44fd-a00a-ba7720bdb597,2026-08-31T18:20:53.452Z,separate_executor,quote_run_dispatch_probe,50,1687.5,success,,200,success
p3-ex-official-vu50,5b23955f-cf56-43f0-bc48-ef93f2a64636,2026-08-31T18:20:53.457Z,separate_executor,quote_run_dispatch_probe,50,1792.42,success,,200,success
p3-ex-official-vu50,9ce7180d-bb7b-402e-8837-2d499c30399f,2026-08-31T18:20:53.463Z,separate_executor,quote_run_dispatch_probe,50,1639.47,success,,200,success
p3-ex-official-vu50,1a23e3fd-8388-4de1-b3fb-b8a9af7f0dec,2026-08-31T18:20:53.498Z,separate_executor,quote_run_dispatch_probe,50,1739.34,success,,200,success
p3-ex-official-vu50,d0c87ff5-533f-456a-9f6b-a822ce9b050d,2026-08-31T18:20:53.512Z,separate_executor,quote_run_dispatch_probe,50,1612.24,success,,200,success
p3-ex-official-vu50,0956410e-1fcb-4921-9ba8-9408cec8fcf2,2026-08-31T18:20:53.526Z,separate_executor,quote_run_dispatch_probe,50,1270.93,success,,200,success
p3-ex-official-vu50,f39a658c-92c4-4047-9c8e-357af7824771,2026-08-31T18:20:53.536Z,separate_executor,quote_run_dispatch_probe,50,1608.81,success,,200,success
p3-ex-official-vu50,1c133af0-8977-4fa9-825f-e489770f38b8,2026-08-31T18:20:53.541Z,separate_executor,quote_run_dispatch_probe,50,1243.97,success,,200,success
p3-ex-official-vu50,0970adf9-6ddd-45ac-99de-b5ffe7509e66,2026-08-31T18:20:53.554Z,separate_executor,quote_run_dispatch_probe,50,1659.33,success,,200,success
p3-ex-official-vu50,e88a7a77-85dd-49ea-b9bc-1892b6c3b7df,2026-08-31T18:20:53.588Z,separate_executor,quote_run_dispatch_probe,50,1452.05,success,,200,success
p3-ex-official-vu50,ad1b0e19-8cee-447c-bdea-1dcf32e7a23f,2026-08-31T18:20:53.589Z,separate_executor,quote_run_dispatch_probe,50,1551.33,success,,200,success
p3-ex-official-vu50,2811624c-d14f-4924-96ce-cd8a816f4e57,2026-08-31T18:20:53.590Z,separate_executor,quote_run_dispatch_probe,50,1536.33,success,,200,success
p3-ex-official-vu50,e2eb5265-a9ed-4bba-a2bf-064f701f42f7,2026-08-31T18:20:53.600Z,separate_executor,quote_run_dispatch_probe,50,1308.92,success,,200,success
p3-ex-official-vu50,fc7930bb-b2a2-48c6-a170-06d5283bc144,2026-08-31T18:20:53.601Z,separate_executor,quote_run_dispatch_probe,50,1357.11,success,,200,success
p3-ex-official-vu50,d056d0b9-8da1-4aca-b862-0c3ca971183f,2026-08-31T18:20:53.613Z,separate_executor,quote_run_dispatch_probe,50,1127.74,success,,200,success
p3-ex-official-vu50,ec5fd617-db17-4661-b2ac-601de442eba1,2026-08-31T18:20:53.614Z,separate_executor,quote_run_dispatch_probe,50,1126.11,success,,200,success
p3-ex-official-vu50,f54fc45b-f31b-4088-a5db-57a81861a6e0,2026-08-31T18:20:53.630Z,separate_executor,quote_run_dispatch_probe,50,1425.46,success,,200,success
p3-ex-official-vu50,17c02341-305f-4caf-820d-ab94967e70a0,2026-08-31T18:20:53.631Z,separate_executor,quote_run_dispatch_probe,50,1057.52,success,,200,success
p3-ex-official-vu50,f6bdd649-8bf8-4a90-9fd6-e607a316677f,2026-08-31T18:20:53.649Z,separate_executor,quote_run_dispatch_probe,50,1088.6,success,,200,success
p3-ex-official-vu50,00f79e07-a7c2-4d0f-ba36-17e8822b452d,2026-08-31T18:20:53.699Z,separate_executor,quote_run_dispatch_probe,50,1260.28,success,,200,success
p3-ex-official-vu50,b3e847f3-fbf5-4198-98fc-fcc87a4cba11,2026-08-31T18:20:53.701Z,separate_executor,quote_run_dispatch_probe,50,1604.18,success,,200,success
p3-ex-official-vu50,470ddba7-d492-41e3-af55-ae6b5aabd0bb,2026-08-31T18:20:53.715Z,separate_executor,quote_run_dispatch_probe,50,1064.94,success,,200,success
p3-ex-official-vu50,b589cf42-159b-4f5c-bf61-dc79e3e8c9ad,2026-08-31T18:20:53.745Z,separate_executor,quote_run_dispatch_probe,50,1096.23,success,,200,success
p3-ex-official-vu50,89bf91ac-da97-4f10-ade9-15e08032a949,2026-08-31T18:20:53.757Z,separate_executor,quote_run_dispatch_probe,50,1092.38,success,,200,success
p3-ex-official-vu50,8adc9f86-c03c-4cee-8741-5d5fc5fef3f5,2026-08-31T18:20:53.766Z,separate_executor,quote_run_dispatch_probe,50,1065.26,success,,200,success
p3-ex-official-vu50,261fd12e-5e1d-43ad-8180-aa4aad12369b,2026-08-31T18:20:53.767Z,separate_executor,quote_run_dispatch_probe,50,1097.78,success,,200,success
p3-ex-official-vu50,a92b625f-b64a-4dce-9c84-ef37478694d1,2026-08-31T18:20:53.781Z,separate_executor,quote_run_dispatch_probe,50,952.89,success,,200,success
p3-ex-official-vu50,2961ee06-dcf8-4b7a-8596-784029b12d55,2026-08-31T18:20:53.782Z,separate_executor,quote_run_dispatch_probe,50,1086.12,success,,200,success
p3-ex-official-vu50,26a43fef-2692-40ba-92a8-df0bfcb0086d,2026-08-31T18:20:53.824Z,separate_executor,quote_run_dispatch_probe,50,1103.26,success,,200,success
p3-ex-official-vu50,64da15c3-ab99-4d1b-a527-1770496347d2,2026-08-31T18:20:53.846Z,separate_executor,quote_run_dispatch_probe,50,949.42,success,,200,success
p3-ex-official-vu50,e0ec687e-4549-4806-89a7-7872c6e267ae,2026-08-31T18:20:53.867Z,separate_executor,quote_run_dispatch_probe,50,1154.12,success,,200,success
p3-ex-official-vu50,6618bfa6-9b01-4a5a-9728-adfed9bb116b,2026-08-31T18:20:53.874Z,separate_executor,quote_run_dispatch_probe,50,1162.3,success,,200,success
p3-ex-official-vu50,dba39e4b-171f-4507-84a1-af05d0ebeb58,2026-08-31T18:20:53.972Z,separate_executor,quote_run_dispatch_probe,50,949.85,success,,200,success
p3-ex-official-vu50,c412d5a0-64fc-47e0-a136-e3f7f7683272,2026-08-31T18:20:54.023Z,separate_executor,quote_run_dispatch_probe,50,1165.14,success,,200,success
p3-ex-official-vu50,efef39e6-b351-4bc5-a200-19d3f0df94bf,2026-08-31T18:20:54.059Z,separate_executor,quote_run_dispatch_probe,50,1183.61,success,,200,success
p3-ex-official-vu50,6c7fef7c-4648-4bed-bdca-e7bba9504c29,2026-08-31T18:20:54.061Z,separate_executor,quote_run_dispatch_probe,50,1281.12,success,,200,success
p3-ex-official-vu50,0371438d-2865-40bb-978a-635d7e2a177a,2026-08-31T18:20:54.281Z,separate_executor,quote_run_dispatch_probe,50,1218.96,success,,200,success
p3-ex-official-vu50,42fa2bcd-fc03-4e09-8fc7-b20b369399d6,2026-08-31T18:20:54.289Z,separate_executor,quote_run_dispatch_probe,50,1172.72,success,,200,success
p3-ex-official-vu50,a79c19cf-ef96-434b-81e3-93048a26e476,2026-08-31T18:20:54.289Z,separate_executor,quote_run_dispatch_probe,50,1258.16,success,,200,success
p3-ex-official-vu50,b3f351a1-a18f-4fab-aa16-76fd81606451,2026-08-31T18:20:54.451Z,separate_executor,quote_run_dispatch_probe,50,993.8,success,,200,success
p3-ex-official-vu50,d469d6fe-45f9-40c7-bef0-315f6b9c98ec,2026-08-31T18:20:54.484Z,separate_executor,quote_run_dispatch_probe,50,1057.5,success,,200,success
p3-ex-official-vu50,f1375105-a048-4ee7-b897-06f266e6958b,2026-08-31T18:20:54.490Z,separate_executor,quote_run_dispatch_probe,50,1732.51,success,,200,success
p3-ex-official-vu50,33a1a1dd-2c73-409f-89cd-8ee31c00a2f7,2026-08-31T18:20:54.556Z,separate_executor,quote_run_dispatch_probe,50,1130.84,success,,200,success
p3-ex-official-vu50,0e2f93b2-a5c2-4b15-82da-dc016ef4ea2d,2026-08-31T18:20:54.557Z,separate_executor,quote_run_dispatch_probe,50,1112.47,success,,200,success
p3-ex-official-vu50,62b77457-1434-49e3-961f-cb6dc667f18e,2026-08-31T18:20:54.557Z,separate_executor,quote_run_dispatch_probe,50,968.6,success,,200,success
p3-ex-official-vu50,7869872e-44ec-4d74-866d-9adc5827a3ed,2026-08-31T18:20:54.591Z,separate_executor,quote_run_dispatch_probe,50,1234.75,success,,200,success
p3-ex-official-vu50,000edde0-cc07-452c-a0e8-441538c71034,2026-08-31T18:20:54.592Z,separate_executor,quote_run_dispatch_probe,50,1140.01,success,,200,success
p3-ex-official-vu50,d6fe778a-f811-4d97-85ab-a3d27d207a2a,2026-08-31T18:20:54.592Z,separate_executor,quote_run_dispatch_probe,50,1164.91,success,,200,success
p3-ex-official-vu50,eb1b413c-8169-40c7-81df-985958e3adf5,2026-08-31T18:20:54.596Z,separate_executor,quote_run_dispatch_probe,50,1169.22,success,,200,success
p3-ex-official-vu50,f8dbfd5e-c435-4c4f-a600-913ab387af11,2026-08-31T18:20:54.652Z,separate_executor,quote_run_dispatch_probe,50,1055.59,success,,200,success
p3-ex-official-vu50,d4d23d53-353f-40bc-a04d-6e6dc67b4771,2026-08-31T18:20:54.681Z,separate_executor,quote_run_dispatch_probe,50,1168.78,success,,200,success
p3-ex-official-vu50,47fb9c03-2146-46f9-ba60-50ac39090393,2026-08-31T18:20:54.698Z,separate_executor,quote_run_dispatch_probe,50,1066.9,success,,200,success
p3-ex-official-vu50,d7416630-0181-4b36-b344-f5178c4aaffc,2026-08-31T18:20:54.721Z,separate_executor,quote_run_dispatch_probe,50,1379.18,success,,200,success
p3-ex-official-vu50,37223fa9-c064-484c-8c5f-059d2a8caacb,2026-08-31T18:20:54.776Z,separate_executor,quote_run_dispatch_probe,50,1234.73,success,,200,success
p3-ex-official-vu50,b9b03a91-39d0-431d-a4f4-7fe96adebe71,2026-08-31T18:20:54.785Z,separate_executor,quote_run_dispatch_probe,50,1259.16,success,,200,success
p3-ex-official-vu50,61ec7df6-6ced-4244-846e-fcf3c593bb65,2026-08-31T18:20:54.786Z,separate_executor,quote_run_dispatch_probe,50,1323.23,success,,200,success
p3-ex-official-vu50,8abd4e9c-a745-4e73-8fff-9ed904c03e10,2026-08-31T18:20:54.787Z,separate_executor,quote_run_dispatch_probe,50,1342.34,success,,200,success
p3-ex-official-vu50,43b12b0b-4b4d-4cb5-a5ff-514ff2099b7e,2026-08-31T18:20:54.841Z,separate_executor,quote_run_dispatch_probe,50,1192.73,success,,200,success
p3-ex-official-vu50,24bc3fff-a077-4ca1-abfb-25f013b6755a,2026-08-31T18:20:54.842Z,separate_executor,quote_run_dispatch_probe,50,1428.48,success,,200,success
p3-ex-official-vu50,ed0e6616-9620-4611-a3d1-53a7ae330b7f,2026-08-31T18:20:54.843Z,separate_executor,quote_run_dispatch_probe,50,1306.83,success,,200,success
p3-ex-official-vu50,86f471c2-f937-4d51-823a-0f3b8c307e08,2026-08-31T18:20:54.858Z,separate_executor,quote_run_dispatch_probe,50,1257.27,success,,200,success
p3-ex-official-vu50,d845a4ea-7e25-408b-967b-10b518b3e7dc,2026-08-31T18:20:54.872Z,separate_executor,quote_run_dispatch_probe,50,1283.75,success,,200,success
p3-ex-official-vu50,f4641dab-2204-48a2-91f9-b751e77cb8b8,2026-08-31T18:20:54.873Z,separate_executor,quote_run_dispatch_probe,50,1259.52,success,,200,success
p3-ex-official-vu50,3fd8175d-d8de-4ce1-9e1a-9937ea7e30fa,2026-08-31T18:20:54.880Z,separate_executor,quote_run_dispatch_probe,50,1522.13,success,,200,success
p3-ex-official-vu50,218a1fa6-9baa-486a-a3d0-3eb7c2fe1dcd,2026-08-31T18:20:54.898Z,separate_executor,quote_run_dispatch_probe,50,1196.59,success,,200,success
p3-ex-official-vu50,e820cbcb-4ed1-4411-975c-2abdfc6a049a,2026-08-31T18:20:54.906Z,separate_executor,quote_run_dispatch_probe,50,1292.36,success,,200,success
p3-ex-official-vu50,ccb7dd00-e864-4942-a5b4-69fec0211976,2026-08-31T18:20:54.926Z,separate_executor,quote_run_dispatch_probe,50,1371.51,success,,200,success
p3-ex-official-vu50,8c0a0a5b-6c6b-4f2f-ad40-2f91699dcf94,2026-08-31T18:20:54.955Z,separate_executor,quote_run_dispatch_probe,50,1197.42,success,,200,success
p3-ex-official-vu50,6b2828ec-5c57-4398-b33b-e798a8295a61,2026-08-31T18:20:54.956Z,separate_executor,quote_run_dispatch_probe,50,1240.88,success,,200,success
p3-ex-official-vu50,318899cd-8644-45eb-b3d2-a45e007aa8e5,2026-08-31T18:20:54.959Z,separate_executor,quote_run_dispatch_probe,50,1460.8,success,,200,success
p3-ex-official-vu50,c1ace9e0-cbfd-4194-9c50-caa3de7b429c,2026-08-31T18:20:54.960Z,separate_executor,quote_run_dispatch_probe,50,1193.6,success,,200,success
p3-ex-official-vu50,367d0b33-fcb5-4273-b8a8-8ea643079644,2026-08-31T18:20:54.962Z,separate_executor,quote_run_dispatch_probe,50,1138.5,success,,200,success
p3-ex-official-vu50,a323744d-87b0-4075-877c-ff08e3bcd022,2026-08-31T18:20:55.009Z,separate_executor,quote_run_dispatch_probe,50,1241.09,success,,200,success
p3-ex-official-vu50,a09271a3-5611-4e4d-912f-fb4723622b75,2026-08-31T18:20:55.011Z,separate_executor,quote_run_dispatch_probe,50,1381.07,success,,200,success
p3-ex-official-vu50,c0de7927-f6fe-46f0-ad1f-9ca1e24bd93c,2026-08-31T18:20:55.024Z,separate_executor,quote_run_dispatch_probe,50,1243.23,success,,200,success
p3-ex-official-vu50,b73102f9-4228-4843-a1a5-c70a2a5089d6,2026-08-31T18:20:55.026Z,separate_executor,quote_run_dispatch_probe,50,1053.31,success,,200,success
p3-ex-official-vu50,270b350a-6bfd-42da-8fcd-98e73bee1d4b,2026-08-31T18:20:55.052Z,separate_executor,quote_run_dispatch_probe,50,1269.78,success,,200,success
p3-ex-official-vu50,f92bb7e4-6a17-43f4-add1-00596b46b0ce,2026-08-31T18:20:55.062Z,separate_executor,quote_run_dispatch_probe,50,1462.73,success,,200,success
p3-ex-official-vu50,5adeffa3-017e-4806-8539-b476b881162d,2026-08-31T18:20:55.078Z,separate_executor,quote_run_dispatch_probe,50,1232.46,success,,200,success
p3-ex-official-vu50,2e05ce41-99b2-4ea7-a62e-004e42d9a004,2026-08-31T18:20:55.147Z,separate_executor,quote_run_dispatch_probe,50,1401.92,success,,200,success
p3-ex-official-vu50,acf1f155-932b-4f76-8726-5274ea4aaedd,2026-08-31T18:20:55.160Z,separate_executor,quote_run_dispatch_probe,50,1285.52,success,,200,success
p3-ex-official-vu50,577cd92a-9954-4e19-9251-6f6add55567c,2026-08-31T18:20:55.229Z,separate_executor,quote_run_dispatch_probe,50,1529.49,success,,200,success
p3-ex-official-vu50,25a32ea5-1aac-426d-81f3-ba274493d6e3,2026-08-31T18:20:55.310Z,separate_executor,quote_run_dispatch_probe,50,1443.62,success,,200,success
p3-ex-official-vu50,59252a9c-bffd-4141-9817-933c56ac5f9e,2026-08-31T18:20:55.324Z,separate_executor,quote_run_dispatch_probe,50,1263.63,success,,200,success
p3-ex-official-vu50,f9752fa4-c468-47b5-aaa2-d0e01a620d85,2026-08-31T18:20:55.343Z,separate_executor,quote_run_dispatch_probe,50,1319.71,success,,200,success
p3-ex-official-vu50,4ffd33cf-cc11-42f8-99d3-77217437f615,2026-08-31T18:20:55.483Z,separate_executor,quote_run_dispatch_probe,50,1423.89,success,,200,success
p3-ex-official-vu50,e03ce0fe-dfa6-454f-93d3-16b6bdafbfa4,2026-08-31T18:20:55.498Z,separate_executor,quote_run_dispatch_probe,50,1209.88,success,,200,success
p3-ex-official-vu50,3f48eed0-93c4-4270-bd61-a0c7da645dd4,2026-08-31T18:20:55.511Z,separate_executor,quote_run_dispatch_probe,50,1059.89,success,,200,success
p3-ex-official-vu50,1d0456f6-114d-431c-b7cd-6120e7d6736f,2026-08-31T18:20:55.583Z,separate_executor,quote_run_dispatch_probe,50,1099.11,success,,200,success
p3-ex-official-vu50,eb7206ae-534c-480e-9859-0054ace1ed4b,2026-08-31T18:20:55.685Z,separate_executor,quote_run_dispatch_probe,50,1395.68,success,,200,success
p3-ex-official-vu50,4140e746-edd5-4e8b-8466-ce722868de92,2026-08-31T18:20:55.689Z,separate_executor,quote_run_dispatch_probe,50,1408.28,success,,200,success
p3-ex-official-vu50,f061bb78-a982-4611-8834-89aca29f9e7f,2026-08-31T18:20:55.726Z,separate_executor,quote_run_dispatch_probe,50,1168.75,success,,200,success
p3-ex-official-vu50,efc66fa8-eff6-46e9-a9a0-4788bb672fc8,2026-08-31T18:20:55.815Z,separate_executor,quote_run_dispatch_probe,50,1116.7,success,,200,success
p3-ex-official-vu50,1dd2f478-dda7-4941-8733-bc7a606c6946,2026-08-31T18:20:55.817Z,separate_executor,quote_run_dispatch_probe,50,1224.18,success,,200,success
p3-ex-official-vu50,46ecb2b7-29f2-417d-8666-bb52e6a0d4a0,2026-08-31T18:20:55.822Z,separate_executor,quote_run_dispatch_probe,50,1170.21,success,,200,success
p3-ex-official-vu50,64124dc6-a937-4e31-9428-7eec6f7a93a1,2026-08-31T18:20:55.923Z,separate_executor,quote_run_dispatch_probe,50,1332.61,success,,200,success
p3-ex-official-vu50,0aeb8187-8ee6-4d73-a5f1-21ecb2a53059,2026-08-31T18:20:55.931Z,separate_executor,quote_run_dispatch_probe,50,1375.45,success,,200,success
p3-ex-official-vu50,f6f9c2ea-28a9-4864-84ed-d6961e71eacd,2026-08-31T18:20:55.947Z,separate_executor,quote_run_dispatch_probe,50,1390.74,success,,200,success
p3-ex-official-vu50,a7fea1ab-c9cd-43ae-abf8-4bb8f177e929,2026-08-31T18:20:55.975Z,separate_executor,quote_run_dispatch_probe,50,1101.85,success,,200,success
p3-ex-official-vu50,6760b6d1-4c40-42d5-8e7b-52b90eb30faa,2026-08-31T18:20:56.002Z,separate_executor,quote_run_dispatch_probe,50,1405.77,success,,200,success
p3-ex-official-vu50,cb06c260-3fb9-4727-91f0-bfae3193621d,2026-08-31T18:20:56.016Z,separate_executor,quote_run_dispatch_probe,50,1173.84,success,,200,success
p3-ex-official-vu50,46e0765c-9b64-4a39-808d-e295fe7337dc,2026-08-31T18:20:56.051Z,separate_executor,quote_run_dispatch_probe,50,1179.62,success,,200,success
p3-ex-official-vu50,ecfe1ff2-ee00-4a9a-bed4-58d0f50e5d5e,2026-08-31T18:20:56.054Z,separate_executor,quote_run_dispatch_probe,50,1156.09,success,,200,success
p3-ex-official-vu50,d15d4d5a-e39a-4860-84bd-abd394c54f01,2026-08-31T18:20:56.070Z,separate_executor,quote_run_dispatch_probe,50,1389.53,success,,200,success
p3-ex-official-vu50,f9133109-52a5-48ee-9eab-5252f9a82c92,2026-08-31T18:20:56.104Z,separate_executor,quote_run_dispatch_probe,50,1144.12,success,,200,success
p3-ex-official-vu50,64d1dafc-3278-406e-8ec8-7427b7179bfd,2026-08-31T18:20:56.105Z,separate_executor,quote_run_dispatch_probe,50,1319.15,success,,200,success
p3-ex-official-vu50,36f6d370-5d87-45cd-9880-2d416734b7b7,2026-08-31T18:20:56.127Z,separate_executor,quote_run_dispatch_probe,50,1534.96,success,,200,success
p3-ex-official-vu50,dd6dad5a-cf59-4c7e-ba31-955b81b41935,2026-08-31T18:20:56.128Z,separate_executor,quote_run_dispatch_probe,50,1407.36,success,,200,success
p3-ex-official-vu50,f1013845-9e58-4df5-94ca-2fb443a12eb0,2026-08-31T18:20:56.167Z,separate_executor,quote_run_dispatch_probe,50,1390.53,success,,200,success
p3-ex-official-vu50,3bfa0e33-9e63-4841-b9be-eb44aa905e4f,2026-08-31T18:20:56.192Z,separate_executor,quote_run_dispatch_probe,50,1311.95,success,,200,success
p3-ex-official-vu50,fd2774d0-0496-46c1-9d41-4488846b3ab7,2026-08-31T18:20:56.231Z,separate_executor,quote_run_dispatch_probe,50,1324.64,success,,200,success
p3-ex-official-vu50,f0e4ea28-6984-47ed-8f2e-f283c8307ade,2026-08-31T18:20:56.232Z,separate_executor,quote_run_dispatch_probe,50,1446.78,success,,200,success
p3-ex-official-vu50,40312ab0-d52d-4090-839b-5281c8696d23,2026-08-31T18:20:56.236Z,separate_executor,quote_run_dispatch_probe,50,1210.62,success,,200,success
p3-ex-official-vu50,2372c6e2-4e2e-4498-a25f-6ae46d832af4,2026-08-31T18:20:56.352Z,separate_executor,quote_run_dispatch_probe,50,1511.03,success,,200,success
p3-ex-official-vu50,b6b85431-345b-4afd-9d96-ca4710fa598c,2026-08-31T18:20:56.353Z,separate_executor,quote_run_dispatch_probe,50,1566.21,success,,200,success
p3-ex-official-vu50,f18f39a9-6171-4ac4-b27d-c3323ca6b0e5,2026-08-31T18:20:56.354Z,separate_executor,quote_run_dispatch_probe,50,1510.78,success,,200,success
p3-ex-official-vu50,66a7f54d-f3a7-40dd-bfaa-108141b060c6,2026-08-31T18:20:56.378Z,separate_executor,quote_run_dispatch_probe,50,1415.96,success,,200,success
p3-ex-official-vu50,d17f41d9-277d-4f02-a70a-8d979750b029,2026-08-31T18:20:56.464Z,separate_executor,quote_run_dispatch_probe,50,1439.73,success,,200,success
p3-ex-official-vu50,0f6bc810-ca2f-4621-b556-a65bc6780969,2026-08-31T18:20:56.495Z,separate_executor,quote_run_dispatch_probe,50,1569.28,success,,200,success
p3-ex-official-vu50,c8b12aa2-53e4-4f8c-a4a2-ed4590e5ca8c,2026-08-31T18:20:56.497Z,separate_executor,quote_run_dispatch_probe,50,1488.32,success,,200,success
p3-ex-official-vu50,b2ba3ece-b183-4f1e-b48e-861386135e64,2026-08-31T18:20:56.498Z,separate_executor,quote_run_dispatch_probe,50,1538.36,success,,200,success
p3-ex-official-vu50,38e5db1c-24fc-4c4a-ae64-e6f36cad0826,2026-08-31T18:20:56.498Z,separate_executor,quote_run_dispatch_probe,50,1542.35,success,,200,success
p3-ex-official-vu50,af518e08-74fd-4aad-9fb1-fd7a0a074162,2026-08-31T18:20:56.537Z,separate_executor,quote_run_dispatch_probe,50,1678.67,success,,200,success
p3-ex-official-vu50,cd23e2b7-9f29-4de8-a197-960b12c43630,2026-08-31T18:20:56.539Z,separate_executor,quote_run_dispatch_probe,50,1476.37,success,,200,success
p3-ex-official-vu50,e4346333-2c0d-41b1-a400-9f0c78e8753f,2026-08-31T18:20:56.569Z,separate_executor,quote_run_dispatch_probe,50,1490.42,success,,200,success
p3-ex-official-vu50,82007e04-5018-411e-9301-2ba1c72bd8f3,2026-08-31T18:20:56.569Z,separate_executor,quote_run_dispatch_probe,50,2079.13,success,,200,success
p3-ex-official-vu50,c794c260-ae06-4b43-a138-8a006cd10f51,2026-08-31T18:20:56.570Z,separate_executor,quote_run_dispatch_probe,50,1615,success,,200,success
p3-ex-official-vu50,2182151b-c405-415b-8e44-49acd9bb0f58,2026-08-31T18:20:56.612Z,separate_executor,quote_run_dispatch_probe,50,1601.43,success,,200,success
p3-ex-official-vu50,4464fe06-10aa-46dc-b66d-6430b872601e,2026-08-31T18:20:56.684Z,separate_executor,quote_run_dispatch_probe,50,1632.22,success,,200,success
p3-ex-official-vu50,c2edf697-14f2-4b1b-b362-18893b1820a5,2026-08-31T18:20:56.719Z,separate_executor,quote_run_dispatch_probe,50,1376.51,success,,200,success
p3-ex-official-vu50,2aae85ad-cbb6-41a2-bb08-904569b29d1f,2026-08-31T18:20:56.720Z,separate_executor,quote_run_dispatch_probe,50,1573.06,success,,200,success
p3-ex-official-vu50,52f5e26d-9ab9-49f7-962b-3a64b7500385,2026-08-31T18:20:56.748Z,separate_executor,quote_run_dispatch_probe,50,1437.72,success,,200,success
p3-ex-official-vu50,72aadd43-90c4-425f-8cef-6aded8a8e027,2026-08-31T18:20:56.778Z,separate_executor,quote_run_dispatch_probe,50,1618.64,success,,200,success
p3-ex-official-vu50,e4c5b8ec-c1f2-4401-aef0-bc5924f26809,2026-08-31T18:20:56.779Z,separate_executor,quote_run_dispatch_probe,50,1454.67,success,,200,success
p3-ex-official-vu50,7286c96b-bdbe-4e08-9f8e-f9abe1faecb5,2026-08-31T18:20:56.780Z,separate_executor,quote_run_dispatch_probe,50,1197.15,success,,200,success
p3-ex-official-vu50,df3d51fe-9fff-47a1-b407-a63d1bd9db13,2026-08-31T18:20:56.822Z,separate_executor,quote_run_dispatch_probe,50,1592.7,success,,200,success
p3-ex-official-vu50,50b088a9-6ec3-484c-91f4-315e67c34e52,2026-08-31T18:20:56.823Z,separate_executor,quote_run_dispatch_probe,50,1096.33,success,,200,success
p3-ex-official-vu50,0386105d-6a5b-4cdf-8052-5d64ae3fed40,2026-08-31T18:20:56.823Z,separate_executor,quote_run_dispatch_probe,50,1312.24,success,,200,success
p3-ex-official-vu50,7e6c2939-bd00-4661-8e63-daac34b5e8c7,2026-08-31T18:20:56.863Z,separate_executor,quote_run_dispatch_probe,50,915.95,success,,200,success
p3-ex-official-vu50,614a6606-60bd-40f6-b67d-fea0f3623533,2026-08-31T18:20:56.906Z,separate_executor,quote_run_dispatch_probe,50,1407.71,success,,200,success
p3-ex-official-vu50,099b1dd2-830a-436a-a5c8-c1eecd43e5bd,2026-08-31T18:20:56.938Z,separate_executor,quote_run_dispatch_probe,50,1116.02,success,,200,success
p3-ex-official-vu50,044cb2b6-ccd2-4f8c-bc6b-a733d9c173f9,2026-08-31T18:20:56.939Z,separate_executor,quote_run_dispatch_probe,50,1124.68,success,,200,success
p3-ex-official-vu50,32ce81af-119d-4625-94c1-190678e0980e,2026-08-31T18:20:56.940Z,separate_executor,quote_run_dispatch_probe,50,965.29,success,,200,success
p3-ex-official-vu50,035c733c-1b7b-4bd7-8daf-2139601208a8,2026-08-31T18:20:56.971Z,separate_executor,quote_run_dispatch_probe,50,901.1,success,,200,success
p3-ex-official-vu50,183ee8a8-bdb7-4753-9c98-cce36d119e8b,2026-08-31T18:20:56.973Z,separate_executor,quote_run_dispatch_probe,50,1489.36,success,,200,success
p3-ex-official-vu50,bb46aa15-fab4-4ed8-b7d3-c874f1ab3e65,2026-08-31T18:20:57.127Z,separate_executor,quote_run_dispatch_probe,50,1441.82,success,,200,success
p3-ex-official-vu50,89c879f3-db5e-450d-b856-9cd3856ad62c,2026-08-31T18:20:57.128Z,separate_executor,quote_run_dispatch_probe,50,1439.24,success,,200,success
p3-ex-official-vu50,125985cf-1c02-4751-ae68-5a4488866b55,2026-08-31T18:20:57.139Z,separate_executor,quote_run_dispatch_probe,50,1215.43,success,,200,success
p3-ex-official-vu50,38e7126f-70ef-4eeb-986f-b8f7b935d524,2026-08-31T18:20:57.140Z,separate_executor,quote_run_dispatch_probe,50,1085.57,success,,200,success
p3-ex-official-vu50,665948f9-a057-48a3-88df-f72ce848d9d6,2026-08-31T18:20:57.146Z,separate_executor,quote_run_dispatch_probe,50,1129.66,success,,200,success
p3-ex-official-vu50,eb27dac0-3c27-422c-b690-6caa760835ab,2026-08-31T18:20:57.147Z,separate_executor,quote_run_dispatch_probe,50,1330.26,success,,200,success
p3-ex-official-vu50,d90f641e-ebcf-4668-a7a6-ddfcb7061b55,2026-08-31T18:20:57.164Z,separate_executor,quote_run_dispatch_probe,50,1035.9,success,,200,success
p3-ex-official-vu50,492835b7-e9f7-4b28-9a07-9a815bcc726b,2026-08-31T18:20:57.624Z,separate_executor,quote_run_dispatch_probe,50,1519.95,success,,200,success
p3-ex-official-vu50,2ce88006-7ba9-4db5-80e7-d6b0d6eca739,2026-08-31T18:20:57.625Z,separate_executor,quote_run_dispatch_probe,50,1623.61,success,,200,success
p3-ex-official-vu50,61b3c1eb-2a8c-49da-81af-5a8c0fa125ae,2026-08-31T18:20:57.627Z,separate_executor,quote_run_dispatch_probe,50,1695.76,success,,200,success
p3-ex-official-vu50,f227f31f-1cb1-4bd8-beba-6d461e28881b,2026-08-31T18:20:57.644Z,separate_executor,quote_run_dispatch_probe,50,1412.99,success,,200,success
p3-ex-official-vu50,9fd77600-2b07-4c48-9dfb-c211b15ad1ab,2026-08-31T18:20:57.645Z,separate_executor,quote_run_dispatch_probe,50,1593.2,success,,200,success
p3-ex-official-vu50,b0ecd5b4-78b3-43a3-ac20-ada50e0841a4,2026-08-31T18:20:57.648Z,separate_executor,quote_run_dispatch_probe,50,1456.29,success,,200,success
p3-ex-official-vu50,060ade4a-366d-45e8-9a0e-097156a06048,2026-08-31T18:20:57.660Z,separate_executor,quote_run_dispatch_probe,50,1533.29,success,,200,success
p3-ex-official-vu50,d6c54471-4ff2-4d9b-b4ea-2d52ad1e3d9d,2026-08-31T18:20:57.660Z,separate_executor,quote_run_dispatch_probe,50,1424.16,success,,200,success
p3-ex-official-vu50,ec3795c0-0be1-4e58-b6b3-87fe5c57ef84,2026-08-31T18:20:57.661Z,separate_executor,quote_run_dispatch_probe,50,1494.04,success,,200,success
p3-ex-official-vu50,255081b2-cd43-4552-92dc-1409f1a71e4d,2026-08-31T18:20:57.661Z,separate_executor,quote_run_dispatch_probe,50,1282.71,success,,200,success
p3-ex-official-vu50,b31aa0ea-4819-42bd-9c89-7c1c75498922,2026-08-31T18:20:57.661Z,separate_executor,quote_run_dispatch_probe,50,1555.53,success,,200,success
p3-ex-official-vu50,b4077f30-54b9-4b67-9af2-033c286919ea,2026-08-31T18:20:57.674Z,separate_executor,quote_run_dispatch_probe,50,1320.71,success,,200,success
p3-ex-official-vu50,d4575733-9d57-4ba1-8ab8-f82878c89765,2026-08-31T18:20:57.675Z,separate_executor,quote_run_dispatch_probe,50,1177.55,success,,200,success
p3-ex-official-vu50,be70b674-e4c4-4922-a6e5-b0e32d47ac62,2026-08-31T18:20:57.675Z,separate_executor,quote_run_dispatch_probe,50,1177.22,success,,200,success
p3-ex-official-vu50,a6576c47-a0aa-47da-8175-4eeb7bcfbfa4,2026-08-31T18:20:57.681Z,separate_executor,quote_run_dispatch_probe,50,1142.15,success,,200,success
p3-ex-official-vu50,ad8221af-3a3f-4bb5-9022-4eafa19ae53a,2026-08-31T18:20:57.691Z,separate_executor,quote_run_dispatch_probe,50,1338.13,success,,200,success
p3-ex-official-vu50,4bf0f8d9-d5ea-4ea2-8efc-ba023f442d5a,2026-08-31T18:20:57.694Z,separate_executor,quote_run_dispatch_probe,50,1157.25,success,,200,success
p3-ex-official-vu50,9e6226ef-b191-4966-9ae2-7b98647dbad5,2026-08-31T18:20:57.707Z,separate_executor,quote_run_dispatch_probe,50,1242.96,success,,200,success
p3-ex-official-vu50,0f002c9c-5520-4e1f-9051-da59370da495,2026-08-31T18:20:57.713Z,separate_executor,quote_run_dispatch_probe,50,1358.77,success,,200,success
p3-ex-official-vu50,204ee947-f675-4ca9-976e-752aa3f7b143,2026-08-31T18:20:57.828Z,separate_executor,quote_run_dispatch_probe,50,1258.9,success,,200,success
p3-ex-official-vu50,5136baa4-4d9a-4779-95bb-a6309099d570,2026-08-31T18:20:57.928Z,separate_executor,quote_run_dispatch_probe,50,1359.13,success,,200,success
p3-ex-official-vu50,09d39d50-f7ce-4c2c-a803-738f8b4489d9,2026-08-31T18:20:58.290Z,separate_executor,quote_run_dispatch_probe,50,1677.79,success,,200,success
p3-ex-official-vu50,c8db98a9-dab2-4c36-b1ff-15ebdb916384,2026-08-31T18:20:58.295Z,separate_executor,quote_run_dispatch_probe,50,1724.98,success,,200,success
p3-ex-official-vu50,886c57c7-32a7-4fc1-85f3-faf4bc3c84d4,2026-08-31T18:20:58.308Z,separate_executor,quote_run_dispatch_probe,50,1810.43,success,,200,success
p3-ex-official-vu50,e06c4e50-1c85-497a-8644-8b571a08f26e,2026-08-31T18:20:58.315Z,separate_executor,quote_run_dispatch_probe,50,1818.96,success,,200,success
p3-ex-official-vu50,c49c4298-cde8-4cd8-bab0-31ac48746e43,2026-08-31T18:20:58.329Z,separate_executor,quote_run_dispatch_probe,50,2096.78,success,,200,success
p3-ex-official-vu50,5113cf52-2656-4061-ac81-280f0f9ec12f,2026-08-31T18:20:58.329Z,separate_executor,quote_run_dispatch_probe,50,1551.28,success,,200,success
p3-ex-official-vu50,41da19b7-849c-43cc-867a-a1652416c77b,2026-08-31T18:20:58.331Z,separate_executor,quote_run_dispatch_probe,50,1550.8,success,,200,success
p3-ex-official-vu50,530eafc6-a0f8-4570-9f84-c84c3eb372c3,2026-08-31T18:20:58.346Z,separate_executor,quote_run_dispatch_probe,50,1374.64,success,,200,success
p3-ex-official-vu50,10b43604-93b3-4da8-a014-4325d52e8076,2026-08-31T18:20:58.354Z,separate_executor,quote_run_dispatch_probe,50,1530.77,success,,200,success
p3-ex-official-vu50,fdecfa3b-1af4-47ad-9b51-c3c279a70dc2,2026-08-31T18:20:58.362Z,separate_executor,quote_run_dispatch_probe,50,1642.48,success,,200,success
p3-ex-official-vu50,fc82c4de-8dc7-4458-998a-1ec4273f724a,2026-08-31T18:20:58.402Z,separate_executor,quote_run_dispatch_probe,50,1718.6,success,,200,success
p3-ex-official-vu50,664ff42e-13f1-4255-9096-0266e5f25eb2,2026-08-31T18:20:58.403Z,separate_executor,quote_run_dispatch_probe,50,1683.4,success,,200,success
p3-ex-official-vu50,b64bbf6e-a5d3-4df6-966c-0c21a536998f,2026-08-31T18:20:58.403Z,separate_executor,quote_run_dispatch_probe,50,1464.22,success,,200,success
p3-ex-official-vu50,54d6f5d1-60db-4311-9912-4e03ec2113bd,2026-08-31T18:20:58.404Z,separate_executor,quote_run_dispatch_probe,50,1581.23,success,,200,success
p3-ex-official-vu50,5ebf67a0-2ded-4505-8c5c-7191de071683,2026-08-31T18:20:58.483Z,separate_executor,quote_run_dispatch_probe,50,1704.06,success,,200,success
p3-ex-official-vu50,25c18ead-4b11-4a4b-8845-bec6d55d8f5c,2026-08-31T18:20:58.484Z,separate_executor,quote_run_dispatch_probe,50,1344.05,success,,200,success
p3-ex-official-vu50,bb0754fb-700e-4f5c-b0e4-ac835457f081,2026-08-31T18:20:58.484Z,separate_executor,quote_run_dispatch_probe,50,1577.81,success,,200,success
p3-ex-official-vu50,20443f90-d5fb-49b9-824d-791cc0a9d26f,2026-08-31T18:20:58.521Z,separate_executor,quote_run_dispatch_probe,50,1657.87,success,,200,success
p3-ex-official-vu50,1ba73b03-2827-4a26-9470-83a136f51d60,2026-08-31T18:20:58.522Z,separate_executor,quote_run_dispatch_probe,50,1699.98,success,,200,success
p3-ex-official-vu50,19049472-4165-4800-abc5-19b5822c5e93,2026-08-31T18:20:58.522Z,separate_executor,quote_run_dispatch_probe,50,1581.89,success,,200,success
p3-ex-official-vu50,1b599514-5732-47ed-8531-29fb71d24291,2026-08-31T18:20:58.522Z,separate_executor,quote_run_dispatch_probe,50,1358.23,success,,200,success
p3-ex-official-vu50,684563ca-f237-419d-a0f9-2ab6ac49ac2c,2026-08-31T18:20:58.523Z,separate_executor,quote_run_dispatch_probe,50,1395.57,success,,200,success
p3-ex-official-vu50,a7db95e0-06fd-4254-9cca-f05f057b3def,2026-08-31T18:20:58.523Z,separate_executor,quote_run_dispatch_probe,50,1584.86,success,,200,success
p3-ex-official-vu50,834a8aae-a1c0-4070-973d-6f39eda6db3d,2026-08-31T18:20:58.530Z,separate_executor,quote_run_dispatch_probe,50,1781.78,success,,200,success
p3-ex-official-vu50,f055aeb3-9ca8-46b0-8fb3-f0e809faba1e,2026-08-31T18:20:58.530Z,separate_executor,quote_run_dispatch_probe,50,1384.14,success,,200,success
p3-ex-official-vu50,f5479dc7-7c78-4794-a00a-c81abce50fe0,2026-08-31T18:20:58.531Z,separate_executor,quote_run_dispatch_probe,50,1558.59,success,,200,success
p3-ex-official-vu50,bfd70ba2-29c2-4d6a-99b0-e78fd108c53d,2026-08-31T18:20:58.531Z,separate_executor,quote_run_dispatch_probe,50,1403.2,success,,200,success
p3-ex-official-vu50,0e7581d8-5da6-4181-b887-add4354b53c7,2026-08-31T18:20:58.541Z,separate_executor,quote_run_dispatch_probe,50,1402.39,success,,200,success
p3-ex-official-vu50,7088af58-4b7f-4a4b-9e50-b072e038220a,2026-08-31T18:20:58.542Z,separate_executor,quote_run_dispatch_probe,50,1395,success,,200,success
p3-ex-official-vu50,39ded837-fcf9-47d0-8715-509301f46ba1,2026-08-31T18:20:58.548Z,separate_executor,quote_run_dispatch_probe,50,873.49,success,,200,success
p3-ex-official-vu50,e1433d59-a726-44e9-b98e-f22ecbc0101d,2026-08-31T18:20:58.548Z,separate_executor,quote_run_dispatch_probe,50,854.24,success,,200,success
p3-ex-official-vu50,7610bf36-8932-4ba2-83d3-d3ac0c3ac165,2026-08-31T18:20:58.557Z,separate_executor,quote_run_dispatch_probe,50,897.04,success,,200,success
p3-ex-official-vu50,25441b74-caf8-45a5-a6d8-807c4dce0e8c,2026-08-31T18:20:58.558Z,separate_executor,quote_run_dispatch_probe,50,933.63,success,,200,success
p3-ex-official-vu50,b995f6af-86b8-4223-8fb6-4294fd6fe09b,2026-08-31T18:20:58.563Z,separate_executor,quote_run_dispatch_probe,50,935.71,success,,200,success
p3-ex-official-vu50,7b516ac9-0c91-4158-9539-15b2490c86b3,2026-08-31T18:20:58.570Z,separate_executor,quote_run_dispatch_probe,50,909.79,success,,200,success
p3-ex-official-vu50,2ec1b6d9-32c3-470b-adc4-358fa3d8d420,2026-08-31T18:20:58.574Z,separate_executor,quote_run_dispatch_probe,50,898.98,success,,200,success
p3-ex-official-vu50,99fefdba-ec93-42fb-b92b-cd2899936bd6,2026-08-31T18:20:58.591Z,separate_executor,quote_run_dispatch_probe,50,965.25,success,,200,success
p3-ex-official-vu50,23b38469-2a68-4aca-a008-b8cff66e0e8e,2026-08-31T18:20:58.620Z,separate_executor,quote_run_dispatch_probe,50,975.45,success,,200,success
p3-ex-official-vu50,940f9ad1-11e5-4c0d-acfa-b9f91082881e,2026-08-31T18:20:58.620Z,separate_executor,quote_run_dispatch_probe,50,913.55,success,,200,success
p3-ex-official-vu50,914ca9ef-45be-47b1-8276-db4f7f93576d,2026-08-31T18:20:58.631Z,separate_executor,quote_run_dispatch_probe,50,970.74,success,,200,success
p3-ex-official-vu50,98e96d35-7911-4898-8077-ee95414235db,2026-08-31T18:20:58.690Z,separate_executor,quote_run_dispatch_probe,50,1029.17,success,,200,success
p3-ex-official-vu50,7d48d655-2384-4484-b8a1-5db897e650a3,2026-08-31T18:20:58.705Z,separate_executor,quote_run_dispatch_probe,50,1060.9,success,,200,success
p3-ex-official-vu50,489041c4-54d8-476d-9521-50cf89ae94ff,2026-08-31T18:20:58.742Z,separate_executor,quote_run_dispatch_probe,50,1067.01,success,,200,success
p3-ex-official-vu50,8442cef3-ccbd-43d6-b4d8-ed21402d7fb9,2026-08-31T18:20:58.854Z,separate_executor,quote_run_dispatch_probe,50,1193.31,success,,200,success
p3-ex-official-vu50,64d37875-6f31-47f5-8c2f-d101dbe772e7,2026-08-31T18:20:58.909Z,separate_executor,quote_run_dispatch_probe,50,1228.12,success,,200,success
p3-ex-official-vu50,1069f6db-dae8-4748-b60c-1f48019349a7,2026-08-31T18:20:58.912Z,separate_executor,quote_run_dispatch_probe,50,1199.52,success,,200,success
p3-ex-official-vu50,ae1cf5d5-a4cc-494b-8869-bb13cdd09117,2026-08-31T18:20:58.913Z,separate_executor,quote_run_dispatch_probe,50,1222.19,success,,200,success
p3-ex-official-vu50,dd708d75-d5a0-481d-b1a4-ecca09dd854f,2026-08-31T18:20:58.925Z,separate_executor,quote_run_dispatch_probe,50,1276.34,success,,200,success
p3-ex-official-vu50,f83d7808-b522-4f50-bece-4a0c041a39af,2026-08-31T18:20:58.925Z,separate_executor,quote_run_dispatch_probe,50,1097.9,success,,200,success
p3-ex-official-vu50,cb2ccc5d-3722-43eb-a0f0-4499cf5f47c5,2026-08-31T18:20:59.007Z,separate_executor,quote_run_dispatch_probe,50,1078.16,success,,200,success
p3-ex-official-vu50,90f91adf-9a9f-48f9-9101-1504ccbc5a73,2026-08-31T18:20:59.219Z,separate_executor,quote_run_dispatch_probe,50,924.75,success,,200,success
p3-ex-official-vu50,a82def9d-e809-4137-9b5f-59f77849e381,2026-08-31T18:20:59.269Z,separate_executor,quote_run_dispatch_probe,50,954.35,success,,200,success
p3-ex-official-vu50,ed80bc59-340a-46fc-aab1-d98a7ea4c141,2026-08-31T18:20:59.389Z,separate_executor,quote_run_dispatch_probe,50,986.62,success,,200,success
p3-ex-official-vu50,670799b1-a03f-4e6b-b3c3-5c832e7d1886,2026-08-31T18:20:59.406Z,separate_executor,quote_run_dispatch_probe,50,1059.46,success,,200,success
p3-ex-official-vu50,21180cd4-0c19-4bcf-9325-2bd567cb8d59,2026-08-31T18:20:59.448Z,separate_executor,quote_run_dispatch_probe,50,1118.1,success,,200,success
p3-ex-official-vu50,6434bad6-419c-4f7f-a530-d83b03d62a84,2026-08-31T18:20:59.580Z,separate_executor,quote_run_dispatch_probe,50,1225.73,success,,200,success
p3-ex-official-vu50,ad0ecd5c-a875-4376-bfd2-1760226c489e,2026-08-31T18:20:59.589Z,separate_executor,quote_run_dispatch_probe,50,1185.55,success,,200,success
p3-ex-official-vu50,36741a49-9c20-401a-ab76-888f91f7347d,2026-08-31T18:20:59.604Z,separate_executor,quote_run_dispatch_probe,50,1121.13,success,,200,success
p3-ex-official-vu50,1dcb609e-fc0b-4c73-a840-56afa8a2eaf4,2026-08-31T18:20:59.605Z,separate_executor,quote_run_dispatch_probe,50,1296.41,success,,200,success
p3-ex-official-vu50,d03b09cd-dee1-4619-a502-2b99cec42fc6,2026-08-31T18:20:59.608Z,separate_executor,quote_run_dispatch_probe,50,1086.34,success,,200,success
p3-ex-official-vu50,7a1af719-c977-4d63-99f8-db460c727b89,2026-08-31T18:20:59.635Z,separate_executor,quote_run_dispatch_probe,50,1304.28,success,,200,success
p3-ex-official-vu50,87a43326-1dfe-4523-82f3-a46978ef3974,2026-08-31T18:20:59.636Z,separate_executor,quote_run_dispatch_probe,50,1114.93,success,,200,success
p3-ex-official-vu50,3a63187a-906e-458f-8f57-b76f4a2e6d4c,2026-08-31T18:20:59.637Z,separate_executor,quote_run_dispatch_probe,50,1114.94,success,,200,success
p3-ex-official-vu50,7213c9ab-7883-44e8-9475-508d425e962d,2026-08-31T18:20:59.645Z,separate_executor,quote_run_dispatch_probe,50,1097.41,success,,200,success
p3-ex-official-vu50,08079cb9-b827-40c2-b42d-edfc31720bcc,2026-08-31T18:20:59.671Z,separate_executor,quote_run_dispatch_probe,50,1309.8,success,,200,success
p3-ex-official-vu50,a8d5c4fc-5ce6-4e45-b5ac-43b01fc93ad3,2026-08-31T18:20:59.726Z,separate_executor,quote_run_dispatch_probe,50,1203.04,success,,200,success
p3-ex-official-vu50,e17e8e63-ceb8-4fe4-8892-2297998625a9,2026-08-31T18:20:59.728Z,separate_executor,quote_run_dispatch_probe,50,1198.15,success,,200,success
p3-ex-official-vu50,3a40e419-2aba-40d4-ab28-cc131604ff18,2026-08-31T18:20:59.753Z,separate_executor,quote_run_dispatch_probe,50,1230.54,success,,200,success
p3-ex-official-vu50,5f7e1249-c234-4afe-afff-1adb4c57b302,2026-08-31T18:20:59.758Z,separate_executor,quote_run_dispatch_probe,50,1184.07,success,,200,success
p3-ex-official-vu50,84a3b6e7-2131-4b1f-b1e3-eca6f19789b8,2026-08-31T18:20:59.797Z,separate_executor,quote_run_dispatch_probe,50,1266.93,success,,200,success
p3-ex-official-vu50,16c4620a-f785-4166-bae7-02289679c5dc,2026-08-31T18:20:59.810Z,separate_executor,quote_run_dispatch_probe,50,1519.58,success,,200,success
p3-ex-official-vu50,5bef89da-40b5-4c67-84c1-addac14cc027,2026-08-31T18:20:59.830Z,separate_executor,quote_run_dispatch_probe,50,1288.07,success,,200,success
p3-ex-official-vu50,f6e1a45d-26fc-4fef-b0fc-0cfc9907c5da,2026-08-31T18:20:59.842Z,separate_executor,quote_run_dispatch_probe,50,1319.41,success,,200,success
p3-ex-official-vu50,ef53e443-7250-4835-8d42-5a908e4ca993,2026-08-31T18:20:59.846Z,separate_executor,quote_run_dispatch_probe,50,1225.48,success,,200,success
p3-ex-official-vu50,e7b6e36d-f39c-493f-8b09-437efb4b58b9,2026-08-31T18:20:59.855Z,separate_executor,quote_run_dispatch_probe,50,1525.79,success,,200,success
p3-ex-official-vu50,e67fc750-869b-4d39-b646-d19455446b7c,2026-08-31T18:20:59.861Z,separate_executor,quote_run_dispatch_probe,50,1457.19,success,,200,success
p3-ex-official-vu50,c6e193cb-ee96-4cde-948d-c6c5feaf4e90,2026-08-31T18:20:59.884Z,separate_executor,quote_run_dispatch_probe,50,1400.27,success,,200,success
p3-ex-official-vu50,158ab58d-4b71-4a3a-af8f-b74c4404fe3b,2026-08-31T18:20:59.911Z,separate_executor,quote_run_dispatch_probe,50,1340.29,success,,200,success
p3-ex-official-vu50,427ce655-84fe-429a-9875-9a732a7d387f,2026-08-31T18:20:59.913Z,separate_executor,quote_run_dispatch_probe,50,1429.06,success,,200,success
p3-ex-official-vu50,74de3a15-b299-4320-bbbe-ddbfeb5d68b9,2026-08-31T18:20:59.946Z,separate_executor,quote_run_dispatch_probe,50,1326.14,success,,200,success
p3-ex-official-vu50,4354f3c3-830a-4224-93b2-ec486162b029,2026-08-31T18:20:59.947Z,separate_executor,quote_run_dispatch_probe,50,1544.1,success,,200,success
p3-ex-official-vu50,99220aef-0971-4a33-bd7f-74de3610a40c,2026-08-31T18:20:59.974Z,separate_executor,quote_run_dispatch_probe,50,1343.75,success,,200,success
p3-ex-official-vu50,bd30dce1-30b3-4225-8dd9-6ea11a11b57c,2026-08-31T18:20:59.988Z,separate_executor,quote_run_dispatch_probe,50,1282.75,success,,200,success
p3-ex-official-vu50,8ed4f789-1db1-4c76-8cf5-1c278b3a6f4b,2026-08-31T18:21:00.055Z,separate_executor,quote_run_dispatch_probe,50,1497.07,success,,200,success
p3-ex-official-vu50,450f923d-3ab4-4a28-b357-c0e13df5e06c,2026-08-31T18:21:00.055Z,separate_executor,quote_run_dispatch_probe,50,1464.6,success,,200,success
p3-ex-official-vu50,6d744dbb-367c-48e4-9234-15075a19df17,2026-08-31T18:21:00.056Z,separate_executor,quote_run_dispatch_probe,50,1514.42,success,,200,success
p3-ex-official-vu50,9eb271ac-f0e6-4e3c-a249-0b9e9fe870f9,2026-08-31T18:21:00.061Z,separate_executor,quote_run_dispatch_probe,50,1319.12,success,,200,success
p3-ex-official-vu50,fb1a2baa-48eb-4965-9bee-c274d0b3a2b0,2026-08-31T18:21:00.063Z,separate_executor,quote_run_dispatch_probe,50,1515.2,success,,200,success
p3-ex-official-vu50,6916c311-c01f-4997-aad1-992df9b60399,2026-08-31T18:21:00.064Z,separate_executor,quote_run_dispatch_probe,50,1506.25,success,,200,success
p3-ex-official-vu50,9e5a5000-9b34-41fa-8c4a-b7d0077d06ec,2026-08-31T18:21:00.064Z,separate_executor,quote_run_dispatch_probe,50,1532.75,success,,200,success
p3-ex-official-vu50,f44f6512-7ecd-4080-814c-b1be5f76749a,2026-08-31T18:21:00.065Z,separate_executor,quote_run_dispatch_probe,50,1534.08,success,,200,success
p3-ex-official-vu50,cf9d5ff1-59e1-4cbe-9111-1aa0dc202afa,2026-08-31T18:21:00.072Z,separate_executor,quote_run_dispatch_probe,50,1509.26,success,,200,success
p3-ex-official-vu50,ac926f53-c98f-4110-936d-a6957b74fb82,2026-08-31T18:21:00.198Z,separate_executor,quote_run_dispatch_probe,50,1508.15,success,,200,success
p3-ex-official-vu50,3eddfdac-9080-4e9d-89a3-6fee73045eea,2026-08-31T18:21:00.201Z,separate_executor,quote_run_dispatch_probe,50,1275.7,success,,200,success
p3-ex-official-vu50,4a629dd4-c46c-4601-b658-02a921856b83,2026-08-31T18:21:00.202Z,separate_executor,quote_run_dispatch_probe,50,1348.15,success,,200,success
p3-ex-official-vu50,c5451b5a-c1a9-417a-a4f3-e16621444bac,2026-08-31T18:21:00.258Z,separate_executor,quote_run_dispatch_probe,50,1251.64,success,,200,success
p3-ex-official-vu50,2dab49b3-5343-4f0f-8dc3-96dd3a1700e3,2026-08-31T18:21:00.328Z,separate_executor,quote_run_dispatch_probe,50,1415.45,success,,200,success
p3-ex-official-vu50,a9c3f298-920b-4597-b840-d4365e46da26,2026-08-31T18:21:00.353Z,separate_executor,quote_run_dispatch_probe,50,1440.95,success,,200,success
p3-ex-official-vu50,70d386b7-7342-459b-bcc0-5c1dede052e6,2026-08-31T18:21:00.378Z,separate_executor,quote_run_dispatch_probe,50,1158.69,success,,200,success
p3-ex-official-vu50,506f2b5c-6267-4780-9712-0f5379eb6234,2026-08-31T18:21:00.489Z,separate_executor,quote_run_dispatch_probe,50,1219.68,success,,200,success
p3-ex-official-vu50,972c3293-ccff-4227-9147-9053909e23a6,2026-08-31T18:21:00.490Z,separate_executor,quote_run_dispatch_probe,50,1564.96,success,,200,success
p3-ex-official-vu50,bfea4207-9a50-4484-a6d4-4f0226679e76,2026-08-31T18:21:00.522Z,separate_executor,quote_run_dispatch_probe,50,1613.1,success,,200,success
p3-ex-official-vu50,11106752-2485-4eaf-8cfa-e6e580573eb2,2026-08-31T18:21:00.593Z,separate_executor,quote_run_dispatch_probe,50,1203.77,success,,200,success
p3-ex-official-vu50,b2d155cc-464e-4c8c-9bc2-0dc67af1405b,2026-08-31T18:21:00.631Z,separate_executor,quote_run_dispatch_probe,50,1051.41,success,,200,success
p3-ex-official-vu50,4fdbe942-9aca-40ec-a922-3bc73c25b2cd,2026-08-31T18:21:00.635Z,separate_executor,quote_run_dispatch_probe,50,990.29,success,,200,success
p3-ex-official-vu50,9ac9152c-853e-4a19-b0bb-dd741acf811e,2026-08-31T18:21:00.713Z,separate_executor,quote_run_dispatch_probe,50,1107.84,success,,200,success
p3-ex-official-vu50,c431108a-6597-4f2c-8e73-823841af046f,2026-08-31T18:21:00.715Z,separate_executor,quote_run_dispatch_probe,50,1308.97,success,,200,success
p3-ex-official-vu50,edf4371d-ba45-43df-8599-342796a05c82,2026-08-31T18:21:00.724Z,separate_executor,quote_run_dispatch_probe,50,1134.83,success,,200,success
p3-ex-official-vu50,d2885635-1d34-4b51-83e0-ea222754c388,2026-08-31T18:21:00.731Z,separate_executor,quote_run_dispatch_probe,50,1123.2,success,,200,success
p3-ex-official-vu50,8c59ffe9-546e-48fe-9a89-c8d4bcd9c56d,2026-08-31T18:21:00.742Z,separate_executor,quote_run_dispatch_probe,50,1105.61,success,,200,success
p3-ex-official-vu50,16ad959d-c52c-4b27-9ed2-12fe03559abe,2026-08-31T18:21:00.764Z,separate_executor,quote_run_dispatch_probe,50,1129.53,success,,200,success
p3-ex-official-vu50,3677f9d8-eb59-4446-9122-7401974d6605,2026-08-31T18:21:00.797Z,separate_executor,quote_run_dispatch_probe,50,1160.55,success,,200,success
p3-ex-official-vu50,3f162257-4439-4c83-813f-915feb5ae4e9,2026-08-31T18:21:00.806Z,separate_executor,quote_run_dispatch_probe,50,1358.38,success,,200,success
p3-ex-official-vu50,409cdfcd-9393-4134-8abc-f91548f0f869,2026-08-31T18:21:00.854Z,separate_executor,quote_run_dispatch_probe,50,1250.01,success,,200,success
p3-ex-official-vu50,e36b3636-af68-402e-ad77-e63d6762daca,2026-08-31T18:21:00.874Z,separate_executor,quote_run_dispatch_probe,50,1202.5,success,,200,success
p3-ex-official-vu50,13e2957a-9f08-4cce-a968-744a48df0f7f,2026-08-31T18:21:00.958Z,separate_executor,quote_run_dispatch_probe,50,1205.08,success,,200,success
p3-ex-official-vu50,8b8f5b28-bcfb-4544-9503-a4d8b551e053,2026-08-31T18:21:01.063Z,separate_executor,quote_run_dispatch_probe,50,1334.45,success,,200,success
p3-ex-official-vu50,d80f6339-f925-4c39-a461-5ee84e4411c0,2026-08-31T18:21:01.081Z,separate_executor,quote_run_dispatch_probe,50,1283.86,success,,200,success
p3-ex-official-vu50,d7548d6f-f24c-4ed3-b172-3a3a8925c46f,2026-08-31T18:21:01.085Z,separate_executor,quote_run_dispatch_probe,50,1358.78,success,,200,success
p3-ex-official-vu50,bf00a26c-27c9-4eaf-afa9-e9a825b182cd,2026-08-31T18:21:01.170Z,separate_executor,quote_run_dispatch_probe,50,1412.49,success,,200,success
p3-ex-official-vu50,4f03512a-ef3d-4a11-bc53-599f83311658,2026-08-31T18:21:01.272Z,separate_executor,quote_run_dispatch_probe,50,1426.12,success,,200,success
p3-ex-official-vu50,99934e72-721c-4324-9ece-26566b0e7fd1,2026-08-31T18:21:01.273Z,separate_executor,quote_run_dispatch_probe,50,1430.73,success,,200,success
p3-ex-official-vu50,16c21a06-205a-4778-bcb3-3fcb0f1e08c2,2026-08-31T18:21:01.292Z,separate_executor,quote_run_dispatch_probe,50,1227.9,success,,200,success
p3-ex-official-vu50,60b14dd0-6398-450c-802a-33b7b5505038,2026-08-31T18:21:01.293Z,separate_executor,quote_run_dispatch_probe,50,1346.76,success,,200,success
p3-ex-official-vu50,a08d0059-43f5-4597-ae90-d8d14d0e7dca,2026-08-31T18:21:01.455Z,separate_executor,quote_run_dispatch_probe,50,1624.87,success,,200,success
p3-ex-official-vu50,32a730a2-8e14-4d22-ab11-a9c2b22fac3e,2026-08-31T18:21:02.061Z,separate_executor,quote_run_dispatch_probe,50,2176.76,success,,200,success
p3-ex-official-vu50,5dc093d1-3261-498d-b618-9e82d6ea5ecc,2026-08-31T18:21:02.062Z,separate_executor,quote_run_dispatch_probe,50,2073.46,success,,200,success
p3-ex-official-vu50,c000e866-51e7-43fd-8d11-5f42f94e83ce,2026-08-31T18:21:02.141Z,separate_executor,quote_run_dispatch_probe,50,2230.7,success,,200,success
p3-ex-official-vu50,998361e9-f29b-402a-96ae-ae2371f8851b,2026-08-31T18:21:02.142Z,separate_executor,quote_run_dispatch_probe,50,2167.47,success,,200,success
p3-ex-official-vu50,2ddb0168-71dd-4440-b43c-b26e12ee8f99,2026-08-31T18:21:02.142Z,separate_executor,quote_run_dispatch_probe,50,2281.27,success,,200,success
p3-ex-official-vu50,e96f80ea-891d-4d80-bdfb-5feda7db0b0f,2026-08-31T18:21:02.143Z,separate_executor,quote_run_dispatch_probe,50,2332.68,success,,200,success
p3-ex-official-vu50,a5d7d2d4-2e45-4b75-88b3-3c0b5f6cfd12,2026-08-31T18:21:02.672Z,separate_executor,quote_run_dispatch_probe,50,2616.64,success,,200,success
p3-ex-official-vu50,416724e3-d96c-42c4-9005-a5df5893d8e3,2026-08-31T18:21:02.793Z,separate_executor,quote_run_dispatch_probe,50,2880.16,success,,200,success
p3-ex-official-vu50,a9bf82e5-c09f-43cd-ae9b-ea115241af50,2026-08-31T18:21:02.806Z,separate_executor,quote_run_dispatch_probe,50,2742.97,success,,200,success
p3-ex-official-vu50,30e58835-694a-4cf6-aba4-8cc6534770dd,2026-08-31T18:21:02.807Z,separate_executor,quote_run_dispatch_probe,50,2745.86,success,,200,success
p3-ex-official-vu50,26708121-89d0-4e0d-a0d0-3bf2f5612d44,2026-08-31T18:21:02.807Z,separate_executor,quote_run_dispatch_probe,50,2752.14,success,,200,success
p3-ex-official-vu50,efa95639-74f6-495f-b86d-8733e8a0a545,2026-08-31T18:21:02.828Z,separate_executor,quote_run_dispatch_probe,50,2625.52,success,,200,success
p3-ex-official-vu50,fb8ff00b-469d-4ce1-abfc-645d5efbe5a6,2026-08-31T18:21:02.830Z,separate_executor,quote_run_dispatch_probe,50,2757.77,success,,200,success
p3-ex-official-vu50,9bffed40-e49e-4d5b-bae5-5ff42afb1212,2026-08-31T18:21:02.830Z,separate_executor,quote_run_dispatch_probe,50,2774.24,success,,200,success
p3-ex-official-vu50,a1875939-600c-4262-abbf-ae215d90326d,2026-08-31T18:21:02.901Z,separate_executor,quote_run_dispatch_probe,50,2835.7,success,,200,success
p3-ex-official-vu50,f552daea-43d6-4eab-a0b6-06ecf05f2d34,2026-08-31T18:21:02.905Z,separate_executor,quote_run_dispatch_probe,50,3050.92,success,,200,success
p3-ex-official-vu50,f3f90e27-5fb4-48d5-801f-8adbfd561f81,2026-08-31T18:21:02.906Z,separate_executor,quote_run_dispatch_probe,50,2648.11,success,,200,success
p3-ex-official-vu50,72330528-e0d7-4e22-929f-cbc8018bfd76,2026-08-31T18:21:02.907Z,separate_executor,quote_run_dispatch_probe,50,2528.45,success,,200,success
p3-ex-official-vu50,ba713c90-abf2-49ec-beb7-b2997db10deb,2026-08-31T18:21:02.939Z,separate_executor,quote_run_dispatch_probe,50,2991.83,success,,200,success
p3-ex-official-vu50,e0b2f7e2-cc1a-488f-9c75-b44f495b22a1,2026-08-31T18:21:02.940Z,separate_executor,quote_run_dispatch_probe,50,2738.66,success,,200,success
p3-ex-official-vu50,43c3d907-e667-43f6-9a8e-3c91b0f9bf4d,2026-08-31T18:21:02.942Z,separate_executor,quote_run_dispatch_probe,50,2878.73,success,,200,success
p3-ex-official-vu50,587e8fa8-c3aa-4fc9-b3f8-2d2b87f9449f,2026-08-31T18:21:02.943Z,separate_executor,quote_run_dispatch_probe,50,2614.67,success,,200,success
p3-ex-official-vu50,ae9f73ad-779f-43db-b8f7-a3020f25e318,2026-08-31T18:21:02.943Z,separate_executor,quote_run_dispatch_probe,50,2454.35,success,,200,success
p3-ex-official-vu50,2113ad73-e42c-4d3e-8931-dd58cdf92656,2026-08-31T18:21:02.944Z,separate_executor,quote_run_dispatch_probe,50,2228.98,success,,200,success
p3-ex-official-vu50,420a0373-0112-4d29-9443-7ed43a7b97c5,2026-08-31T18:21:02.987Z,separate_executor,quote_run_dispatch_probe,50,2274.62,success,,200,success
p3-ex-official-vu50,32d50747-31cc-4613-8413-f0f8cc50cff3,2026-08-31T18:21:02.990Z,separate_executor,quote_run_dispatch_probe,50,2500.45,success,,200,success
p3-ex-official-vu50,8dbd4541-ed49-432f-b24c-b6bcef4bde98,2026-08-31T18:21:02.991Z,separate_executor,quote_run_dispatch_probe,50,2792.89,success,,200,success
p3-ex-official-vu50,8a667dc7-55eb-428d-85fc-f560d86ed32a,2026-08-31T18:21:03.037Z,separate_executor,quote_run_dispatch_probe,50,2401.46,success,,200,success
p3-ex-official-vu50,e7a85011-1d55-4a9f-906c-2be58b5802c3,2026-08-31T18:21:03.038Z,separate_executor,quote_run_dispatch_probe,50,2444.79,success,,200,success
p3-ex-official-vu50,492aa60c-d380-4ee4-91b3-a3c1cb40c186,2026-08-31T18:21:03.038Z,separate_executor,quote_run_dispatch_probe,50,2684.62,success,,200,success
p3-ex-official-vu50,caeb5b43-0933-419c-8242-3a745d330995,2026-08-31T18:21:03.038Z,separate_executor,quote_run_dispatch_probe,50,2407.18,success,,200,success
p3-ex-official-vu50,a40e83d6-2146-40d1-a1b1-3174130c2fdd,2026-08-31T18:21:03.039Z,separate_executor,quote_run_dispatch_probe,50,2242.01,success,,200,success
p3-ex-official-vu50,558e0a14-fcff-47d7-921c-f18a4730041d,2026-08-31T18:21:03.072Z,separate_executor,quote_run_dispatch_probe,50,2348.52,success,,200,success
p3-ex-official-vu50,b287b0a7-d491-427f-9b46-2d8cd6bb2872,2026-08-31T18:21:03.073Z,separate_executor,quote_run_dispatch_probe,50,2331.08,success,,200,success
p3-ex-official-vu50,b0ea5cd6-8986-42b8-bec1-33f66ee76da5,2026-08-31T18:21:03.109Z,separate_executor,quote_run_dispatch_probe,50,2377.13,success,,200,success
p3-ex-official-vu50,6ffa3f61-90ff-4cfb-b6f3-a805eac5a98c,2026-08-31T18:21:03.109Z,separate_executor,quote_run_dispatch_probe,50,2151.3,success,,200,success
p3-ex-official-vu50,3b0ac671-0e41-41f2-9134-07b646b8fdfa,2026-08-31T18:21:03.110Z,separate_executor,quote_run_dispatch_probe,50,2345.12,success,,200,success
p3-ex-official-vu50,833c91ad-aa80-4cb2-99f7-788051342acd,2026-08-31T18:21:03.110Z,separate_executor,quote_run_dispatch_probe,50,2303.88,success,,200,success
p3-ex-official-vu50,a8327fa5-8310-4015-bd6c-a6e85561080d,2026-08-31T18:21:03.110Z,separate_executor,quote_run_dispatch_probe,50,2587.91,success,,200,success
p3-ex-official-vu50,86a8b91a-1750-4a77-ab7d-a0303d787822,2026-08-31T18:21:03.111Z,separate_executor,quote_run_dispatch_probe,50,1940.5,success,,200,success
p3-ex-official-vu50,44a9b5c0-2b04-490c-aa36-ca034fcd9d44,2026-08-31T18:21:03.111Z,separate_executor,quote_run_dispatch_probe,50,2256.73,success,,200,success
p3-ex-official-vu50,c62ab0f0-c926-45a8-962f-6c67074cd6f9,2026-08-31T18:21:03.150Z,separate_executor,quote_run_dispatch_probe,50,2087.2,success,,200,success
p3-ex-official-vu50,156fa4a2-3d50-4550-a4cd-70e60027c2c8,2026-08-31T18:21:03.151Z,separate_executor,quote_run_dispatch_probe,50,2276.63,success,,200,success
p3-ex-official-vu50,a80a0b56-27b1-4c3a-a41f-4162366d70fd,2026-08-31T18:21:03.152Z,separate_executor,quote_run_dispatch_probe,50,2070.79,success,,200,success
p3-ex-official-vu50,64c7a1af-a4ca-4f9b-b1a5-9dfe6b22b1ab,2026-08-31T18:21:03.177Z,separate_executor,quote_run_dispatch_probe,50,1884.31,success,,200,success
p3-ex-official-vu50,28d659d5-0773-4105-b3c5-f58d5d38b363,2026-08-31T18:21:03.178Z,separate_executor,quote_run_dispatch_probe,50,1905.51,success,,200,success
p3-ex-official-vu50,2a322f06-f36b-42b8-896f-c53e2a117627,2026-08-31T18:21:03.178Z,separate_executor,quote_run_dispatch_probe,50,2092.98,success,,200,success
p3-ex-official-vu50,03788537-e7b8-489b-aba0-bfdfb7363faa,2026-08-31T18:21:03.178Z,separate_executor,quote_run_dispatch_probe,50,1905.31,success,,200,success
p3-ex-official-vu50,979ddfda-31ab-4b68-8c1e-1712198b6bf0,2026-08-31T18:21:03.365Z,separate_executor,quote_run_dispatch_probe,50,2072.85,success,,200,success
p3-ex-official-vu50,cefbfc2a-16b0-4ec7-a2e7-a35257eef8e7,2026-08-31T18:21:03.369Z,separate_executor,quote_run_dispatch_probe,50,1914.17,success,,200,success
p3-ex-official-vu50,e276c367-d40c-4585-a353-147c5bf73569,2026-08-31T18:21:03.406Z,separate_executor,quote_run_dispatch_probe,50,1263.71,success,,200,success
p3-ex-official-vu50,690dcc7d-b3e2-46ad-9c7b-2909d7ea0536,2026-08-31T18:21:03.621Z,separate_executor,quote_run_dispatch_probe,50,1560.23,success,,200,success
p3-ex-official-vu50,9effed3a-60c9-4f2b-896a-cc736a4700f7,2026-08-31T18:21:03.622Z,separate_executor,quote_run_dispatch_probe,50,1479.46,success,,200,success
p3-ex-official-vu50,d766c742-7967-49e2-b5ef-16567aee6d40,2026-08-31T18:21:03.648Z,separate_executor,quote_run_dispatch_probe,50,1585.79,success,,200,success
p3-ex-official-vu50,2a40fefc-2346-4a44-acb7-69c3b7695bc2,2026-08-31T18:21:03.648Z,separate_executor,quote_run_dispatch_probe,50,1505.93,success,,200,success
p3-ex-official-vu50,4df63c8c-7b46-4384-9e1c-77ab86620c12,2026-08-31T18:21:03.650Z,separate_executor,quote_run_dispatch_probe,50,1508.19,success,,200,success
p3-ex-official-vu50,ab0d2025-17e1-4677-85e3-cf8e16188cc6,2026-08-31T18:21:03.955Z,separate_executor,quote_run_dispatch_probe,50,1126.61,success,,200,success
p3-ex-official-vu50,bd4f57f8-ba95-493d-9197-8e7c22d08e72,2026-08-31T18:21:03.992Z,separate_executor,quote_run_dispatch_probe,50,1320.24,success,,200,success
p3-ex-official-vu50,23f6738e-94d8-4be8-9798-ba0b261a7995,2026-08-31T18:21:04.027Z,separate_executor,quote_run_dispatch_probe,50,1197.56,success,,200,success
p3-ex-official-vu50,82736de7-391f-4c8c-88c4-4ba0b6f1c300,2026-08-31T18:21:04.081Z,separate_executor,quote_run_dispatch_probe,50,1138.53,success,,200,success
p3-ex-official-vu50,47f88ddf-02fb-4f6e-9b1e-7323fbdbff1a,2026-08-31T18:21:04.094Z,separate_executor,quote_run_dispatch_probe,50,1300.84,success,,200,success
p3-ex-official-vu50,3359fef0-f51f-4ce1-8a3b-f66ed0ee20bd,2026-08-31T18:21:04.094Z,separate_executor,quote_run_dispatch_probe,50,1287.36,success,,200,success
p3-ex-official-vu50,6b35c5e7-03dd-4702-a759-9103c456afb6,2026-08-31T18:21:04.103Z,separate_executor,quote_run_dispatch_probe,50,1064.73,success,,200,success
p3-ex-official-vu50,cc617dff-4e4b-47f4-91cc-ef81f1db34f6,2026-08-31T18:21:04.104Z,separate_executor,quote_run_dispatch_probe,50,1273.76,success,,200,success
p3-ex-official-vu50,0517492a-a7c4-4a93-a562-3070b5d5fa7e,2026-08-31T18:21:04.104Z,separate_executor,quote_run_dispatch_probe,50,1114,success,,200,success
p3-ex-official-vu50,e681f3b5-4440-4c11-98f7-b9146d5b3f65,2026-08-31T18:21:04.112Z,separate_executor,quote_run_dispatch_probe,50,1173.1,success,,200,success
p3-ex-official-vu50,bf796147-fddd-4d74-a807-f1d6c38b064d,2026-08-31T18:21:04.113Z,separate_executor,quote_run_dispatch_probe,50,1171.06,success,,200,success
p3-ex-official-vu50,337c28e1-b6e8-43e0-80eb-9d8c420bdd09,2026-08-31T18:21:04.114Z,separate_executor,quote_run_dispatch_probe,50,1170.81,success,,200,success
p3-ex-official-vu50,182ba4b3-306f-4630-ad5e-64268797276e,2026-08-31T18:21:04.114Z,separate_executor,quote_run_dispatch_probe,50,1308.03,success,,200,success
p3-ex-official-vu50,ed549631-8165-4545-bf96-1e22db57b9d3,2026-08-31T18:21:04.129Z,separate_executor,quote_run_dispatch_probe,50,1185.01,success,,200,success
p3-ex-official-vu50,bbea07ed-e3a2-4a9e-9904-95c0b006fcc4,2026-08-31T18:21:04.130Z,separate_executor,quote_run_dispatch_probe,50,1223.42,success,,200,success
p3-ex-official-vu50,0bbc2392-d6da-450d-9886-ea5f96b89859,2026-08-31T18:21:04.131Z,separate_executor,quote_run_dispatch_probe,50,1324.17,success,,200,success
p3-ex-official-vu50,cbbe8af0-40ac-46a6-ae75-54d845fac6ae,2026-08-31T18:21:04.141Z,separate_executor,quote_run_dispatch_probe,50,1234.38,success,,200,success
p3-ex-official-vu50,ac21c087-928b-401d-b2ba-4b9ac5b15d36,2026-08-31T18:21:04.141Z,separate_executor,quote_run_dispatch_probe,50,1235.89,success,,200,success
p3-ex-official-vu50,fb64fbe3-7b51-4125-af03-2caea95b8d57,2026-08-31T18:21:04.160Z,separate_executor,quote_run_dispatch_probe,50,1049.35,success,,200,success
p3-ex-official-vu50,7023b499-13fd-47e5-8108-b1976a99b6fc,2026-08-31T18:21:04.164Z,separate_executor,quote_run_dispatch_probe,50,1176.2,success,,200,success
p3-ex-official-vu50,f2b278d6-f72f-4b7e-9ff0-5128fa9c1987,2026-08-31T18:21:04.166Z,separate_executor,quote_run_dispatch_probe,50,1129.33,success,,200,success
p3-ex-official-vu50,f6e42475-0ee4-4aa0-ab1f-d605d40947e3,2026-08-31T18:21:04.205Z,separate_executor,quote_run_dispatch_probe,50,1095.31,success,,200,success
p3-ex-official-vu50,418a8bbb-6aef-4b81-818d-86b6a71a5caf,2026-08-31T18:21:04.206Z,separate_executor,quote_run_dispatch_probe,50,1305.24,success,,200,success
p3-ex-official-vu50,d1d6d0c0-2e83-4069-83b3-ca170814a8bc,2026-08-31T18:21:04.223Z,separate_executor,quote_run_dispatch_probe,50,1282.85,success,,200,success
p3-ex-official-vu50,9a4582d7-8a5e-40e0-a87e-5aefcc91ab17,2026-08-31T18:21:04.248Z,separate_executor,quote_run_dispatch_probe,50,1209.17,success,,200,success
p3-ex-official-vu50,985f3853-9709-48ad-8ba3-7f0b593bb505,2026-08-31T18:21:04.263Z,separate_executor,quote_run_dispatch_probe,50,1112.14,success,,200,success
p3-ex-official-vu50,c9e2ade6-e0bc-4f82-986a-356cdd96b4d5,2026-08-31T18:21:04.263Z,separate_executor,quote_run_dispatch_probe,50,1190.93,success,,200,success
p3-ex-official-vu50,068addee-52bc-421b-aa8d-f3f387bb2d8e,2026-08-31T18:21:04.264Z,separate_executor,quote_run_dispatch_probe,50,1155.41,success,,200,success
p3-ex-official-vu50,d442eff6-538d-4515-b68c-bec96c5a1210,2026-08-31T18:21:04.285Z,separate_executor,quote_run_dispatch_probe,50,1175.97,success,,200,success
p3-ex-official-vu50,1d823ea2-1f3a-4a6a-a96f-5dc7ca71b736,2026-08-31T18:21:04.294Z,separate_executor,quote_run_dispatch_probe,50,1116.86,success,,200,success
p3-ex-official-vu50,46fdfa97-a98f-4cdb-88f3-22701df450f6,2026-08-31T18:21:04.296Z,separate_executor,quote_run_dispatch_probe,50,1258.82,success,,200,success
p3-ex-official-vu50,ac96e83d-dfe3-4dfd-a4a6-977bdd46f03a,2026-08-31T18:21:04.303Z,separate_executor,quote_run_dispatch_probe,50,1193.4,success,,200,success
p3-ex-official-vu50,d2ab4e86-ac92-4aed-ad55-2b71c9a68262,2026-08-31T18:21:04.314Z,separate_executor,quote_run_dispatch_probe,50,1203.89,success,,200,success
p3-ex-official-vu50,84c72a2e-4dd8-41d9-9725-223924379413,2026-08-31T18:21:04.326Z,separate_executor,quote_run_dispatch_probe,50,1287.84,success,,200,success
p3-ex-official-vu50,df8a7b66-7cf3-47ac-8b2f-2e6832e2685a,2026-08-31T18:21:04.337Z,separate_executor,quote_run_dispatch_probe,50,1159.19,success,,200,success
p3-ex-official-vu50,b4fcf3b9-7a0c-4966-a3c7-daa41075d57d,2026-08-31T18:21:04.392Z,separate_executor,quote_run_dispatch_probe,50,1239.92,success,,200,success
p3-ex-official-vu50,0a21a02e-d959-48e1-8d1a-ff47372acc97,2026-08-31T18:21:04.396Z,separate_executor,quote_run_dispatch_probe,50,1285.11,success,,200,success
p3-ex-official-vu50,14ce9a1a-e0fa-413b-8517-0a39dfa30229,2026-08-31T18:21:04.397Z,separate_executor,quote_run_dispatch_probe,50,1218.93,success,,200,success
p3-ex-official-vu50,4fb9d63b-4259-4fb9-87a6-aa4eec426e99,2026-08-31T18:21:04.405Z,separate_executor,quote_run_dispatch_probe,50,1414.24,success,,200,success
p3-ex-official-vu50,c9f9e64d-955c-4c56-9333-a8608c04a377,2026-08-31T18:21:04.446Z,separate_executor,quote_run_dispatch_probe,50,1296.06,success,,200,success
p3-ex-official-vu50,7af57571-aaf0-4a5c-9818-ca5c82e54877,2026-08-31T18:21:04.460Z,separate_executor,quote_run_dispatch_probe,50,1282.13,success,,200,success
p3-ex-official-vu50,3583074c-d1c4-4122-9c31-4538c95c60f4,2026-08-31T18:21:04.492Z,separate_executor,quote_run_dispatch_probe,50,1418.32,success,,200,success
p3-ex-official-vu50,7b44068e-6fd8-412a-b82e-0aef699d7426,2026-08-31T18:21:04.558Z,separate_executor,quote_run_dispatch_probe,50,1193.7,success,,200,success
p3-ex-official-vu50,56030bf9-d4bd-4d21-9f04-6eed81fe7da6,2026-08-31T18:21:04.589Z,separate_executor,quote_run_dispatch_probe,50,1219.42,success,,200,success
p3-ex-official-vu50,e8362816-9eb5-44ed-9ee1-8ab4d6e00b9e,2026-08-31T18:21:04.692Z,separate_executor,quote_run_dispatch_probe,50,1286.42,success,,200,success
p3-ex-official-vu50,f80ea566-f329-4cb8-b754-cda212f84b28,2026-08-31T18:21:04.714Z,separate_executor,quote_run_dispatch_probe,50,1092.67,success,,200,success
p3-ex-official-vu50,7690bc68-bfbc-4351-8d6f-8f4160eeba34,2026-08-31T18:21:04.763Z,separate_executor,quote_run_dispatch_probe,50,1115.73,success,,200,success
p3-ex-official-vu50,9aa4b346-a807-4a2e-89e3-72cb5055912a,2026-08-31T18:21:04.764Z,separate_executor,quote_run_dispatch_probe,50,1141.93,success,,200,success
p3-ex-official-vu50,26e2e187-4ab0-4647-896e-622d21a7767a,2026-08-31T18:21:04.789Z,separate_executor,quote_run_dispatch_probe,50,1139.55,success,,200,success
p3-ex-official-vu50,c883c3f6-c588-4461-aa7b-1079298dda43,2026-08-31T18:21:04.793Z,separate_executor,quote_run_dispatch_probe,50,1144.88,success,,200,success
p3-ex-official-vu50,34c25aaa-df5b-4187-916e-3e06bd2b4a9d,2026-08-31T18:21:05.068Z,separate_executor,quote_run_dispatch_probe,50,954.09,success,,200,success
p3-ex-official-vu50,a8cd50e4-948e-4d9d-ab3b-3363ab03b05e,2026-08-31T18:21:05.072Z,separate_executor,quote_run_dispatch_probe,50,957.69,success,,200,success
p3-ex-official-vu50,c1b4be90-ec18-4612-9e98-0ee504ba4fcf,2026-08-31T18:21:05.148Z,separate_executor,quote_run_dispatch_probe,50,1155.75,success,,200,success
p3-ex-official-vu50,d14bb268-d638-4f39-bb5c-815f10bd10bf,2026-08-31T18:21:05.218Z,separate_executor,quote_run_dispatch_probe,50,1054.81,success,,200,success
p3-ex-official-vu50,55c1c8b6-e3a2-4b65-88c9-8acde971e3a1,2026-08-31T18:21:05.254Z,separate_executor,quote_run_dispatch_probe,50,1169.5,success,,200,success
p3-ex-official-vu50,7a592371-dd5c-44b3-bddc-4f3ef3c8dea8,2026-08-31T18:21:05.281Z,separate_executor,quote_run_dispatch_probe,50,1176.75,success,,200,success
p3-ex-official-vu50,1b56907e-17e9-4c1a-a90b-16fc6ebca5ba,2026-08-31T18:21:05.293Z,separate_executor,quote_run_dispatch_probe,50,1179.46,success,,200,success
p3-ex-official-vu50,ea5d354f-0b08-4846-bc62-97da17eaac18,2026-08-31T18:21:05.295Z,separate_executor,quote_run_dispatch_probe,50,1032.55,success,,200,success
p3-ex-official-vu50,d5e5e6ae-0aa4-4490-867a-14696fd3899b,2026-08-31T18:21:05.313Z,separate_executor,quote_run_dispatch_probe,50,1200.82,success,,200,success
p3-ex-official-vu50,d7f155aa-92ef-4ce7-8cc2-288b118a3d07,2026-08-31T18:21:05.330Z,separate_executor,quote_run_dispatch_probe,50,1375.19,success,,200,success
p3-ex-official-vu50,4df39f69-ca33-4537-9363-7bc13db055ad,2026-08-31T18:21:05.371Z,separate_executor,quote_run_dispatch_probe,50,1267.75,success,,200,success
p3-ex-official-vu50,b1aa6a29-4a00-4663-8af3-1a3082fb7fcd,2026-08-31T18:21:05.379Z,separate_executor,quote_run_dispatch_probe,50,1084.63,success,,200,success
p3-ex-official-vu50,cc5b470e-2af3-4580-bb07-f46d4c3fbf31,2026-08-31T18:21:05.403Z,separate_executor,quote_run_dispatch_probe,50,1139.48,success,,200,success
p3-ex-official-vu50,2d196561-f56d-4ed4-a072-ca0093ee023e,2026-08-31T18:21:05.406Z,separate_executor,quote_run_dispatch_probe,50,1312.34,success,,200,success
p3-ex-official-vu50,fd8b1751-7286-43ba-ba1e-ec2c2e2d7ac8,2026-08-31T18:21:05.425Z,separate_executor,quote_run_dispatch_probe,50,1161.23,success,,200,success
p3-ex-official-vu50,8c00be71-b738-4715-94c0-8b881b373559,2026-08-31T18:21:05.437Z,separate_executor,quote_run_dispatch_probe,50,1231.01,success,,200,success
p3-ex-official-vu50,4bd9fb12-25b2-476c-a86c-41cfae901e2b,2026-08-31T18:21:05.445Z,separate_executor,quote_run_dispatch_probe,50,1278.45,success,,200,success
p3-ex-official-vu50,ca58d170-91d8-4786-8518-b09a386fedfd,2026-08-31T18:21:05.450Z,separate_executor,quote_run_dispatch_probe,50,1422.74,success,,200,success
p3-ex-official-vu50,7e66bed8-d15c-42a4-8d44-399844ad7f17,2026-08-31T18:21:05.497Z,separate_executor,quote_run_dispatch_probe,50,1336.5,success,,200,success
p3-ex-official-vu50,efdaaee7-f8d0-4b53-88e0-951b0abbabad,2026-08-31T18:21:05.499Z,separate_executor,quote_run_dispatch_probe,50,1185.31,success,,200,success
p3-ex-official-vu50,1c9c0d74-2064-419d-ad4a-d3cce4b1515d,2026-08-31T18:21:05.506Z,separate_executor,quote_run_dispatch_probe,50,1283.46,success,,200,success
p3-ex-official-vu50,c971bdaa-ca0e-4b80-986e-95b74bec0a1c,2026-08-31T18:21:05.507Z,separate_executor,quote_run_dispatch_probe,50,1403.64,success,,200,success
p3-ex-official-vu50,62e6ba89-f6b5-44be-83f1-2911a4ffe766,2026-08-31T18:21:05.520Z,separate_executor,quote_run_dispatch_probe,50,1425.41,success,,200,success
p3-ex-official-vu50,7f6a6711-221c-41ae-ac4f-6eb5e49de5c8,2026-08-31T18:21:05.521Z,separate_executor,quote_run_dispatch_probe,50,1379.49,success,,200,success
p3-ex-official-vu50,9ad9f828-c78a-4c54-8009-ea623e7e7389,2026-08-31T18:21:05.776Z,separate_executor,quote_run_dispatch_probe,50,1645.74,success,,200,success
p3-ex-official-vu50,99e511a5-6434-4277-a3f3-fd1fc2d8a4ed,2026-08-31T18:21:05.777Z,separate_executor,quote_run_dispatch_probe,50,1648.23,success,,200,success
p3-ex-official-vu50,a19ff180-0136-4e5d-8585-1a549d259527,2026-08-31T18:21:05.778Z,separate_executor,quote_run_dispatch_probe,50,1572.07,success,,200,success
p3-ex-official-vu50,35668ad5-c764-47c8-8012-cc59dc2330a3,2026-08-31T18:21:05.778Z,separate_executor,quote_run_dispatch_probe,50,1637.41,success,,200,success
p3-ex-official-vu50,d222b19d-b14d-4e5d-aeab-463d5e457cfd,2026-08-31T18:21:05.782Z,separate_executor,quote_run_dispatch_probe,50,1651.28,success,,200,success
p3-ex-official-vu50,e580a43e-aa50-4f16-8dc0-0d387732f418,2026-08-31T18:21:05.787Z,separate_executor,quote_run_dispatch_probe,50,1483.96,success,,200,success
p3-ex-official-vu50,de3482e0-44c4-40aa-8e2d-067068c8a2ef,2026-08-31T18:21:05.787Z,separate_executor,quote_run_dispatch_probe,50,1502.06,success,,200,success
p3-ex-official-vu50,070e60a2-3021-4899-93d6-06a6e1bc74b3,2026-08-31T18:21:05.788Z,separate_executor,quote_run_dispatch_probe,50,1540.16,success,,200,success
p3-ex-official-vu50,61317cca-86b0-45d7-9a29-57c1926fe1bf,2026-08-31T18:21:05.789Z,separate_executor,quote_run_dispatch_probe,50,1391.59,success,,200,success
p3-ex-official-vu50,b977a3c0-2d28-47c6-af19-2d20534ba1d5,2026-08-31T18:21:05.789Z,separate_executor,quote_run_dispatch_probe,50,1383.59,success,,200,success
p3-ex-official-vu50,ca7cf281-991d-473e-85f5-d1cd0e4a2ea8,2026-08-31T18:21:05.789Z,separate_executor,quote_run_dispatch_probe,50,1397.15,success,,200,success
p3-ex-official-vu50,2cc3a716-901e-4889-b0db-29f05dbe1d7e,2026-08-31T18:21:05.790Z,separate_executor,quote_run_dispatch_probe,50,1453.65,success,,200,success
p3-ex-official-vu50,c3be6504-69fc-4b09-b702-c807f2781d32,2026-08-31T18:21:05.792Z,separate_executor,quote_run_dispatch_probe,50,1495.91,success,,200,success
p3-ex-official-vu50,468b5200-9503-4eba-8228-237b86f91547,2026-08-31T18:21:05.793Z,separate_executor,quote_run_dispatch_probe,50,1347.28,success,,200,success
p3-ex-official-vu50,633c04d3-1ffa-4ca8-b8c3-c677598459a8,2026-08-31T18:21:05.806Z,separate_executor,quote_run_dispatch_probe,50,1345.68,success,,200,success
p3-ex-official-vu50,c972305c-5364-4370-9cad-3f3964947d9d,2026-08-31T18:21:05.814Z,separate_executor,quote_run_dispatch_probe,50,1488.28,success,,200,success
p3-ex-official-vu50,e3f25321-026b-4fe2-9fb0-43f524ab0d2d,2026-08-31T18:21:05.845Z,separate_executor,quote_run_dispatch_probe,50,1449.3,success,,200,success
p3-ex-official-vu50,4b61d27b-3fbd-4462-8b6b-3b9f80a3b015,2026-08-31T18:21:05.895Z,separate_executor,quote_run_dispatch_probe,50,1306.61,success,,200,success
p3-ex-official-vu50,dec220d3-8443-40c9-8b30-7ac74671ec24,2026-08-31T18:21:05.914Z,separate_executor,quote_run_dispatch_probe,50,1356.04,success,,200,success
p3-ex-official-vu50,c7d94350-d7bc-4fe3-9150-3ba0567697b1,2026-08-31T18:21:05.937Z,separate_executor,quote_run_dispatch_probe,50,1244.23,success,,200,success
p3-ex-official-vu50,2d8d07ce-835e-43ec-ade9-c6192061253a,2026-08-31T18:21:06.011Z,separate_executor,quote_run_dispatch_probe,50,1297.34,success,,200,success
p3-ex-official-vu50,7c848475-85a0-4721-a3ea-cbc88d0e3a33,2026-08-31T18:21:06.013Z,separate_executor,quote_run_dispatch_probe,50,1521.22,success,,200,success
p3-ex-official-vu50,bfcb8b96-294e-4b2b-afb5-ed21a5fffc6d,2026-08-31T18:21:06.013Z,separate_executor,quote_run_dispatch_probe,50,941.65,success,,200,success
p3-ex-official-vu50,6c95664f-6ba1-4184-bac8-7f0f35f45c03,2026-08-31T18:21:06.018Z,separate_executor,quote_run_dispatch_probe,50,1253.69,success,,200,success
p3-ex-official-vu50,badf5626-805e-43a4-8072-b84657093477,2026-08-31T18:21:06.031Z,separate_executor,quote_run_dispatch_probe,50,962.19,success,,200,success
p3-ex-official-vu50,3ec196e9-2600-4545-a2ed-82322a46716f,2026-08-31T18:21:06.070Z,separate_executor,quote_run_dispatch_probe,50,1276.78,success,,200,success
p3-ex-official-vu50,ad441a54-2609-4c50-86d3-1bb1cf7d3cba,2026-08-31T18:21:06.086Z,separate_executor,quote_run_dispatch_probe,50,1297.3,success,,200,success
p3-ex-official-vu50,d6187d4f-4e4a-44c4-bd5e-21e78383aad5,2026-08-31T18:21:06.166Z,separate_executor,quote_run_dispatch_probe,50,1402.89,success,,200,success
p3-ex-official-vu50,550d715a-fac8-4d24-a23a-0e70e96574e7,2026-08-31T18:21:06.253Z,separate_executor,quote_run_dispatch_probe,50,940.27,success,,200,success
p3-ex-official-vu50,b565ab75-630d-4452-9aea-6defd821c873,2026-08-31T18:21:06.276Z,separate_executor,quote_run_dispatch_probe,50,1057.18,success,,200,success
p3-ex-official-vu50,7aa1b600-8887-4113-a93c-6909352ad670,2026-08-31T18:21:06.301Z,separate_executor,quote_run_dispatch_probe,50,1153.02,success,,200,success
p3-ex-official-vu50,7d7e95fd-1dd5-4769-bdda-a6b2d9068d9a,2026-08-31T18:21:06.321Z,separate_executor,quote_run_dispatch_probe,50,1027.86,success,,200,success
p3-ex-official-vu50,845d45d6-b92b-4498-b355-1d6573c5e5b9,2026-08-31T18:21:06.379Z,separate_executor,quote_run_dispatch_probe,50,1083.8,success,,200,success
p3-ex-official-vu50,ccf162c6-0988-4948-8c4f-e4705514bb56,2026-08-31T18:21:06.492Z,separate_executor,quote_run_dispatch_probe,50,1047.24,success,,200,success
p3-ex-official-vu50,34a6180e-233b-41fe-9682-f130bbdf30f6,2026-08-31T18:21:06.493Z,separate_executor,quote_run_dispatch_probe,50,1114.73,success,,200,success
p3-ex-official-vu50,b8c71794-bdac-4434-bfac-f2566511b300,2026-08-31T18:21:06.504Z,separate_executor,quote_run_dispatch_probe,50,1222.9,success,,200,success
p3-ex-official-vu50,a8d0c955-6644-4819-a03b-4bb2560f236d,2026-08-31T18:21:06.525Z,separate_executor,quote_run_dispatch_probe,50,1271.74,success,,200,success
p3-ex-official-vu50,817c6b87-443a-423e-aa03-e95e57c391db,2026-08-31T18:21:06.537Z,separate_executor,quote_run_dispatch_probe,50,1165.5,success,,200,success
p3-ex-official-vu50,651820f6-4568-4a17-8456-b85719757bcd,2026-08-31T18:21:06.601Z,separate_executor,quote_run_dispatch_probe,50,1176.14,success,,200,success
p3-ex-official-vu50,7034db41-4b11-44e0-97f4-fe924a3602b7,2026-08-31T18:21:06.629Z,separate_executor,quote_run_dispatch_probe,50,1226.38,success,,200,success
p3-ex-official-vu50,05371933-ad50-4577-bbc0-9c2fe1eaeb1c,2026-08-31T18:21:06.671Z,separate_executor,quote_run_dispatch_probe,50,1265.12,success,,200,success
p3-ex-official-vu50,ca9f344b-8905-4909-890f-21ed4ba0ba91,2026-08-31T18:21:06.673Z,separate_executor,quote_run_dispatch_probe,50,1176.54,success,,200,success
p3-ex-official-vu50,b162575c-8e4f-4030-b261-d3aaa21ec9ea,2026-08-31T18:21:06.708Z,separate_executor,quote_run_dispatch_probe,50,1201.43,success,,200,success
p3-ex-official-vu50,b4338124-b1c5-4403-9c3c-4f37704aa283,2026-08-31T18:21:06.709Z,separate_executor,quote_run_dispatch_probe,50,1188.06,success,,200,success
p3-ex-official-vu50,5170f3df-5158-4c90-aa44-70881e9acc42,2026-08-31T18:21:06.746Z,separate_executor,quote_run_dispatch_probe,50,1246.97,success,,200,success
p3-ex-official-vu50,9ed96356-6e9c-4df8-aff1-028d2c6cb5c0,2026-08-31T18:21:06.753Z,separate_executor,quote_run_dispatch_probe,50,1423.57,success,,200,success
p3-ex-official-vu50,c4152dd1-63b9-4b90-bb1d-a87d5500168c,2026-08-31T18:21:06.786Z,separate_executor,quote_run_dispatch_probe,50,1266.23,success,,200,success
p3-ex-official-vu50,41730945-1e81-4f9f-8dc1-6eea6fe37fbf,2026-08-31T18:21:06.793Z,separate_executor,quote_run_dispatch_probe,50,1354.89,success,,200,success
p3-ex-official-vu50,42939f8a-ca96-435b-8575-a748f0d28207,2026-08-31T18:21:06.852Z,separate_executor,quote_run_dispatch_probe,50,1063.3,success,,200,success
p3-ex-official-vu50,94477727-5382-4221-9fae-c957dd64889a,2026-08-31T18:21:06.864Z,separate_executor,quote_run_dispatch_probe,50,1356.86,success,,200,success
p3-ex-official-vu50,341262f8-eefb-4847-a3d3-a7f4682910a8,2026-08-31T18:21:06.958Z,separate_executor,quote_run_dispatch_probe,50,1508.49,success,,200,success
p3-ex-official-vu50,8a652c5d-8f4e-4439-a90d-e7878c3e6c65,2026-08-31T18:21:07.106Z,separate_executor,quote_run_dispatch_probe,50,1317.36,success,,200,success
p3-ex-official-vu50,254bc945-bdc2-4b21-839c-2c3f2c57f58b,2026-08-31T18:21:07.107Z,separate_executor,quote_run_dispatch_probe,50,1317.67,success,,200,success
p3-ex-official-vu50,9a311f04-8132-4c72-a428-e01f890b82e2,2026-08-31T18:21:07.109Z,separate_executor,quote_run_dispatch_probe,50,1315.63,success,,200,success
p3-ex-official-vu50,22fb587a-5455-4522-9763-4426b491e5d8,2026-08-31T18:21:07.191Z,separate_executor,quote_run_dispatch_probe,50,1412.8,success,,200,success
p3-ex-official-vu50,16bd45fc-7594-4de2-8103-3cce85fbc5c9,2026-08-31T18:21:07.210Z,separate_executor,quote_run_dispatch_probe,50,1433.67,success,,200,success
p3-ex-official-vu50,0483a65d-72f8-4fd9-b93c-641179758ddf,2026-08-31T18:21:07.362Z,separate_executor,quote_run_dispatch_probe,50,1330.85,success,,200,success
p3-ex-official-vu50,eff359be-fdeb-4dd6-9ebe-02a8d9d0ad73,2026-08-31T18:21:07.363Z,separate_executor,quote_run_dispatch_probe,50,1580.28,success,,200,success
p3-ex-official-vu50,385078f7-a436-440a-a09c-5e759f8189d4,2026-08-31T18:21:07.414Z,separate_executor,quote_run_dispatch_probe,50,1625.96,success,,200,success
p3-ex-official-vu50,81b040a0-6e78-48c3-9410-f253316e1fea,2026-08-31T18:21:07.424Z,separate_executor,quote_run_dispatch_probe,50,1487.01,success,,200,success
p3-ex-official-vu50,b7dd03ed-22dd-46c8-a2f0-eb9798b96a4a,2026-08-31T18:21:07.424Z,separate_executor,quote_run_dispatch_probe,50,1509.77,success,,200,success
p3-ex-official-vu50,829d9546-56dc-4c62-bad4-1880119f01fe,2026-08-31T18:21:07.425Z,separate_executor,quote_run_dispatch_probe,50,1413.13,success,,200,success
p3-ex-official-vu50,1669d08c-3018-456c-b868-7e8ad792b152,2026-08-31T18:21:07.426Z,separate_executor,quote_run_dispatch_probe,50,1635.34,success,,200,success
p3-ex-official-vu50,de02aa63-3ae9-479c-981d-d3f143330573,2026-08-31T18:21:07.439Z,separate_executor,quote_run_dispatch_probe,50,1652.06,success,,200,success
p3-ex-official-vu50,349e410a-a781-4be4-a2f9-4f51a1a32799,2026-08-31T18:21:07.440Z,separate_executor,quote_run_dispatch_probe,50,1427.14,success,,200,success
p3-ex-official-vu50,d768da72-1406-465f-82ab-45f29b7e7ba2,2026-08-31T18:21:07.440Z,separate_executor,quote_run_dispatch_probe,50,1663.44,success,,200,success
p3-ex-official-vu50,2d29bbea-efc4-4b72-8206-c806361320d8,2026-08-31T18:21:07.441Z,separate_executor,quote_run_dispatch_probe,50,1545.51,success,,200,success
p3-ex-official-vu50,8d33e3dd-0d06-4daf-8ee1-0d53ff9cddee,2026-08-31T18:21:07.442Z,separate_executor,quote_run_dispatch_probe,50,1654.33,success,,200,success
p3-ex-official-vu50,882fcb24-64db-4e25-8fe1-ccec766ffdac,2026-08-31T18:21:07.442Z,separate_executor,quote_run_dispatch_probe,50,1428.53,success,,200,success
p3-ex-official-vu50,a6d2f245-1172-4470-adbb-803b41465b22,2026-08-31T18:21:07.442Z,separate_executor,quote_run_dispatch_probe,50,1664.59,success,,200,success
p3-ex-official-vu50,f94e6d31-6d7f-44f9-90d0-5211439fafe1,2026-08-31T18:21:07.442Z,separate_executor,quote_run_dispatch_probe,50,1649.98,success,,200,success
p3-ex-official-vu50,e5e2a01d-e1ed-483b-8dc7-72417306fcdd,2026-08-31T18:21:07.443Z,separate_executor,quote_run_dispatch_probe,50,1189.35,success,,200,success
p3-ex-official-vu50,2872052d-8c38-4549-9a92-82f4d85c8109,2026-08-31T18:21:07.443Z,separate_executor,quote_run_dispatch_probe,50,1122.35,success,,200,success
p3-ex-official-vu50,7577a716-b467-4e56-8040-6ca455655749,2026-08-31T18:21:07.444Z,separate_executor,quote_run_dispatch_probe,50,1357.76,success,,200,success
p3-ex-official-vu50,b649dc4d-3fae-4e71-aab8-ba1a64aff3e8,2026-08-31T18:21:07.445Z,separate_executor,quote_run_dispatch_probe,50,1375.06,success,,200,success
p3-ex-official-vu50,e75f1854-743a-4211-84ac-4f4ac3e54a8d,2026-08-31T18:21:07.445Z,separate_executor,quote_run_dispatch_probe,50,1639.35,success,,200,success
p3-ex-official-vu50,54806046-74ec-4e19-8d0c-9194ca321863,2026-08-31T18:21:07.446Z,separate_executor,quote_run_dispatch_probe,50,1600.66,success,,200,success
p3-ex-official-vu50,6abf558d-d851-47fa-bb06-0218594025ce,2026-08-31T18:21:07.446Z,separate_executor,quote_run_dispatch_probe,50,1170.67,success,,200,success
p3-ex-official-vu50,8065f8cb-9844-4223-a20b-e49376459602,2026-08-31T18:21:07.447Z,separate_executor,quote_run_dispatch_probe,50,1280.6,success,,200,success
p3-ex-official-vu50,8f9dba59-304e-4bb4-9c20-dbba0d31dbf3,2026-08-31T18:21:07.448Z,separate_executor,quote_run_dispatch_probe,50,1429.9,success,,200,success
p3-ex-official-vu50,9793ee92-7247-4f5b-8241-d2fe15430883,2026-08-31T18:21:07.455Z,separate_executor,quote_run_dispatch_probe,50,1640.31,success,,200,success
p3-ex-official-vu50,71c8b50d-3379-43f4-b62a-95d38a9ec732,2026-08-31T18:21:07.457Z,separate_executor,quote_run_dispatch_probe,50,1155.62,success,,200,success
p3-ex-official-vu50,ed8923c8-eace-4711-9c42-99010bb303ef,2026-08-31T18:21:07.463Z,separate_executor,quote_run_dispatch_probe,50,1083.65,success,,200,success
p3-ex-official-vu50,2450cec8-7de8-45b6-b86e-b90fef2a79c9,2026-08-31T18:21:07.512Z,separate_executor,quote_run_dispatch_probe,50,1018.52,success,,200,success
p3-ex-official-vu50,aee652e3-d3b6-4876-9850-3baf1a813fa1,2026-08-31T18:21:07.576Z,separate_executor,quote_run_dispatch_probe,50,1072.15,success,,200,success
p3-ex-official-vu50,e2778051-24e0-4bdf-bed6-492f50b3d3ef,2026-08-31T18:21:07.616Z,separate_executor,quote_run_dispatch_probe,50,1123.64,success,,200,success
p3-ex-official-vu50,8e9ad512-0274-4b45-8121-5bbad12852aa,2026-08-31T18:21:07.625Z,separate_executor,quote_run_dispatch_probe,50,879.14,success,,200,success
p3-ex-official-vu50,30e61123-8506-4f2d-b49e-457eb9b8e439,2026-08-31T18:21:07.640Z,separate_executor,quote_run_dispatch_probe,50,1038.25,success,,200,success
p3-ex-official-vu50,f27999cf-71d4-4eb1-afd9-d35beafcf60e,2026-08-31T18:21:07.641Z,separate_executor,quote_run_dispatch_probe,50,1115.57,success,,200,success
p3-ex-official-vu50,9b4f6574-aade-4948-a62a-ed2d09d37ecf,2026-08-31T18:21:07.707Z,separate_executor,quote_run_dispatch_probe,50,1077.34,success,,200,success
p3-ex-official-vu50,2e83f214-5527-436c-a495-6853be76e1b1,2026-08-31T18:21:07.779Z,separate_executor,quote_run_dispatch_probe,50,1069.62,success,,200,success
p3-ex-official-vu50,5910d7c8-e81a-493f-8e53-f471011b4f56,2026-08-31T18:21:07.783Z,separate_executor,quote_run_dispatch_probe,50,1111.49,success,,200,success
p3-ex-official-vu50,ca2fe465-246b-414f-839f-d268e34d84fb,2026-08-31T18:21:07.808Z,separate_executor,quote_run_dispatch_probe,50,1134.6,success,,200,success
p3-ex-official-vu50,c579e399-c24e-403d-b128-c04608be3d29,2026-08-31T18:21:07.808Z,separate_executor,quote_run_dispatch_probe,50,1100.73,success,,200,success
p3-ex-official-vu50,5e0a6f0c-bd1f-4858-b77d-5ad48aab71ad,2026-08-31T18:21:07.860Z,separate_executor,quote_run_dispatch_probe,50,1322.78,success,,200,success
p3-ex-official-vu50,03a2b335-65bb-4d3c-a99b-a0b79087094f,2026-08-31T18:21:07.872Z,separate_executor,quote_run_dispatch_probe,50,1008.03,success,,200,success
p3-ex-official-vu50,cca83fbf-c31c-4019-b4cc-753fd5ec2701,2026-08-31T18:21:07.926Z,separate_executor,quote_run_dispatch_probe,50,1133.11,success,,200,success
p3-ex-official-vu50,08e7341f-912b-4249-a433-e55fa0fa14d2,2026-08-31T18:21:07.957Z,separate_executor,quote_run_dispatch_probe,50,1203.85,success,,200,success
p3-ex-official-vu50,05b87d73-08bf-418e-bcb3-9f55944b1412,2026-08-31T18:21:08.048Z,separate_executor,quote_run_dispatch_probe,50,1195.79,success,,200,success
p3-ex-official-vu50,713889ab-01cb-4761-afa8-b8bfba38de7b,2026-08-31T18:21:08.126Z,separate_executor,quote_run_dispatch_probe,50,1339.33,success,,200,success
p3-ex-official-vu50,8bbe1793-d350-4e79-900a-8e9ec4b2eaa6,2026-08-31T18:21:08.246Z,separate_executor,quote_run_dispatch_probe,50,1287.71,success,,200,success
p3-ex-official-vu50,79d18016-eb63-4e9f-b686-edac4b6270c0,2026-08-31T18:21:08.276Z,separate_executor,quote_run_dispatch_probe,50,1167.27,success,,200,success
p3-ex-official-vu50,4ab4e27f-6da2-4b8f-91a0-e61ec1ae2dd2,2026-08-31T18:21:08.294Z,separate_executor,quote_run_dispatch_probe,50,1187.77,success,,200,success
p3-ex-official-vu50,5e67123b-415e-474c-a276-5df4dd27d063,2026-08-31T18:21:08.346Z,separate_executor,quote_run_dispatch_probe,50,982.83,success,,200,success
p3-ex-official-vu50,add2aaed-4dd4-456b-aaaf-abe46c1e52a3,2026-08-31T18:21:08.445Z,separate_executor,quote_run_dispatch_probe,50,981.92,success,,200,success
p3-ex-official-vu50,4cf0d634-03fa-4193-8b53-c05798933a53,2026-08-31T18:21:08.456Z,separate_executor,quote_run_dispatch_probe,50,1348.8,success,,200,success
p3-ex-official-vu50,f2e9b169-47a6-4d64-8214-2ca64ebdd0ff,2026-08-31T18:21:08.538Z,separate_executor,quote_run_dispatch_probe,50,1113.78,success,,200,success
p3-ex-official-vu50,e8676c57-2bb6-4bb7-9ded-dd87ec9e42dc,2026-08-31T18:21:08.576Z,separate_executor,quote_run_dispatch_probe,50,1135.91,success,,200,success
p3-ex-official-vu50,f0bfc2a2-e21d-4257-ac4e-bffde450a697,2026-08-31T18:21:08.914Z,separate_executor,quote_run_dispatch_probe,50,1471.24,success,,200,success
p3-ex-official-vu50,166eb123-32ba-4730-831d-9f106074c92c,2026-08-31T18:21:08.925Z,separate_executor,quote_run_dispatch_probe,50,1468.6,success,,200,success
p3-ex-official-vu50,3f84193e-6332-427a-87e7-a513e35af576,2026-08-31T18:21:08.926Z,separate_executor,quote_run_dispatch_probe,50,1483.09,success,,200,success
p3-ex-official-vu50,4d9a86c3-3eb9-4bfd-abd4-87462a366727,2026-08-31T18:21:08.927Z,separate_executor,quote_run_dispatch_probe,50,1735.69,success,,200,success
p3-ex-official-vu50,022fcda7-7546-47db-93d1-02b8d5b6b243,2026-08-31T18:21:08.927Z,separate_executor,quote_run_dispatch_probe,50,1717.4,success,,200,success
p3-ex-official-vu50,92aa78d7-5b1c-46ab-a9de-207871e69ce4,2026-08-31T18:21:08.947Z,separate_executor,quote_run_dispatch_probe,50,1306.01,success,,200,success
p3-ex-official-vu50,63db86f1-ec3b-4902-9f62-0aa6cf7a8474,2026-08-31T18:21:09.396Z,separate_executor,quote_run_dispatch_probe,50,1970.15,success,,200,success
p3-ex-official-vu50,f1676e69-d445-4a54-8992-eec39ac43623,2026-08-31T18:21:09.397Z,separate_executor,quote_run_dispatch_probe,50,2035.13,success,,200,success
p3-ex-official-vu50,4cb8ebb6-e7da-419c-a925-3382975ebb2b,2026-08-31T18:21:09.397Z,separate_executor,quote_run_dispatch_probe,50,1885.25,success,,200,success
p3-ex-official-vu50,65b5fc9f-6cc3-4c26-a986-4dad432a362e,2026-08-31T18:21:09.398Z,separate_executor,quote_run_dispatch_probe,50,1821.48,success,,200,success
p3-ex-official-vu50,2323139c-9a95-47c0-9290-3b93991442ad,2026-08-31T18:21:09.413Z,separate_executor,quote_run_dispatch_probe,50,1970.1,success,,200,success
p3-ex-official-vu50,64efe6ff-befd-4ef2-9c6c-3feb6849bec9,2026-08-31T18:21:09.663Z,separate_executor,quote_run_dispatch_probe,50,2237.89,success,,200,success
p3-ex-official-vu50,d153c0e8-f475-4968-8d8e-73e981b0539a,2026-08-31T18:21:09.663Z,separate_executor,quote_run_dispatch_probe,50,2208.66,success,,200,success
p3-ex-official-vu50,8e3d330e-4e2b-4123-9e31-a985a9e5285d,2026-08-31T18:21:09.664Z,separate_executor,quote_run_dispatch_probe,50,2222.95,success,,200,success
p3-ex-official-vu50,7e5a0184-41bd-4b06-8839-ef9e991bafe6,2026-08-31T18:21:09.664Z,separate_executor,quote_run_dispatch_probe,50,2038.69,success,,200,success
p3-ex-official-vu50,001ac33d-18e7-48f4-a402-92dbfbe480db,2026-08-31T18:21:09.665Z,separate_executor,quote_run_dispatch_probe,50,2220.71,success,,200,success
p3-ex-official-vu50,3e7d2529-e02f-43f7-987d-cfdf07a5c21b,2026-08-31T18:21:09.666Z,separate_executor,quote_run_dispatch_probe,50,2219.13,success,,200,success
p3-ex-official-vu50,dda26953-8dd8-4863-b9a1-126854c2f3ac,2026-08-31T18:21:09.669Z,separate_executor,quote_run_dispatch_probe,50,2224.53,success,,200,success
p3-ex-official-vu50,ce72c274-6d49-4ee9-a882-ed68ac2bca4e,2026-08-31T18:21:09.670Z,separate_executor,quote_run_dispatch_probe,50,2256,success,,200,success
p3-ex-official-vu50,dea7dc84-0729-4418-b4e8-42a20fc86fcc,2026-08-31T18:21:09.672Z,separate_executor,quote_run_dispatch_probe,50,2225.64,success,,200,success
p3-ex-official-vu50,4ec8f487-0e5b-4f79-ac2b-37964f5b61d4,2026-08-31T18:21:09.674Z,separate_executor,quote_run_dispatch_probe,50,2231.9,success,,200,success
p3-ex-official-vu50,b93a4fe8-91a0-42b3-848c-ceb3a90ba034,2026-08-31T18:21:09.676Z,separate_executor,quote_run_dispatch_probe,50,2233.81,success,,200,success
p3-ex-official-vu50,55139693-1a22-4f85-957b-da4ea081c644,2026-08-31T18:21:09.677Z,separate_executor,quote_run_dispatch_probe,50,2230.05,success,,200,success
p3-ex-official-vu50,19608179-29a9-4a8b-914d-454a995c1c18,2026-08-31T18:21:09.677Z,separate_executor,quote_run_dispatch_probe,50,2234.58,success,,200,success
p3-ex-official-vu50,3bb3d72c-d5f1-495d-8792-f20b251eb6c2,2026-08-31T18:21:09.678Z,separate_executor,quote_run_dispatch_probe,50,2254.25,success,,200,success
p3-ex-official-vu50,2263d658-cc75-49b1-87e3-3786bd6b40cf,2026-08-31T18:21:09.678Z,separate_executor,quote_run_dispatch_probe,50,2239.26,success,,200,success
p3-ex-official-vu50,2352b384-215d-4361-9110-f288df561e80,2026-08-31T18:21:09.679Z,separate_executor,quote_run_dispatch_probe,50,2231.18,success,,200,success
p3-ex-official-vu50,057faf65-8a90-47b9-9ac8-bb3deb256861,2026-08-31T18:21:09.679Z,separate_executor,quote_run_dispatch_probe,50,2234.08,success,,200,success
p3-ex-official-vu50,c80506d7-84d2-4ad8-8e37-b70f63bc8034,2026-08-31T18:21:09.680Z,separate_executor,quote_run_dispatch_probe,50,2239.06,success,,200,success
p3-ex-official-vu50,225a51d7-b3f0-4357-8913-cfe6ce92d083,2026-08-31T18:21:09.680Z,separate_executor,quote_run_dispatch_probe,50,1972.94,success,,200,success
p3-ex-official-vu50,c387a4f2-dc5e-4355-9aa1-66e15ead556b,2026-08-31T18:21:09.680Z,separate_executor,quote_run_dispatch_probe,50,2064.17,success,,200,success
p3-ex-official-vu50,ee364cdf-29c3-4324-9a3a-19c8fcf261fc,2026-08-31T18:21:09.687Z,separate_executor,quote_run_dispatch_probe,50,1879.66,success,,200,success
p3-ex-official-vu50,2db21185-b4a1-412a-977e-b2d2a94e0db3,2026-08-31T18:21:09.691Z,separate_executor,quote_run_dispatch_probe,50,1764.77,success,,200,success
p3-ex-official-vu50,d40c179a-12ac-412c-a164-a1a1a8783e31,2026-08-31T18:21:09.692Z,separate_executor,quote_run_dispatch_probe,50,2051.98,success,,200,success
p3-ex-official-vu50,98cfe310-8f0b-4546-a094-72da2d8746e0,2026-08-31T18:21:09.692Z,separate_executor,quote_run_dispatch_probe,50,1820.41,success,,200,success
p3-ex-official-vu50,34539e55-e41f-491c-8008-6a40bd5ea600,2026-08-31T18:21:09.693Z,separate_executor,quote_run_dispatch_probe,50,1909.57,success,,200,success
p3-ex-official-vu50,2820f2f8-b87a-449d-b4ff-8f96b58b90aa,2026-08-31T18:21:09.693Z,separate_executor,quote_run_dispatch_probe,50,1914.33,success,,200,success
p3-ex-official-vu50,c92f3b92-bb62-4176-a176-af871a68a8ac,2026-08-31T18:21:09.694Z,separate_executor,quote_run_dispatch_probe,50,1833.62,success,,200,success
p3-ex-official-vu50,640c89d7-c1a2-4601-8e0b-921646e6b9a6,2026-08-31T18:21:09.694Z,separate_executor,quote_run_dispatch_probe,50,1645.95,success,,200,success
p3-ex-official-vu50,ccbc9d85-a5e7-4bd4-b94b-fd1ee7855058,2026-08-31T18:21:09.694Z,separate_executor,quote_run_dispatch_probe,50,1885.59,success,,200,success
p3-ex-official-vu50,a9896471-b9df-4766-8bd9-25a491e63f94,2026-08-31T18:21:09.695Z,separate_executor,quote_run_dispatch_probe,50,1249.83,success,,200,success
p3-ex-official-vu50,9e3b078a-f048-45a4-9859-15e9270bf1a5,2026-08-31T18:21:09.695Z,separate_executor,quote_run_dispatch_probe,50,1737.73,success,,200,success
p3-ex-official-vu50,0a43ee71-565e-4eca-bb3f-3792209a0c8c,2026-08-31T18:21:09.696Z,separate_executor,quote_run_dispatch_probe,50,1569.99,success,,200,success
p3-ex-official-vu50,55d96de4-e237-46a1-883d-137ce7705797,2026-08-31T18:21:09.696Z,separate_executor,quote_run_dispatch_probe,50,1157.79,success,,200,success
p3-ex-official-vu50,aff9eb18-6961-4fd8-8339-acfc44a3c83d,2026-08-31T18:21:09.696Z,separate_executor,quote_run_dispatch_probe,50,1420.07,success,,200,success
p3-ex-official-vu50,d25019c8-6a7f-4aea-a60a-9f9ac7ad053a,2026-08-31T18:21:09.696Z,separate_executor,quote_run_dispatch_probe,50,1120.39,success,,200,success
p3-ex-official-vu50,dde3df64-7163-4b2e-9b46-5928f52f3163,2026-08-31T18:21:09.697Z,separate_executor,quote_run_dispatch_probe,50,1351.64,success,,200,success
p3-ex-official-vu50,3e8aa4b9-15c2-4055-885a-d9b873f155ef,2026-08-31T18:21:09.698Z,separate_executor,quote_run_dispatch_probe,50,1403.53,success,,200,success
p3-ex-official-vu50,3bd70bf9-218c-44d0-b24d-b06c23bb918b,2026-08-31T18:21:09.706Z,separate_executor,quote_run_dispatch_probe,50,1460.05,success,,200,success
p3-ex-official-vu50,b805a750-b280-4d69-a958-f29eab20cace,2026-08-31T18:21:09.710Z,separate_executor,quote_run_dispatch_probe,50,1254.27,success,,200,success
p3-ex-official-vu50,8e7495f1-efd5-40af-b68d-45cbfb955f9f,2026-08-31T18:21:09.712Z,separate_executor,quote_run_dispatch_probe,50,784.87,success,,200,success
p3-ex-official-vu50,beed37ba-3d70-408b-9d90-db60b5560e67,2026-08-31T18:21:09.713Z,separate_executor,quote_run_dispatch_probe,50,787.28,success,,200,success
p3-ex-official-vu50,548ca738-436e-4ffe-a546-630ee6916490,2026-08-31T18:21:09.713Z,separate_executor,quote_run_dispatch_probe,50,799.92,success,,200,success
p3-ex-official-vu50,5dca9455-7b81-485b-a539-b16ebf941b55,2026-08-31T18:21:09.715Z,separate_executor,quote_run_dispatch_probe,50,787.67,success,,200,success
p3-ex-official-vu50,244cd5d6-2320-4071-9fab-6a75a25c79b7,2026-08-31T18:21:09.719Z,separate_executor,quote_run_dispatch_probe,50,772.11,success,,200,success
p3-ex-official-vu50,299c71c3-1bc0-4ff8-8fea-71bb0978051a,2026-08-31T18:21:09.724Z,separate_executor,quote_run_dispatch_probe,50,797.74,success,,200,success
p3-ex-official-vu50,a3d20fd9-6b48-4633-89ea-13fb0e180d98,2026-08-31T18:21:10.524Z,separate_executor,quote_run_dispatch_probe,50,1126.55,success,,200,success
p3-ex-official-vu50,e0887c8a-5f8b-4950-b5e1-78824fc68dcd,2026-08-31T18:21:10.539Z,separate_executor,quote_run_dispatch_probe,50,1142.85,success,,200,success
p3-ex-official-vu50,13b98c45-89b7-4e7f-b451-4d2470c861ce,2026-08-31T18:21:10.575Z,separate_executor,quote_run_dispatch_probe,50,1178.53,success,,200,success
p3-ex-official-vu50,e3c8d2b2-55dc-494d-a3c6-8cc1ebe9d266,2026-08-31T18:21:10.662Z,separate_executor,quote_run_dispatch_probe,50,1249.85,success,,200,success
p3-ex-official-vu50,8d4f76a3-60bf-478f-a242-8bb8101d4f55,2026-08-31T18:21:10.726Z,separate_executor,quote_run_dispatch_probe,50,1314.45,success,,200,success
p3-ex-official-vu50,278916eb-2691-4605-9756-2eb1918e557e,2026-08-31T18:21:10.767Z,separate_executor,quote_run_dispatch_probe,50,1094.82,success,,200,success
p3-ex-official-vu50,f425cebe-8b40-4aeb-9e31-1f065e938d04,2026-08-31T18:21:10.796Z,separate_executor,quote_run_dispatch_probe,50,1100.8,success,,200,success
p3-ex-official-vu50,b6571b56-6f78-4218-a6e9-5a8b6289ed2b,2026-08-31T18:21:10.823Z,separate_executor,quote_run_dispatch_probe,50,1126.98,success,,200,success
p3-ex-official-vu50,eaa04cdf-c625-4922-8340-5c26827de1c2,2026-08-31T18:21:10.825Z,separate_executor,quote_run_dispatch_probe,50,1160.89,success,,200,success
p3-ex-official-vu50,f9ab707b-6ebf-4195-a8f7-6d62b04393b4,2026-08-31T18:21:10.836Z,separate_executor,quote_run_dispatch_probe,50,1158.35,success,,200,success
p3-ex-official-vu50,718527cd-e112-486c-a409-4767e6688fb4,2026-08-31T18:21:10.841Z,separate_executor,quote_run_dispatch_probe,50,1161.13,success,,200,success
p3-ex-official-vu50,db8eb0a1-1c06-437b-a279-70bfae2d1085,2026-08-31T18:21:10.872Z,separate_executor,quote_run_dispatch_probe,50,1179.77,success,,200,success
p3-ex-official-vu50,5307d247-18d9-441a-a5aa-5a3ef105ce83,2026-08-31T18:21:10.909Z,separate_executor,quote_run_dispatch_probe,50,1229.35,success,,200,success
p3-ex-official-vu50,79c414fa-fbdf-4d18-8d07-fcdc8da2ca21,2026-08-31T18:21:10.914Z,separate_executor,quote_run_dispatch_probe,50,1219.73,success,,200,success
p3-ex-official-vu50,511ef318-9697-4647-8e8c-86422e21edb5,2026-08-31T18:21:10.914Z,separate_executor,quote_run_dispatch_probe,50,1217.14,success,,200,success
p3-ex-official-vu50,c6891515-d9a8-444c-aba3-ec0901dafed0,2026-08-31T18:21:11.012Z,separate_executor,quote_run_dispatch_probe,50,1334.99,success,,200,success
p3-ex-official-vu50,d8b5f77f-c824-4792-b850-62f95ebdd51c,2026-08-31T18:21:11.024Z,separate_executor,quote_run_dispatch_probe,50,1354.35,success,,200,success
p3-ex-official-vu50,5bd77389-e075-4e2e-b222-3f24ade323ff,2026-08-31T18:21:11.025Z,separate_executor,quote_run_dispatch_probe,50,1328.99,success,,200,success
p3-ex-official-vu50,c0ea67e7-6132-47c7-84ad-26294a90eb5d,2026-08-31T18:21:11.025Z,separate_executor,quote_run_dispatch_probe,50,1361.37,success,,200,success
p3-ex-official-vu50,c8f16c5c-d7a7-4677-8d65-058eb5c9c7a0,2026-08-31T18:21:11.027Z,separate_executor,quote_run_dispatch_probe,50,1332.69,success,,200,success
p3-ex-official-vu50,c9269f27-56ee-49e7-b343-f7eee60e9247,2026-08-31T18:21:11.028Z,separate_executor,quote_run_dispatch_probe,50,1336.98,success,,200,success
p3-ex-official-vu50,a5014ddd-d0a5-4b1c-b744-43b89fb7eea2,2026-08-31T18:21:11.028Z,separate_executor,quote_run_dispatch_probe,50,1362.82,success,,200,success
p3-ex-official-vu50,6b3353e4-9955-4bfd-a612-b2677c011ab7,2026-08-31T18:21:11.028Z,separate_executor,quote_run_dispatch_probe,50,1321.78,success,,200,success
p3-ex-official-vu50,a7df17fb-85f4-4248-812c-108faebc8042,2026-08-31T18:21:11.030Z,separate_executor,quote_run_dispatch_probe,50,1352.03,success,,200,success
p3-ex-official-vu50,625e4574-c138-41e9-9b4f-88165ae242cc,2026-08-31T18:21:11.040Z,separate_executor,quote_run_dispatch_probe,50,1345.88,success,,200,success
p3-ex-official-vu50,a90b6f71-d90c-4bc8-b562-b56703bf995b,2026-08-31T18:21:11.045Z,separate_executor,quote_run_dispatch_probe,50,1357.05,success,,200,success
p3-ex-official-vu50,aadab5d0-9b6c-4bc5-9ef2-5a211f0f0a15,2026-08-31T18:21:11.056Z,separate_executor,quote_run_dispatch_probe,50,1386.77,success,,200,success
p3-ex-official-vu50,d288395f-3dee-45c4-8c60-d5dd3a47164d,2026-08-31T18:21:11.059Z,separate_executor,quote_run_dispatch_probe,50,1379.29,success,,200,success
p3-ex-official-vu50,c5a2680b-055d-4f8b-a33d-cea63bb06c2f,2026-08-31T18:21:11.059Z,separate_executor,quote_run_dispatch_probe,50,1384.5,success,,200,success
p3-ex-official-vu50,c9a243aa-bade-4e88-b56c-5c80a99df513,2026-08-31T18:21:11.060Z,separate_executor,quote_run_dispatch_probe,50,1347.64,success,,200,success
p3-ex-official-vu50,50d081d3-959d-4af0-b3e2-29a16c498a85,2026-08-31T18:21:11.060Z,separate_executor,quote_run_dispatch_probe,50,1340.73,success,,200,success
p3-ex-official-vu50,d4d781bd-8939-4a97-a8a7-6ec69f6346b4,2026-08-31T18:21:11.060Z,separate_executor,quote_run_dispatch_probe,50,1394.54,success,,200,success
p3-ex-official-vu50,92b50c5d-7850-4925-8916-5e667204d10f,2026-08-31T18:21:11.060Z,separate_executor,quote_run_dispatch_probe,50,1367.87,success,,200,success
p3-ex-official-vu50,dd8b210a-a96e-42f1-9443-211b0885be55,2026-08-31T18:21:11.061Z,separate_executor,quote_run_dispatch_probe,50,1347.81,success,,200,success
p3-ex-official-vu50,42ea7e3f-730f-4162-8d84-ec486c6d1c1e,2026-08-31T18:21:11.070Z,separate_executor,quote_run_dispatch_probe,50,1373.51,success,,200,success
p3-ex-official-vu50,e804234b-6786-44be-a1b1-280a99ce76a0,2026-08-31T18:21:11.070Z,separate_executor,quote_run_dispatch_probe,50,1407.01,success,,200,success
p3-ex-official-vu50,7f2d415f-33ed-437e-a523-085841a3cd5a,2026-08-31T18:21:11.071Z,separate_executor,quote_run_dispatch_probe,50,1357.25,success,,200,success
p3-ex-official-vu50,e623d2bc-7081-4144-8572-c2e4dba38f23,2026-08-31T18:21:11.074Z,separate_executor,quote_run_dispatch_probe,50,1397.92,success,,200,success
p3-ex-official-vu50,cb3beab6-9370-4cec-8d17-4f07366d65ea,2026-08-31T18:21:11.074Z,separate_executor,quote_run_dispatch_probe,50,1359.62,success,,200,success
p3-ex-official-vu50,c3e9734f-a046-47d5-9fbe-81d3b5a2c110,2026-08-31T18:21:11.074Z,separate_executor,quote_run_dispatch_probe,50,1380.79,success,,200,success
p3-ex-official-vu50,9a847a5e-b929-41f3-aaf8-a908c9d52907,2026-08-31T18:21:11.082Z,separate_executor,quote_run_dispatch_probe,50,1384.08,success,,200,success
p3-ex-official-vu50,b5556e6b-1926-4c37-8eb2-a9ff892a46d4,2026-08-31T18:21:11.089Z,separate_executor,quote_run_dispatch_probe,50,1408.83,success,,200,success
p3-ex-official-vu50,185aa2aa-ee8b-4ee4-875d-1b765e05d8dc,2026-08-31T18:21:11.092Z,separate_executor,quote_run_dispatch_probe,50,1381.72,success,,200,success
p3-ex-official-vu50,ee547628-abe7-40fd-a3f5-482a72a7da02,2026-08-31T18:21:11.234Z,separate_executor,quote_run_dispatch_probe,50,1555.65,success,,200,success
p3-ex-official-vu50,c0e064bf-78a3-4e67-89c6-78ec2424b83a,2026-08-31T18:21:11.346Z,separate_executor,quote_run_dispatch_probe,50,1683.1,success,,200,success
p3-ex-official-vu50,5c3f9c55-341a-4464-ab62-0475c3464bb2,2026-08-31T18:21:11.479Z,separate_executor,quote_run_dispatch_probe,50,1787.06,success,,200,success
p3-ex-official-vu50,bccfc39c-8f63-43ff-b1f3-0554a1cc1517,2026-08-31T18:21:11.479Z,separate_executor,quote_run_dispatch_probe,50,1800.53,success,,200,success
p3-ex-official-vu50,c95dbdbb-5019-43ce-8753-9e32b3ea810c,2026-08-31T18:21:11.480Z,separate_executor,quote_run_dispatch_probe,50,1783.38,success,,200,success
p3-ex-official-vu50,b98c34f2-24b1-42bb-851c-687b8c262b63,2026-08-31T18:21:11.480Z,separate_executor,quote_run_dispatch_probe,50,1755.97,success,,200,success
p3-ex-official-vu50,56604da1-d476-4631-8f29-4b7cbb62b4e6,2026-08-31T18:21:11.481Z,separate_executor,quote_run_dispatch_probe,50,1787.5,success,,200,success
p3-ex-official-vu50,3a75eb63-9203-4d53-8ce5-f505e63a5c33,2026-08-31T18:21:11.730Z,separate_executor,quote_run_dispatch_probe,50,1190.7,success,,200,success
p3-ex-official-vu50,dff69fb2-08af-4016-8ade-13a98a837379,2026-08-31T18:21:11.764Z,separate_executor,quote_run_dispatch_probe,50,927.77,success,,200,success
p3-ex-official-vu50,f6d8556f-3a5d-4cb6-8602-5d11fc9ccbd6,2026-08-31T18:21:11.789Z,separate_executor,quote_run_dispatch_probe,50,948.23,success,,200,success
p3-ex-official-vu50,8d080d49-9c7c-43c7-8ce2-75e295e9b207,2026-08-31T18:21:11.811Z,separate_executor,quote_run_dispatch_probe,50,1014.74,success,,200,success
p3-ex-official-vu50,85275a03-26e6-43a4-93f3-701972e18cf4,2026-08-31T18:21:11.826Z,separate_executor,quote_run_dispatch_probe,50,912.33,success,,200,success
p3-ex-official-vu50,82f4d805-93ad-428c-943b-0a4b6e037fa4,2026-08-31T18:21:11.826Z,separate_executor,quote_run_dispatch_probe,50,1059.65,success,,200,success
p3-ex-official-vu50,38a92072-0d72-4f49-8baf-8f0673a1a45b,2026-08-31T18:21:11.831Z,separate_executor,quote_run_dispatch_probe,50,1307.05,success,,200,success
p3-ex-official-vu50,cff11ab5-cfc0-4f09-a766-cd2b07ef8d69,2026-08-31T18:21:11.878Z,separate_executor,quote_run_dispatch_probe,50,1215.4,success,,200,success
p3-ex-official-vu50,91caeebc-c888-4a31-8790-8461a3356043,2026-08-31T18:21:11.946Z,separate_executor,quote_run_dispatch_probe,50,1123.57,success,,200,success
p3-ex-official-vu50,de3dd171-8d2a-4f86-a958-e0e5f47da7ee,2026-08-31T18:21:11.957Z,separate_executor,quote_run_dispatch_probe,50,1382.1,success,,200,success
p3-ex-official-vu50,8189d99c-5c54-4b0c-baa6-227a9e79b3b4,2026-08-31T18:21:11.983Z,separate_executor,quote_run_dispatch_probe,50,1111.14,success,,200,success
p3-ex-official-vu50,97a57b60-2f44-4349-a24a-7eb12c08188a,2026-08-31T18:21:12.556Z,separate_executor,quote_run_dispatch_probe,50,1646.58,success,,200,success
p3-ex-official-vu50,7234bf67-3249-4f7e-a6d7-3c0dfca3c6a4,2026-08-31T18:21:12.844Z,separate_executor,quote_run_dispatch_probe,50,1929.48,success,,200,success
p3-ex-official-vu50,3e3c1d42-e90e-4666-9dab-2f3bc110e870,2026-08-31T18:21:12.844Z,separate_executor,quote_run_dispatch_probe,50,2019.38,success,,200,success
p3-ex-official-vu50,41d26c3c-42bd-4ecf-bd45-036934870988,2026-08-31T18:21:12.845Z,separate_executor,quote_run_dispatch_probe,50,1816.72,success,,200,success
p3-ex-official-vu50,2d627e2f-4d3a-44c3-b6b0-db1893455e6f,2026-08-31T18:21:12.855Z,separate_executor,quote_run_dispatch_probe,50,2129.49,success,,200,success
p3-ex-official-vu50,f77b6b29-5b9e-4ade-8286-0fc87ed35aaf,2026-08-31T18:21:12.857Z,separate_executor,quote_run_dispatch_probe,50,1832.31,success,,200,success
p3-ex-official-vu50,281cf34c-2e16-4fe6-b856-5712ef3ed2ad,2026-08-31T18:21:12.857Z,separate_executor,quote_run_dispatch_probe,50,1812.73,success,,200,success
p3-ex-official-vu50,f2957c2f-2c31-4895-9003-1bcb939a0cc4,2026-08-31T18:21:12.858Z,separate_executor,quote_run_dispatch_probe,50,1829.81,success,,200,success
p3-ex-official-vu50,f991d3d0-3baf-428b-b13e-016faf0c2904,2026-08-31T18:21:12.858Z,separate_executor,quote_run_dispatch_probe,50,1817.7,success,,200,success
p3-ex-official-vu50,ebb5a351-6e93-4350-b0f6-bea9c5ba28f4,2026-08-31T18:21:12.858Z,separate_executor,quote_run_dispatch_probe,50,1833.34,success,,200,success
p3-ex-official-vu50,e6319de1-0d5c-418d-a959-12625f5ce441,2026-08-31T18:21:12.859Z,separate_executor,quote_run_dispatch_probe,50,1769.74,success,,200,success
p3-ex-official-vu50,842b60a6-92cf-4fa7-9d36-3b922c79360e,2026-08-31T18:21:12.859Z,separate_executor,quote_run_dispatch_probe,50,1798.8,success,,200,success
p3-ex-official-vu50,2828575e-4b4e-45de-b047-c31f23e68633,2026-08-31T18:21:12.863Z,separate_executor,quote_run_dispatch_probe,50,1851.18,success,,200,success
p3-ex-official-vu50,42f87a19-177c-47cb-8a4c-bb7ce3f8d19c,2026-08-31T18:21:12.872Z,separate_executor,quote_run_dispatch_probe,50,1841.81,success,,200,success
p3-ex-official-vu50,78ec9a90-8e3b-4f69-b895-4b855f218bb0,2026-08-31T18:21:12.876Z,separate_executor,quote_run_dispatch_probe,50,1850.84,success,,200,success
p3-ex-official-vu50,4fdbd5e8-eb49-4b10-a135-117d200e6ecd,2026-08-31T18:21:12.876Z,separate_executor,quote_run_dispatch_probe,50,1802.26,success,,200,success
p3-ex-official-vu50,f8f56144-9750-47de-a51e-c60ef688ae6b,2026-08-31T18:21:12.877Z,separate_executor,quote_run_dispatch_probe,50,1849.22,success,,200,success
p3-ex-official-vu50,2b9501d8-c3c4-404f-9803-0a50dcec00a6,2026-08-31T18:21:12.877Z,separate_executor,quote_run_dispatch_probe,50,1848.7,success,,200,success
p3-ex-official-vu50,bba9f51d-b0f7-4038-ae53-dee9459a5258,2026-08-31T18:21:12.877Z,separate_executor,quote_run_dispatch_probe,50,1806.71,success,,200,success
p3-ex-official-vu50,61ef1050-aeec-4cb4-a511-b19d9ea20631,2026-08-31T18:21:12.879Z,separate_executor,quote_run_dispatch_probe,50,1787.37,success,,200,success
p3-ex-official-vu50,63ff3662-d65f-4f3a-867d-9f0bc56432f9,2026-08-31T18:21:12.886Z,separate_executor,quote_run_dispatch_probe,50,1826.47,success,,200,success
p3-ex-official-vu50,563b5a27-5499-4a56-b8a9-9fdf2feda807,2026-08-31T18:21:12.888Z,separate_executor,quote_run_dispatch_probe,50,1813.19,success,,200,success
p3-ex-official-vu50,69ccde06-dd3d-4e19-99c3-08cc8220b72b,2026-08-31T18:21:12.919Z,separate_executor,quote_run_dispatch_probe,50,1860.66,success,,200,success
p3-ex-official-vu50,38b4b3e2-2d9f-4774-8c0f-2d2c9a24acaa,2026-08-31T18:21:12.920Z,separate_executor,quote_run_dispatch_probe,50,1859.76,success,,200,success
p3-ex-official-vu50,e90e79ca-d47c-4571-8d0e-fff4fe6d190e,2026-08-31T18:21:12.921Z,separate_executor,quote_run_dispatch_probe,50,1846.74,success,,200,success
p3-ex-official-vu50,b10e0f68-e5d5-4a9c-b6fe-8429df357733,2026-08-31T18:21:12.921Z,separate_executor,quote_run_dispatch_probe,50,1851.09,success,,200,success
p3-ex-official-vu50,72505f89-9d7a-42d6-ba23-07d325ae3db4,2026-08-31T18:21:12.921Z,separate_executor,quote_run_dispatch_probe,50,1850.4,success,,200,success
p3-ex-official-vu50,bc153120-2c3f-4112-b42f-5c5419d24897,2026-08-31T18:21:12.921Z,separate_executor,quote_run_dispatch_probe,50,1865.26,success,,200,success
p3-ex-official-vu50,400472be-4aef-4239-beaf-a90792c5c2ec,2026-08-31T18:21:12.936Z,separate_executor,quote_run_dispatch_probe,50,1854.61,success,,200,success
p3-ex-official-vu50,daf99090-e032-4f33-a040-00f3b8f595e6,2026-08-31T18:21:12.937Z,separate_executor,quote_run_dispatch_probe,50,1877.02,success,,200,success
p3-ex-official-vu50,2d9bb45e-6b07-4316-af2f-fbb35663ce67,2026-08-31T18:21:12.937Z,separate_executor,quote_run_dispatch_probe,50,1878.02,success,,200,success
p3-ex-official-vu50,75f8f085-0017-4437-bb76-fb30db6e5a50,2026-08-31T18:21:12.938Z,separate_executor,quote_run_dispatch_probe,50,1877.15,success,,200,success
p3-ex-official-vu50,e475347d-da1a-41aa-89ce-e349e4a0f14b,2026-08-31T18:21:12.938Z,separate_executor,quote_run_dispatch_probe,50,1703.88,success,,200,success
p3-ex-official-vu50,442b6aff-d6e7-45e4-ae7c-21a0f1f791ea,2026-08-31T18:21:12.957Z,separate_executor,quote_run_dispatch_probe,50,1477.6,success,,200,success
p3-ex-official-vu50,f22f7230-3b89-428b-b2c2-6cd7ee641359,2026-08-31T18:21:12.958Z,separate_executor,quote_run_dispatch_probe,50,1477.07,success,,200,success
p3-ex-official-vu50,c13861dc-ea5e-4547-b15c-448c6de92509,2026-08-31T18:21:12.959Z,separate_executor,quote_run_dispatch_probe,50,1612.88,success,,200,success
p3-ex-official-vu50,9d54cd89-e9a6-4a23-9f1f-1acdbda1b12f,2026-08-31T18:21:13.039Z,separate_executor,quote_run_dispatch_probe,50,1227.68,success,,200,success
p3-ex-official-vu50,cdd7c31e-dd6c-4d40-a07d-85ae5148033b,2026-08-31T18:21:13.039Z,separate_executor,quote_run_dispatch_probe,50,1275.57,success,,200,success
p3-ex-official-vu50,3c6492ac-148c-432f-86ee-653a33135437,2026-08-31T18:21:13.040Z,separate_executor,quote_run_dispatch_probe,50,1213.51,success,,200,success
p3-ex-official-vu50,65f3c0be-df76-4641-8eb8-75cbcf74436d,2026-08-31T18:21:13.040Z,separate_executor,quote_run_dispatch_probe,50,1214.13,success,,200,success
p3-ex-official-vu50,0fbb55a9-92c2-4eaa-ba35-f88c882d415c,2026-08-31T18:21:13.040Z,separate_executor,quote_run_dispatch_probe,50,1251.54,success,,200,success
p3-ex-official-vu50,504cd6fa-eda9-44c2-88c2-a44f24c08755,2026-08-31T18:21:13.041Z,separate_executor,quote_run_dispatch_probe,50,1311.12,success,,200,success
p3-ex-official-vu50,1a071d97-caaa-4f99-ba31-5352773d37fd,2026-08-31T18:21:13.041Z,separate_executor,quote_run_dispatch_probe,50,1562.3,success,,200,success
p3-ex-official-vu50,cb4aa539-d1c7-4869-8014-c21a0142fc24,2026-08-31T18:21:13.042Z,separate_executor,quote_run_dispatch_probe,50,1084.07,success,,200,success
p3-ex-official-vu50,8afde975-c648-4481-be0a-d0aaf525fd2e,2026-08-31T18:21:13.042Z,separate_executor,quote_run_dispatch_probe,50,1562,success,,200,success
p3-ex-official-vu50,c0ea0ee4-ea06-45e5-853d-a2206ae5e8ec,2026-08-31T18:21:13.042Z,separate_executor,quote_run_dispatch_probe,50,1059.07,success,,200,success
p3-ex-official-vu50,e19be315-45b8-484b-87e5-e0f5a2f5a34e,2026-08-31T18:21:13.043Z,separate_executor,quote_run_dispatch_probe,50,1562.38,success,,200,success
p3-ex-official-vu50,03e6eee4-9bf2-44f6-9729-967fa2fe08eb,2026-08-31T18:21:13.043Z,separate_executor,quote_run_dispatch_probe,50,1211.67,success,,200,success
p3-ex-official-vu50,ca47760b-c1f3-415a-8452-05801c19095b,2026-08-31T18:21:13.043Z,separate_executor,quote_run_dispatch_probe,50,1165.19,success,,200,success
p3-ex-official-vu50,49343fb6-fd25-490f-b346-4920d84bbb6b,2026-08-31T18:21:13.044Z,separate_executor,quote_run_dispatch_probe,50,1097.98,success,,200,success
p3-ex-official-vu50,bc6451b0-b102-4d97-87e3-c072737e30be,2026-08-31T18:21:13.674Z,separate_executor,quote_run_dispatch_probe,50,1117.86,success,,200,success
p3-ex-official-vu50,db8e4e9a-5db9-4cc0-9e33-81cdcea3802e,2026-08-31T18:21:13.888Z,separate_executor,quote_run_dispatch_probe,50,966.13,success,,200,success
p3-ex-official-vu50,968f40e3-c76c-4534-af9f-264a9e60220f,2026-08-31T18:21:13.888Z,separate_executor,quote_run_dispatch_probe,50,1012.44,success,,200,success
p3-ex-official-vu50,91864170-a6c6-4c44-8b93-834c1efedfe8,2026-08-31T18:21:13.889Z,separate_executor,quote_run_dispatch_probe,50,1012.72,success,,200,success
p3-ex-official-vu50,1b015202-7023-4667-b490-81721bc791c0,2026-08-31T18:21:13.961Z,separate_executor,quote_run_dispatch_probe,50,1084.27,success,,200,success
p3-ex-official-vu50,dea4452f-d421-4f66-90b7-f6a49e656ab3,2026-08-31T18:21:14.048Z,separate_executor,quote_run_dispatch_probe,50,1190.86,success,,200,success
p3-ex-official-vu50,801d823c-f32e-40ff-92b3-680fd5586771,2026-08-31T18:21:14.161Z,separate_executor,quote_run_dispatch_probe,50,1275.08,success,,200,success
p3-ex-official-vu50,8c19f9fc-e609-4689-a796-d9bfb321fddf,2026-08-31T18:21:14.197Z,separate_executor,quote_run_dispatch_probe,50,1338.06,success,,200,success
p3-ex-official-vu50,db32b53a-eb43-4550-b861-18786331a3de,2026-08-31T18:21:14.198Z,separate_executor,quote_run_dispatch_probe,50,1325.49,success,,200,success
p3-ex-official-vu50,8273a882-2f2c-43c2-a22a-c8f0320effcb,2026-08-31T18:21:14.209Z,separate_executor,quote_run_dispatch_probe,50,1365.2,success,,200,success
p3-ex-official-vu50,4613d706-0960-4113-970a-4080f92daa03,2026-08-31T18:21:14.219Z,separate_executor,quote_run_dispatch_probe,50,1361.65,success,,200,success
p3-ex-official-vu50,b8d1d380-d21b-4ac9-bc0e-60a4172b8b3b,2026-08-31T18:21:14.220Z,separate_executor,quote_run_dispatch_probe,50,1282.11,success,,200,success
p3-ex-official-vu50,cb07879e-e268-4a99-927b-726420179bfb,2026-08-31T18:21:14.221Z,separate_executor,quote_run_dispatch_probe,50,1365.65,success,,200,success
p3-ex-official-vu50,c65cc83b-4ff6-4ad8-9d39-d0ce06759ab1,2026-08-31T18:21:14.222Z,separate_executor,quote_run_dispatch_probe,50,1364.56,success,,200,success
p3-ex-official-vu50,601e220b-1c28-44ad-9371-ad29ee6d7d3a,2026-08-31T18:21:14.226Z,separate_executor,quote_run_dispatch_probe,50,1267.45,success,,200,success
p3-ex-official-vu50,a9a2178f-e6b2-49df-8fd7-75962d5cd259,2026-08-31T18:21:14.227Z,separate_executor,quote_run_dispatch_probe,50,1364.14,success,,200,success
p3-ex-official-vu50,a1f29571-4c12-40bd-ae2e-72818b4bd17b,2026-08-31T18:21:14.228Z,separate_executor,quote_run_dispatch_probe,50,1369.43,success,,200,success
p3-ex-official-vu50,319302b8-f22e-45b8-ae6e-8e3efe27138a,2026-08-31T18:21:14.229Z,separate_executor,quote_run_dispatch_probe,50,1291.64,success,,200,success
p3-ex-official-vu50,14b7d4ba-c356-4a4e-8ef6-992b12883922,2026-08-31T18:21:14.229Z,separate_executor,quote_run_dispatch_probe,50,1352.69,success,,200,success
p3-ex-official-vu50,d3830004-c6c3-4c4d-b36d-22fd43a85cb9,2026-08-31T18:21:14.241Z,separate_executor,quote_run_dispatch_probe,50,1321.16,success,,200,success
p3-ex-official-vu50,6bbd3a79-681e-46bd-92d9-56d2f498462b,2026-08-31T18:21:14.252Z,separate_executor,quote_run_dispatch_probe,50,1364.73,success,,200,success
p3-ex-official-vu50,1457de08-afd5-4e73-bc04-d4931b78ae82,2026-08-31T18:21:14.263Z,separate_executor,quote_run_dispatch_probe,50,1223.37,success,,200,success
p3-ex-official-vu50,89c5a0f2-fe11-4b8a-8c6f-c2045aa9a98a,2026-08-31T18:21:14.264Z,separate_executor,quote_run_dispatch_probe,50,1419.91,success,,200,success
p3-ex-official-vu50,710e8101-3232-48ad-8be1-d9cce909f3bd,2026-08-31T18:21:14.277Z,separate_executor,quote_run_dispatch_probe,50,1400.32,success,,200,success
p3-ex-official-vu50,b4896186-b14d-4c07-91e1-661038ae1322,2026-08-31T18:21:14.279Z,separate_executor,quote_run_dispatch_probe,50,1421.46,success,,200,success
p3-ex-official-vu50,d1bc0cfc-eba0-4a35-bb2f-83d4b7eaee71,2026-08-31T18:21:14.284Z,separate_executor,quote_run_dispatch_probe,50,1346.53,success,,200,success
p3-ex-official-vu50,56b517ed-6515-4414-91ad-68651d277563,2026-08-31T18:21:14.290Z,separate_executor,quote_run_dispatch_probe,50,1332.03,success,,200,success
p3-ex-official-vu50,8403e023-5df1-4c5b-a1e4-0629c4e8ffff,2026-08-31T18:21:14.329Z,separate_executor,quote_run_dispatch_probe,50,1408.07,success,,200,success
p3-ex-official-vu50,7e75ebe4-075f-44d7-8d2f-29baad8914f8,2026-08-31T18:21:14.335Z,separate_executor,quote_run_dispatch_probe,50,1393.84,success,,200,success
p3-ex-official-vu50,e6e4842d-ede9-4f58-9960-844a73e0c55d,2026-08-31T18:21:14.340Z,separate_executor,quote_run_dispatch_probe,50,1420.82,success,,200,success
p3-ex-official-vu50,f63960c2-e373-4cba-b2c1-4ca2bfca0ff9,2026-08-31T18:21:14.343Z,separate_executor,quote_run_dispatch_probe,50,1302.66,success,,200,success
p3-ex-official-vu50,6bc9a184-118f-4af2-aa43-8316c8792c5c,2026-08-31T18:21:14.345Z,separate_executor,quote_run_dispatch_probe,50,1306.55,success,,200,success
p3-ex-official-vu50,ff66b81a-ab1b-4d02-ba98-069dcaf8ef8f,2026-08-31T18:21:14.355Z,separate_executor,quote_run_dispatch_probe,50,1434.14,success,,200,success
p3-ex-official-vu50,a6e0e3dc-77cd-4c36-ae84-6c5a88237a32,2026-08-31T18:21:14.356Z,separate_executor,quote_run_dispatch_probe,50,1511.59,success,,200,success
p3-ex-official-vu50,99c938dd-b99f-4838-b51e-bf7c4943e355,2026-08-31T18:21:14.359Z,separate_executor,quote_run_dispatch_probe,50,1479.28,success,,200,success
p3-ex-official-vu50,d6ed9dc0-8f75-4111-87a5-9c438dd65edf,2026-08-31T18:21:14.360Z,separate_executor,quote_run_dispatch_probe,50,1317.96,success,,200,success
p3-ex-official-vu50,c6ecc231-1cce-4af9-8c96-af7d6123de2d,2026-08-31T18:21:14.362Z,separate_executor,quote_run_dispatch_probe,50,1322.36,success,,200,success
p3-ex-official-vu50,c39c0c59-e232-4897-b0bc-2c3a94b09d25,2026-08-31T18:21:14.364Z,separate_executor,quote_run_dispatch_probe,50,1406.8,success,,200,success
p3-ex-official-vu50,e021e9a3-fadd-4d93-a554-a42096bf731f,2026-08-31T18:21:14.366Z,separate_executor,quote_run_dispatch_probe,50,1323.37,success,,200,success
p3-ex-official-vu50,29d2e132-95ab-4d97-a44e-931e06b96c52,2026-08-31T18:21:14.368Z,separate_executor,quote_run_dispatch_probe,50,1327.29,success,,200,success
p3-ex-official-vu50,3ed8fc64-942b-4873-8c35-74ca05719030,2026-08-31T18:21:14.372Z,separate_executor,quote_run_dispatch_probe,50,1330.84,success,,200,success
p3-ex-official-vu50,7e8a7896-b35e-4f4e-b2cb-0f3b452109d5,2026-08-31T18:21:14.373Z,separate_executor,quote_run_dispatch_probe,50,1331.74,success,,200,success
p3-ex-official-vu50,8223317f-c93b-417b-baf9-04a396027596,2026-08-31T18:21:14.377Z,separate_executor,quote_run_dispatch_probe,50,1334.55,success,,200,success
p3-ex-official-vu50,9274a276-089c-4f60-bf71-ccf2a2b4363c,2026-08-31T18:21:14.387Z,separate_executor,quote_run_dispatch_probe,50,1343.09,success,,200,success
p3-ex-official-vu50,74f92cd6-8fed-4cf4-ab2c-47e3bb054232,2026-08-31T18:21:14.388Z,separate_executor,quote_run_dispatch_probe,50,1345.17,success,,200,success
p3-ex-official-vu50,22b7a042-de4a-4f42-b57d-beeff7a4abca,2026-08-31T18:21:14.390Z,separate_executor,quote_run_dispatch_probe,50,1469.16,success,,200,success
p3-ex-official-vu50,065f12e5-0590-452b-89a2-aebbb85c7593,2026-08-31T18:21:14.392Z,separate_executor,quote_run_dispatch_probe,50,1348.99,success,,200,success
p3-ex-official-vu50,1e3a2db7-8b33-4de4-8ae3-e359730616a2,2026-08-31T18:21:14.395Z,separate_executor,quote_run_dispatch_probe,50,1355.35,success,,200,success
p3-ex-official-vu50,e0b5ed6a-3663-4992-9d5b-7e1f6efbb290,2026-08-31T18:21:14.397Z,separate_executor,quote_run_dispatch_probe,50,1538.9,success,,200,success
p3-ex-official-vu50,3870390c-6938-4f45-b5bd-297b1b352e87,2026-08-31T18:21:14.640Z,separate_executor,quote_run_dispatch_probe,50,750.89,success,,200,success
p3-ex-official-vu50,995cdd3b-db84-4759-9db2-f98f6a3d161e,2026-08-31T18:21:14.710Z,separate_executor,quote_run_dispatch_probe,50,1772.82,success,,200,success
p3-ex-official-vu50,32dd09fd-1f05-45a3-ae59-4c8b6c3608ed,2026-08-31T18:21:14.738Z,separate_executor,quote_run_dispatch_probe,50,849.16,success,,200,success
p3-ex-official-vu50,fc4724f3-f786-4652-905c-ca0f99abaa7d,2026-08-31T18:21:14.752Z,separate_executor,quote_run_dispatch_probe,50,790.39,success,,200,success
p3-ex-official-vu50,ce8930a3-99a3-47e3-9470-575111a59cee,2026-08-31T18:21:14.790Z,separate_executor,quote_run_dispatch_probe,50,902.51,success,,200,success
p3-ex-official-vu50,5494f18d-85ee-4799-9744-dc961c522f3f,2026-08-31T18:21:14.955Z,separate_executor,quote_run_dispatch_probe,50,1280.93,success,,200,success
p3-ex-official-vu50,b289ae74-2e48-4173-b360-878368b1cff3,2026-08-31T18:21:15.157Z,separate_executor,quote_run_dispatch_probe,50,996.07,success,,200,success
p3-ex-official-vu50,c2359385-0452-4edd-a110-c3116834a745,2026-08-31T18:21:15.184Z,separate_executor,quote_run_dispatch_probe,50,1136.56,success,,200,success
p3-ex-official-vu50,f7b1f1f1-947e-43a4-a05d-5b37da455fc2,2026-08-31T18:21:15.293Z,separate_executor,quote_run_dispatch_probe,50,1063.63,success,,200,success
p3-ex-official-vu50,ac5a7fbc-c242-45a8-8387-79a5a268d2a8,2026-08-31T18:21:15.354Z,separate_executor,quote_run_dispatch_probe,50,1126.88,success,,200,success
p3-ex-official-vu50,93331e7d-537e-4572-9d24-bf8b1fceb62e,2026-08-31T18:21:15.379Z,separate_executor,quote_run_dispatch_probe,50,1099.9,success,,200,success
p3-ex-official-vu50,6aa87c91-b012-4598-ba7b-20fbd60f6c12,2026-08-31T18:21:15.380Z,separate_executor,quote_run_dispatch_probe,50,1039.7,success,,200,success
p3-ex-official-vu50,5605aaea-d180-4229-bb52-0270f75af49c,2026-08-31T18:21:15.415Z,separate_executor,quote_run_dispatch_probe,50,1189.22,success,,200,success
p3-ex-official-vu50,df0342a8-5112-42f2-8fdb-11c88596746e,2026-08-31T18:21:15.420Z,separate_executor,quote_run_dispatch_probe,50,1222.62,success,,200,success
p3-ex-official-vu50,2c2cb0fd-4f5c-4f80-8ac7-7ea9a09ee4cd,2026-08-31T18:21:15.421Z,separate_executor,quote_run_dispatch_probe,50,1224.22,success,,200,success
p3-ex-official-vu50,52f0a7d8-874a-40b2-b0b8-3736016376e1,2026-08-31T18:21:15.421Z,separate_executor,quote_run_dispatch_probe,50,1201.98,success,,200,success
p3-ex-official-vu50,8ab16fbd-8f98-43dd-9cde-401bcabc5549,2026-08-31T18:21:15.428Z,separate_executor,quote_run_dispatch_probe,50,1206.75,success,,200,success
p3-ex-official-vu50,5aabd8d5-ec5f-4e8a-bf94-b067980391aa,2026-08-31T18:21:15.445Z,separate_executor,quote_run_dispatch_probe,50,1216.78,success,,200,success
p3-ex-official-vu50,5c7d689b-3df7-4059-b084-c61982b01e63,2026-08-31T18:21:15.455Z,separate_executor,quote_run_dispatch_probe,50,1190.41,success,,200,success
p3-ex-official-vu50,0ceaa834-efac-4d4d-b462-eb12b2544fb6,2026-08-31T18:21:15.461Z,separate_executor,quote_run_dispatch_probe,50,1171.17,success,,200,success
p3-ex-official-vu50,a4b61a74-7b8e-4494-8a64-ab93a2e8d9bd,2026-08-31T18:21:15.464Z,separate_executor,quote_run_dispatch_probe,50,1222.33,success,,200,success
p3-ex-official-vu50,40314dbf-fb17-43d7-b404-aad1f35b95b9,2026-08-31T18:21:15.487Z,separate_executor,quote_run_dispatch_probe,50,1142.02,success,,200,success
p3-ex-official-vu50,8d1c4cdc-4509-4321-b813-2f2761ca4cc3,2026-08-31T18:21:15.507Z,separate_executor,quote_run_dispatch_probe,50,1254.55,success,,200,success
p3-ex-official-vu50,b989f448-264b-444f-b655-3e91817f26ee,2026-08-31T18:21:15.508Z,separate_executor,quote_run_dispatch_probe,50,1278.98,success,,200,success
p3-ex-official-vu50,9ac15bbc-b919-4cce-ae9b-64a040169285,2026-08-31T18:21:15.528Z,separate_executor,quote_run_dispatch_probe,50,1306.29,success,,200,success
p3-ex-official-vu50,9f7b2e57-0d6f-4275-a7f7-d5e0b51e179a,2026-08-31T18:21:15.558Z,separate_executor,quote_run_dispatch_probe,50,1195.46,success,,200,success
p3-ex-official-vu50,cb8444e9-4e60-4425-9833-0fca6ac304e7,2026-08-31T18:21:15.558Z,separate_executor,quote_run_dispatch_probe,50,1338.19,success,,200,success
p3-ex-official-vu50,25ca2488-0730-484f-9032-c4b987b1bfb9,2026-08-31T18:21:15.559Z,separate_executor,quote_run_dispatch_probe,50,1192.58,success,,200,success
p3-ex-official-vu50,80dd68b5-49f0-421f-b520-e66af4b70928,2026-08-31T18:21:15.576Z,separate_executor,quote_run_dispatch_probe,50,1184.43,success,,200,success
p3-ex-official-vu50,21c1ff6a-a064-4db1-a185-ef1202be6066,2026-08-31T18:21:15.577Z,separate_executor,quote_run_dispatch_probe,50,1241.92,success,,200,success
p3-ex-official-vu50,9d3caeef-4c66-44f8-bf6a-0748bf8cea0e,2026-08-31T18:21:15.594Z,separate_executor,quote_run_dispatch_probe,50,1217.33,success,,200,success
p3-ex-official-vu50,8561ae32-652e-4cfb-b7b8-e9d77a2580d1,2026-08-31T18:21:15.606Z,separate_executor,quote_run_dispatch_probe,50,1329.19,success,,200,success
p3-ex-official-vu50,6daed285-66d7-4ad5-b7e8-a20c5a284d29,2026-08-31T18:21:15.608Z,separate_executor,quote_run_dispatch_probe,50,1344.93,success,,200,success
p3-ex-official-vu50,a4a2787b-bfd5-45d6-a84f-22a0953311bc,2026-08-31T18:21:15.661Z,separate_executor,quote_run_dispatch_probe,50,1288.46,success,,200,success
p3-ex-official-vu50,67dedbc2-f15e-4ddd-86be-18a4ce7a8910,2026-08-31T18:21:15.663Z,separate_executor,quote_run_dispatch_probe,50,1294.67,success,,200,success
p3-ex-official-vu50,40b168ca-669e-4473-ba66-aa6e284615d0,2026-08-31T18:21:15.663Z,separate_executor,quote_run_dispatch_probe,50,1379.12,success,,200,success
p3-ex-official-vu50,6617b663-cb74-4e0a-a05e-f39019a67307,2026-08-31T18:21:15.780Z,separate_executor,quote_run_dispatch_probe,50,1426.65,success,,200,success
p3-ex-official-vu50,bdeaf1b0-2cd4-4b6d-bd2c-1b5ba7357cfa,2026-08-31T18:21:16.110Z,separate_executor,quote_run_dispatch_probe,50,1901.09,success,,200,success
p3-ex-official-vu50,033be56e-8801-4c0f-b00c-f0b4874d2d28,2026-08-31T18:21:16.723Z,separate_executor,quote_run_dispatch_probe,50,2349.51,success,,200,success
p3-ex-official-vu50,02ed52fa-68ae-4ff2-ad63-14dfc402c5cb,2026-08-31T18:21:16.724Z,separate_executor,quote_run_dispatch_probe,50,2365.22,success,,200,success
p3-ex-official-vu50,56344221-9390-4c52-a3e3-30b1c3996081,2026-08-31T18:21:16.725Z,separate_executor,quote_run_dispatch_probe,50,2360.77,success,,200,success
p3-ex-official-vu50,a089ed75-0fd6-4f1b-810f-9934fb356f0d,2026-08-31T18:21:16.740Z,separate_executor,quote_run_dispatch_probe,50,2384.4,success,,200,success
p3-ex-official-vu50,5a312589-9f1a-4f38-8dfe-d3e734d6ecd4,2026-08-31T18:21:16.762Z,separate_executor,quote_run_dispatch_probe,50,2121.71,success,,200,success
p3-ex-official-vu50,92b93545-3f9a-4f30-8cd2-dbb2bf5814b2,2026-08-31T18:21:16.828Z,separate_executor,quote_run_dispatch_probe,50,2441.1,success,,200,success
p3-ex-official-vu50,da95a274-fd74-4a7e-8d29-3280ba4e19f6,2026-08-31T18:21:16.829Z,separate_executor,quote_run_dispatch_probe,50,2469.63,success,,200,success
p3-ex-official-vu50,169ee995-1f2d-4e41-98cc-930e543cccf2,2026-08-31T18:21:16.831Z,separate_executor,quote_run_dispatch_probe,50,2502.03,success,,200,success
p3-ex-official-vu50,01ac8941-8453-425d-a7f3-672094d1ff04,2026-08-31T18:21:16.839Z,separate_executor,quote_run_dispatch_probe,50,2441.57,success,,200,success
p3-ex-official-vu50,b3390cf7-a898-49f8-9817-97d5bb449eaf,2026-08-31T18:21:16.843Z,separate_executor,quote_run_dispatch_probe,50,2447.5,success,,200,success
p3-ex-official-vu50,929e0de9-c2f0-4cbf-89a7-1d653fef54fb,2026-08-31T18:21:16.844Z,separate_executor,quote_run_dispatch_probe,50,2106.58,success,,200,success
p3-ex-official-vu50,15eefdd3-7079-4223-b7e0-78074b784112,2026-08-31T18:21:16.845Z,separate_executor,quote_run_dispatch_probe,50,2093.49,success,,200,success
p3-ex-official-vu50,b43abba7-a86b-48c5-ba04-04d77a33d9ba,2026-08-31T18:21:16.847Z,separate_executor,quote_run_dispatch_probe,50,2057.39,success,,200,success
p3-ex-official-vu50,ae739eec-197f-4e60-b75e-e91ad40d8f6a,2026-08-31T18:21:16.857Z,separate_executor,quote_run_dispatch_probe,50,2467.74,success,,200,success
p3-ex-official-vu50,1a0fa9ef-679c-43a0-a01f-bbd88ca4460b,2026-08-31T18:21:16.860Z,separate_executor,quote_run_dispatch_probe,50,2503.42,success,,200,success
p3-ex-official-vu50,c52e003c-28e3-46ab-b3c1-b40eb3477fe0,2026-08-31T18:21:16.861Z,separate_executor,quote_run_dispatch_probe,50,2472.24,success,,200,success
p3-ex-official-vu50,56d48db4-e1b7-4d31-8cba-ed0d06dc3b82,2026-08-31T18:21:16.875Z,separate_executor,quote_run_dispatch_probe,50,2165.1,success,,200,success
p3-ex-official-vu50,376d4fb6-1261-4de3-bf84-731d2c2f82b6,2026-08-31T18:21:16.881Z,separate_executor,quote_run_dispatch_probe,50,1723.46,success,,200,success
p3-ex-official-vu50,1bf4a658-86d5-4954-96fe-bd6b9d569ddf,2026-08-31T18:21:16.889Z,separate_executor,quote_run_dispatch_probe,50,1596.24,success,,200,success
p3-ex-official-vu50,ea48c93a-040d-4b16-8e5b-5040c9d5ad9f,2026-08-31T18:21:16.891Z,separate_executor,quote_run_dispatch_probe,50,1936.21,success,,200,success
p3-ex-official-vu50,c030fce3-7aae-47ac-8a6e-e585b53835b6,2026-08-31T18:21:16.892Z,separate_executor,quote_run_dispatch_probe,50,1511.93,success,,200,success
p3-ex-official-vu50,cbaa12dd-929d-40cb-ae90-4bf828df031e,2026-08-31T18:21:16.893Z,separate_executor,quote_run_dispatch_probe,50,1514.1,success,,200,success
p3-ex-official-vu50,f2c3de6e-9067-4a64-b62a-fb6752d264f0,2026-08-31T18:21:16.895Z,separate_executor,quote_run_dispatch_probe,50,1474.86,success,,200,success
p3-ex-official-vu50,bd40865e-b89c-48c7-8004-5c2368b543fc,2026-08-31T18:21:16.896Z,separate_executor,quote_run_dispatch_probe,50,1542.07,success,,200,success
p3-ex-official-vu50,b9a6098d-b274-41f4-a971-c6e36c569f18,2026-08-31T18:21:16.898Z,separate_executor,quote_run_dispatch_probe,50,1410.49,success,,200,success
p3-ex-official-vu50,08b17b51-66d6-4873-ab06-ee05a15394cc,2026-08-31T18:21:16.908Z,separate_executor,quote_run_dispatch_probe,50,1447.14,success,,200,success
p3-ex-official-vu50,e0e1086d-d421-4753-8f6d-0240361e4c56,2026-08-31T18:21:16.910Z,separate_executor,quote_run_dispatch_probe,50,1495.06,success,,200,success
p3-ex-official-vu50,b7ac8989-9991-49c7-9e6d-cc2b7b2d56c9,2026-08-31T18:21:16.911Z,separate_executor,quote_run_dispatch_probe,50,1727.04,success,,200,success
p3-ex-official-vu50,668b0bce-1ed4-4f99-86c3-83a1b904593b,2026-08-31T18:21:16.913Z,separate_executor,quote_run_dispatch_probe,50,1484.89,success,,200,success
p3-ex-official-vu50,299b7d4f-4965-4708-8b50-ff0612131028,2026-08-31T18:21:16.914Z,separate_executor,quote_run_dispatch_probe,50,1450.02,success,,200,success
p3-ex-official-vu50,427963c3-693c-48fe-aeb4-b260733d711e,2026-08-31T18:21:16.918Z,separate_executor,quote_run_dispatch_probe,50,1359.1,success,,200,success
p3-ex-official-vu50,2995caa4-4f25-4506-a24d-5a2966d8e2e9,2026-08-31T18:21:16.919Z,separate_executor,quote_run_dispatch_probe,50,1497.81,success,,200,success
p3-ex-official-vu50,dba439b5-b202-42f3-a7f0-33ecd1a03808,2026-08-31T18:21:16.921Z,separate_executor,quote_run_dispatch_probe,50,1499.69,success,,200,success
p3-ex-official-vu50,3cf5fdd0-cc14-41a9-8627-fd2c73a6ddfc,2026-08-31T18:21:16.921Z,separate_executor,quote_run_dispatch_probe,50,1466.73,success,,200,success
p3-ex-official-vu50,60cfa11c-ed22-4c0a-b391-e97912d676ab,2026-08-31T18:21:16.923Z,separate_executor,quote_run_dispatch_probe,50,1395.28,success,,200,success
p3-ex-official-vu50,32775d91-d110-41e2-b216-225f13ef142e,2026-08-31T18:21:16.925Z,separate_executor,quote_run_dispatch_probe,50,1418.26,success,,200,success
p3-ex-official-vu50,2c27dcfb-5ae5-4235-8c45-5d993e2a0896,2026-08-31T18:21:16.926Z,separate_executor,quote_run_dispatch_probe,50,1318.38,success,,200,success
p3-ex-official-vu50,fde484a7-a55b-4506-a245-10ff8b4c1adf,2026-08-31T18:21:16.928Z,separate_executor,quote_run_dispatch_probe,50,1483,success,,200,success
p3-ex-official-vu50,571bc3ff-19b3-48e6-a645-404a647d2a72,2026-08-31T18:21:16.929Z,separate_executor,quote_run_dispatch_probe,50,1421.1,success,,200,success
p3-ex-official-vu50,b3dae32a-d413-46f8-bd33-baedecbee8d1,2026-08-31T18:21:16.930Z,separate_executor,quote_run_dispatch_probe,50,1352.53,success,,200,success
p3-ex-official-vu50,89b42e19-926d-413e-9872-31ed39cef5ec,2026-08-31T18:21:16.931Z,separate_executor,quote_run_dispatch_probe,50,1354.7,success,,200,success
p3-ex-official-vu50,12454ee7-a5e5-4f8b-b438-4f3a81cc1f58,2026-08-31T18:21:16.934Z,separate_executor,quote_run_dispatch_probe,50,1339.65,success,,200,success
p3-ex-official-vu50,9f2ff378-dd8c-4757-b688-52edf575c3da,2026-08-31T18:21:16.939Z,separate_executor,quote_run_dispatch_probe,50,1276.18,success,,200,success
p3-ex-official-vu50,41fa4c7a-6946-4272-af63-5fc0119cc522,2026-08-31T18:21:16.941Z,separate_executor,quote_run_dispatch_probe,50,1383.1,success,,200,success
p3-ex-official-vu50,e4193d9b-3916-4f26-9256-9aa7f4fbe38f,2026-08-31T18:21:16.943Z,separate_executor,quote_run_dispatch_probe,50,1279.3,success,,200,success
p3-ex-official-vu50,94d34174-5b9a-4fc7-a41a-b7edbb34d170,2026-08-31T18:21:16.947Z,separate_executor,quote_run_dispatch_probe,50,1389.27,success,,200,success
p3-ex-official-vu50,e43abf6f-cf88-45e8-a0d6-997cf6688420,2026-08-31T18:21:16.955Z,separate_executor,quote_run_dispatch_probe,50,1174.46,success,,200,success
p3-ex-official-vu50,015a837e-ae9c-427e-898c-ba2518d8d2e7,2026-08-31T18:21:16.991Z,separate_executor,quote_run_dispatch_probe,50,1384.86,success,,200,success
p3-ex-official-vu50,82e45b8c-23d3-4b21-a523-7abfe0b19ddb,2026-08-31T18:21:17.007Z,separate_executor,quote_run_dispatch_probe,50,1346.29,success,,200,success
p3-ex-official-vu50,9bab3274-13ca-4f12-bfa3-a0a9e794f106,2026-08-31T18:21:17.025Z,separate_executor,quote_run_dispatch_probe,50,914.75,success,,200,success
p3-ex-official-vu50,ef4dad6a-22e6-4183-8ddf-caddeff7c9ca,2026-08-31T18:21:17.564Z,separate_executor,quote_run_dispatch_probe,50,839.2,success,,200,success
p3-ex-official-vu50,a3f70318-fbee-4a81-91c9-4e3d1080c436,2026-08-31T18:21:17.786Z,separate_executor,quote_run_dispatch_probe,50,1024.58,success,,200,success
p3-ex-official-vu50,4aae576b-8599-484c-baa1-5b2905660415,2026-08-31T18:21:17.791Z,separate_executor,quote_run_dispatch_probe,50,1051.1,success,,200,success
p3-ex-official-vu50,cdeab7ad-e673-43a7-8fe4-21edc802ef37,2026-08-31T18:21:17.965Z,separate_executor,quote_run_dispatch_probe,50,1136.42,success,,200,success
p3-ex-official-vu50,b46a1fb0-86d4-4404-9157-9c8c9c7cbbe4,2026-08-31T18:21:17.982Z,separate_executor,quote_run_dispatch_probe,50,1135.71,success,,200,success
p3-ex-official-vu50,ebe97948-c4c1-4068-ab9d-17f5673017c9,2026-08-31T18:21:17.995Z,separate_executor,quote_run_dispatch_probe,50,1272.21,success,,200,success
p3-ex-official-vu50,32ec6dd6-6ddc-436f-aad2-6c5fc24f4f82,2026-08-31T18:21:18.079Z,separate_executor,quote_run_dispatch_probe,50,1157.85,success,,200,success
p3-ex-official-vu50,f51a2771-464e-49ff-9201-6d888bb79982,2026-08-31T18:21:18.080Z,separate_executor,quote_run_dispatch_probe,50,1152.45,success,,200,success
p3-ex-official-vu50,879aed25-9085-428d-80b8-f9a358b710c9,2026-08-31T18:21:18.085Z,separate_executor,quote_run_dispatch_probe,50,1224.89,success,,200,success
p3-ex-official-vu50,371fea8b-0c31-4671-a67a-be919420fb4c,2026-08-31T18:21:18.093Z,separate_executor,quote_run_dispatch_probe,50,1232.05,success,,200,success
p3-ex-official-vu50,59d86f8b-d2fe-4d71-b438-e667b888189c,2026-08-31T18:21:18.120Z,separate_executor,quote_run_dispatch_probe,50,1275.38,success,,200,success
p3-ex-official-vu50,a6d807b3-371a-4961-8b8b-e8739a50f162,2026-08-31T18:21:18.137Z,separate_executor,quote_run_dispatch_probe,50,1211.21,success,,200,success
p3-ex-official-vu50,b3ca8e03-b512-4238-aa9e-86ae0ad6469e,2026-08-31T18:21:18.141Z,separate_executor,quote_run_dispatch_probe,50,1228.35,success,,200,success
p3-ex-official-vu50,8c757f7e-3c0d-4732-97ab-980b24d6ceff,2026-08-31T18:21:18.146Z,separate_executor,quote_run_dispatch_probe,50,1252.71,success,,200,success
p3-ex-official-vu50,dacc4d25-5199-414e-9dc9-92e44a3db82e,2026-08-31T18:21:18.156Z,separate_executor,quote_run_dispatch_probe,50,1313.52,success,,200,success
p3-ex-official-vu50,d9fe98c5-5bb1-43b6-991f-80dd6f3c30c0,2026-08-31T18:21:18.162Z,separate_executor,quote_run_dispatch_probe,50,1286.83,success,,200,success
p3-ex-official-vu50,dcafe834-9e5f-4fc1-b787-04cc1d0dd610,2026-08-31T18:21:18.164Z,separate_executor,quote_run_dispatch_probe,50,1238.92,success,,200,success
p3-ex-official-vu50,fa023e54-8bcc-4b76-a453-2eed9b6e033b,2026-08-31T18:21:18.173Z,separate_executor,quote_run_dispatch_probe,50,1333.76,success,,200,success
p3-ex-official-vu50,79e2ae98-f578-4425-9223-8236a5e7e698,2026-08-31T18:21:18.173Z,separate_executor,quote_run_dispatch_probe,50,1239.47,success,,200,success
p3-ex-official-vu50,81983a1b-3439-49e0-a250-10ecb58ef4a9,2026-08-31T18:21:18.177Z,separate_executor,quote_run_dispatch_probe,50,1452.96,success,,200,success
p3-ex-official-vu50,92af9408-3bb4-4103-8a47-03f49a457d70,2026-08-31T18:21:18.178Z,separate_executor,quote_run_dispatch_probe,50,1297.48,success,,200,success
p3-ex-official-vu50,2b121b32-05d2-4c66-bc48-1627c8dcfa04,2026-08-31T18:21:18.212Z,separate_executor,quote_run_dispatch_probe,50,1323.09,success,,200,success
p3-ex-official-vu50,6359d8c6-bfb1-4587-babc-0617187291ce,2026-08-31T18:21:18.213Z,separate_executor,quote_run_dispatch_probe,50,1315.56,success,,200,success
p3-ex-official-vu50,cab89225-5b31-40f0-aeae-5ae36e1a3e7d,2026-08-31T18:21:18.226Z,separate_executor,quote_run_dispatch_probe,50,1394.91,success,,200,success
p3-ex-official-vu50,6bb1f01a-c0c6-4530-9160-c30fb52bf410,2026-08-31T18:21:18.229Z,separate_executor,quote_run_dispatch_probe,50,1314.76,success,,200,success
p3-ex-official-vu50,6b7a820f-411d-47f5-9143-0f6c778922d6,2026-08-31T18:21:18.238Z,separate_executor,quote_run_dispatch_probe,50,1390.04,success,,200,success
p3-ex-official-vu50,9266f7f6-3d3c-421f-9e97-f4df184c4cfa,2026-08-31T18:21:18.243Z,separate_executor,quote_run_dispatch_probe,50,1314.06,success,,200,success
p3-ex-official-vu50,a7a7354f-a761-42d4-a6c0-2b27dd55fcc9,2026-08-31T18:21:18.249Z,separate_executor,quote_run_dispatch_probe,50,1337.78,success,,200,success
p3-ex-official-vu50,71ea4fd3-ba16-4608-acc9-18b0bba8b59c,2026-08-31T18:21:18.280Z,separate_executor,quote_run_dispatch_probe,50,1358.95,success,,200,success
p3-ex-official-vu50,b0c4c3f8-b364-4ff9-9146-ca0bd9209e9b,2026-08-31T18:21:18.281Z,separate_executor,quote_run_dispatch_probe,50,1385.45,success,,200,success
p3-ex-official-vu50,66671b0d-4093-4d33-afcc-2eddd707d2f3,2026-08-31T18:21:18.285Z,separate_executor,quote_run_dispatch_probe,50,1367.5,success,,200,success
p3-ex-official-vu50,1b70213c-b59a-4558-aea3-eb415d008e22,2026-08-31T18:21:18.287Z,separate_executor,quote_run_dispatch_probe,50,1429.89,success,,200,success
p3-ex-official-vu50,e5376e8a-6a9e-432d-889c-934ca0bd940a,2026-08-31T18:21:18.298Z,separate_executor,quote_run_dispatch_probe,50,1343.07,success,,200,success
p3-ex-official-vu50,963c772c-0558-45fb-a9f6-1d2e844e0c38,2026-08-31T18:21:18.312Z,separate_executor,quote_run_dispatch_probe,50,1370.12,success,,200,success
p3-ex-official-vu50,b8f4b2d7-198e-4910-bd09-f13a2fac047f,2026-08-31T18:21:18.332Z,separate_executor,quote_run_dispatch_probe,50,1388.85,success,,200,success
p3-ex-official-vu50,77f36da7-a230-456a-9640-91751da9be25,2026-08-31T18:21:18.340Z,separate_executor,quote_run_dispatch_probe,50,1416.05,success,,200,success
p3-ex-official-vu50,30f57899-3877-49d7-ba35-eb1ec2b4f561,2026-08-31T18:21:18.341Z,separate_executor,quote_run_dispatch_probe,50,1430.22,success,,200,success
p3-ex-official-vu50,124dd08c-0cc8-45e5-bdbf-d7ad27c4b537,2026-08-31T18:21:18.347Z,separate_executor,quote_run_dispatch_probe,50,1517.99,success,,200,success
p3-ex-official-vu50,049155ac-7bae-4d1a-82bb-d26a4412e21e,2026-08-31T18:21:18.357Z,separate_executor,quote_run_dispatch_probe,50,1426.21,success,,200,success
p3-ex-official-vu50,633f54c8-4367-4b2e-83e6-979dae30087f,2026-08-31T18:21:18.377Z,separate_executor,quote_run_dispatch_probe,50,1370.34,success,,200,success
p3-ex-official-vu50,c6b7cac5-aa72-46e3-8ed5-645f0c06a709,2026-08-31T18:21:18.381Z,separate_executor,quote_run_dispatch_probe,50,1441.63,success,,200,success
p3-ex-official-vu50,858b0f1b-532d-4fc5-92f4-390857c00f92,2026-08-31T18:21:18.385Z,separate_executor,quote_run_dispatch_probe,50,1488.56,success,,200,success
p3-ex-official-vu50,4a7c481d-1503-43e0-8003-80dabc797a66,2026-08-31T18:21:18.386Z,separate_executor,quote_run_dispatch_probe,50,1438.85,success,,200,success
p3-ex-official-vu50,f70dde18-21e3-45c9-9b0d-622e81434c1d,2026-08-31T18:21:18.390Z,separate_executor,quote_run_dispatch_probe,50,1459.91,success,,200,success
p3-ex-official-vu50,3d17e577-6b55-4403-a433-f4181008c6d4,2026-08-31T18:21:18.392Z,separate_executor,quote_run_dispatch_probe,50,1367.51,success,,200,success
p3-ex-official-vu50,c253f3ff-a749-44ec-85a1-3a32ba62c09c,2026-08-31T18:21:18.395Z,separate_executor,quote_run_dispatch_probe,50,1502.79,success,,200,success
p3-ex-official-vu50,8fc2da95-988a-416e-b801-479972fadc1e,2026-08-31T18:21:18.435Z,separate_executor,quote_run_dispatch_probe,50,1544.61,success,,200,success
p3-ex-official-vu50,b4d619a5-70aa-4257-974e-93db443eb47b,2026-08-31T18:21:18.441Z,separate_executor,quote_run_dispatch_probe,50,1532.81,success,,200,success
p3-ex-official-vu50,bb96a725-23dc-4e42-9503-515db85d3d1a,2026-08-31T18:21:18.451Z,separate_executor,quote_run_dispatch_probe,50,1532,success,,200,success
p3-ex-official-vu50,7020716f-dfd7-44eb-a58e-62b0e314de41,2026-08-31T18:21:18.587Z,separate_executor,quote_run_dispatch_probe,50,1596.15,success,,200,success
p3-ex-official-vu50,9df90224-579a-4748-84ba-969af2d8c7f5,2026-08-31T18:21:18.755Z,separate_executor,quote_run_dispatch_probe,50,1191.47,success,,200,success
p3-ex-official-vu50,a1831d55-3a00-4e25-bc82-62c15ed4184b,2026-08-31T18:21:18.876Z,separate_executor,quote_run_dispatch_probe,50,1089.19,success,,200,success
p3-ex-official-vu50,1122ecbc-a448-4354-ac8c-0ec1ba870d54,2026-08-31T18:21:19.137Z,separate_executor,quote_run_dispatch_probe,50,1345.95,success,,200,success
p3-ex-official-vu50,8c651bfc-5e3d-40c5-be74-d882c1446c72,2026-08-31T18:21:19.220Z,separate_executor,quote_run_dispatch_probe,50,1139.56,success,,200,success
p3-ex-official-vu50,4d7dac70-d63e-4353-bcfa-b5103b6c65ae,2026-08-31T18:21:19.226Z,separate_executor,quote_run_dispatch_probe,50,1146.27,success,,200,success
p3-ex-official-vu50,1881ea6b-4d7c-4176-89fe-a90713a29ca5,2026-08-31T18:21:19.257Z,separate_executor,quote_run_dispatch_probe,50,1080.09,success,,200,success
p3-ex-official-vu50,846ab80e-4c73-462e-9b8b-5aa5eb419439,2026-08-31T18:21:19.272Z,separate_executor,quote_run_dispatch_probe,50,1289.45,success,,200,success
p3-ex-official-vu50,e20545ce-9daa-4674-b603-a4f37668a6c2,2026-08-31T18:21:19.276Z,separate_executor,quote_run_dispatch_probe,50,1135.09,success,,200,success
p3-ex-official-vu50,7f33f95c-6c55-4e42-bd88-7858ad607eee,2026-08-31T18:21:19.326Z,separate_executor,quote_run_dispatch_probe,50,1169.31,success,,200,success
p3-ex-official-vu50,20a99770-a0eb-4ba7-a122-5f5563149b76,2026-08-31T18:21:19.327Z,separate_executor,quote_run_dispatch_probe,50,1189.41,success,,200,success
p3-ex-official-vu50,bb1f406b-eae2-4b2c-8cec-2c98cfee19d8,2026-08-31T18:21:19.336Z,separate_executor,quote_run_dispatch_probe,50,1371.01,success,,200,success
p3-ex-official-vu50,453d0a34-a1ef-4132-9c0e-baff55c5da55,2026-08-31T18:21:19.376Z,separate_executor,quote_run_dispatch_probe,50,1197.82,success,,200,success
p3-ex-official-vu50,58194dba-94e7-4ec4-a599-8497b6bf6efa,2026-08-31T18:21:19.410Z,separate_executor,quote_run_dispatch_probe,50,1325.2,success,,200,success
p3-ex-official-vu50,cc0349c4-4daa-4911-9c9a-2433e942b0a0,2026-08-31T18:21:19.447Z,separate_executor,quote_run_dispatch_probe,50,1284.73,success,,200,success
p3-ex-official-vu50,97c69dfc-7eec-4b5c-998b-9c273a25e859,2026-08-31T18:21:19.470Z,separate_executor,quote_run_dispatch_probe,50,1377.6,success,,200,success
p3-ex-official-vu50,2afafbbb-78d1-41c9-97cf-e4eebe823bad,2026-08-31T18:21:19.487Z,separate_executor,quote_run_dispatch_probe,50,1323.18,success,,200,success
p3-ex-official-vu50,6ca9db25-47a5-4611-aae7-5c60c03f8a85,2026-08-31T18:21:19.499Z,separate_executor,quote_run_dispatch_probe,50,1261.91,success,,200,success
p3-ex-official-vu50,e2c5077a-b2e5-4312-a002-bcad1a141098,2026-08-31T18:21:19.512Z,separate_executor,quote_run_dispatch_probe,50,1366.13,success,,200,success
p3-ex-official-vu50,d764cba0-c528-42b7-965a-4004a9a4f23b,2026-08-31T18:21:19.576Z,separate_executor,quote_run_dispatch_probe,50,1580.66,success,,200,success
p3-ex-official-vu50,9c80cc2a-e09e-4dd6-9b32-d60ff949ffb9,2026-08-31T18:21:19.577Z,separate_executor,quote_run_dispatch_probe,50,1363.64,success,,200,success
p3-ex-official-vu50,b30fcd19-3b98-43ff-aa38-cf1dffc573ed,2026-08-31T18:21:19.589Z,separate_executor,quote_run_dispatch_probe,50,1363.15,success,,200,success
p3-ex-official-vu50,c3ad1208-7f9b-46a1-9253-aa42cf08dbc5,2026-08-31T18:21:19.608Z,separate_executor,quote_run_dispatch_probe,50,1364.99,success,,200,success
p3-ex-official-vu50,0127d2de-eb6d-4120-a4d4-0d8e27755b17,2026-08-31T18:21:19.627Z,separate_executor,quote_run_dispatch_probe,50,1341.36,success,,200,success
p3-ex-official-vu50,d121cceb-d17a-4705-b539-9fb962d92485,2026-08-31T18:21:19.633Z,separate_executor,quote_run_dispatch_probe,50,1383.92,success,,200,success
p3-ex-official-vu50,cbd6d73a-1f8b-4163-96ea-f1c9a8140868,2026-08-31T18:21:19.656Z,separate_executor,quote_run_dispatch_probe,50,1275.04,success,,200,success
p3-ex-official-vu50,6cef463e-a0c0-4a73-95fb-fb2535d2278c,2026-08-31T18:21:19.658Z,separate_executor,quote_run_dispatch_probe,50,1538.37,success,,200,success
p3-ex-official-vu50,ccfa8e0a-fd43-4237-9a2b-87437b661c2b,2026-08-31T18:21:19.663Z,separate_executor,quote_run_dispatch_probe,50,1330.94,success,,200,success
p3-ex-official-vu50,339d7bd2-143d-485a-ae7f-d44823342b54,2026-08-31T18:21:19.665Z,separate_executor,quote_run_dispatch_probe,50,1492.21,success,,200,success
p3-ex-official-vu50,43d78401-8be0-4a3f-a32d-c4fd6a8f09a4,2026-08-31T18:21:19.689Z,separate_executor,quote_run_dispatch_probe,50,1348.37,success,,200,success
p3-ex-official-vu50,de33404c-efb8-463b-a334-1724dedfe0bf,2026-08-31T18:21:19.696Z,separate_executor,quote_run_dispatch_probe,50,1522.35,success,,200,success
p3-ex-official-vu50,bc30769d-2700-4225-95b7-a1edca977d09,2026-08-31T18:21:19.698Z,separate_executor,quote_run_dispatch_probe,50,1485.21,success,,200,success
p3-ex-official-vu50,04321790-e988-48cc-b43e-2093060ae6e9,2026-08-31T18:21:19.708Z,separate_executor,quote_run_dispatch_probe,50,1395.86,success,,200,success
p3-ex-official-vu50,f55f5180-1647-4a9c-9671-11491767f9c5,2026-08-31T18:21:19.738Z,separate_executor,quote_run_dispatch_probe,50,1458.76,success,,200,success
p3-ex-official-vu50,93c7adbd-0995-4eda-b60d-92a393d91d9e,2026-08-31T18:21:19.741Z,separate_executor,quote_run_dispatch_probe,50,1384,success,,200,success
p3-ex-official-vu50,b1dbb0e2-2cc8-4465-a431-cd6ad614d52a,2026-08-31T18:21:19.781Z,separate_executor,quote_run_dispatch_probe,50,1441.04,success,,200,success
p3-ex-official-vu50,71cf6453-aba4-4c03-a53f-81da34aef874,2026-08-31T18:21:19.811Z,separate_executor,quote_run_dispatch_probe,50,1530.65,success,,200,success
p3-ex-official-vu50,770f06af-8ce1-419d-a942-249c5877aa5f,2026-08-31T18:21:19.817Z,separate_executor,quote_run_dispatch_probe,50,1469.25,success,,200,success
p3-ex-official-vu50,504b6d35-3817-438c-a0e3-692ac86d9ee2,2026-08-31T18:21:19.824Z,separate_executor,quote_run_dispatch_probe,50,1536.13,success,,200,success
p3-ex-official-vu50,8fca8517-eeb9-4002-82dd-c8c6e5998257,2026-08-31T18:21:19.825Z,separate_executor,quote_run_dispatch_probe,50,1069.96,success,,200,success
p3-ex-official-vu50,8c9fedb6-4e5e-4797-b876-46ce4f509fd5,2026-08-31T18:21:19.828Z,separate_executor,quote_run_dispatch_probe,50,1442,success,,200,success
p3-ex-official-vu50,c18a80fc-c538-4ac8-a89e-7e65ea273e84,2026-08-31T18:21:19.829Z,separate_executor,quote_run_dispatch_probe,50,1531.54,success,,200,success
p3-ex-official-vu50,27971240-3f9d-4d01-b22d-67fa989d6b7b,2026-08-31T18:21:19.845Z,separate_executor,quote_run_dispatch_probe,50,1452.16,success,,200,success
p3-ex-official-vu50,868ec93a-1775-4af3-b652-ee02dcbe9ca5,2026-08-31T18:21:19.847Z,separate_executor,quote_run_dispatch_probe,50,1457.23,success,,200,success
p3-ex-official-vu50,5b66f3d9-4490-4df1-9772-30f7410183c8,2026-08-31T18:21:19.906Z,separate_executor,quote_run_dispatch_probe,50,1677.8,success,,200,success
p3-ex-official-vu50,41e71a6f-5bf9-4ef1-8321-5d5acb0c7b04,2026-08-31T18:21:19.911Z,separate_executor,quote_run_dispatch_probe,50,1515.95,success,,200,success
p3-ex-official-vu50,c777e166-000e-4dae-8605-0982410060fa,2026-08-31T18:21:19.973Z,separate_executor,quote_run_dispatch_probe,50,1385.72,success,,200,success
p3-ex-official-vu50,be3fdcd0-43c1-498d-8505-2343a454559b,2026-08-31T18:21:19.974Z,separate_executor,quote_run_dispatch_probe,50,1533.47,success,,200,success
p3-ex-official-vu50,05064c00-9a6c-46e5-a31a-ace286d6e29a,2026-08-31T18:21:20.017Z,separate_executor,quote_run_dispatch_probe,50,1632.07,success,,200,success
p3-ex-official-vu50,792c8f1c-816a-4e37-9ecc-f196db7a9793,2026-08-31T18:21:20.023Z,separate_executor,quote_run_dispatch_probe,50,1147.76,success,,200,success
p3-ex-official-vu50,db64edd9-883c-41ab-a05f-7ce8ece75e00,2026-08-31T18:21:20.030Z,separate_executor,quote_run_dispatch_probe,50,1594.58,success,,200,success
p3-ex-official-vu50,bfd2cee4-e3c4-456d-b961-50ec4981f517,2026-08-31T18:21:20.156Z,separate_executor,quote_run_dispatch_probe,50,1778.6,success,,200,success
p3-ex-official-vu50,dd995170-d79d-4e68-bfc7-15f34d7b2f85,2026-08-31T18:21:20.213Z,separate_executor,quote_run_dispatch_probe,50,1761.54,success,,200,success
p3-ex-official-vu50,e2db1538-8840-422d-96a9-cf1fff801d5f,2026-08-31T18:21:20.250Z,separate_executor,quote_run_dispatch_probe,50,973.69,success,,200,success
p3-ex-official-vu50,3e7329df-fea3-4e93-9d6d-03f81e205258,2026-08-31T18:21:20.341Z,separate_executor,quote_run_dispatch_probe,50,1120.95,success,,200,success
p3-ex-official-vu50,c1c9bf85-373f-4ee2-82ef-fa9484daaf85,2026-08-31T18:21:20.487Z,separate_executor,quote_run_dispatch_probe,50,1230.19,success,,200,success
p3-ex-official-vu50,27291117-5129-460d-836c-0773b274a50a,2026-08-31T18:21:20.547Z,separate_executor,quote_run_dispatch_probe,50,1220.66,success,,200,success
p3-ex-official-vu50,57a5c3cc-3bba-4688-b786-7811c4e371e8,2026-08-31T18:21:20.555Z,separate_executor,quote_run_dispatch_probe,50,1418.46,success,,200,success
p3-ex-official-vu50,b29178c0-e960-4bcb-bdeb-b3481350e07d,2026-08-31T18:21:20.586Z,separate_executor,quote_run_dispatch_probe,50,1260.06,success,,200,success
p3-ex-official-vu50,4513e77b-26e2-4a1d-9405-65edae70a861,2026-08-31T18:21:20.602Z,separate_executor,quote_run_dispatch_probe,50,1376.45,success,,200,success
p3-ex-official-vu50,ec5674f6-add3-48ee-a81e-2430815efdd4,2026-08-31T18:21:20.623Z,separate_executor,quote_run_dispatch_probe,50,1286.92,success,,200,success
p3-ex-official-vu50,3f512339-af63-4e9c-b235-e0b6ae680eba,2026-08-31T18:21:20.650Z,separate_executor,quote_run_dispatch_probe,50,1377.92,success,,200,success
p3-ex-official-vu50,044bb5d2-6009-4f88-8fa7-bcb65e73f008,2026-08-31T18:21:20.677Z,separate_executor,quote_run_dispatch_probe,50,1300.68,success,,200,success
p3-ex-official-vu50,f5840b4f-8355-4620-ac6f-0d8504f9e70c,2026-08-31T18:21:20.723Z,separate_executor,quote_run_dispatch_probe,50,1235.17,success,,200,success
p3-ex-official-vu50,4d275789-c483-41a2-bf01-4daeaa5f9432,2026-08-31T18:21:20.784Z,separate_executor,quote_run_dispatch_probe,50,1373.85,success,,200,success
p3-ex-official-vu50,cd1767d4-eac7-4af0-8fd9-c5be2577bd08,2026-08-31T18:21:20.919Z,separate_executor,quote_run_dispatch_probe,50,1419.59,success,,200,success
p3-ex-official-vu50,f74ecf62-a8a1-419b-82af-03b3ac37323d,2026-08-31T18:21:20.920Z,separate_executor,quote_run_dispatch_probe,50,1261.95,success,,200,success
p3-ex-official-vu50,e1c9aaab-f596-4d2d-a163-27e9cd324c62,2026-08-31T18:21:20.937Z,separate_executor,quote_run_dispatch_probe,50,1281.55,success,,200,success
p3-ex-official-vu50,2a81d015-0c43-493d-b128-c191df5ea948,2026-08-31T18:21:20.947Z,separate_executor,quote_run_dispatch_probe,50,1370.77,success,,200,success
p3-ex-official-vu50,f43fcff6-9c22-4196-93e5-ec8a142bbcda,2026-08-31T18:21:20.956Z,separate_executor,quote_run_dispatch_probe,50,1444.25,success,,200,success
p3-ex-official-vu50,3f008627-f3bf-47e7-860b-1ce2b4652c8d,2026-08-31T18:21:20.970Z,separate_executor,quote_run_dispatch_probe,50,1499.96,success,,200,success
p3-ex-official-vu50,85a153cc-5398-47e1-99dd-8a1fa964dd9e,2026-08-31T18:21:20.979Z,separate_executor,quote_run_dispatch_probe,50,1402.52,success,,200,success
p3-ex-official-vu50,d306e6dc-b1b7-404f-b89f-d7cdae50a550,2026-08-31T18:21:21.003Z,separate_executor,quote_run_dispatch_probe,50,1313.79,success,,200,success
p3-ex-official-vu50,c8228ca8-7f2f-45a2-83b5-30591b1b61b2,2026-08-31T18:21:21.004Z,separate_executor,quote_run_dispatch_probe,50,1339.13,success,,200,success
p3-ex-official-vu50,d6ed28a3-d26e-43f3-b51a-8d9bb9079508,2026-08-31T18:21:21.005Z,separate_executor,quote_run_dispatch_probe,50,1342.14,success,,200,success
p3-ex-official-vu50,96d7f69b-ac4a-4063-8a99-51a6c40c25b4,2026-08-31T18:21:21.005Z,separate_executor,quote_run_dispatch_probe,50,1416.32,success,,200,success
p3-ex-official-vu50,2c9c060f-0441-450b-8d63-b86d56552d7e,2026-08-31T18:21:21.012Z,separate_executor,quote_run_dispatch_probe,50,1403.71,success,,200,success
p3-ex-official-vu50,92de1c88-f701-4e9b-b1da-3aee5b178a54,2026-08-31T18:21:21.013Z,separate_executor,quote_run_dispatch_probe,50,1566.33,success,,200,success
p3-ex-official-vu50,a4094e63-85aa-4bed-b052-7b77dadf04ea,2026-08-31T18:21:21.027Z,separate_executor,quote_run_dispatch_probe,50,1201.84,success,,200,success
p3-ex-official-vu50,67f8e8ce-9b7a-4b94-ab7f-27b4755b316d,2026-08-31T18:21:21.039Z,separate_executor,quote_run_dispatch_probe,50,1227.79,success,,200,success
p3-ex-official-vu50,bb1cc458-73ae-4911-aeb9-6728cd0eb91f,2026-08-31T18:21:21.053Z,separate_executor,quote_run_dispatch_probe,50,1355.77,success,,200,success
p3-ex-official-vu50,e381a55b-6785-4f91-baca-c6c72eb0326a,2026-08-31T18:21:21.057Z,separate_executor,quote_run_dispatch_probe,50,1349.3,success,,200,success
p3-ex-official-vu50,efeb16da-8dc1-4287-a329-9399e1a89f5e,2026-08-31T18:21:21.079Z,separate_executor,quote_run_dispatch_probe,50,1340.22,success,,200,success
p3-ex-official-vu50,700ddd65-e843-400f-aa05-ebe8614e8c5e,2026-08-31T18:21:21.090Z,separate_executor,quote_run_dispatch_probe,50,1463.21,success,,200,success
p3-ex-official-vu50,35e611f5-3a78-485b-870f-f91747c4cf80,2026-08-31T18:21:21.128Z,separate_executor,quote_run_dispatch_probe,50,1347.04,success,,200,success
p3-ex-official-vu50,1c9cc982-db75-4502-9d14-b85e37171ef4,2026-08-31T18:21:21.137Z,separate_executor,quote_run_dispatch_probe,50,1113.51,success,,200,success
p3-ex-official-vu50,cb93580b-4c4d-4317-8e34-b6a5f0118b41,2026-08-31T18:21:21.143Z,separate_executor,quote_run_dispatch_probe,50,1510.08,success,,200,success
p3-ex-official-vu50,794a8157-2769-4eb4-a6a3-ec166428757c,2026-08-31T18:21:21.154Z,separate_executor,quote_run_dispatch_probe,50,1412.67,success,,200,success
p3-ex-official-vu50,cddeca19-ee2a-4c50-86e2-9d3fe46b9cc0,2026-08-31T18:21:21.169Z,separate_executor,quote_run_dispatch_probe,50,1339.27,success,,200,success
p3-ex-official-vu50,a0a35fd4-1738-40d4-860c-d3cc7dc7ebfa,2026-08-31T18:21:21.210Z,separate_executor,quote_run_dispatch_probe,50,1381.85,success,,200,success
p3-ex-official-vu50,6f84e249-a2f9-43ff-aa84-6d5c1ce1bd5b,2026-08-31T18:21:21.238Z,separate_executor,quote_run_dispatch_probe,50,1392.95,success,,200,success
p3-ex-official-vu50,29c65b31-5616-488b-87e4-3ced7e48dcc2,2026-08-31T18:21:21.276Z,separate_executor,quote_run_dispatch_probe,50,1459.43,success,,200,success
p3-ex-official-vu50,763f45b5-1e3f-44c8-9c6f-b3d064e1762b,2026-08-31T18:21:21.288Z,separate_executor,quote_run_dispatch_probe,50,1591.99,success,,200,success
p3-ex-official-vu50,0ad8fde6-4c5a-443f-8fa9-1c741ca9e03d,2026-08-31T18:21:21.310Z,separate_executor,quote_run_dispatch_probe,50,1486.21,success,,200,success
p3-ex-official-vu50,ea4c06da-6202-47c8-b988-95c5bb0b1b4d,2026-08-31T18:21:21.336Z,separate_executor,quote_run_dispatch_probe,50,1429.95,success,,200,success
p3-ex-official-vu50,cb2ec7e8-c8df-4505-b924-0240f3955d1a,2026-08-31T18:21:21.340Z,separate_executor,quote_run_dispatch_probe,50,1089.76,success,,200,success
p3-ex-official-vu50,00f20d26-2041-46a0-85d4-38820cb84844,2026-08-31T18:21:21.433Z,separate_executor,quote_run_dispatch_probe,50,1415.63,success,,200,success
p3-ex-official-vu50,756f7e1d-06d6-442e-b9d3-8d883738ead5,2026-08-31T18:21:21.437Z,separate_executor,quote_run_dispatch_probe,50,1407.35,success,,200,success
p3-ex-official-vu50,33483e5f-2813-4470-849c-472022a7af4c,2026-08-31T18:21:21.445Z,separate_executor,quote_run_dispatch_probe,50,1597.65,success,,200,success
p3-ex-official-vu50,4af701f4-c28c-45c5-ac1b-0e3cc7e2ad4d,2026-08-31T18:21:21.446Z,separate_executor,quote_run_dispatch_probe,50,1471.9,success,,200,success
p3-ex-official-vu50,314f2e1e-5aa2-429d-b25e-8218980bd529,2026-08-31T18:21:21.450Z,separate_executor,quote_run_dispatch_probe,50,1539.79,success,,200,success
p3-ex-official-vu50,ff6ef5a3-58e0-4273-9cb2-e53da881d7ab,2026-08-31T18:21:21.452Z,separate_executor,quote_run_dispatch_probe,50,1478.58,success,,200,success
p3-ex-official-vu50,10ddb282-e5df-4399-b375-001d48d6d54c,2026-08-31T18:21:21.460Z,separate_executor,quote_run_dispatch_probe,50,1118.51,success,,200,success
p3-ex-official-vu50,706e7c67-74a0-4943-b8b9-7f3a428ae9cd,2026-08-31T18:21:21.627Z,separate_executor,quote_run_dispatch_probe,50,1414.03,success,,200,success
p3-ex-official-vu50,17279b90-fff0-4218-8c03-0891bfb18281,2026-08-31T18:21:21.669Z,separate_executor,quote_run_dispatch_probe,50,1121.71,success,,200,success
p3-ex-official-vu50,e1552484-7e3a-4a6d-91ef-21018152d078,2026-08-31T18:21:21.679Z,separate_executor,quote_run_dispatch_probe,50,1191.6,success,,200,success
p3-ex-official-vu50,b716e286-8b92-4b28-9542-0f8c33abaaf8,2026-08-31T18:21:21.680Z,separate_executor,quote_run_dispatch_probe,50,1077.67,success,,200,success
p3-ex-official-vu50,9d15c376-d5f5-48d0-9b11-922892e26870,2026-08-31T18:21:21.707Z,separate_executor,quote_run_dispatch_probe,50,1551.49,success,,200,success
p3-ex-official-vu50,60b54c13-7172-46ad-938a-928d258de332,2026-08-31T18:21:21.724Z,separate_executor,quote_run_dispatch_probe,50,1138.1,success,,200,success
p3-ex-official-vu50,08a707d3-33e6-4665-9352-a0b730cdf4c9,2026-08-31T18:21:21.838Z,separate_executor,quote_run_dispatch_probe,50,1282.84,success,,200,success
p3-ex-official-vu50,bc3d8582-ce2b-4d63-b295-8c07d156743c,2026-08-31T18:21:21.855Z,separate_executor,quote_run_dispatch_probe,50,1178.19,success,,200,success
p3-ex-official-vu50,978db27f-40db-45b7-9493-de543cea8bc1,2026-08-31T18:21:21.945Z,separate_executor,quote_run_dispatch_probe,50,1321.86,success,,200,success
p3-ex-official-vu50,8c9d5e23-8940-47dc-a1ea-21f2d17efb06,2026-08-31T18:21:22.056Z,separate_executor,quote_run_dispatch_probe,50,1406.88,success,,200,success
p3-ex-official-vu50,9072f34d-d0e7-444e-9c32-30cf05063212,2026-08-31T18:21:22.087Z,separate_executor,quote_run_dispatch_probe,50,1303.06,success,,200,success
p3-ex-official-vu50,2d9dae76-e6cb-400e-90c6-ff1129ea98ce,2026-08-31T18:21:22.114Z,separate_executor,quote_run_dispatch_probe,50,1143.79,success,,200,success
p3-ex-official-vu50,93675407-afe2-4268-aec1-d28c1290d19b,2026-08-31T18:21:22.122Z,separate_executor,quote_run_dispatch_probe,50,1399.03,success,,200,success
p3-ex-official-vu50,5303bd6e-c297-4711-9cd0-9b1accedf56e,2026-08-31T18:21:22.155Z,separate_executor,quote_run_dispatch_probe,50,1235.64,success,,200,success
p3-ex-official-vu50,cf2a320d-3063-461e-8353-63148a01cdf9,2026-08-31T18:21:22.158Z,separate_executor,quote_run_dispatch_probe,50,1211.15,success,,200,success
p3-ex-official-vu50,efbf8aee-73df-4ebc-86fd-700ea252b5bc,2026-08-31T18:21:22.173Z,separate_executor,quote_run_dispatch_probe,50,1145.83,success,,200,success
p3-ex-official-vu50,da63d9a6-c01f-4dea-8731-56b6a4dbf9f7,2026-08-31T18:21:22.201Z,separate_executor,quote_run_dispatch_probe,50,1197.51,success,,200,success
p3-ex-official-vu50,9996d395-6f54-4abf-ba53-dceb8610417b,2026-08-31T18:21:22.224Z,separate_executor,quote_run_dispatch_probe,50,1303.76,success,,200,success
p3-ex-official-vu50,876b29e6-8cf7-4a1c-85f6-f1caaabccd1c,2026-08-31T18:21:22.240Z,separate_executor,quote_run_dispatch_probe,50,1228.34,success,,200,success
p3-ex-official-vu50,dd844369-229b-453b-805e-f896d62e3024,2026-08-31T18:21:22.276Z,separate_executor,quote_run_dispatch_probe,50,1138.63,success,,200,success
p3-ex-official-vu50,b3d77b1c-5888-4fcb-bb86-1c906ee8748a,2026-08-31T18:21:22.342Z,separate_executor,quote_run_dispatch_probe,50,1302.68,success,,200,success
p3-ex-official-vu50,a5f776e2-93cd-46c0-a481-ea786776575a,2026-08-31T18:21:22.388Z,separate_executor,quote_run_dispatch_probe,50,1382.14,success,,200,success
p3-ex-official-vu50,c95cfd25-ac62-4de9-afdb-f8c4952ddcb6,2026-08-31T18:21:22.428Z,separate_executor,quote_run_dispatch_probe,50,1370.86,success,,200,success
p3-ex-official-vu50,589f1fb0-5f25-43f6-81f4-2b4260620527,2026-08-31T18:21:22.430Z,separate_executor,quote_run_dispatch_probe,50,1492.93,success,,200,success
p3-ex-official-vu50,08445abf-5dda-4c19-85c8-b3941e15e970,2026-08-31T18:21:22.434Z,separate_executor,quote_run_dispatch_probe,50,1428.76,success,,200,success
p3-ex-official-vu50,46cea94a-f997-444e-9b2d-8d37e1709edc,2026-08-31T18:21:22.439Z,separate_executor,quote_run_dispatch_probe,50,1425.74,success,,200,success
p3-ex-official-vu50,14e117fc-51ce-4547-a61a-b0955e6e2dff,2026-08-31T18:21:22.442Z,separate_executor,quote_run_dispatch_probe,50,1438.92,success,,200,success
p3-ex-official-vu50,bb0c4c9e-52da-4f5f-bb05-efb0c2b31835,2026-08-31T18:21:22.462Z,separate_executor,quote_run_dispatch_probe,50,1373.24,success,,200,success
p3-ex-official-vu50,3f428d7e-63c5-42b6-b4d0-c12395f746d9,2026-08-31T18:21:22.481Z,separate_executor,quote_run_dispatch_probe,50,1501.13,success,,200,success
p3-ex-official-vu50,48056989-00f6-4633-97c8-f9256c014a12,2026-08-31T18:21:22.486Z,separate_executor,quote_run_dispatch_probe,50,1332.41,success,,200,success
p3-ex-official-vu50,5bc6ce30-27a5-41af-a2f8-a1d650b86c87,2026-08-31T18:21:22.491Z,separate_executor,quote_run_dispatch_probe,50,1322.49,success,,200,success
p3-ex-official-vu50,5ebd7bab-9150-49a3-9cfd-e10851a45015,2026-08-31T18:21:22.492Z,separate_executor,quote_run_dispatch_probe,50,1438.79,success,,200,success
p3-ex-official-vu50,84502c7e-93b6-4563-9117-fd3c2e59cb04,2026-08-31T18:21:22.505Z,separate_executor,quote_run_dispatch_probe,50,1377.49,success,,200,success
p3-ex-official-vu50,c6c24e74-2d7a-4ee8-a44f-7922d938581e,2026-08-31T18:21:22.542Z,separate_executor,quote_run_dispatch_probe,50,1585.16,success,,200,success
p3-ex-official-vu50,d2cb2976-d062-4413-b7a6-2c8d5e1b6208,2026-08-31T18:21:22.547Z,separate_executor,quote_run_dispatch_probe,50,1207.16,success,,200,success
p3-ex-official-vu50,01d16db2-38ac-42b7-bcef-13ced2afee2f,2026-08-31T18:21:22.577Z,separate_executor,quote_run_dispatch_probe,50,1367.03,success,,200,success
p3-ex-official-vu50,c606f843-0246-4dc0-8c8b-160913a3b979,2026-08-31T18:21:22.674Z,separate_executor,quote_run_dispatch_probe,50,1229.88,success,,200,success
p3-ex-official-vu50,1cb18c29-2dc6-44ee-a4d2-450e853b7452,2026-08-31T18:21:22.677Z,separate_executor,quote_run_dispatch_probe,50,1586.65,success,,200,success
p3-ex-official-vu50,98f6dd36-ccb3-4813-8da1-1e5b98efd6c3,2026-08-31T18:21:22.678Z,separate_executor,quote_run_dispatch_probe,50,1439.95,success,,200,success
p3-ex-official-vu50,1140e3b1-09e4-4fca-bde6-361cdc4fce37,2026-08-31T18:21:22.687Z,separate_executor,quote_run_dispatch_probe,50,1543.99,success,,200,success
p3-ex-official-vu50,6e3f4198-71c6-4678-b053-6e54bd8fbc78,2026-08-31T18:21:22.697Z,separate_executor,quote_run_dispatch_probe,50,1236.95,success,,200,success
p3-ex-official-vu50,1e002cf2-871f-4cf6-b165-8020578ed7f4,2026-08-31T18:21:22.704Z,separate_executor,quote_run_dispatch_probe,50,1023.99,success,,200,success
p3-ex-official-vu50,44d1dccf-e072-4f58-b299-5ed0fe5b1304,2026-08-31T18:21:22.707Z,separate_executor,quote_run_dispatch_probe,50,1028.12,success,,200,success
p3-ex-official-vu50,205d4a72-a06d-4588-a263-26839c986990,2026-08-31T18:21:22.724Z,separate_executor,quote_run_dispatch_probe,50,1447.43,success,,200,success
p3-ex-official-vu50,fe81765e-aefc-492d-8806-dbe77fdf6739,2026-08-31T18:21:22.799Z,separate_executor,quote_run_dispatch_probe,50,1075.05,success,,200,success
p3-ex-official-vu50,75d2a05b-d565-4d24-99ee-281b38ca5285,2026-08-31T18:21:22.805Z,separate_executor,quote_run_dispatch_probe,50,1372.12,success,,200,success
p3-ex-official-vu50,bbc834e0-146a-4941-9fed-59033cdb3f51,2026-08-31T18:21:22.808Z,separate_executor,quote_run_dispatch_probe,50,1361.25,success,,200,success
p3-ex-official-vu50,ad78cb77-df07-4d20-8f1f-7f46233e60b3,2026-08-31T18:21:22.824Z,separate_executor,quote_run_dispatch_probe,50,1514.44,success,,200,success
p3-ex-official-vu50,920a39b6-addc-43c3-b4cd-b1bb02c49d2c,2026-08-31T18:21:22.870Z,separate_executor,quote_run_dispatch_probe,50,1200.69,success,,200,success
p3-ex-official-vu50,51e6165d-1da9-4dea-8728-3bf0f42abd3c,2026-08-31T18:21:22.937Z,separate_executor,quote_run_dispatch_probe,50,1648.92,success,,200,success
p3-ex-official-vu50,7cbfa12c-7c50-4530-8278-8b03274087fc,2026-08-31T18:21:22.986Z,separate_executor,quote_run_dispatch_probe,50,1534.49,success,,200,success
p3-ex-official-vu50,968803bc-7039-4bd8-9b5a-db007630b985,2026-08-31T18:21:22.989Z,separate_executor,quote_run_dispatch_probe,50,1551.58,success,,200,success
p3-ex-official-vu50,f7592f8e-0d54-4107-8c8c-892059f07cfd,2026-08-31T18:21:22.992Z,separate_executor,quote_run_dispatch_probe,50,1541.38,success,,200,success
p3-ex-official-vu50,2650d827-5a41-4b31-bfe2-4f28e3587145,2026-08-31T18:21:23.109Z,separate_executor,quote_run_dispatch_probe,50,1482.45,success,,200,success
p3-ex-official-vu50,28a15020-b8fd-420b-bfd0-c6e627788bc9,2026-08-31T18:21:23.149Z,separate_executor,quote_run_dispatch_probe,50,1294.22,success,,200,success
p3-ex-official-vu50,776939c4-672c-4cad-ab6a-6ced25081f16,2026-08-31T18:21:23.152Z,separate_executor,quote_run_dispatch_probe,50,1444.4,success,,200,success
p3-ex-official-vu50,ca3a177c-aafb-4d00-af09-8774a46cc421,2026-08-31T18:21:23.155Z,separate_executor,quote_run_dispatch_probe,50,1818.58,success,,200,success
p3-ex-official-vu50,07dd17d1-c343-4dc6-8318-9936ec4f9dcb,2026-08-31T18:21:23.261Z,separate_executor,quote_run_dispatch_probe,50,1422.68,success,,200,success
p3-ex-official-vu50,a139e798-f7bd-40fb-9dc9-384a7f1d1a6f,2026-08-31T18:21:23.292Z,separate_executor,quote_run_dispatch_probe,50,1170.85,success,,200,success
p3-ex-official-vu50,9457c9ac-655e-4fda-b553-e69905fbb4d6,2026-08-31T18:21:23.441Z,separate_executor,quote_run_dispatch_probe,50,1165.19,success,,200,success
p3-ex-official-vu50,7f57c2aa-f9f3-48fe-b2dd-94de3def7a6f,2026-08-31T18:21:23.442Z,separate_executor,quote_run_dispatch_probe,50,1283.74,success,,200,success
p3-ex-official-vu50,5757dda2-c2dc-4afe-a45d-260177f84536,2026-08-31T18:21:23.454Z,separate_executor,quote_run_dispatch_probe,50,1397.95,success,,200,success
p3-ex-official-vu50,4f4fd918-78da-4b31-9569-c2844fb5632b,2026-08-31T18:21:23.509Z,separate_executor,quote_run_dispatch_probe,50,1395.36,success,,200,success
p3-ex-official-vu50,011fea4f-3188-423a-ac78-eacab0452e0a,2026-08-31T18:21:23.517Z,separate_executor,quote_run_dispatch_probe,50,1343.96,success,,200,success
p3-ex-official-vu50,823ef91f-ed63-4e42-a639-9aeba80da6d3,2026-08-31T18:21:23.545Z,separate_executor,quote_run_dispatch_probe,50,1321.49,success,,200,success
p3-ex-official-vu50,d8a2e52e-9586-41ee-a233-35057a190a1d,2026-08-31T18:21:23.597Z,separate_executor,quote_run_dispatch_probe,50,1356.56,success,,200,success
p3-ex-official-vu50,c1145287-7862-466a-9fed-9edbba1508eb,2026-08-31T18:21:23.604Z,separate_executor,quote_run_dispatch_probe,50,1659.68,success,,200,success
p3-ex-official-vu50,37b577d9-a58a-4761-82aa-43502d7cece4,2026-08-31T18:21:23.623Z,separate_executor,quote_run_dispatch_probe,50,1468.46,success,,200,success
p3-ex-official-vu50,d1bce4c1-4b98-474e-b0ad-276eec65ccc2,2026-08-31T18:21:23.627Z,separate_executor,quote_run_dispatch_probe,50,1540.33,success,,200,success
p3-ex-official-vu50,66c24e83-ae51-405b-a72e-de8739f48aff,2026-08-31T18:21:23.672Z,separate_executor,quote_run_dispatch_probe,50,1470.39,success,,200,success
p3-ex-official-vu50,31df7411-d35f-4029-b896-c68ce617d0ee,2026-08-31T18:21:23.771Z,separate_executor,quote_run_dispatch_probe,50,1223.94,success,,200,success
p3-ex-official-vu50,645e0238-4cfe-4f2f-8714-d0bd9d107d17,2026-08-31T18:21:23.773Z,separate_executor,quote_run_dispatch_probe,50,1385.69,success,,200,success
p3-ex-official-vu50,9db438a6-1e22-41b4-8f60-0d1dcd782c4a,2026-08-31T18:21:23.776Z,separate_executor,quote_run_dispatch_probe,50,1342.89,success,,200,success
p3-ex-official-vu50,71ccd247-b6db-4aa5-b5b0-b579136f0b62,2026-08-31T18:21:23.779Z,separate_executor,quote_run_dispatch_probe,50,1337.41,success,,200,success
p3-ex-official-vu50,d7ca97f1-232b-4041-9997-cf64317abfb7,2026-08-31T18:21:23.790Z,separate_executor,quote_run_dispatch_probe,50,1448.41,success,,200,success
p3-ex-official-vu50,0e734ca0-51a3-4b86-ba61-ac493d0163df,2026-08-31T18:21:23.849Z,separate_executor,quote_run_dispatch_probe,50,1368.75,success,,200,success
p3-ex-official-vu50,9029b8a4-ca9b-4af1-b6e8-0d6db8b15cc3,2026-08-31T18:21:23.852Z,separate_executor,quote_run_dispatch_probe,50,1346.8,success,,200,success
p3-ex-official-vu50,1c861b5d-19c0-4ba2-937e-38b731db0b02,2026-08-31T18:21:23.855Z,separate_executor,quote_run_dispatch_probe,50,1362.6,success,,200,success
p3-ex-official-vu50,45e734ca-4f06-42fe-abf9-59366777b18f,2026-08-31T18:21:23.868Z,separate_executor,quote_run_dispatch_probe,50,1171.37,success,,200,success
p3-ex-official-vu50,64b92ef9-0e1d-4b34-b4da-109f2415f39e,2026-08-31T18:21:23.908Z,separate_executor,quote_run_dispatch_probe,50,1477.7,success,,200,success
p3-ex-official-vu50,5e07735d-c4a8-4af8-9630-e749c24e00ab,2026-08-31T18:21:23.914Z,separate_executor,quote_run_dispatch_probe,50,1207.27,success,,200,success
p3-ex-official-vu50,408f5b1f-2a32-4f76-8399-b32f3c614382,2026-08-31T18:21:23.933Z,separate_executor,quote_run_dispatch_probe,50,1441.45,success,,200,success
p3-ex-official-vu50,b3d4d636-b1a8-4572-9eb4-39b06c8b42e1,2026-08-31T18:21:23.937Z,separate_executor,quote_run_dispatch_probe,50,1450.88,success,,200,success
p3-ex-official-vu50,e984d5d5-84e9-4070-812f-6dbd5de7ca4a,2026-08-31T18:21:23.939Z,separate_executor,quote_run_dispatch_probe,50,1361.88,success,,200,success
p3-ex-official-vu50,5037a42e-ce71-462e-958f-a6d0f11891c4,2026-08-31T18:21:23.971Z,separate_executor,quote_run_dispatch_probe,50,1531.64,success,,200,success
p3-ex-official-vu50,a7ba9085-f242-4ea0-8461-130aae34bf53,2026-08-31T18:21:23.983Z,separate_executor,quote_run_dispatch_probe,50,1520.87,success,,200,success
p3-ex-official-vu50,470b79c0-d19c-4aee-a27e-f01e7bca0f76,2026-08-31T18:21:23.985Z,separate_executor,quote_run_dispatch_probe,50,1186.55,success,,200,success
p3-ex-official-vu50,6ed8fbd6-3f8d-4c82-af6d-7db164c9d9fc,2026-08-31T18:21:24.011Z,separate_executor,quote_run_dispatch_probe,50,1583.01,success,,200,success
p3-ex-official-vu50,0c1b4a42-a4ef-49bb-ab78-a47befc1197f,2026-08-31T18:21:24.052Z,separate_executor,quote_run_dispatch_probe,50,1347.97,success,,200,success
p3-ex-official-vu50,10312371-2de8-43f1-b926-151f66e02e76,2026-08-31T18:21:24.106Z,separate_executor,quote_run_dispatch_probe,50,1564.17,success,,200,success
p3-ex-official-vu50,cf8d3ff8-641f-46ba-a7b8-074a76e82bf7,2026-08-31T18:21:24.108Z,separate_executor,quote_run_dispatch_probe,50,1430.21,success,,200,success
p3-ex-official-vu50,2507f858-f566-49ce-8d35-8470fb947d65,2026-08-31T18:21:24.138Z,separate_executor,quote_run_dispatch_probe,50,1414.02,success,,200,success
p3-ex-official-vu50,0bb16669-1bcd-4067-9825-1d81935e8891,2026-08-31T18:21:24.139Z,separate_executor,quote_run_dispatch_probe,50,1464.17,success,,200,success
p3-ex-official-vu50,bded5c9d-bc15-479e-a89a-08058cb67706,2026-08-31T18:21:24.162Z,separate_executor,quote_run_dispatch_probe,50,1484.89,success,,200,success
p3-ex-official-vu50,66f278a7-23ad-4149-b095-1ef1fba0bbf9,2026-08-31T18:21:24.173Z,separate_executor,quote_run_dispatch_probe,50,1303.27,success,,200,success
p3-ex-official-vu50,1019628c-4942-4677-89a7-653dae212c01,2026-08-31T18:21:24.212Z,separate_executor,quote_run_dispatch_probe,50,1524.43,success,,200,success
p3-ex-official-vu50,4d702062-c8a2-4213-abcd-0d512aefece5,2026-08-31T18:21:24.221Z,separate_executor,quote_run_dispatch_probe,50,1413,success,,200,success
p3-ex-official-vu50,890cae27-d44d-4835-ab58-dbf491ba1f00,2026-08-31T18:21:24.327Z,separate_executor,quote_run_dispatch_probe,50,1502.23,success,,200,success
p3-ex-official-vu50,6fa0b496-261d-432c-8e8e-c09c40384f9d,2026-08-31T18:21:24.371Z,separate_executor,quote_run_dispatch_probe,50,1382.14,success,,200,success
p3-ex-official-vu50,d4eb341d-8e13-42f1-adcd-4a5668b26cb8,2026-08-31T18:21:24.372Z,separate_executor,quote_run_dispatch_probe,50,1079.54,success,,200,success
p3-ex-official-vu50,c8d12734-f11b-4059-9418-1d063dbe1b86,2026-08-31T18:21:24.394Z,separate_executor,quote_run_dispatch_probe,50,1244.18,success,,200,success
p3-ex-official-vu50,78e36e67-4e23-4310-8178-a2eeffc5c1ac,2026-08-31T18:21:24.437Z,separate_executor,quote_run_dispatch_probe,50,1632.12,success,,200,success
p3-ex-official-vu50,0b4c2971-9a5d-442b-b76a-566e718ab046,2026-08-31T18:21:24.596Z,separate_executor,quote_run_dispatch_probe,50,1335.3,success,,200,success
p3-ex-official-vu50,d811254d-667a-4684-81a6-f19607c2fdb1,2026-08-31T18:21:24.607Z,separate_executor,quote_run_dispatch_probe,50,1621.02,success,,200,success
p3-ex-official-vu50,39908d33-a79d-4899-b417-1b50da4674c2,2026-08-31T18:21:24.635Z,separate_executor,quote_run_dispatch_probe,50,1642.82,success,,200,success
p3-ex-official-vu50,2fe4a054-a99b-4794-bd08-1845ee1deb3a,2026-08-31T18:21:24.659Z,separate_executor,quote_run_dispatch_probe,50,1722.55,success,,200,success
p3-ex-official-vu50,60406a3c-747b-4c0e-8e14-2ac5e23ee86b,2026-08-31T18:21:24.677Z,separate_executor,quote_run_dispatch_probe,50,1235.42,success,,200,success
p3-ex-official-vu50,78602d31-2714-4f03-ad63-0299ee36294f,2026-08-31T18:21:24.738Z,separate_executor,quote_run_dispatch_probe,50,1228.24,success,,200,success
p3-ex-official-vu50,cad12a74-9fdc-4c65-bed4-88d7d3c5cb2b,2026-08-31T18:21:24.792Z,separate_executor,quote_run_dispatch_probe,50,1274.58,success,,200,success
p3-ex-official-vu50,89bd8a74-1837-406f-9a31-aea89e84a497,2026-08-31T18:21:24.804Z,separate_executor,quote_run_dispatch_probe,50,1651.9,success,,200,success
p3-ex-official-vu50,709bea29-c84b-429a-8c9d-2aacdb0f704f,2026-08-31T18:21:24.846Z,separate_executor,quote_run_dispatch_probe,50,1736.95,success,,200,success
p3-ex-official-vu50,036667d7-82a4-436f-a888-91aa99703e5e,2026-08-31T18:21:24.978Z,separate_executor,quote_run_dispatch_probe,50,1373.14,success,,200,success
p3-ex-official-vu50,09250c6f-1807-46f5-8461-124066d20243,2026-08-31T18:21:24.990Z,separate_executor,quote_run_dispatch_probe,50,1535.54,success,,200,success
p3-ex-official-vu50,31c417c8-072b-46e9-84cb-2d8ca82e5e1f,2026-08-31T18:21:25.002Z,separate_executor,quote_run_dispatch_probe,50,1378.98,success,,200,success
p3-ex-official-vu50,d8c170ed-121c-438c-977b-331bb63b7b90,2026-08-31T18:21:25.004Z,separate_executor,quote_run_dispatch_probe,50,1332.32,success,,200,success
p3-ex-official-vu50,4cd77ace-a047-43e9-af55-a98f55597dd1,2026-08-31T18:21:25.009Z,separate_executor,quote_run_dispatch_probe,50,1854.04,success,,200,success
p3-ex-official-vu50,3fea34bb-dd1b-4d2b-9cad-f27ef4e35ae5,2026-08-31T18:21:25.015Z,separate_executor,quote_run_dispatch_probe,50,1469.43,success,,200,success
p3-ex-official-vu50,5c421df8-4704-482c-bf64-20f6d3fbf364,2026-08-31T18:21:25.094Z,separate_executor,quote_run_dispatch_probe,50,1322.78,success,,200,success
p3-ex-official-vu50,eef38d9b-9606-43bb-baba-e7d3968d0e14,2026-08-31T18:21:25.101Z,separate_executor,quote_run_dispatch_probe,50,1327.8,success,,200,success
p3-ex-official-vu50,205e29df-de10-43c1-83bd-7ef299e93937,2026-08-31T18:21:25.105Z,separate_executor,quote_run_dispatch_probe,50,1236.91,success,,200,success
p3-ex-official-vu50,abe8632e-ded8-4d27-86d6-b4ae67c69aa5,2026-08-31T18:21:25.106Z,separate_executor,quote_run_dispatch_probe,50,1120.58,success,,200,success
p3-ex-official-vu50,517f37ba-cf40-420f-9efc-88ae4abecea2,2026-08-31T18:21:25.117Z,separate_executor,quote_run_dispatch_probe,50,1675.75,success,,200,success
p3-ex-official-vu50,115526a6-c48d-4050-9898-28cdc83ae08d,2026-08-31T18:21:25.121Z,separate_executor,quote_run_dispatch_probe,50,1206.99,success,,200,success
p3-ex-official-vu50,49e499c8-ba35-4ef1-8105-102787106d10,2026-08-31T18:21:25.138Z,separate_executor,quote_run_dispatch_probe,50,1510.39,success,,200,success
p3-ex-official-vu50,c9c874fc-d29b-4765-b429-bbc292d20741,2026-08-31T18:21:25.163Z,separate_executor,quote_run_dispatch_probe,50,1565.74,success,,200,success
p3-ex-official-vu50,90ca3079-c25c-466c-8f04-78c8cc719d22,2026-08-31T18:21:25.178Z,separate_executor,quote_run_dispatch_probe,50,1401.24,success,,200,success
p3-ex-official-vu50,914b5e2d-e013-4e0e-987e-6c236ae04cf1,2026-08-31T18:21:25.220Z,separate_executor,quote_run_dispatch_probe,50,1367.88,success,,200,success
p3-ex-official-vu50,44e0a1e7-e72c-4cb2-b9cd-053ac16cece0,2026-08-31T18:21:25.257Z,separate_executor,quote_run_dispatch_probe,50,1317.49,success,,200,success
p3-ex-official-vu50,6425ea3e-34ca-42ed-9b1a-f1f6d9bfdcac,2026-08-31T18:21:25.283Z,separate_executor,quote_run_dispatch_probe,50,1109.88,success,,200,success
p3-ex-official-vu50,28f58bbf-eeb5-412f-8f3a-b489ab315f61,2026-08-31T18:21:25.296Z,separate_executor,quote_run_dispatch_probe,50,1446.97,success,,200,success
p3-ex-official-vu50,b602b402-a6ea-45a8-8745-4a31c594329f,2026-08-31T18:21:25.300Z,separate_executor,quote_run_dispatch_probe,50,1509.78,success,,200,success
p3-ex-official-vu50,3280e782-4437-44bc-8181-a9f846b965fb,2026-08-31T18:21:25.307Z,separate_executor,quote_run_dispatch_probe,50,1324.22,success,,200,success
p3-ex-official-vu50,41451d07-b5bc-434e-a0cf-6f3ca587d90a,2026-08-31T18:21:25.320Z,separate_executor,quote_run_dispatch_probe,50,1268.05,success,,200,success
p3-ex-official-vu50,fab25c18-ca25-4870-8e32-3b58d5c2efec,2026-08-31T18:21:25.369Z,separate_executor,quote_run_dispatch_probe,50,1432.39,success,,200,success
p3-ex-official-vu50,621a94f6-3e72-46a5-9b35-f57b602600da,2026-08-31T18:21:25.384Z,separate_executor,quote_run_dispatch_probe,50,1476.34,success,,200,success
p3-ex-official-vu50,1b183598-a611-4718-a306-3dbdbe12ae01,2026-08-31T18:21:25.402Z,separate_executor,quote_run_dispatch_probe,50,1547.09,success,,200,success
p3-ex-official-vu50,48d04772-1081-4c42-8807-74d5542988e2,2026-08-31T18:21:25.412Z,separate_executor,quote_run_dispatch_probe,50,1441.12,success,,200,success
p3-ex-official-vu50,ac37263e-dbf5-4e35-aa46-2af8ee4912ce,2026-08-31T18:21:25.425Z,separate_executor,quote_run_dispatch_probe,50,1645.98,success,,200,success
p3-ex-official-vu50,a572b7df-103c-4a08-a7c1-9f17f2ba4a8f,2026-08-31T18:21:25.488Z,separate_executor,quote_run_dispatch_probe,50,1554.33,success,,200,success
p3-ex-official-vu50,fadc8b70-2fda-4da1-91ba-aec0ba5052e4,2026-08-31T18:21:25.492Z,separate_executor,quote_run_dispatch_probe,50,1352.93,success,,200,success
p3-ex-official-vu50,e4a4989e-e59d-461a-9ad8-50b95e091bc2,2026-08-31T18:21:25.579Z,separate_executor,quote_run_dispatch_probe,50,1568.6,success,,200,success
p3-ex-official-vu50,c9c80140-26cc-409e-8c66-7ce55bc89381,2026-08-31T18:21:25.616Z,separate_executor,quote_run_dispatch_probe,50,1243.69,success,,200,success
p3-ex-official-vu50,86c1528b-67b4-4a5d-9d66-5a0bb17c8d91,2026-08-31T18:21:25.621Z,separate_executor,quote_run_dispatch_probe,50,1400.85,success,,200,success
p3-ex-official-vu50,7414c644-3c9f-4399-9121-67cf6a85b0cc,2026-08-31T18:21:25.629Z,separate_executor,quote_run_dispatch_probe,50,1235.53,success,,200,success
p3-ex-official-vu50,8b47bc41-3f02-4047-96bd-9e847f0c4559,2026-08-31T18:21:25.635Z,separate_executor,quote_run_dispatch_probe,50,1497.19,success,,200,success
p3-ex-official-vu50,d03037b7-d24a-48c6-9b7b-64a6e1e0df7f,2026-08-31T18:21:25.636Z,separate_executor,quote_run_dispatch_probe,50,1530.57,success,,200,success
p3-ex-official-vu50,56388085-0c46-488e-b5c7-28ed4b58f6c5,2026-08-31T18:21:25.640Z,separate_executor,quote_run_dispatch_probe,50,1531.86,success,,200,success
p3-ex-official-vu50,2294d714-8eb8-4427-8017-58a00b705b55,2026-08-31T18:21:25.644Z,separate_executor,quote_run_dispatch_probe,50,1481.89,success,,200,success
p3-ex-official-vu50,21758558-8e87-4643-b484-8948334c1d8b,2026-08-31T18:21:25.645Z,separate_executor,quote_run_dispatch_probe,50,1208.35,success,,200,success
p3-ex-official-vu50,f3f2b489-6640-49bd-b461-5fdbc0365e0a,2026-08-31T18:21:25.745Z,separate_executor,quote_run_dispatch_probe,50,1007.31,success,,200,success
p3-ex-official-vu50,42c52f75-a6f0-482f-a311-e96a48a72eba,2026-08-31T18:21:25.758Z,separate_executor,quote_run_dispatch_probe,50,1386.54,success,,200,success
p3-ex-official-vu50,b6e8cc3b-b298-4fcc-b8cc-a0d8d8e19620,2026-08-31T18:21:25.775Z,separate_executor,quote_run_dispatch_probe,50,1097.59,success,,200,success
p3-ex-official-vu50,e9b98e46-4fdc-4e2e-80ce-6c3a1227c8c6,2026-08-31T18:21:25.790Z,separate_executor,quote_run_dispatch_probe,50,1578.69,success,,200,success
p3-ex-official-vu50,ded261fd-d6a1-4c50-9e38-96bc803e8544,2026-08-31T18:21:25.851Z,separate_executor,quote_run_dispatch_probe,50,1524.36,success,,200,success
p3-ex-official-vu50,57c8303d-2ca3-417d-9e17-6c280c16899d,2026-08-31T18:21:25.877Z,separate_executor,quote_run_dispatch_probe,50,1085.35,success,,200,success
p3-ex-official-vu50,e8fe76ae-4339-4985-bf81-c0ab50289af0,2026-08-31T18:21:25.993Z,separate_executor,quote_run_dispatch_probe,50,1386.11,success,,200,success
p3-ex-official-vu50,49cbddb6-c9a4-4a1c-944c-0db3228f21b2,2026-08-31T18:21:26.079Z,separate_executor,quote_run_dispatch_probe,50,1483.01,success,,200,success
p3-ex-official-vu50,b23171a7-036a-4d29-80d7-3275b6e44123,2026-08-31T18:21:26.126Z,separate_executor,quote_run_dispatch_probe,50,1491.42,success,,200,success
p3-ex-official-vu50,b2c54c31-4516-4bf5-a47f-13744ac9c728,2026-08-31T18:21:26.244Z,separate_executor,quote_run_dispatch_probe,50,1440.55,success,,200,success
p3-ex-official-vu50,a01b712c-ce33-4eb3-88fa-2ff67451e6ab,2026-08-31T18:21:26.269Z,separate_executor,quote_run_dispatch_probe,50,1279.32,success,,200,success
p3-ex-official-vu50,936d5caa-90fd-4943-8249-9f7ff2a8c941,2026-08-31T18:21:26.338Z,separate_executor,quote_run_dispatch_probe,50,1678.46,success,,200,success
p3-ex-official-vu50,c1577020-e628-44e9-b6bb-f754a0c470be,2026-08-31T18:21:26.353Z,separate_executor,quote_run_dispatch_probe,50,1350.52,success,,200,success
p3-ex-official-vu50,ea16b258-cb02-404f-b31f-004926dff9f9,2026-08-31T18:21:26.372Z,separate_executor,quote_run_dispatch_probe,50,1278.15,success,,200,success
p3-ex-official-vu50,4023f7e5-6ac5-46ed-a655-147f03a4f7d6,2026-08-31T18:21:26.432Z,separate_executor,quote_run_dispatch_probe,50,1326.63,success,,200,success
p3-ex-official-vu50,b2554926-1566-4a3c-bbde-4e5972f1e573,2026-08-31T18:21:26.435Z,separate_executor,quote_run_dispatch_probe,50,1430.56,success,,200,success
p3-ex-official-vu50,91c1d4d7-4c11-49be-963b-2cf37646a423,2026-08-31T18:21:26.451Z,separate_executor,quote_run_dispatch_probe,50,1604.54,success,,200,success
p3-ex-official-vu50,01bfdd52-114b-4f96-a286-0d8989b987bf,2026-08-31T18:21:26.488Z,separate_executor,quote_run_dispatch_probe,50,1366.75,success,,200,success
p3-ex-official-vu50,9e617ebc-0a8f-4d38-af5b-142e0a02b934,2026-08-31T18:21:26.491Z,separate_executor,quote_run_dispatch_probe,50,1385.37,success,,200,success
p3-ex-official-vu50,2d179fa1-0c26-4802-81ba-92e75bc8d8a8,2026-08-31T18:21:26.503Z,separate_executor,quote_run_dispatch_probe,50,1340.18,success,,200,success
p3-ex-official-vu50,e2c8b027-a452-473e-9599-10681a181eb1,2026-08-31T18:21:26.510Z,separate_executor,quote_run_dispatch_probe,50,1495.54,success,,200,success
p3-ex-official-vu50,8d58b278-be79-4466-bd22-1c2ce1b8619f,2026-08-31T18:21:26.515Z,separate_executor,quote_run_dispatch_probe,50,1377.34,success,,200,success
p3-ex-official-vu50,8ae2a8f7-8297-4e8f-bb6c-2f150de44941,2026-08-31T18:21:26.525Z,separate_executor,quote_run_dispatch_probe,50,1546.88,success,,200,success
p3-ex-official-vu50,0cbb1e5e-8fca-4a35-a806-78f15e792f18,2026-08-31T18:21:26.547Z,separate_executor,quote_run_dispatch_probe,50,1538.19,success,,200,success
p3-ex-official-vu50,e37421a4-9765-48fa-8a5f-1ed51ea88a9e,2026-08-31T18:21:26.613Z,separate_executor,quote_run_dispatch_probe,50,1329.68,success,,200,success
p3-ex-official-vu50,fcf99913-3eab-43f7-bf80-823df7c0e6de,2026-08-31T18:21:26.632Z,separate_executor,quote_run_dispatch_probe,50,1411.57,success,,200,success
p3-ex-official-vu50,da8ec89c-02c2-4af9-b4ef-9784d967185d,2026-08-31T18:21:26.635Z,separate_executor,quote_run_dispatch_probe,50,1533.33,success,,200,success
p3-ex-official-vu50,5478e80c-07b4-4214-9be9-f5750ef0c6f5,2026-08-31T18:21:26.658Z,separate_executor,quote_run_dispatch_probe,50,1480.64,success,,200,success
p3-ex-official-vu50,27b48aa6-a25e-4394-abca-645363429347,2026-08-31T18:21:26.660Z,separate_executor,quote_run_dispatch_probe,50,1339.99,success,,200,success
p3-ex-official-vu50,75846cc3-2052-4c4f-a028-73799073f4a2,2026-08-31T18:21:26.701Z,separate_executor,quote_run_dispatch_probe,50,1584.72,success,,200,success
p3-ex-official-vu50,170ad69f-321c-4acc-8dc3-05f0e7c584b1,2026-08-31T18:21:26.713Z,separate_executor,quote_run_dispatch_probe,50,1287.89,success,,200,success
p3-ex-official-vu50,cf527b54-94cb-4ee4-ab5f-a62bebb80b09,2026-08-31T18:21:26.751Z,separate_executor,quote_run_dispatch_probe,50,1494.18,success,,200,success
p3-ex-official-vu50,03d8cdc2-f6fa-451e-a98b-6ace69cd2e8f,2026-08-31T18:21:26.894Z,separate_executor,quote_run_dispatch_probe,50,1402.77,success,,200,success
p3-ex-official-vu50,fae98e4d-0a7e-4255-9a4c-264ec5b3e0d0,2026-08-31T18:21:26.914Z,separate_executor,quote_run_dispatch_probe,50,1297.73,success,,200,success
p3-ex-official-vu50,4b526ec3-f801-4a64-8439-d35d904b8fcc,2026-08-31T18:21:26.916Z,separate_executor,quote_run_dispatch_probe,50,1616.49,success,,200,success
p3-ex-official-vu50,19b09994-a8da-4d74-baf1-1ccf65e541da,2026-08-31T18:21:26.938Z,separate_executor,quote_run_dispatch_probe,50,1630.48,success,,200,success
p3-ex-official-vu50,bc4a1a1f-3d1d-4865-9356-95d93c2399a0,2026-08-31T18:21:26.956Z,separate_executor,quote_run_dispatch_probe,50,1376.66,success,,200,success
p3-ex-official-vu50,62a7aad6-a73d-42d2-805b-6c29076faead,2026-08-31T18:21:26.974Z,separate_executor,quote_run_dispatch_probe,50,1571.68,success,,200,success
p3-ex-official-vu50,aed9fec8-d925-4393-8aed-60363b9df23c,2026-08-31T18:21:26.985Z,separate_executor,quote_run_dispatch_probe,50,1615.35,success,,200,success
p3-ex-official-vu50,605ee26f-5347-4e10-a670-a759d17809d0,2026-08-31T18:21:26.986Z,separate_executor,quote_run_dispatch_probe,50,1689.44,success,,200,success
p3-ex-official-vu50,60e250cd-9e5d-4ef2-9c37-25b1b54c5be1,2026-08-31T18:21:27.039Z,separate_executor,quote_run_dispatch_probe,50,1655,success,,200,success
p3-ex-official-vu50,a230ca89-44aa-4280-9e4d-0f38cff09eaf,2026-08-31T18:21:27.045Z,separate_executor,quote_run_dispatch_probe,50,1415.77,success,,200,success
p3-ex-official-vu50,cb42a6e5-88ce-465f-b6a1-9d7aa1c973c8,2026-08-31T18:21:27.069Z,separate_executor,quote_run_dispatch_probe,50,1191.67,success,,200,success
p3-ex-official-vu50,db9230ff-f9d6-431d-a4ee-b133dfc1dc46,2026-08-31T18:21:27.085Z,separate_executor,quote_run_dispatch_probe,50,1310.08,success,,200,success
p3-ex-official-vu50,69fa2671-3160-4691-a57a-3361c14aa9b4,2026-08-31T18:21:27.143Z,separate_executor,quote_run_dispatch_probe,50,1398.42,success,,200,success
p3-ex-official-vu50,ee832760-06e0-4593-9c4b-1a80bc0af6ae,2026-08-31T18:21:27.144Z,separate_executor,quote_run_dispatch_probe,50,1522.95,success,,200,success
p3-ex-official-vu50,ec18ecb3-b983-4d0b-93e0-6750a527c6f0,2026-08-31T18:21:27.159Z,separate_executor,quote_run_dispatch_probe,50,1746.96,success,,200,success
p3-ex-official-vu50,42205cf3-9f1e-4ee3-9eae-bdd5851d2eff,2026-08-31T18:21:27.160Z,separate_executor,quote_run_dispatch_probe,50,1672.16,success,,200,success
p3-ex-official-vu50,51f9804c-c9bc-48eb-9ddf-a256afc00dbd,2026-08-31T18:21:27.200Z,separate_executor,quote_run_dispatch_probe,50,1559.91,success,,200,success
p3-ex-official-vu50,2c76c0bf-2a6d-48e7-bdfc-11be148421ed,2026-08-31T18:21:27.202Z,separate_executor,quote_run_dispatch_probe,50,1565.37,success,,200,success
p3-ex-official-vu50,e6e870c9-61d4-48eb-8061-32b7c713ca73,2026-08-31T18:21:27.259Z,separate_executor,quote_run_dispatch_probe,50,1408.13,success,,200,success
p3-ex-official-vu50,41ba9488-d039-4577-a514-45d6125685a5,2026-08-31T18:21:27.261Z,separate_executor,quote_run_dispatch_probe,50,1470.41,success,,200,success
p3-ex-official-vu50,c0669e69-ba10-4d92-84d5-0fb87e4efcd5,2026-08-31T18:21:27.275Z,separate_executor,quote_run_dispatch_probe,50,1629.53,success,,200,success
p3-ex-official-vu50,eefc01a8-101e-4050-be3c-3bab087c5d41,2026-08-31T18:21:27.336Z,separate_executor,quote_run_dispatch_probe,50,1701.25,success,,200,success
p3-ex-official-vu50,2c0fc3c4-b947-4f3f-929b-72f368a7647b,2026-08-31T18:21:27.357Z,separate_executor,quote_run_dispatch_probe,50,1713.88,success,,200,success
p3-ex-official-vu50,5a2d9da6-b5d6-478c-8bd4-d4dc707046c8,2026-08-31T18:21:27.458Z,separate_executor,quote_run_dispatch_probe,50,1379.2,success,,200,success
p3-ex-official-vu50,f2a7872a-2710-46e7-97c6-ded75d53c5ff,2026-08-31T18:21:27.580Z,separate_executor,quote_run_dispatch_probe,50,1208.23,success,,200,success
p3-ex-official-vu50,5e52b4c0-6441-4603-9bba-b6bb55b4e28b,2026-08-31T18:21:27.589Z,separate_executor,quote_run_dispatch_probe,50,1830.96,success,,200,success
p3-ex-official-vu50,ec89f835-6a5f-49e7-a587-895a84d438a1,2026-08-31T18:21:27.724Z,separate_executor,quote_run_dispatch_probe,50,1371.08,success,,200,success
p3-ex-official-vu50,a7c7806b-01ce-43c2-b247-6f47217579c3,2026-08-31T18:21:27.854Z,separate_executor,quote_run_dispatch_probe,50,1584.9,success,,200,success
p3-ex-official-vu50,e36d6edb-431b-4b55-9cb8-19616ea7a7be,2026-08-31T18:21:27.855Z,separate_executor,quote_run_dispatch_probe,50,1861.78,success,,200,success
p3-ex-official-vu50,8b8e9a44-311a-412f-ad1b-2b8bb85823c8,2026-08-31T18:21:27.861Z,separate_executor,quote_run_dispatch_probe,50,1373.18,success,,200,success
p3-ex-official-vu50,3d70999e-af12-4333-9d70-46329694b35e,2026-08-31T18:21:27.862Z,separate_executor,quote_run_dispatch_probe,50,1430.75,success,,200,success
p3-ex-official-vu50,e040b7db-45b2-4e87-adb0-8804e64e28ab,2026-08-31T18:21:27.892Z,separate_executor,quote_run_dispatch_probe,50,1647.85,success,,200,success
p3-ex-official-vu50,05a32f4a-7db6-4986-8895-05a8f0111b24,2026-08-31T18:21:27.899Z,separate_executor,quote_run_dispatch_probe,50,1464.11,success,,200,success
p3-ex-official-vu50,73910956-33df-4162-bebd-2641f33e801a,2026-08-31T18:21:27.920Z,separate_executor,quote_run_dispatch_probe,50,1428.59,success,,200,success
p3-ex-official-vu50,b9c62b76-6561-463d-93c3-22d1ccf34f94,2026-08-31T18:21:27.963Z,separate_executor,quote_run_dispatch_probe,50,1625.54,success,,200,success
p3-ex-official-vu50,0901eaea-8db6-45ad-baba-cc7698d56bc9,2026-08-31T18:21:28.014Z,separate_executor,quote_run_dispatch_probe,50,1499.33,success,,200,success
p3-ex-official-vu50,22d291de-7de4-4f55-9441-d407cb5bac5e,2026-08-31T18:21:28.050Z,separate_executor,quote_run_dispatch_probe,50,1540.06,success,,200,success
p3-ex-official-vu50,b0f486d0-c5fa-4950-8f42-75cb45897e84,2026-08-31T18:21:28.058Z,separate_executor,quote_run_dispatch_probe,50,1607.65,success,,200,success
p3-ex-official-vu50,f9d242fb-1168-4652-a32c-4e2cff41b269,2026-08-31T18:21:28.076Z,separate_executor,quote_run_dispatch_probe,50,1949.76,success,,200,success
p3-ex-official-vu50,e00d5dc0-9440-48a4-bfd3-361803bb20b0,2026-08-31T18:21:28.099Z,separate_executor,quote_run_dispatch_probe,50,1551.96,success,,200,success
p3-ex-official-vu50,44bd03ed-85bc-46f9-968a-9c4cfbca6b5e,2026-08-31T18:21:28.103Z,separate_executor,quote_run_dispatch_probe,50,1578.9,success,,200,success
p3-ex-official-vu50,244bddd2-1ea5-4521-a5ea-1e7c04da9922,2026-08-31T18:21:28.128Z,separate_executor,quote_run_dispatch_probe,50,1214.56,success,,200,success
p3-ex-official-vu50,aea53a0a-8553-406f-ae02-ba4be08a6a9c,2026-08-31T18:21:28.176Z,separate_executor,quote_run_dispatch_probe,50,1673.41,success,,200,success
p3-ex-official-vu50,bd777569-85f0-4b88-8736-cbdfe77d245b,2026-08-31T18:21:28.184Z,separate_executor,quote_run_dispatch_probe,50,1552.33,success,,200,success
p3-ex-official-vu50,ad6a1864-0fc3-4b93-9c57-eb3c3601ec75,2026-08-31T18:21:28.189Z,separate_executor,quote_run_dispatch_probe,50,1528.86,success,,200,success
p3-ex-official-vu50,b1061398-9cde-4cdf-9469-96d6eb8ad963,2026-08-31T18:21:28.209Z,separate_executor,quote_run_dispatch_probe,50,1596.42,success,,200,success
p3-ex-official-vu50,a8c8c1bb-9664-4285-8f54-3713a6034e8d,2026-08-31T18:21:28.217Z,separate_executor,quote_run_dispatch_probe,50,1515.52,success,,200,success
p3-ex-official-vu50,682f7797-9cbe-414e-b5b4-473399f8228b,2026-08-31T18:21:28.268Z,separate_executor,quote_run_dispatch_probe,50,1554.97,success,,200,success
p3-ex-official-vu50,96c7610b-59b1-44b1-a1eb-804b4d8575ec,2026-08-31T18:21:28.271Z,separate_executor,quote_run_dispatch_probe,50,1636.33,success,,200,success
p3-ex-official-vu50,032aa4d4-8878-425f-8e8b-be9aaa5b7795,2026-08-31T18:21:28.313Z,separate_executor,quote_run_dispatch_probe,50,1418.33,success,,200,success
p3-ex-official-vu50,54c2b4e6-7e55-41ae-a3b0-c98813896915,2026-08-31T18:21:28.340Z,separate_executor,quote_run_dispatch_probe,50,1681.99,success,,200,success
p3-ex-official-vu50,a68c0b14-7161-4435-b190-96944c206c42,2026-08-31T18:21:28.390Z,separate_executor,quote_run_dispatch_probe,50,1638.92,success,,200,success
p3-ex-official-vu50,ab346093-70ad-4f90-a7c1-f78ddfb4cbc1,2026-08-31T18:21:28.415Z,separate_executor,quote_run_dispatch_probe,50,1458.47,success,,200,success
p3-ex-official-vu50,447035ee-e24d-4b92-ab15-11e6a8a212e3,2026-08-31T18:21:28.418Z,separate_executor,quote_run_dispatch_probe,50,1333.32,success,,200,success
p3-ex-official-vu50,e575a709-edb3-4a69-87b8-b05102044858,2026-08-31T18:21:28.440Z,separate_executor,quote_run_dispatch_probe,50,1371.27,success,,200,success
p3-ex-official-vu50,6be19fbd-6e8d-4edf-a5cd-2c6750615e79,2026-08-31T18:21:28.456Z,separate_executor,quote_run_dispatch_probe,50,1517.93,success,,200,success
p3-ex-official-vu50,a4207294-1982-4683-b71a-e30e5e1d449f,2026-08-31T18:21:28.502Z,separate_executor,quote_run_dispatch_probe,50,1457.29,success,,200,success
p3-ex-official-vu50,dc831476-49c9-4702-9aa3-28958a1b360e,2026-08-31T18:21:28.623Z,separate_executor,quote_run_dispatch_probe,50,1706.41,success,,200,success
p3-ex-official-vu50,3b7dd88a-2996-46d3-868d-9af76b714ba6,2026-08-31T18:21:28.624Z,separate_executor,quote_run_dispatch_probe,50,1650.12,success,,200,success
p3-ex-official-vu50,dd8f708b-60a0-4cd0-a8ca-3fd605306e5e,2026-08-31T18:21:28.625Z,separate_executor,quote_run_dispatch_probe,50,1422.78,success,,200,success
p3-ex-official-vu50,1fddb4bb-59d2-49f6-a774-b33398b0c8fd,2026-08-31T18:21:28.626Z,separate_executor,quote_run_dispatch_probe,50,1641.19,success,,200,success
p3-ex-official-vu50,886db4cf-7192-4bb5-8cba-60890f76b1ff,2026-08-31T18:21:28.628Z,separate_executor,quote_run_dispatch_probe,50,1483.63,success,,200,success
p3-ex-official-vu50,20c3b299-a6e3-406b-8eec-d158da3c49e8,2026-08-31T18:21:28.630Z,separate_executor,quote_run_dispatch_probe,50,1486.14,success,,200,success
p3-ex-official-vu50,15872bb4-103f-4ddb-b54e-05bff0f25744,2026-08-31T18:21:28.683Z,separate_executor,quote_run_dispatch_probe,50,1697.63,success,,200,success
p3-ex-official-vu50,84361bf3-fc52-485a-a00f-1debd370a6d8,2026-08-31T18:21:28.809Z,separate_executor,quote_run_dispatch_probe,50,1608.85,success,,200,success
p3-ex-official-vu50,1b8ff479-7c91-4c19-96dc-fb0231287c65,2026-08-31T18:21:28.818Z,separate_executor,quote_run_dispatch_probe,50,1238.09,success,,200,success
p3-ex-official-vu50,35fa94a6-1c18-4cda-ad8d-f3240b31ce7b,2026-08-31T18:21:28.821Z,separate_executor,quote_run_dispatch_probe,50,1781.81,success,,200,success
p3-ex-official-vu50,428ac7e2-419f-4dcc-8eef-1c5df8e867c2,2026-08-31T18:21:28.825Z,separate_executor,quote_run_dispatch_probe,50,1666.4,success,,200,success
p3-ex-official-vu50,cece45f4-1da1-4266-a099-f6ffc08c0fb0,2026-08-31T18:21:28.841Z,separate_executor,quote_run_dispatch_probe,50,1681.72,success,,200,success
p3-ex-official-vu50,66eac60b-73d0-4a89-92af-dc412f0c3e4c,2026-08-31T18:21:28.870Z,separate_executor,quote_run_dispatch_probe,50,1411.08,success,,200,success
p3-ex-official-vu50,4d8093b6-5ce4-4a22-81aa-60822c879392,2026-08-31T18:21:28.870Z,separate_executor,quote_run_dispatch_probe,50,1609.54,success,,200,success
p3-ex-official-vu50,6262b46a-c4ec-429d-bf41-c69c8423ea9c,2026-08-31T18:21:28.941Z,separate_executor,quote_run_dispatch_probe,50,1665.95,success,,200,success
p3-ex-official-vu50,3567f884-c213-4738-bb13-dcef91df0a4d,2026-08-31T18:21:29.041Z,separate_executor,quote_run_dispatch_probe,50,1684,success,,200,success
p3-ex-official-vu50,05a4d7e8-ab72-400c-9870-64c9851736f3,2026-08-31T18:21:29.072Z,separate_executor,quote_run_dispatch_probe,50,1813.19,success,,200,success
p3-ex-official-vu50,a4077fe2-1011-4f6e-bf19-a3a490fe82c0,2026-08-31T18:21:29.166Z,separate_executor,quote_run_dispatch_probe,50,1304.21,success,,200,success
p3-ex-official-vu50,36501f97-3cd9-4e55-bde8-781981fe0a30,2026-08-31T18:21:29.168Z,separate_executor,quote_run_dispatch_probe,50,1832.04,success,,200,success
p3-ex-official-vu50,0e8b9276-5c7b-40a3-ab76-6bbd8aceced8,2026-08-31T18:21:29.171Z,separate_executor,quote_run_dispatch_probe,50,1582.3,success,,200,success
p3-ex-official-vu50,89a99bcc-692c-40c3-a78c-b7377a366f9b,2026-08-31T18:21:29.205Z,separate_executor,quote_run_dispatch_probe,50,1480.46,success,,200,success
p3-ex-official-vu50,707801bb-8811-40ec-8da3-fb1745109177,2026-08-31T18:21:29.210Z,separate_executor,quote_run_dispatch_probe,50,1347.79,success,,200,success
p3-ex-official-vu50,0b390246-4f54-42db-9d46-90b28dee1a35,2026-08-31T18:21:29.220Z,separate_executor,quote_run_dispatch_probe,50,1299.66,success,,200,success
p3-ex-official-vu50,c0dfff0b-4c34-4eed-9bad-1787669ca332,2026-08-31T18:21:29.382Z,separate_executor,quote_run_dispatch_probe,50,1489.87,success,,200,success
p3-ex-official-vu50,01e3c058-db22-48e1-842e-2bc5950bc430,2026-08-31T18:21:29.384Z,separate_executor,quote_run_dispatch_probe,50,1255.75,success,,200,success
p3-ex-official-vu50,93eb60c9-1e4a-4a6f-b216-b4a64496d240,2026-08-31T18:21:29.408Z,separate_executor,quote_run_dispatch_probe,50,1357.46,success,,200,success
p3-ex-official-vu50,e52881df-cca8-43df-b8b4-d8b999e634ec,2026-08-31T18:21:29.426Z,separate_executor,quote_run_dispatch_probe,50,1571.78,success,,200,success
p3-ex-official-vu50,f6368e96-c3ec-4e2a-b587-f9dcfd6a2772,2026-08-31T18:21:29.441Z,separate_executor,quote_run_dispatch_probe,50,1541.92,success,,200,success
p3-ex-official-vu50,6d22cce9-15d1-4332-afef-7630394c10e3,2026-08-31T18:21:29.543Z,separate_executor,quote_run_dispatch_probe,50,1326.51,success,,200,success
p3-ex-official-vu50,c9d28994-2e3b-47d1-8737-08449363a183,2026-08-31T18:21:29.630Z,separate_executor,quote_run_dispatch_probe,50,1774.34,success,,200,success
p3-ex-official-vu50,1515cd19-1d04-408f-977a-77871fa437d7,2026-08-31T18:21:29.638Z,separate_executor,quote_run_dispatch_probe,50,1428.29,success,,200,success
p3-ex-official-vu50,30d1c550-9a65-4a68-bc23-1c171d69b1f9,2026-08-31T18:21:29.639Z,separate_executor,quote_run_dispatch_probe,50,1624.23,success,,200,success
p3-ex-official-vu50,3adfa3c2-23d3-4d33-99cf-9aaf279ff6d5,2026-08-31T18:21:29.644Z,separate_executor,quote_run_dispatch_probe,50,1454.76,success,,200,success
p3-ex-official-vu50,cf8c8145-2031-48ce-84fd-dc59b4f50771,2026-08-31T18:21:29.723Z,separate_executor,quote_run_dispatch_probe,50,1619.16,success,,200,success
p3-ex-official-vu50,ae6779bd-feec-4a2a-9066-8bfc5d415073,2026-08-31T18:21:29.762Z,separate_executor,quote_run_dispatch_probe,50,1686.14,success,,200,success
p3-ex-official-vu50,b6e269bc-eacd-4f01-866e-96d575397818,2026-08-31T18:21:29.788Z,separate_executor,quote_run_dispatch_probe,50,1729.54,success,,200,success
p3-ex-official-vu50,7b48c7a3-4f21-4afc-8e82-b9be88d4e559,2026-08-31T18:21:29.789Z,separate_executor,quote_run_dispatch_probe,50,1825.43,success,,200,success
p3-ex-official-vu50,a96b36fd-2b66-4b5d-b8cd-14561af94145,2026-08-31T18:21:29.794Z,separate_executor,quote_run_dispatch_probe,50,1610.6,success,,200,success
p3-ex-official-vu50,cb44e89d-08df-4c11-87b1-025c4c9b2679,2026-08-31T18:21:29.807Z,separate_executor,quote_run_dispatch_probe,50,1630.69,success,,200,success
p3-ex-official-vu50,77faf58e-0552-4b1b-b8e0-4d1f2f80ef66,2026-08-31T18:21:29.811Z,separate_executor,quote_run_dispatch_probe,50,1470.76,success,,200,success
p3-ex-official-vu50,4bcc3a5f-af91-42d6-86ed-4db3c762060c,2026-08-31T18:21:29.826Z,separate_executor,quote_run_dispatch_probe,50,1386.29,success,,200,success
p3-ex-official-vu50,acdce020-f950-4cc0-a139-0ec5f0092432,2026-08-31T18:21:29.847Z,separate_executor,quote_run_dispatch_probe,50,1428.73,success,,200,success
p3-ex-official-vu50,cb99af97-4248-49fa-9e33-c2c94b9a2055,2026-08-31T18:21:29.868Z,separate_executor,quote_run_dispatch_probe,50,1596.76,success,,200,success
p3-ex-official-vu50,fdd90371-b433-4299-8beb-24cbab768c66,2026-08-31T18:21:29.896Z,separate_executor,quote_run_dispatch_probe,50,1393.9,success,,200,success
p3-ex-official-vu50,62116034-2070-4cac-9bac-4d83f62b7abe,2026-08-31T18:21:29.908Z,separate_executor,quote_run_dispatch_probe,50,1639.53,success,,200,success
p3-ex-official-vu50,deb13489-55d2-41c4-967f-daf5dc271c3f,2026-08-31T18:21:29.926Z,separate_executor,quote_run_dispatch_probe,50,1613.39,success,,200,success
p3-ex-official-vu50,9b536047-3ff0-4067-bed6-d2c5ec737d5b,2026-08-31T18:21:29.937Z,separate_executor,quote_run_dispatch_probe,50,1522.5,success,,200,success
p3-ex-official-vu50,2d8296a2-765d-4a68-bb0c-36c3d80a9d7d,2026-08-31T18:21:29.968Z,separate_executor,quote_run_dispatch_probe,50,1868.87,success,,200,success
p3-ex-official-vu50,f5e7c48f-f88f-4da0-ae93-afbe859a893b,2026-08-31T18:21:30.027Z,separate_executor,quote_run_dispatch_probe,50,1637.47,success,,200,success
p3-ex-official-vu50,f91cae41-6976-4f49-9516-c63bd0d93266,2026-08-31T18:21:30.028Z,separate_executor,quote_run_dispatch_probe,50,1572.06,success,,200,success
p3-ex-official-vu50,599cee43-c371-4b7f-ba49-6a87c90534f9,2026-08-31T18:21:30.039Z,separate_executor,quote_run_dispatch_probe,50,1409.55,success,,200,success
p3-ex-official-vu50,7d50b2b7-25e2-4506-826a-2847c2567eec,2026-08-31T18:21:30.102Z,separate_executor,quote_run_dispatch_probe,50,1478.03,success,,200,success
p3-ex-official-vu50,204cd498-b1ca-4029-8e47-2b9118d7fff1,2026-08-31T18:21:30.168Z,separate_executor,quote_run_dispatch_probe,50,1539.55,success,,200,success
p3-ex-official-vu50,b4fe199f-628e-4afc-b662-9c13a7f0af51,2026-08-31T18:21:30.173Z,separate_executor,quote_run_dispatch_probe,50,1354.43,success,,200,success
p3-ex-official-vu50,2cb84ca4-74a1-46f2-b600-6580411c22a8,2026-08-31T18:21:30.207Z,separate_executor,quote_run_dispatch_probe,50,1398.35,success,,200,success
p3-ex-official-vu50,8c998f59-e403-4f31-bfa4-70d91eee1b0e,2026-08-31T18:21:30.209Z,separate_executor,quote_run_dispatch_probe,50,1582.64,success,,200,success
p3-ex-official-vu50,6ea74ad4-aa75-4fe5-9394-d58f16a587f4,2026-08-31T18:21:30.229Z,separate_executor,quote_run_dispatch_probe,50,1358.6,success,,200,success
p3-ex-official-vu50,da127f23-9abf-423e-8726-4dc213007e00,2026-08-31T18:21:30.232Z,separate_executor,quote_run_dispatch_probe,50,1608.89,success,,200,success
p3-ex-official-vu50,faed9f5f-b564-4426-a9a6-8b36498939b5,2026-08-31T18:21:30.248Z,separate_executor,quote_run_dispatch_probe,50,1623.74,success,,200,success
p3-ex-official-vu50,567b8755-c529-447b-a18c-d716aa3921c5,2026-08-31T18:21:30.302Z,separate_executor,quote_run_dispatch_probe,50,1480.78,success,,200,success
p3-ex-official-vu50,16551722-d4ca-4cd2-9186-58ca94820eda,2026-08-31T18:21:30.304Z,separate_executor,quote_run_dispatch_probe,50,1462.16,success,,200,success
p3-ex-official-vu50,1f363741-cdda-4eae-9122-21a48f5912c4,2026-08-31T18:21:30.326Z,separate_executor,quote_run_dispatch_probe,50,1642.11,success,,200,success
p3-ex-official-vu50,a4afc22a-0aa2-45bb-8bc4-0288d5f14271,2026-08-31T18:21:30.399Z,separate_executor,quote_run_dispatch_probe,50,1529.46,success,,200,success
p3-ex-official-vu50,6b0ffe34-1d14-4bf7-9986-27b9636d2b68,2026-08-31T18:21:30.426Z,separate_executor,quote_run_dispatch_probe,50,1260.38,success,,200,success
p3-ex-official-vu50,d14568b2-fc59-4c43-926d-5b9fcabbdd89,2026-08-31T18:21:30.427Z,separate_executor,quote_run_dispatch_probe,50,1206.96,success,,200,success
p3-ex-official-vu50,6367208d-0508-4fe7-8435-32eb399f3a6f,2026-08-31T18:21:30.472Z,separate_executor,quote_run_dispatch_probe,50,1430.48,success,,200,success
p3-ex-official-vu50,07cf2a43-3940-47fb-a934-62415e60a8c0,2026-08-31T18:21:30.473Z,separate_executor,quote_run_dispatch_probe,50,1301.88,success,,200,success
p3-ex-official-vu50,b252e8f2-c1c5-4667-8254-91945097c705,2026-08-31T18:21:30.479Z,separate_executor,quote_run_dispatch_probe,50,1538.05,success,,200,success
p3-ex-official-vu50,adf66245-1a3c-4b70-b78f-6400a761753d,2026-08-31T18:21:30.480Z,separate_executor,quote_run_dispatch_probe,50,1654.47,success,,200,success
p3-ex-official-vu50,a13b4acc-bf6d-4504-b582-3a51955c7cc2,2026-08-31T18:21:30.507Z,separate_executor,quote_run_dispatch_probe,50,1302.33,success,,200,success
p3-ex-official-vu50,e9e620a0-8716-42d5-bfbf-071026c5b6fd,2026-08-31T18:21:30.525Z,separate_executor,quote_run_dispatch_probe,50,1315,success,,200,success
p3-ex-official-vu50,9f97dc38-d833-4aa3-9bff-ba2b2213f32a,2026-08-31T18:21:30.593Z,separate_executor,quote_run_dispatch_probe,50,1208.8,success,,200,success
p3-ex-official-vu50,185ae2eb-c764-4c12-b365-57b353621b6f,2026-08-31T18:21:30.670Z,separate_executor,quote_run_dispatch_probe,50,1031.65,success,,200,success
p3-ex-official-vu50,1b479b63-e627-44fe-82cd-7c26c2ef0bc3,2026-08-31T18:21:30.705Z,separate_executor,quote_run_dispatch_probe,50,1632.72,success,,200,success
p3-ex-official-vu50,c92c6f5d-8fc4-41cb-99cb-bdedb0f2068b,2026-08-31T18:21:30.738Z,separate_executor,quote_run_dispatch_probe,50,1570.02,success,,200,success
p3-ex-official-vu50,6c94ec5f-262a-46fe-ae67-17f0096d5500,2026-08-31T18:21:30.740Z,separate_executor,quote_run_dispatch_probe,50,1358.19,success,,200,success
p3-ex-official-vu50,f9c2f145-e41e-4780-922e-57480429b902,2026-08-31T18:21:30.787Z,separate_executor,quote_run_dispatch_probe,50,1378.69,success,,200,success
p3-ex-official-vu50,fb62f2c6-f969-4978-b4dd-22ec7a6b6d01,2026-08-31T18:21:30.870Z,separate_executor,quote_run_dispatch_probe,50,1326.46,success,,200,success
p3-ex-official-vu50,9702d208-0df6-46fe-a84f-62f93d95a162,2026-08-31T18:21:30.895Z,separate_executor,quote_run_dispatch_probe,50,1468.82,success,,200,success
p3-ex-official-vu50,3833041c-2416-48f8-be7b-1a11da695906,2026-08-31T18:21:30.905Z,separate_executor,quote_run_dispatch_probe,50,1463.68,success,,200,success
p3-ex-official-vu50,98521993-e1b8-4fde-8e21-09a557518c37,2026-08-31T18:21:30.907Z,separate_executor,quote_run_dispatch_probe,50,1262.99,success,,200,success
p3-ex-official-vu50,ffea37c7-5c7e-4e29-af25-bdbdacd28677,2026-08-31T18:21:30.921Z,separate_executor,quote_run_dispatch_probe,50,1132.57,success,,200,success
p3-ex-official-vu50,9bc67c3c-9930-4cbf-8808-7f2fb91537ef,2026-08-31T18:21:31.015Z,separate_executor,quote_run_dispatch_probe,50,1168.49,success,,200,success
p3-ex-official-vu50,f0771941-0f32-4fd9-ad94-41e57789ad89,2026-08-31T18:21:31.052Z,separate_executor,quote_run_dispatch_probe,50,1422.81,success,,200,success
p3-ex-official-vu50,aaba773f-d7fe-4ac0-8093-5ad735736052,2026-08-31T18:21:31.054Z,separate_executor,quote_run_dispatch_probe,50,1227.54,success,,200,success
p3-ex-official-vu50,c300544a-6718-4916-bb88-99fd7d349346,2026-08-31T18:21:31.101Z,separate_executor,quote_run_dispatch_probe,50,1193.45,success,,200,success
p3-ex-official-vu50,8299ced8-ee53-45d9-b94f-a7f2b13274c7,2026-08-31T18:21:31.112Z,separate_executor,quote_run_dispatch_probe,50,1305.51,success,,200,success
p3-ex-official-vu50,08dfcf7d-139e-48ea-b7b4-58d299736eb2,2026-08-31T18:21:31.197Z,separate_executor,quote_run_dispatch_probe,50,1024.06,success,,200,success
p3-ex-official-vu50,78203a3b-c80a-478d-8410-d69062b7502a,2026-08-31T18:21:31.210Z,separate_executor,quote_run_dispatch_probe,50,1398.76,success,,200,success
p3-ex-official-vu50,10fc4b92-dcbc-4d6e-8cdd-c0a356946bb3,2026-08-31T18:21:31.242Z,separate_executor,quote_run_dispatch_probe,50,1604.14,success,,200,success
p3-ex-official-vu50,9e1e0f76-f9f7-4f8e-b397-9c5fd7f871a2,2026-08-31T18:21:31.243Z,separate_executor,quote_run_dispatch_probe,50,1316.64,success,,200,success
p3-ex-official-vu50,f62d2d0e-a974-4097-a640-994d2f3c37f5,2026-08-31T18:21:31.245Z,separate_executor,quote_run_dispatch_probe,50,1522,success,,200,success
p3-ex-official-vu50,5cc85e5d-bdc1-4f7e-b1d6-ff507d153ac1,2026-08-31T18:21:31.245Z,separate_executor,quote_run_dispatch_probe,50,1377.73,success,,200,success
p3-ex-official-vu50,ea3c9053-e281-4f9f-9b6c-5995e0b4e090,2026-08-31T18:21:31.260Z,separate_executor,quote_run_dispatch_probe,50,1220.42,success,,200,success
p3-ex-official-vu50,7d701f2c-6a62-4aa1-8cab-ebb20cdac323,2026-08-31T18:21:31.301Z,separate_executor,quote_run_dispatch_probe,50,1363.59,success,,200,success
p3-ex-official-vu50,34e5adba-8d0f-40b6-abc7-3a16133bf364,2026-08-31T18:21:31.339Z,separate_executor,quote_run_dispatch_probe,50,1544.13,success,,200,success
p3-ex-official-vu50,266d56db-c707-46e7-9f3f-36f8e51e9fb6,2026-08-31T18:21:31.349Z,separate_executor,quote_run_dispatch_probe,50,1560.64,success,,200,success
p3-ex-official-vu50,2e2fdada-cd62-41d0-b7fc-bd18e1928eeb,2026-08-31T18:21:31.377Z,separate_executor,quote_run_dispatch_probe,50,1480.57,success,,200,success
p3-ex-official-vu50,415c1fd1-9547-492a-ac2e-0d6d0c4fb288,2026-08-31T18:21:31.442Z,separate_executor,quote_run_dispatch_probe,50,1413.67,success,,200,success
p3-ex-official-vu50,d03e2d87-1fa7-4ca3-86db-40132c81181d,2026-08-31T18:21:31.442Z,separate_executor,quote_run_dispatch_probe,50,1680.29,success,,200,success
p3-ex-official-vu50,7ec91927-c438-460e-929d-be2116dbb92b,2026-08-31T18:21:31.457Z,separate_executor,quote_run_dispatch_probe,50,1429.95,success,,200,success
p3-ex-official-vu50,61233d67-de4b-4afa-a6b4-05bb5efa31fd,2026-08-31T18:21:31.528Z,separate_executor,quote_run_dispatch_probe,50,1318.84,success,,200,success
p3-ex-official-vu50,6bcaa854-e037-4b37-b0da-95b093c85363,2026-08-31T18:21:31.554Z,separate_executor,quote_run_dispatch_probe,50,1452.48,success,,200,success
p3-ex-official-vu50,8d5cb5a1-49ae-40b0-9d72-21209dc07dc4,2026-08-31T18:21:31.557Z,separate_executor,quote_run_dispatch_probe,50,1308.71,success,,200,success
p3-ex-official-vu50,cff59361-7acf-42c5-b777-ffbacee02de7,2026-08-31T18:21:31.573Z,separate_executor,quote_run_dispatch_probe,50,1365.74,success,,200,success
p3-ex-official-vu50,ae8c16e6-f496-48b4-ba3c-c3fac414282b,2026-08-31T18:21:31.574Z,separate_executor,quote_run_dispatch_probe,50,1344.6,success,,200,success
p3-ex-official-vu50,fdf291a6-02ca-4a31-8316-f699f84d3e02,2026-08-31T18:21:31.589Z,separate_executor,quote_run_dispatch_probe,50,1421.85,success,,200,success
p3-ex-official-vu50,b81f8d1a-7149-4887-ba7d-554411b25d99,2026-08-31T18:21:31.605Z,separate_executor,quote_run_dispatch_probe,50,1278.88,success,,200,success
p3-ex-official-vu50,6e675a2e-d803-40d5-b6ec-c7083856abd4,2026-08-31T18:21:31.605Z,separate_executor,quote_run_dispatch_probe,50,1637.22,success,,200,success
p3-ex-official-vu50,71ef7794-254d-4490-bf93-76f8044cdaaa,2026-08-31T18:21:31.622Z,separate_executor,quote_run_dispatch_probe,50,1320.45,success,,200,success
p3-ex-official-vu50,97bebf66-c4bc-47f2-8ccf-90bfbca73b28,2026-08-31T18:21:31.674Z,separate_executor,quote_run_dispatch_probe,50,1246.82,success,,200,success
p3-ex-official-vu50,d9c71452-611a-4c1e-8db5-97e8495bcc24,2026-08-31T18:21:31.691Z,separate_executor,quote_run_dispatch_probe,50,1184.5,success,,200,success
p3-ex-official-vu50,f0e653db-83da-4c35-883a-f1e6c1ccc799,2026-08-31T18:21:31.780Z,separate_executor,quote_run_dispatch_probe,50,1353.91,success,,200,success
p3-ex-official-vu50,cea635f1-d28a-493c-ac23-18f45a75466f,2026-08-31T18:21:31.826Z,separate_executor,quote_run_dispatch_probe,50,1522.36,success,,200,success
p3-ex-official-vu50,33587f03-bb22-4bf8-ad90-92d449dfa3b6,2026-08-31T18:21:31.846Z,separate_executor,quote_run_dispatch_probe,50,1366.53,success,,200,success
p3-ex-official-vu50,d8b0fae9-550f-40f4-88f8-47fdda7a3818,2026-08-31T18:21:31.856Z,separate_executor,quote_run_dispatch_probe,50,1624.11,success,,200,success
p3-ex-official-vu50,ddd92931-1a68-449a-8c48-450368bc9a7e,2026-08-31T18:21:31.857Z,separate_executor,quote_run_dispatch_probe,50,1377.28,success,,200,success
p3-ex-official-vu50,0ca6aa35-da9d-4b13-98fa-a2c7abf6b4c6,2026-08-31T18:21:31.859Z,separate_executor,quote_run_dispatch_probe,50,1265.8,success,,200,success
p3-ex-official-vu50,6d3241a8-9470-4eb1-8253-0392cf296ac8,2026-08-31T18:21:31.859Z,separate_executor,quote_run_dispatch_probe,50,1387.13,success,,200,success
p3-ex-official-vu50,42c087d1-51bc-40fc-8e66-070aa4be3fae,2026-08-31T18:21:31.874Z,separate_executor,quote_run_dispatch_probe,50,1474.82,success,,200,success
p3-ex-official-vu50,61fbb37f-98e8-411c-bb17-a359c43df41f,2026-08-31T18:21:31.908Z,separate_executor,quote_run_dispatch_probe,50,1435.11,success,,200,success
p3-ex-official-vu50,c7cc0a3d-78f0-49cb-a1fc-42b89bfc8465,2026-08-31T18:21:31.919Z,separate_executor,quote_run_dispatch_probe,50,1394.13,success,,200,success
p3-ex-official-vu50,0b7da8aa-0aa0-4fbd-9f44-be8237efeaa8,2026-08-31T18:21:31.962Z,separate_executor,quote_run_dispatch_probe,50,1291.43,success,,200,success
p3-ex-official-vu50,5a32e9fb-4bc5-4bc2-9b3d-9ab946becb4f,2026-08-31T18:21:31.991Z,separate_executor,quote_run_dispatch_probe,50,1121.5,success,,200,success
p3-ex-official-vu50,064791c7-466e-475c-9b35-333039c58986,2026-08-31T18:21:32.124Z,separate_executor,quote_run_dispatch_probe,50,1418.77,success,,200,success
p3-ex-official-vu50,26b7891a-10a8-47db-b8d0-6ae0656c5bd3,2026-08-31T18:21:32.176Z,separate_executor,quote_run_dispatch_probe,50,1389.31,success,,200,success
p3-ex-official-vu50,13976f1a-76fa-4bae-a8e7-7a54667a4cd8,2026-08-31T18:21:32.178Z,separate_executor,quote_run_dispatch_probe,50,1271.27,success,,200,success
p3-ex-official-vu50,0d285e24-e674-4d76-86b9-295a366a8dae,2026-08-31T18:21:32.191Z,separate_executor,quote_run_dispatch_probe,50,1452.4,success,,200,success
p3-ex-official-vu50,215228b1-8192-4361-a924-20577b842f4a,2026-08-31T18:21:32.192Z,separate_executor,quote_run_dispatch_probe,50,1138.22,success,,200,success
p3-ex-official-vu50,8c0920ab-9608-4f07-89d5-d7206832994b,2026-08-31T18:21:32.227Z,separate_executor,quote_run_dispatch_probe,50,1211.33,success,,200,success
p3-ex-official-vu50,16e1b4ed-cbbc-4b54-840c-2a16673fd8d4,2026-08-31T18:21:32.236Z,separate_executor,quote_run_dispatch_probe,50,1495.7,success,,200,success
p3-ex-official-vu50,ebc7c632-cd8b-4e06-b2e7-2842e1c4f73d,2026-08-31T18:21:32.241Z,separate_executor,quote_run_dispatch_probe,50,1044.37,success,,200,success
p3-ex-official-vu50,658a78d3-6948-47bb-ad88-7220401a691b,2026-08-31T18:21:32.256Z,separate_executor,quote_run_dispatch_probe,50,1361.28,success,,200,success
p3-ex-official-vu50,5f5d1999-b352-49ec-8c7a-05a5ad654546,2026-08-31T18:21:32.258Z,separate_executor,quote_run_dispatch_probe,50,1205.93,success,,200,success
p3-ex-official-vu50,3536c262-e80c-481d-91cc-f025b714f16e,2026-08-31T18:21:32.266Z,separate_executor,quote_run_dispatch_probe,50,1361.37,success,,200,success
p3-ex-official-vu50,49892e1e-96c4-4676-802e-b1c698573b7b,2026-08-31T18:21:32.352Z,separate_executor,quote_run_dispatch_probe,50,1251.02,success,,200,success
p3-ex-official-vu50,3f1c8168-3780-4668-9c17-f2f3cd5e2da7,2026-08-31T18:21:32.418Z,separate_executor,quote_run_dispatch_probe,50,1496.38,success,,200,success
p3-ex-official-vu50,59acd9c1-5a8b-4689-a6e2-c6afb999dc2b,2026-08-31T18:21:32.497Z,separate_executor,quote_run_dispatch_probe,50,1237.15,success,,200,success
p3-ex-official-vu50,88bf33ce-b245-484f-8489-b3340e01d14a,2026-08-31T18:21:32.548Z,separate_executor,quote_run_dispatch_probe,50,1247.26,success,,200,success
p3-ex-official-vu50,ea636081-dcaa-4586-9e34-6239d42823c4,2026-08-31T18:21:32.553Z,separate_executor,quote_run_dispatch_probe,50,1440.27,success,,200,success
p3-ex-official-vu50,1d7abf6f-75f5-46de-96a3-4fd02695a37b,2026-08-31T18:21:32.604Z,separate_executor,quote_run_dispatch_probe,50,1393.94,success,,200,success
p3-ex-official-vu50,28607beb-e8b8-47c0-8fb8-c3f384778a84,2026-08-31T18:21:32.617Z,separate_executor,quote_run_dispatch_probe,50,1372.39,success,,200,success
p3-ex-official-vu50,e684d68b-6eff-40e5-99c8-964027637fa9,2026-08-31T18:21:32.655Z,separate_executor,quote_run_dispatch_probe,50,1412.01,success,,200,success
p3-ex-official-vu50,1ff93cc4-0948-41a6-8a23-6af2da812dd7,2026-08-31T18:21:32.689Z,separate_executor,quote_run_dispatch_probe,50,1312.28,success,,200,success
p3-ex-official-vu50,3ec39769-0487-44b2-b4a7-c1f8d6663424,2026-08-31T18:21:32.711Z,separate_executor,quote_run_dispatch_probe,50,1138.55,success,,200,success
p3-ex-official-vu50,95eeb9fc-b425-4b5f-8d90-856323775cdf,2026-08-31T18:21:32.772Z,separate_executor,quote_run_dispatch_probe,50,1526.85,success,,200,success
p3-ex-official-vu50,ef940445-90e7-4020-8e00-d9e1c6496b7f,2026-08-31T18:21:32.774Z,separate_executor,quote_run_dispatch_probe,50,1100.66,success,,200,success
p3-ex-official-vu50,1be747e3-cf8e-4c9c-9e71-12f81631dacd,2026-08-31T18:21:32.776Z,separate_executor,quote_run_dispatch_probe,50,1334.14,success,,200,success
p3-ex-official-vu50,7b628c46-bf39-4300-b5b1-6bffb3bd0c92,2026-08-31T18:21:32.798Z,separate_executor,quote_run_dispatch_probe,50,1556.33,success,,200,success
p3-ex-official-vu50,d90162a8-cee2-4f3d-8338-16e389835f43,2026-08-31T18:21:32.809Z,separate_executor,quote_run_dispatch_probe,50,1351.74,success,,200,success
p3-ex-official-vu50,7f36399f-830e-4930-a03e-2bb270ed5736,2026-08-31T18:21:32.840Z,separate_executor,quote_run_dispatch_probe,50,1312.11,success,,200,success
p3-ex-official-vu50,f2d33aa0-ea51-4c94-9801-6a524b5fd57b,2026-08-31T18:21:32.846Z,separate_executor,quote_run_dispatch_probe,50,1497.4,success,,200,success
p3-ex-official-vu50,f99762f2-c0df-46a6-89c6-f3f85698c581,2026-08-31T18:21:32.854Z,separate_executor,quote_run_dispatch_probe,50,1515.68,success,,200,success
p3-ex-official-vu50,0bebfbba-95f1-4495-be17-f71cd8ad7b89,2026-08-31T18:21:32.860Z,separate_executor,quote_run_dispatch_probe,50,1079.61,success,,200,success
p3-ex-official-vu50,85a78d0e-ac4d-4a1e-8adc-ff45acc3a809,2026-08-31T18:21:32.893Z,separate_executor,quote_run_dispatch_probe,50,1287.74,success,,200,success
p3-ex-official-vu50,2fc81a70-eeef-4c4f-9da4-77bbd771c03d,2026-08-31T18:21:32.897Z,separate_executor,quote_run_dispatch_probe,50,1274.12,success,,200,success
p3-ex-official-vu50,5c57596b-459e-4ed7-82e7-980d0daebe19,2026-08-31T18:21:32.900Z,separate_executor,quote_run_dispatch_probe,50,1326.24,success,,200,success
p3-ex-official-vu50,dd73f28c-e643-4d68-9703-e083fdb7bbdf,2026-08-31T18:21:32.940Z,separate_executor,quote_run_dispatch_probe,50,1385.13,success,,200,success
p3-ex-official-vu50,b98fcca4-e1ed-4f1a-90e8-904be85cd797,2026-08-31T18:21:32.968Z,separate_executor,quote_run_dispatch_probe,50,1410.52,success,,200,success
p3-ex-official-vu50,6b29ef2d-6fd8-4fcf-a2dc-cf07421921ec,2026-08-31T18:21:32.969Z,separate_executor,quote_run_dispatch_probe,50,1379.68,success,,200,success
p3-ex-official-vu50,60a19c45-8bd3-4002-a51e-9a50d4f36ab9,2026-08-31T18:21:32.978Z,separate_executor,quote_run_dispatch_probe,50,1535.71,success,,200,success
p3-ex-official-vu50,a7a925cf-f8db-44cc-b8cc-3562838e7e3a,2026-08-31T18:21:32.994Z,separate_executor,quote_run_dispatch_probe,50,1135.15,success,,200,success
p3-ex-official-vu50,23a25f54-a39b-4c5c-b75b-89bc71cba9d7,2026-08-31T18:21:33.022Z,separate_executor,quote_run_dispatch_probe,50,1102.73,success,,200,success
p3-ex-official-vu50,17dc8e72-45ee-4b7a-8b93-10622323a7ed,2026-08-31T18:21:33.045Z,separate_executor,quote_run_dispatch_probe,50,1199.07,success,,200,success
p3-ex-official-vu50,baa7ee48-7fc5-4838-ac93-c6b70d9f06be,2026-08-31T18:21:33.090Z,separate_executor,quote_run_dispatch_probe,50,1398.49,success,,200,success
p3-ex-official-vu50,8548d7aa-164f-4cd7-8dcd-8a4d691a8cfb,2026-08-31T18:21:33.095Z,separate_executor,quote_run_dispatch_probe,50,1133.78,success,,200,success
p3-ex-official-vu50,5faa77fb-d305-47a3-a0c7-3c4d3d8c8ace,2026-08-31T18:21:33.147Z,separate_executor,quote_run_dispatch_probe,50,1272.74,success,,200,success
p3-ex-official-vu50,ac1fffbd-fa8f-4b4a-ba41-2d3cab5967fd,2026-08-31T18:21:33.178Z,separate_executor,quote_run_dispatch_probe,50,1320.38,success,,200,success
p3-ex-official-vu50,bb8f23c8-8423-47ba-bb47-c7584aa6b9d0,2026-08-31T18:21:33.254Z,separate_executor,quote_run_dispatch_probe,50,1262.52,success,,200,success
p3-ex-official-vu50,d21518a4-264b-4f6a-b299-208f21ecc660,2026-08-31T18:21:33.256Z,separate_executor,quote_run_dispatch_probe,50,1400.18,success,,200,success
p3-ex-official-vu50,0d65df3f-2f70-4b95-98b1-f13f98c74a4f,2026-08-31T18:21:33.271Z,separate_executor,quote_run_dispatch_probe,50,1363,success,,200,success
p3-ex-official-vu50,f9864739-cbfa-4f86-86e9-3f7ea2a19418,2026-08-31T18:21:33.280Z,separate_executor,quote_run_dispatch_probe,50,1420.6,success,,200,success
p3-ex-official-vu50,9fabe4c7-8b82-4396-9d57-c3da3cdd6a6c,2026-08-31T18:21:33.293Z,separate_executor,quote_run_dispatch_probe,50,1688.29,success,,200,success
p3-ex-official-vu50,52054bef-cf30-4ba6-ad15-6a7d65117cea,2026-08-31T18:21:33.294Z,separate_executor,quote_run_dispatch_probe,50,1467.64,success,,200,success
p3-ex-official-vu50,1de9cc4a-7e67-4817-a299-90044f9a363a,2026-08-31T18:21:33.314Z,separate_executor,quote_run_dispatch_probe,50,1086.76,success,,200,success
p3-ex-official-vu50,a25af1d0-402b-4e14-8787-5b524b461700,2026-08-31T18:21:33.331Z,separate_executor,quote_run_dispatch_probe,50,1152.6,success,,200,success
p3-ex-official-vu50,e161f762-93c4-40f3-8345-91ba5bd80701,2026-08-31T18:21:33.406Z,separate_executor,quote_run_dispatch_probe,50,1213.86,success,,200,success
p3-ex-official-vu50,798fbf0e-bd82-4089-9438-ae53e42f0d25,2026-08-31T18:21:33.440Z,separate_executor,quote_run_dispatch_probe,50,1315.74,success,,200,success
p3-ex-official-vu50,a04b4cbc-f992-4d54-9f2e-7dcd52694a35,2026-08-31T18:21:33.500Z,separate_executor,quote_run_dispatch_probe,50,1309.55,success,,200,success
p3-ex-official-vu50,69bbff42-c035-4493-9002-51fed371ade6,2026-08-31T18:21:33.523Z,separate_executor,quote_run_dispatch_probe,50,1281.89,success,,200,success
p3-ex-official-vu50,2a1d4a10-24c4-43cb-b018-86407b6f970e,2026-08-31T18:21:33.586Z,separate_executor,quote_run_dispatch_probe,50,1327.73,success,,200,success
p3-ex-official-vu50,d479a108-7f7c-4fc8-ae03-3f7201080b1c,2026-08-31T18:21:33.640Z,separate_executor,quote_run_dispatch_probe,50,1463.27,success,,200,success
p3-ex-official-vu50,5ca83e01-304d-4e4b-8875-0a1bb2e37cac,2026-08-31T18:21:33.692Z,separate_executor,quote_run_dispatch_probe,50,1339.67,success,,200,success
p3-ex-official-vu50,bf98a640-8905-4486-891f-2c9038a0c896,2026-08-31T18:21:33.788Z,separate_executor,quote_run_dispatch_probe,50,1532,success,,200,success
p3-ex-official-vu50,5961d111-ce15-4713-ae3e-d0412ca84cc2,2026-08-31T18:21:33.852Z,separate_executor,quote_run_dispatch_probe,50,1434.01,success,,200,success
p3-ex-official-vu50,1631a4d8-5b4f-4af7-aaef-ff7e8c12ddd9,2026-08-31T18:21:33.874Z,separate_executor,quote_run_dispatch_probe,50,1607.74,success,,200,success
p3-ex-official-vu50,9c1036f7-3544-46b7-9799-4c2af23aa633,2026-08-31T18:21:33.894Z,separate_executor,quote_run_dispatch_probe,50,1345.74,success,,200,success
p3-ex-official-vu50,dc31e835-4958-4873-94fa-406a4cacf1b3,2026-08-31T18:21:33.946Z,separate_executor,quote_run_dispatch_probe,50,1171.5,success,,200,success
p3-ex-official-vu50,9be66b2e-f434-4f26-a3f3-cb790df20d3c,2026-08-31T18:21:33.953Z,separate_executor,quote_run_dispatch_probe,50,1717.28,success,,200,success
p3-ex-official-vu50,7cb9258c-9b15-4e82-9a33-32464e882372,2026-08-31T18:21:33.972Z,separate_executor,quote_run_dispatch_probe,50,1261.15,success,,200,success
p3-ex-official-vu50,d2c0e47d-c18a-4bf4-b3e5-968fe2a4531d,2026-08-31T18:21:33.992Z,separate_executor,quote_run_dispatch_probe,50,1303.02,success,,200,success
p3-ex-official-vu50,c0438c5a-2317-42d5-aa82-45ad625b1024,2026-08-31T18:21:34.005Z,separate_executor,quote_run_dispatch_probe,50,1145.41,success,,200,success
p3-ex-official-vu50,682ed8ce-02ac-47bc-b0f3-a77c42e7cdd8,2026-08-31T18:21:34.006Z,separate_executor,quote_run_dispatch_probe,50,1509.35,success,,200,success
p3-ex-official-vu50,9422ad5d-55ec-49c3-b62e-b4aad44bfc59,2026-08-31T18:21:34.057Z,separate_executor,quote_run_dispatch_probe,50,1452.7,success,,200,success
p3-ex-official-vu50,48661661-cd35-4bfb-9654-5ee064aecf45,2026-08-31T18:21:34.058Z,separate_executor,quote_run_dispatch_probe,50,1440.38,success,,200,success
p3-ex-official-vu50,b8571984-f7f7-49f6-bd9d-e2533bccf4f2,2026-08-31T18:21:34.073Z,separate_executor,quote_run_dispatch_probe,50,1520.35,success,,200,success
p3-ex-official-vu50,fa6318ce-c4b3-44d4-b843-145ef56b5391,2026-08-31T18:21:34.079Z,separate_executor,quote_run_dispatch_probe,50,1085.37,success,,200,success
p3-ex-official-vu50,683e194b-5693-4757-86ab-ce6750f071be,2026-08-31T18:21:34.080Z,separate_executor,quote_run_dispatch_probe,50,1425.11,success,,200,success
p3-ex-official-vu50,0201ff7d-1b24-4219-ac49-a20cf7b62bae,2026-08-31T18:21:34.106Z,separate_executor,quote_run_dispatch_probe,50,1333.48,success,,200,success
p3-ex-official-vu50,d8cfb325-c5e0-4b38-adbe-661f114ea7d8,2026-08-31T18:21:34.149Z,separate_executor,quote_run_dispatch_probe,50,1127.17,success,,200,success
p3-ex-official-vu50,1d040437-4b49-4b69-a920-ddbefd8f6bd0,2026-08-31T18:21:34.189Z,separate_executor,quote_run_dispatch_probe,50,1413.12,success,,200,success
p3-ex-official-vu50,0d0cc551-d037-4929-8e3c-184cd422d52a,2026-08-31T18:21:34.190Z,separate_executor,quote_run_dispatch_probe,50,1222.21,success,,200,success
p3-ex-official-vu50,e14d0c99-dc84-4aaf-93fb-569577b4ca7f,2026-08-31T18:21:34.250Z,separate_executor,quote_run_dispatch_probe,50,1155.03,success,,200,success
p3-ex-official-vu50,b07105d5-26f0-4297-b13f-f1c1fb850bda,2026-08-31T18:21:34.277Z,separate_executor,quote_run_dispatch_probe,50,1431.09,success,,200,success
p3-ex-official-vu50,c21a787b-1d1d-40c1-9efe-23586d086419,2026-08-31T18:21:34.288Z,separate_executor,quote_run_dispatch_probe,50,1395.21,success,,200,success
p3-ex-official-vu50,805611fd-7713-4cf6-af01-aa424ade1c5f,2026-08-31T18:21:34.289Z,separate_executor,quote_run_dispatch_probe,50,1389.34,success,,200,success
p3-ex-official-vu50,0d06f6f3-767b-48be-8b6a-6b9c0cca8305,2026-08-31T18:21:34.293Z,separate_executor,quote_run_dispatch_probe,50,1483.75,success,,200,success
p3-ex-official-vu50,8c5dae4b-3be6-4b26-9483-74ec4f3ef722,2026-08-31T18:21:34.295Z,separate_executor,quote_run_dispatch_probe,50,1440.95,success,,200,success
p3-ex-official-vu50,2bbb0b73-aed7-45e7-96c4-01c39d90fd5a,2026-08-31T18:21:34.303Z,separate_executor,quote_run_dispatch_probe,50,1333.91,success,,200,success
p3-ex-official-vu50,d49f009d-2cd6-4a69-9214-5e2e9494b8d9,2026-08-31T18:21:34.306Z,separate_executor,quote_run_dispatch_probe,50,1409.23,success,,200,success
p3-ex-official-vu50,b7f2b8d4-23b0-4ce1-a29a-b70cd6cd83ac,2026-08-31T18:21:34.312Z,separate_executor,quote_run_dispatch_probe,50,1267.36,success,,200,success
p3-ex-official-vu50,dddb1fdc-f793-4db2-8062-403d2e49337f,2026-08-31T18:21:34.360Z,separate_executor,quote_run_dispatch_probe,50,1420.87,success,,200,success
p3-ex-official-vu50,b3cc7bdc-f2f8-4ff8-9eba-83fe1ffd233f,2026-08-31T18:21:34.424Z,separate_executor,quote_run_dispatch_probe,50,1625.97,success,,200,success
p3-ex-official-vu50,fc8d9456-36c7-4ce2-9b3e-883403011f4b,2026-08-31T18:21:34.425Z,separate_executor,quote_run_dispatch_probe,50,1278.62,success,,200,success
p3-ex-official-vu50,35ba3091-12aa-4303-a12a-a139e3f98385,2026-08-31T18:21:34.439Z,separate_executor,quote_run_dispatch_probe,50,1599.08,success,,200,success
p3-ex-official-vu50,91549371-8231-4069-acb9-8716bde60ac8,2026-08-31T18:21:34.461Z,separate_executor,quote_run_dispatch_probe,50,1283.21,success,,200,success
p3-ex-official-vu50,e8edc2e2-1831-4da6-bb64-df74d0287c51,2026-08-31T18:21:34.521Z,separate_executor,quote_run_dispatch_probe,50,1430.63,success,,200,success
p3-ex-official-vu50,4c04de71-ff27-43af-909b-93083abacc7f,2026-08-31T18:21:34.522Z,separate_executor,quote_run_dispatch_probe,50,1543.4,success,,200,success
p3-ex-official-vu50,1234e3b2-8d4b-4bfd-a923-c120736e7839,2026-08-31T18:21:34.527Z,separate_executor,quote_run_dispatch_probe,50,1196.86,success,,200,success
p3-ex-official-vu50,ade9dbd5-b710-4f58-b71a-37bf4e9f4f2d,2026-08-31T18:21:34.528Z,separate_executor,quote_run_dispatch_probe,50,1274.42,success,,200,success
p3-ex-official-vu50,7cbdf163-9007-491e-b968-0a8480227453,2026-08-31T18:21:34.579Z,separate_executor,quote_run_dispatch_probe,50,1308.2,success,,200,success
p3-ex-official-vu50,972cad72-d50f-4682-9197-485883980211,2026-08-31T18:21:34.626Z,separate_executor,quote_run_dispatch_probe,50,1102.75,success,,200,success
p3-ex-official-vu50,483da6c5-cd7f-4386-8d1a-885c3930b35d,2026-08-31T18:21:34.632Z,separate_executor,quote_run_dispatch_probe,50,1225.48,success,,200,success
p3-ex-official-vu50,6c9c0469-e0d6-4137-83f0-db6c5f59cebc,2026-08-31T18:21:34.640Z,separate_executor,quote_run_dispatch_probe,50,1139.25,success,,200,success
p3-ex-official-vu50,1ee147e3-8f20-4d06-b112-75a75bb295bd,2026-08-31T18:21:34.673Z,separate_executor,quote_run_dispatch_probe,50,1393.3,success,,200,success
p3-ex-official-vu50,6b191e88-a99b-42f3-b940-d74f51a96388,2026-08-31T18:21:34.708Z,separate_executor,quote_run_dispatch_probe,50,1394.23,success,,200,success
p3-ex-official-vu50,9143c02a-050b-4ac6-b296-120a19d4d778,2026-08-31T18:21:34.753Z,separate_executor,quote_run_dispatch_probe,50,1061.46,success,,200,success
p3-ex-official-vu50,c3dceb3c-b5a3-4ad8-934f-047bf3abb7e2,2026-08-31T18:21:34.778Z,separate_executor,quote_run_dispatch_probe,50,1484.55,success,,200,success
p3-ex-official-vu50,5f7cba0d-9ea5-4232-a0bf-5377f1f4b973,2026-08-31T18:21:34.790Z,separate_executor,quote_run_dispatch_probe,50,1534.04,success,,200,success
p3-ex-official-vu50,9faa4389-e632-4384-ac9a-0cd5bd4259fd,2026-08-31T18:21:34.917Z,separate_executor,quote_run_dispatch_probe,50,1477.54,success,,200,success
p3-ex-official-vu50,625129d2-dcb1-46e7-9d64-b5f87c794f68,2026-08-31T18:21:35.031Z,separate_executor,quote_run_dispatch_probe,50,1243.18,success,,200,success
p3-ex-official-vu50,81a0347a-9275-440f-b613-0142528ec15f,2026-08-31T18:21:35.039Z,separate_executor,quote_run_dispatch_probe,50,1453.25,success,,200,success
p3-ex-official-vu50,56c326af-9ba5-4ef2-a2c2-9e8e13fb60ef,2026-08-31T18:21:35.043Z,separate_executor,quote_run_dispatch_probe,50,1750.46,success,,200,success
p3-ex-official-vu50,7414d917-15db-41af-8ff0-8fe54d8b5e13,2026-08-31T18:21:35.151Z,separate_executor,quote_run_dispatch_probe,50,1205.26,success,,200,success
p3-ex-official-vu50,bf1cb1ef-88a3-4203-a896-acf26b500718,2026-08-31T18:21:35.158Z,separate_executor,quote_run_dispatch_probe,50,1264.67,success,,200,success
p3-ex-official-vu50,2854a9a1-e77d-4a57-956f-89587fee0d3b,2026-08-31T18:21:35.170Z,separate_executor,quote_run_dispatch_probe,50,1296.56,success,,200,success
p3-ex-official-vu50,c30b74db-aa74-4098-84b0-8c07d9c9e59c,2026-08-31T18:21:35.176Z,separate_executor,quote_run_dispatch_probe,50,1171.07,success,,200,success
p3-ex-official-vu50,b9b233dc-f75c-4267-bf61-448b0d820a62,2026-08-31T18:21:35.272Z,separate_executor,quote_run_dispatch_probe,50,1632.78,success,,200,success
p3-ex-official-vu50,92143f44-0aac-466b-a5ac-80c4d0008412,2026-08-31T18:21:35.288Z,separate_executor,quote_run_dispatch_probe,50,1435.75,success,,200,success
p3-ex-official-vu50,29630441-c8f4-4df6-aced-0816a2049168,2026-08-31T18:21:35.327Z,separate_executor,quote_run_dispatch_probe,50,1253.87,success,,200,success
p3-ex-official-vu50,cd697851-275c-4bee-b10a-135c35a790f0,2026-08-31T18:21:35.347Z,separate_executor,quote_run_dispatch_probe,50,1355.27,success,,200,success
p3-ex-official-vu50,d44e5e78-5866-47c2-837f-3788f1ed1a10,2026-08-31T18:21:35.361Z,separate_executor,quote_run_dispatch_probe,50,1388.38,success,,200,success
p3-ex-official-vu50,d7c1897d-ccaf-411b-96cf-7a23cac5f08e,2026-08-31T18:21:35.373Z,separate_executor,quote_run_dispatch_probe,50,1366.28,success,,200,success
p3-ex-official-vu50,8f1415b1-15cc-402b-91d1-dcbb1bd84203,2026-08-31T18:21:35.410Z,separate_executor,quote_run_dispatch_probe,50,1159.42,success,,200,success
p3-ex-official-vu50,07d6024e-dfd0-43ad-a5a7-ff7c406b5aa2,2026-08-31T18:21:35.413Z,separate_executor,quote_run_dispatch_probe,50,1332.53,success,,200,success
p3-ex-official-vu50,d4f0629a-b25e-4543-9b70-869cc2605842,2026-08-31T18:21:35.455Z,separate_executor,quote_run_dispatch_probe,50,1305.41,success,,200,success
p3-ex-official-vu50,e377b2c1-2336-4f8d-b5f1-7ff0f8446d94,2026-08-31T18:21:35.457Z,separate_executor,quote_run_dispatch_probe,50,1350.83,success,,200,success
p3-ex-official-vu50,145ae9ac-881b-4ee6-8266-440b8df05913,2026-08-31T18:21:35.479Z,separate_executor,quote_run_dispatch_probe,50,1399.81,success,,200,success
p3-ex-official-vu50,f2ec5ebc-b0e8-4b95-98c0-e4740aede908,2026-08-31T18:21:35.482Z,separate_executor,quote_run_dispatch_probe,50,1425.2,success,,200,success
p3-ex-official-vu50,a30ba0a6-a4b1-40f3-a696-87c4c8c17c2a,2026-08-31T18:21:35.488Z,separate_executor,quote_run_dispatch_probe,50,1298.45,success,,200,success
p3-ex-official-vu50,c330015b-0557-43d0-aef7-52674064775b,2026-08-31T18:21:35.490Z,separate_executor,quote_run_dispatch_probe,50,1300.7,success,,200,success
p3-ex-official-vu50,606f1d27-9e70-4845-a615-268410a52960,2026-08-31T18:21:35.491Z,separate_executor,quote_run_dispatch_probe,50,1433.58,success,,200,success
p3-ex-official-vu50,44dfed29-eb9e-4260-bfcc-15fe0ff3c877,2026-08-31T18:21:35.524Z,separate_executor,quote_run_dispatch_probe,50,1570.87,success,,200,success
p3-ex-official-vu50,a31df1d6-1e6c-49fb-a054-5f0204d86d7b,2026-08-31T18:21:35.605Z,separate_executor,quote_run_dispatch_probe,50,1312.56,success,,200,success
p3-ex-official-vu50,a3853f33-2891-4f4a-a71f-5781ceed2a5d,2026-08-31T18:21:35.622Z,separate_executor,quote_run_dispatch_probe,50,1333,success,,200,success
p3-ex-official-vu50,f98d3045-110c-43d5-a51e-62971dec638b,2026-08-31T18:21:35.653Z,separate_executor,quote_run_dispatch_probe,50,1340.45,success,,200,success
p3-ex-official-vu50,c7fd0557-56fd-4726-867a-6ab7b1fb1630,2026-08-31T18:21:35.671Z,separate_executor,quote_run_dispatch_probe,50,1382.7,success,,200,success
p3-ex-official-vu50,7e8652d9-af3e-48dd-85d5-52077afe78dc,2026-08-31T18:21:35.672Z,separate_executor,quote_run_dispatch_probe,50,1368.89,success,,200,success
p3-ex-official-vu50,c4b68f0e-ffd6-4200-864a-bf98780a90f2,2026-08-31T18:21:35.770Z,separate_executor,quote_run_dispatch_probe,50,1308.84,success,,200,success
p3-ex-official-vu50,4f11cb6e-4423-4925-8080-f3d56110384d,2026-08-31T18:21:35.771Z,separate_executor,quote_run_dispatch_probe,50,1139.05,success,,200,success
p3-ex-official-vu50,f3897632-ba97-4f69-a618-cb657f447c01,2026-08-31T18:21:35.827Z,separate_executor,quote_run_dispatch_probe,50,1531.39,success,,200,success
p3-ex-official-vu50,fb06ce95-66ba-489a-9784-8a8b9b3755d9,2026-08-31T18:21:35.846Z,separate_executor,quote_run_dispatch_probe,50,1206.41,success,,200,success
p3-ex-official-vu50,2197ff2f-c0c5-4a5a-a1c4-bbbaaefaacd1,2026-08-31T18:21:35.854Z,separate_executor,quote_run_dispatch_probe,50,1576.44,success,,200,success
p3-ex-official-vu50,63859b5d-d094-4063-80cf-57005dc7b574,2026-08-31T18:21:35.859Z,separate_executor,quote_run_dispatch_probe,50,1552.89,success,,200,success
p3-ex-official-vu50,5a2abe28-c7a4-470a-b17c-bd2873a003ce,2026-08-31T18:21:35.860Z,separate_executor,quote_run_dispatch_probe,50,1332.49,success,,200,success
p3-ex-official-vu50,83336be9-028a-4c56-a6c7-1f842d6db46b,2026-08-31T18:21:35.862Z,separate_executor,quote_run_dispatch_probe,50,1436.49,success,,200,success
p3-ex-official-vu50,89ca5a80-17f1-41f7-8f69-a911cf7c53bb,2026-08-31T18:21:35.873Z,separate_executor,quote_run_dispatch_probe,50,1448.67,success,,200,success
p3-ex-official-vu50,f5bbb9e9-8e2f-43dc-b743-842224280aa4,2026-08-31T18:21:35.874Z,separate_executor,quote_run_dispatch_probe,50,1345.48,success,,200,success
p3-ex-official-vu50,0764d5fb-b69e-4c43-87b7-49aea3014de6,2026-08-31T18:21:35.959Z,separate_executor,quote_run_dispatch_probe,50,1251.42,success,,200,success
p3-ex-official-vu50,ece3d5cb-7f72-4b95-95b9-83cfc1248f97,2026-08-31T18:21:35.968Z,separate_executor,quote_run_dispatch_probe,50,1447.21,success,,200,success
p3-ex-official-vu50,a2885db6-31bc-4284-8c57-d3d8d5032015,2026-08-31T18:21:35.972Z,separate_executor,quote_run_dispatch_probe,50,1611.79,success,,200,success
p3-ex-official-vu50,a128ed8c-b9d0-466c-8a52-e1ad5c93098b,2026-08-31T18:21:35.976Z,separate_executor,quote_run_dispatch_probe,50,1536.74,success,,200,success
p3-ex-official-vu50,64d3ba60-dcc5-41ec-b99e-dfe2a91843b3,2026-08-31T18:21:35.988Z,separate_executor,quote_run_dispatch_probe,50,1362.06,success,,200,success
p3-ex-official-vu50,f6ef49d1-b71a-4052-b56b-84773c82c0f5,2026-08-31T18:21:35.993Z,separate_executor,quote_run_dispatch_probe,50,1413.38,success,,200,success
p3-ex-official-vu50,af8546f4-ab6e-42cd-a7bf-4a19ab96d207,2026-08-31T18:21:36.023Z,separate_executor,quote_run_dispatch_probe,50,1269.77,success,,200,success
p3-ex-official-vu50,42d02795-ae1c-4c0d-bfc1-eef9049ceeb1,2026-08-31T18:21:36.101Z,separate_executor,quote_run_dispatch_probe,50,1579.79,success,,200,success
p3-ex-official-vu50,f7a5167c-b08e-466c-9f62-9b2612ce2bd4,2026-08-31T18:21:36.192Z,separate_executor,quote_run_dispatch_probe,50,1519.09,success,,200,success
p3-ex-official-vu50,548da63e-c0ac-4aa3-9521-3fd411c7ce94,2026-08-31T18:21:36.216Z,separate_executor,quote_run_dispatch_probe,50,1425.75,success,,200,success
p3-ex-official-vu50,8875786d-fce7-40c3-8757-c9cfd1e825a8,2026-08-31T18:21:36.240Z,separate_executor,quote_run_dispatch_probe,50,1461.42,success,,200,success
p3-ex-official-vu50,3f86240d-b7a9-450e-b1cb-83ec750c3aca,2026-08-31T18:21:36.358Z,separate_executor,quote_run_dispatch_probe,50,1440.89,success,,200,success
p3-ex-official-vu50,91d639ab-46c8-4cc9-9dfe-a8bb5f660a9e,2026-08-31T18:21:36.429Z,separate_executor,quote_run_dispatch_probe,50,1252.38,success,,200,success
p3-ex-official-vu50,aaaf8d1f-a5df-438a-8652-15a22cbb5bbd,2026-08-31T18:21:36.441Z,separate_executor,quote_run_dispatch_probe,50,1289.97,success,,200,success
p3-ex-official-vu50,9b39a85b-2125-4afe-b6c4-65b91c213fe6,2026-08-31T18:21:36.495Z,separate_executor,quote_run_dispatch_probe,50,1463.99,success,,200,success
p3-ex-official-vu50,993a0066-b0b4-4568-be35-69c4dde3251e,2026-08-31T18:21:36.557Z,separate_executor,quote_run_dispatch_probe,50,1209.66,success,,200,success
p3-ex-official-vu50,93714d05-1df4-426b-90a3-f28e6c530fd2,2026-08-31T18:21:36.563Z,separate_executor,quote_run_dispatch_probe,50,1108.57,success,,200,success
p3-ex-official-vu50,9521d05c-24e0-4129-983c-bd652464f674,2026-08-31T18:21:36.568Z,separate_executor,quote_run_dispatch_probe,50,1241.17,success,,200,success
p3-ex-official-vu50,d81e1713-0bae-4408-911f-31541c82df9b,2026-08-31T18:21:36.578Z,separate_executor,quote_run_dispatch_probe,50,1419.12,success,,200,success
p3-ex-official-vu50,136dc55f-6ebb-4f5d-a150-5558de4069a5,2026-08-31T18:21:36.607Z,separate_executor,quote_run_dispatch_probe,50,1567.26,success,,200,success
p3-ex-official-vu50,40ad9a31-09b4-49f0-b3a0-934cf3b6581e,2026-08-31T18:21:36.637Z,separate_executor,quote_run_dispatch_probe,50,1466.54,success,,200,success
p3-ex-official-vu50,34479410-470d-44ef-95da-cd87a9f2e5dc,2026-08-31T18:21:36.688Z,separate_executor,quote_run_dispatch_probe,50,1315.13,success,,200,success
p3-ex-official-vu50,3a5b53e2-3a48-45b7-a266-187e6e479049,2026-08-31T18:21:36.690Z,separate_executor,quote_run_dispatch_probe,50,1280.49,success,,200,success
p3-ex-official-vu50,69a20805-0fb6-46bf-b714-49929c63c331,2026-08-31T18:21:36.763Z,separate_executor,quote_run_dispatch_probe,50,1275.02,success,,200,success
p3-ex-official-vu50,85898362-6c70-42e2-a744-bc2d01c0e452,2026-08-31T18:21:36.775Z,separate_executor,quote_run_dispatch_probe,50,1731.6,success,,200,success
p3-ex-official-vu50,3d953343-e162-4236-8c41-945726d9eadf,2026-08-31T18:21:36.811Z,separate_executor,quote_run_dispatch_probe,50,1523.55,success,,200,success
p3-ex-official-vu50,64a61c51-12d5-4bb7-b0e7-daf8fddb67a0,2026-08-31T18:21:36.827Z,separate_executor,quote_run_dispatch_probe,50,1370.43,success,,200,success
p3-ex-official-vu50,08538b2f-3076-45f3-9aa9-397654d306b2,2026-08-31T18:21:36.845Z,separate_executor,quote_run_dispatch_probe,50,1363.1,success,,200,success
p3-ex-official-vu50,10ad7b37-8a74-4b64-a1fa-79ccc50a7fd0,2026-08-31T18:21:36.857Z,separate_executor,quote_run_dispatch_probe,50,1584.65,success,,200,success
p3-ex-official-vu50,16a347d9-6aca-45fe-80d2-7ccce6e42baf,2026-08-31T18:21:36.870Z,separate_executor,quote_run_dispatch_probe,50,1457.74,success,,200,success
p3-ex-official-vu50,49fa801c-baeb-44d9-8fdd-fed04b17c6c8,2026-08-31T18:21:36.871Z,separate_executor,quote_run_dispatch_probe,50,1392.39,success,,200,success
p3-ex-official-vu50,36bc5e1c-70d7-472c-a92d-0db646d5bebb,2026-08-31T18:21:36.898Z,separate_executor,quote_run_dispatch_probe,50,1408.29,success,,200,success
p3-ex-official-vu50,da29362c-f9dd-4f75-803c-52069913198f,2026-08-31T18:21:36.938Z,separate_executor,quote_run_dispatch_probe,50,1446.61,success,,200,success
p3-ex-official-vu50,1cc40120-03ec-4c89-9f60-bb42673cc392,2026-08-31T18:21:36.962Z,separate_executor,quote_run_dispatch_probe,50,1309.47,success,,200,success
p3-ex-official-vu50,51d5eb20-c447-43c2-a161-46bf7c9cbd8e,2026-08-31T18:21:36.968Z,separate_executor,quote_run_dispatch_probe,50,1198.59,success,,200,success
p3-ex-official-vu50,49287c28-33d2-4cc3-a85a-14847787c173,2026-08-31T18:21:36.978Z,separate_executor,quote_run_dispatch_probe,50,1453.92,success,,200,success
p3-ex-official-vu50,3bffdd28-295a-41a8-a3cf-bc178fda21c5,2026-08-31T18:21:36.989Z,separate_executor,quote_run_dispatch_probe,50,1628.24,success,,200,success
p3-ex-official-vu50,7003d2ec-86ed-4758-a2f0-81e66b77c085,2026-08-31T18:21:36.996Z,separate_executor,quote_run_dispatch_probe,50,1142.7,success,,200,success
p3-ex-official-vu50,312db598-a741-4b99-9b52-00bdbdc8e2c4,2026-08-31T18:21:37.062Z,separate_executor,quote_run_dispatch_probe,50,1456.97,success,,200,success
p3-ex-official-vu50,c0b6bebc-d034-4e60-97ee-78082429af9c,2026-08-31T18:21:37.078Z,separate_executor,quote_run_dispatch_probe,50,1118.99,success,,200,success
p3-ex-official-vu50,42c7371a-cd30-40d7-abad-948febb8581a,2026-08-31T18:21:37.136Z,separate_executor,quote_run_dispatch_probe,50,1167.64,success,,200,success
p3-ex-official-vu50,b10c9f59-ee6b-4d84-82b5-5101efc7eb51,2026-08-31T18:21:37.137Z,separate_executor,quote_run_dispatch_probe,50,1514.46,success,,200,success
p3-ex-official-vu50,bfc317e4-2b30-4154-8353-b7560e34ce85,2026-08-31T18:21:37.140Z,separate_executor,quote_run_dispatch_probe,50,1151.56,success,,200,success
p3-ex-official-vu50,c9955383-e616-48ce-a7c7-56fb2f8e1122,2026-08-31T18:21:37.143Z,separate_executor,quote_run_dispatch_probe,50,1268.65,success,,200,success
p3-ex-official-vu50,60e83386-1be9-45aa-8b54-9836595f0e43,2026-08-31T18:21:37.155Z,separate_executor,quote_run_dispatch_probe,50,1383.99,success,,200,success
p3-ex-official-vu50,c0a58368-7521-4e46-8b1d-81fb6d7353f9,2026-08-31T18:21:37.156Z,separate_executor,quote_run_dispatch_probe,50,1294.65,success,,200,success
p3-ex-official-vu50,f91dec01-c3a7-4013-971d-7fa4fc8e71ac,2026-08-31T18:21:37.158Z,separate_executor,quote_run_dispatch_probe,50,1486.23,success,,200,success
p3-ex-official-vu50,c6174b0f-9bdf-4ce1-ada2-ffb5a2361cda,2026-08-31T18:21:37.220Z,separate_executor,quote_run_dispatch_probe,50,1549.27,success,,200,success
p3-ex-official-vu50,315a962c-a5a0-4f2c-8d9c-255922821798,2026-08-31T18:21:37.258Z,separate_executor,quote_run_dispatch_probe,50,1399.63,success,,200,success
p3-ex-official-vu50,8a446988-f932-4273-b03b-6062049c6fce,2026-08-31T18:21:37.274Z,separate_executor,quote_run_dispatch_probe,50,1427.62,success,,200,success
p3-ex-official-vu50,9e6091b9-02d0-4744-b9ae-fb401a419e65,2026-08-31T18:21:37.305Z,separate_executor,quote_run_dispatch_probe,50,1477.9,success,,200,success
p3-ex-official-vu50,b69ed2ed-5dd6-483b-a2ef-8551793255f1,2026-08-31T18:21:37.369Z,separate_executor,quote_run_dispatch_probe,50,1508.38,success,,200,success
p3-ex-official-vu50,9d90fb96-abda-4563-bf70-b8d8c3401b29,2026-08-31T18:21:37.389Z,separate_executor,quote_run_dispatch_probe,50,1365.35,success,,200,success
p3-ex-official-vu50,12e5712f-f457-4529-9d3d-f2b9eedada4e,2026-08-31T18:21:37.394Z,separate_executor,quote_run_dispatch_probe,50,1400.92,success,,200,success
p3-ex-official-vu50,fb232183-5580-4dca-b962-bd72441cd342,2026-08-31T18:21:37.484Z,separate_executor,quote_run_dispatch_probe,50,1512.07,success,,200,success
p3-ex-official-vu50,00920d7b-d011-463e-a0b8-61b08ed35f94,2026-08-31T18:21:37.588Z,separate_executor,quote_run_dispatch_probe,50,1024.4,success,,200,success
p3-ex-official-vu50,78f536dc-4d77-47d6-8aae-d7594d983fc5,2026-08-31T18:21:37.598Z,separate_executor,quote_run_dispatch_probe,50,1497.09,success,,200,success
p3-ex-official-vu50,2c889e0a-31e0-4c91-be1d-eead15dbab82,2026-08-31T18:21:37.611Z,separate_executor,quote_run_dispatch_probe,50,1394.6,success,,200,success
p3-ex-official-vu50,d5576c92-f842-4b72-a5b6-8703709271da,2026-08-31T18:21:37.614Z,separate_executor,quote_run_dispatch_probe,50,1638.56,success,,200,success
p3-ex-official-vu50,f5e4bb28-6772-4c48-a73a-c934e5e5194d,2026-08-31T18:21:37.624Z,separate_executor,quote_run_dispatch_probe,50,1431.65,success,,200,success
p3-ex-official-vu50,ea6ef03f-a21f-4b4f-af03-762bebcab2f0,2026-08-31T18:21:37.625Z,separate_executor,quote_run_dispatch_probe,50,1385.24,success,,200,success
p3-ex-official-vu50,c9751a19-39f4-4d45-ba7f-76c58af06e99,2026-08-31T18:21:37.642Z,separate_executor,quote_run_dispatch_probe,50,1283.51,success,,200,success
p3-ex-official-vu50,1d5fe607-05d6-4439-9639-c260f4e61106,2026-08-31T18:21:37.740Z,separate_executor,quote_run_dispatch_probe,50,1311.15,success,,200,success
p3-ex-official-vu50,affc8767-52e5-48b0-9049-84d80efe598c,2026-08-31T18:21:37.786Z,separate_executor,quote_run_dispatch_probe,50,1913.18,success,,200,success
p3-ex-official-vu50,90144fdf-d7af-4707-b5b7-06249c1b4e48,2026-08-31T18:21:37.812Z,separate_executor,quote_run_dispatch_probe,50,1316.08,success,,200,success
p3-ex-official-vu50,872ab464-f3fd-4bb7-8974-57811ff461f2,2026-08-31T18:21:37.928Z,separate_executor,quote_run_dispatch_probe,50,1359.33,success,,200,success
p3-ex-official-vu50,1f48a199-4f21-4bcb-841f-7e5a08521715,2026-08-31T18:21:37.941Z,separate_executor,quote_run_dispatch_probe,50,1384.06,success,,200,success
p3-ex-official-vu50,31cc1728-8257-488b-9546-2a3c7cc0f198,2026-08-31T18:21:37.961Z,separate_executor,quote_run_dispatch_probe,50,1383.51,success,,200,success
p3-ex-official-vu50,c69f840a-9fb0-40cc-95c9-04026c3bc5c6,2026-08-31T18:21:37.990Z,separate_executor,quote_run_dispatch_probe,50,1548.82,success,,200,success
p3-ex-official-vu50,9a253a1d-dcc9-435c-bcaa-0fc664addd5b,2026-08-31T18:21:38.019Z,separate_executor,quote_run_dispatch_probe,50,1412.49,success,,200,success
p3-ex-official-vu50,c71c25df-e490-4da1-8466-bb3976f483f1,2026-08-31T18:21:38.039Z,separate_executor,quote_run_dispatch_probe,50,1348.99,success,,200,success
p3-ex-official-vu50,6726b4c6-f597-460b-a80d-a0847d6b7036,2026-08-31T18:21:38.045Z,separate_executor,quote_run_dispatch_probe,50,1407.61,success,,200,success
p3-ex-official-vu50,8e5213e7-960b-4ec4-afdb-f0bad2099a12,2026-08-31T18:21:38.110Z,separate_executor,quote_run_dispatch_probe,50,1346.1,success,,200,success
p3-ex-official-vu50,42415742-e2e4-4e5a-9f5a-631d1a5436ce,2026-08-31T18:21:38.123Z,separate_executor,quote_run_dispatch_probe,50,1312.22,success,,200,success
p3-ex-official-vu50,e8295d9e-a358-4121-b9fc-60d9f650b1dd,2026-08-31T18:21:38.168Z,separate_executor,quote_run_dispatch_probe,50,1480.71,success,,200,success
p3-ex-official-vu50,5a580ff8-7570-4195-8730-61fa016c3646,2026-08-31T18:21:38.236Z,separate_executor,quote_run_dispatch_probe,50,1408.51,success,,200,success
p3-ex-official-vu50,d12d3b80-c296-4018-8528-21b7802a0575,2026-08-31T18:21:38.242Z,separate_executor,quote_run_dispatch_probe,50,1343.74,success,,200,success
p3-ex-official-vu50,eb4f13e1-164c-401f-8265-030ba803c54f,2026-08-31T18:21:38.257Z,separate_executor,quote_run_dispatch_probe,50,1294.88,success,,200,success
p3-ex-official-vu50,2e6077ef-71b1-48f2-8260-8ee4cdc7a057,2026-08-31T18:21:38.261Z,separate_executor,quote_run_dispatch_probe,50,1264.74,success,,200,success
p3-ex-official-vu50,e6c0aebf-24f2-4529-8170-68c521acf898,2026-08-31T18:21:38.270Z,separate_executor,quote_run_dispatch_probe,50,1399.82,success,,200,success
p3-ex-official-vu50,036cfa1b-aa4e-4275-b0a4-3f46c67ddb5e,2026-08-31T18:21:38.271Z,separate_executor,quote_run_dispatch_probe,50,1281.98,success,,200,success
p3-ex-official-vu50,24d2e030-f23c-4f1e-b063-c0e3ef1733ca,2026-08-31T18:21:38.297Z,separate_executor,quote_run_dispatch_probe,50,1156.87,success,,200,success
p3-ex-official-vu50,f49b7dbd-aa60-429c-9103-d5e0a464ca5f,2026-08-31T18:21:38.303Z,separate_executor,quote_run_dispatch_probe,50,1457.64,success,,200,success
p3-ex-official-vu50,df1e9f7a-3969-4a92-9dfb-2f0b89bb848a,2026-08-31T18:21:38.306Z,separate_executor,quote_run_dispatch_probe,50,1434.8,success,,200,success
p3-ex-official-vu50,f42f5760-2ff1-4bc3-a69d-33f81dcfb1fd,2026-08-31T18:21:38.312Z,separate_executor,quote_run_dispatch_probe,50,1233.22,success,,200,success
p3-ex-official-vu50,239aefcd-8b62-4f0c-9b66-c0e0c0f7f2c7,2026-08-31T18:21:38.320Z,separate_executor,quote_run_dispatch_probe,50,1545.25,success,,200,success
p3-ex-official-vu50,c5ac8114-c947-4545-b7e1-3c21c0ce8ab6,2026-08-31T18:21:38.363Z,separate_executor,quote_run_dispatch_probe,50,1227.57,success,,200,success
p3-ex-official-vu50,5d5d2b92-5bc6-4508-b8f3-ca7bd9acad9f,2026-08-31T18:21:38.391Z,separate_executor,quote_run_dispatch_probe,50,1422.75,success,,200,success
p3-ex-official-vu50,68567323-18d8-4bfe-81b4-54077a9e3fd0,2026-08-31T18:21:38.407Z,separate_executor,quote_run_dispatch_probe,50,1469.51,success,,200,success
p3-ex-official-vu50,5db7584e-ef29-4fec-90bb-046fed751a3b,2026-08-31T18:21:38.445Z,separate_executor,quote_run_dispatch_probe,50,1301.92,success,,200,success
p3-ex-official-vu50,f96a02e0-6ba2-4746-a691-c38d30d8dea7,2026-08-31T18:21:38.482Z,separate_executor,quote_run_dispatch_probe,50,1624.31,success,,200,success
p3-ex-official-vu50,d35f89cf-bbff-4b02-babd-23b108b29ff1,2026-08-31T18:21:38.507Z,separate_executor,quote_run_dispatch_probe,50,1118.01,success,,200,success
p3-ex-official-vu50,de731b70-60f5-4f4b-94c3-5ea6c0d0c4ef,2026-08-31T18:21:38.545Z,separate_executor,quote_run_dispatch_probe,50,1408.09,success,,200,success
p3-ex-official-vu50,2fd8b0d4-0131-4371-ae2d-450191eb0345,2026-08-31T18:21:38.550Z,separate_executor,quote_run_dispatch_probe,50,1571.97,success,,200,success
p3-ex-official-vu50,f59c29a6-f2ba-4f7c-af87-2408630f707a,2026-08-31T18:21:38.601Z,separate_executor,quote_run_dispatch_probe,50,1444.36,success,,200,success
p3-ex-official-vu50,d6271576-5c11-4732-a8a2-623f27215b9e,2026-08-31T18:21:38.631Z,separate_executor,quote_run_dispatch_probe,50,1410.42,success,,200,success
p3-ex-official-vu50,18b9f4fd-018e-44c4-bbf9-15d53262a3c0,2026-08-31T18:21:38.652Z,separate_executor,quote_run_dispatch_probe,50,1347.06,success,,200,success
p3-ex-official-vu50,da5b3673-e97b-40d8-bbaa-758066aca711,2026-08-31T18:21:38.653Z,separate_executor,quote_run_dispatch_probe,50,1498.01,success,,200,success
p3-ex-official-vu50,0a76a789-a6f1-4a38-9602-7db4f582c23d,2026-08-31T18:21:38.654Z,separate_executor,quote_run_dispatch_probe,50,1495.16,success,,200,success
p3-ex-official-vu50,1a6b170e-48ca-4d51-968f-ba492ff67ea2,2026-08-31T18:21:38.660Z,separate_executor,quote_run_dispatch_probe,50,1597.61,success,,200,success
p3-ex-official-vu50,686c36c1-1eea-4c6a-8c2f-402c28e279c6,2026-08-31T18:21:38.675Z,separate_executor,quote_run_dispatch_probe,50,1416.66,success,,200,success
p3-ex-official-vu50,90648a17-999b-47da-801f-f1d62ad15106,2026-08-31T18:21:38.684Z,separate_executor,quote_run_dispatch_probe,50,1410.46,success,,200,success
p3-ex-official-vu50,c1ed8c95-209b-468b-9c95-aa568d6007eb,2026-08-31T18:21:38.704Z,separate_executor,quote_run_dispatch_probe,50,963.84,success,,200,success
p3-ex-official-vu50,d6ddabf6-60f2-4e56-8cd8-953333e540f7,2026-08-31T18:21:38.811Z,separate_executor,quote_run_dispatch_probe,50,1417.15,success,,200,success
p3-ex-official-vu50,f7636055-1ed5-42de-b605-dee32560643c,2026-08-31T18:21:38.855Z,separate_executor,quote_run_dispatch_probe,50,1486.56,success,,200,success
p3-ex-official-vu50,a046c555-2908-403e-9fae-2c266825ec87,2026-08-31T18:21:38.858Z,separate_executor,quote_run_dispatch_probe,50,1270.22,success,,200,success
p3-ex-official-vu50,2baab0ce-bda9-4790-8295-b779c05eb5e0,2026-08-31T18:21:38.940Z,separate_executor,quote_run_dispatch_probe,50,1315.27,success,,200,success
p3-ex-official-vu50,f5b0fda0-5b64-4e98-b18e-43632812faad,2026-08-31T18:21:38.978Z,separate_executor,quote_run_dispatch_probe,50,1353.69,success,,200,success
p3-ex-official-vu50,acfb05b1-5745-4ff3-af4c-86095a0a583f,2026-08-31T18:21:38.990Z,separate_executor,quote_run_dispatch_probe,50,1505.59,success,,200,success
p3-ex-official-vu50,26a386c8-098e-461c-a575-b899d0e9a9d9,2026-08-31T18:21:39.015Z,separate_executor,quote_run_dispatch_probe,50,1203.84,success,,200,success
p3-ex-official-vu50,a1e738b6-cde1-4db1-8b1f-7faf48c9d2b6,2026-08-31T18:21:39.026Z,separate_executor,quote_run_dispatch_probe,50,1415.26,success,,200,success
p3-ex-official-vu50,36b2a6e1-66b4-42b4-89bf-00508274443c,2026-08-31T18:21:39.062Z,separate_executor,quote_run_dispatch_probe,50,1120.82,success,,200,success
p3-ex-official-vu50,a07c7863-f063-4c5e-81d9-70a4a39bc34d,2026-08-31T18:21:39.064Z,separate_executor,quote_run_dispatch_probe,50,1449.37,success,,200,success
p3-ex-official-vu50,7599df3a-692e-4bd7-8142-c9a397a58823,2026-08-31T18:21:39.172Z,separate_executor,quote_run_dispatch_probe,50,1211.27,success,,200,success
p3-ex-official-vu50,06ade674-69e2-46ec-a805-2247549d9d98,2026-08-31T18:21:39.188Z,separate_executor,quote_run_dispatch_probe,50,1260.11,success,,200,success
p3-ex-official-vu50,5ee81222-efe9-4205-8f3f-357e22faa744,2026-08-31T18:21:39.224Z,separate_executor,quote_run_dispatch_probe,50,1581.98,success,,200,success
p3-ex-official-vu50,2d66e8e6-696f-4b69-86b1-0e0e30e42283,2026-08-31T18:21:39.269Z,separate_executor,quote_run_dispatch_probe,50,1229.92,success,,200,success
p3-ex-official-vu50,0cb0d6e5-3c41-4510-b689-d0ca578f29ac,2026-08-31T18:21:39.339Z,separate_executor,quote_run_dispatch_probe,50,1171,success,,200,success
p3-ex-official-vu50,d14a0103-a420-4e2f-a866-64d419730b59,2026-08-31T18:21:39.369Z,separate_executor,quote_run_dispatch_probe,50,1107.47,success,,200,success
p3-ex-official-vu50,6bc39ba9-4839-42ee-8b54-93298c254672,2026-08-31T18:21:39.375Z,separate_executor,quote_run_dispatch_probe,50,1385.54,success,,200,success
p3-ex-official-vu50,5bf53837-122e-4688-87f4-011efc27347f,2026-08-31T18:21:39.433Z,separate_executor,quote_run_dispatch_probe,50,1309.86,success,,200,success
p3-ex-official-vu50,10385696-8a1f-43af-8615-ed2be3a162dc,2026-08-31T18:21:39.440Z,separate_executor,quote_run_dispatch_probe,50,1420.94,success,,200,success
p3-ex-official-vu50,133f183b-5dd1-4594-9c71-84d647f8c9f0,2026-08-31T18:21:39.441Z,separate_executor,quote_run_dispatch_probe,50,1396.47,success,,200,success
p3-ex-official-vu50,0d62354d-c27c-4986-9cc2-64434da2337f,2026-08-31T18:21:39.442Z,separate_executor,quote_run_dispatch_probe,50,1130.78,success,,200,success
p3-ex-official-vu50,bb407b6e-a4cb-4906-be56-ac1ee209446c,2026-08-31T18:21:39.443Z,separate_executor,quote_run_dispatch_probe,50,1844.94,success,,200,success
p3-ex-official-vu50,6f445622-2f76-4eb9-abc5-169130fc3638,2026-08-31T18:21:39.464Z,separate_executor,quote_run_dispatch_probe,50,1193.75,success,,200,success
p3-ex-official-vu50,70697225-35ae-467b-bf54-fbd72b9599c8,2026-08-31T18:21:39.487Z,separate_executor,quote_run_dispatch_probe,50,1190.5,success,,200,success
p3-ex-official-vu50,d92feb5c-08cd-49ed-8286-d75d73f6521c,2026-08-31T18:21:39.537Z,separate_executor,quote_run_dispatch_probe,50,1301.42,success,,200,success
p3-ex-official-vu50,21d2ae0b-b481-4ec9-8ccf-6e2c0b199df2,2026-08-31T18:21:39.552Z,separate_executor,quote_run_dispatch_probe,50,1295.07,success,,200,success
p3-ex-official-vu50,b7bfda50-1751-47be-96d5-1ed5f4f6583f,2026-08-31T18:21:39.554Z,separate_executor,quote_run_dispatch_probe,50,1162.72,success,,200,success
p3-ex-official-vu50,8d15a5dc-6d5c-4e7a-b178-bd20fbd7104c,2026-08-31T18:21:39.590Z,separate_executor,quote_run_dispatch_probe,50,1348.52,success,,200,success
p3-ex-official-vu50,9ba53c23-6815-4f98-954b-74c5f3eeb696,2026-08-31T18:21:39.595Z,separate_executor,quote_run_dispatch_probe,50,1809.06,success,,200,success
p3-ex-official-vu50,4a96b989-a5d8-4a3f-8199-8aebc60ec633,2026-08-31T18:21:39.623Z,separate_executor,quote_run_dispatch_probe,50,1351.79,success,,200,success
p3-ex-official-vu50,b86e6d23-1e1a-4ec2-b153-9550a73f97d5,2026-08-31T18:21:39.628Z,separate_executor,quote_run_dispatch_probe,50,1121.65,success,,200,success
p3-ex-official-vu50,49a51b74-86cb-4b8d-9c90-4ef65278eb98,2026-08-31T18:21:39.676Z,separate_executor,quote_run_dispatch_probe,50,1566.79,success,,200,success
p3-ex-official-vu50,3cf474e0-faf9-47e9-9d86-edfae3308cad,2026-08-31T18:21:39.727Z,separate_executor,quote_run_dispatch_probe,50,1282.25,success,,200,success
p3-ex-official-vu50,d82866b6-5790-4fa0-9116-d9b2a619522e,2026-08-31T18:21:39.734Z,separate_executor,quote_run_dispatch_probe,50,1371.31,success,,200,success
p3-ex-official-vu50,fa16e4f0-b6f8-4b7b-9483-b78b5e11658f,2026-08-31T18:21:39.737Z,separate_executor,quote_run_dispatch_probe,50,1329.75,success,,200,success
p3-ex-official-vu50,4675006b-b455-4aaf-bf1f-98cccb387d88,2026-08-31T18:21:39.744Z,separate_executor,quote_run_dispatch_probe,50,1437.63,success,,200,success
p3-ex-official-vu50,ee071175-cd0f-4f9b-92c6-03cf76a76a81,2026-08-31T18:21:39.906Z,separate_executor,quote_run_dispatch_probe,50,1360.66,success,,200,success
p3-ex-official-vu50,df00ba36-3b37-46de-a323-ef11b0024d66,2026-08-31T18:21:39.906Z,separate_executor,quote_run_dispatch_probe,50,1355.77,success,,200,success
p3-ex-official-vu50,0bda8553-2a33-4732-bcf3-4b0b05cb60f1,2026-08-31T18:21:39.906Z,separate_executor,quote_run_dispatch_probe,50,1603.75,success,,200,success
p3-ex-official-vu50,d002356a-a8d3-4f82-925a-64333cae7d87,2026-08-31T18:21:39.907Z,separate_executor,quote_run_dispatch_probe,50,1425.7,success,,200,success
p3-ex-official-vu50,b2d0777e-f0c3-45c7-8244-db2c5461e16c,2026-08-31T18:21:39.913Z,separate_executor,quote_run_dispatch_probe,50,1261.29,success,,200,success
p3-ex-official-vu50,0ffc34a5-715f-4d21-9c36-443e165583c4,2026-08-31T18:21:39.920Z,separate_executor,quote_run_dispatch_probe,50,1259.55,success,,200,success
p3-ex-official-vu50,0e06e837-1958-41f8-90a1-4a06809be37e,2026-08-31T18:21:39.940Z,separate_executor,quote_run_dispatch_probe,50,1339.03,success,,200,success
p3-ex-official-vu50,b475ed0f-d7cc-420c-a6ff-572880b74d47,2026-08-31T18:21:39.941Z,separate_executor,quote_run_dispatch_probe,50,1237.33,success,,200,success
p3-ex-official-vu50,bf25ea9f-ac44-416a-805c-dbc01c4b0098,2026-08-31T18:21:39.956Z,separate_executor,quote_run_dispatch_probe,50,1281,success,,200,success
p3-ex-official-vu50,2d1471fc-c716-4264-a161-8be50a321eff,2026-08-31T18:21:40.052Z,separate_executor,quote_run_dispatch_probe,50,1194.32,success,,200,success
p3-ex-official-vu50,0b913ced-1b86-433a-81dc-a12426a1a5b7,2026-08-31T18:21:40.108Z,separate_executor,quote_run_dispatch_probe,50,1423.9,success,,200,success
p3-ex-official-vu50,5f319447-fcd9-45a5-a46b-85c36e2b3d3f,2026-08-31T18:21:40.110Z,separate_executor,quote_run_dispatch_probe,50,1457.34,success,,200,success
p3-ex-official-vu50,9432aad6-6489-4980-b43b-9abf4ad8f0d8,2026-08-31T18:21:40.111Z,separate_executor,quote_run_dispatch_probe,50,1457.39,success,,200,success
p3-ex-official-vu50,7acad949-316d-4de1-82b6-3b1f7955a455,2026-08-31T18:21:40.111Z,separate_executor,quote_run_dispatch_probe,50,1095.61,success,,200,success
p3-ex-official-vu50,c6017ea1-0847-4d65-b809-3dd2cf1b5893,2026-08-31T18:21:40.119Z,separate_executor,quote_run_dispatch_probe,50,1799.05,success,,200,success
p3-ex-official-vu50,d0c7449b-6e71-4d56-bbd7-146d81d1a97b,2026-08-31T18:21:40.144Z,separate_executor,quote_run_dispatch_probe,50,1333.09,success,,200,success
p3-ex-official-vu50,feb1db7b-2788-48ae-94b8-f24517a3521e,2026-08-31T18:21:40.162Z,separate_executor,quote_run_dispatch_probe,50,1098.03,success,,200,success
p3-ex-official-vu50,793cf7ef-9039-4195-bc3b-1fc26a7338dd,2026-08-31T18:21:40.186Z,separate_executor,quote_run_dispatch_probe,50,1331.31,success,,200,success
p3-ex-official-vu50,b6a05038-6e58-4b62-ac78-f77aecc5ea75,2026-08-31T18:21:40.223Z,separate_executor,quote_run_dispatch_probe,50,1282.52,success,,200,success
p3-ex-official-vu50,7455a78c-c9ab-4fea-9b0f-6bc164d830f7,2026-08-31T18:21:40.239Z,separate_executor,quote_run_dispatch_probe,50,1608.61,success,,200,success
p3-ex-official-vu50,2bf40e63-1447-4b8d-9342-8fbfc0b59bba,2026-08-31T18:21:40.273Z,separate_executor,quote_run_dispatch_probe,50,1100.19,success,,200,success
p3-ex-official-vu50,8e8c9050-2fea-4bdd-b21b-223a55642c2d,2026-08-31T18:21:40.319Z,separate_executor,quote_run_dispatch_probe,50,1328.8,success,,200,success
p3-ex-official-vu50,b0387039-76dc-425a-af29-2832240a29e0,2026-08-31T18:21:40.353Z,separate_executor,quote_run_dispatch_probe,50,1375.31,success,,200,success
p3-ex-official-vu50,252284cf-7016-48cf-82c0-f3635fca0e5a,2026-08-31T18:21:40.374Z,separate_executor,quote_run_dispatch_probe,50,1347.81,success,,200,success
p3-ex-official-vu50,eeb36539-a45d-4651-81e6-01987b70eeac,2026-08-31T18:21:40.486Z,separate_executor,quote_run_dispatch_probe,50,1216.73,success,,200,success
p3-ex-official-vu50,e091ecb9-e2ce-47c8-b719-af16e663dcaa,2026-08-31T18:21:40.520Z,separate_executor,quote_run_dispatch_probe,50,1458.39,success,,200,success
p3-ex-official-vu50,1a44514a-9403-4e6e-84cd-dd93c787d20b,2026-08-31T18:21:40.576Z,separate_executor,quote_run_dispatch_probe,50,1388.51,success,,200,success
p3-ex-official-vu50,d1eb881d-1d70-45c4-806a-61ecff72fb58,2026-08-31T18:21:40.603Z,separate_executor,quote_run_dispatch_probe,50,1160.96,success,,200,success
p3-ex-official-vu50,e57f0dbd-8913-4bc1-b6c7-2e7ab60ff027,2026-08-31T18:21:40.611Z,separate_executor,quote_run_dispatch_probe,50,1241.99,success,,200,success
p3-ex-official-vu50,b446e5ce-7a99-4951-ae38-4a550c799718,2026-08-31T18:21:40.667Z,separate_executor,quote_run_dispatch_probe,50,1442.86,success,,200,success
p3-ex-official-vu50,b4431a59-b8ef-4613-8bb4-3dcbaaecce64,2026-08-31T18:21:40.725Z,separate_executor,quote_run_dispatch_probe,50,1291.74,success,,200,success
p3-ex-official-vu50,a9b261c8-db70-47da-ab91-909ee6595126,2026-08-31T18:21:40.729Z,separate_executor,quote_run_dispatch_probe,50,1242.04,success,,200,success
p3-ex-official-vu50,953fa44e-b960-4c3d-89dc-01cd306e15da,2026-08-31T18:21:40.732Z,separate_executor,quote_run_dispatch_probe,50,1104.14,success,,200,success
p3-ex-official-vu50,89295387-c104-4164-90c3-9a25ae242922,2026-08-31T18:21:40.739Z,separate_executor,quote_run_dispatch_probe,50,1298.68,success,,200,success
p3-ex-official-vu50,8a0fd6d2-829c-4d43-84f2-1e67b279264f,2026-08-31T18:21:40.740Z,separate_executor,quote_run_dispatch_probe,50,1275.98,success,,200,success
p3-ex-official-vu50,2c433966-462a-40bb-9028-58d4f2c73356,2026-08-31T18:21:40.803Z,separate_executor,quote_run_dispatch_probe,50,1250.96,success,,200,success
p3-ex-official-vu50,5ac73355-8ed1-426f-bfc3-43d0b4d92f5f,2026-08-31T18:21:40.871Z,separate_executor,quote_run_dispatch_probe,50,1495.69,success,,200,success
p3-ex-official-vu50,85db341d-3148-4fe2-b388-a915251e93ea,2026-08-31T18:21:40.879Z,separate_executor,quote_run_dispatch_probe,50,1152.27,success,,200,success
p3-ex-official-vu50,5e413265-ab19-40df-a0b1-9678c70e7ec9,2026-08-31T18:21:40.882Z,separate_executor,quote_run_dispatch_probe,50,1344.6,success,,200,success
p3-ex-official-vu50,0a55837b-3c63-4a4d-a9b4-9c73b870f5e2,2026-08-31T18:21:40.886Z,separate_executor,quote_run_dispatch_probe,50,1443,success,,200,success
p3-ex-official-vu50,ac172abc-e19b-4152-99ab-d43b1332aa4a,2026-08-31T18:21:40.918Z,separate_executor,quote_run_dispatch_probe,50,1578.72,success,,200,success
p3-ex-official-vu50,306aafa0-2bc0-4bed-8122-25787c08f3de,2026-08-31T18:21:40.919Z,separate_executor,quote_run_dispatch_probe,50,1365.21,success,,200,success
p3-ex-official-vu50,1d5139dc-58fd-4cf8-ac5a-875cf6681416,2026-08-31T18:21:40.951Z,separate_executor,quote_run_dispatch_probe,50,1328.29,success,,200,success
p3-ex-official-vu50,fc6fbcd8-6580-4264-aa72-3a7eef549ff8,2026-08-31T18:21:40.971Z,separate_executor,quote_run_dispatch_probe,50,1380.48,success,,200,success
p3-ex-official-vu50,e4b67e32-27d7-4428-b135-f34fbc677783,2026-08-31T18:21:41.000Z,separate_executor,quote_run_dispatch_probe,50,1265.35,success,,200,success
p3-ex-official-vu50,40e21f78-1cb0-44ad-accb-784164b50371,2026-08-31T18:21:41.074Z,separate_executor,quote_run_dispatch_probe,50,1632.79,success,,200,success
p3-ex-official-vu50,5051c1f6-a371-4252-8ba0-fdc31aa2cf14,2026-08-31T18:21:41.074Z,separate_executor,quote_run_dispatch_probe,50,1133.49,success,,200,success
p3-ex-official-vu50,67d56015-4e58-4d83-af78-b94a808cca3a,2026-08-31T18:21:41.075Z,separate_executor,quote_run_dispatch_probe,50,1398.6,success,,200,success
p3-ex-official-vu50,d3365dcb-3325-4e51-899f-fedba5001fa5,2026-08-31T18:21:41.123Z,separate_executor,quote_run_dispatch_probe,50,1386.14,success,,200,success
p3-ex-official-vu50,2575d479-bbb8-4e58-acf4-ccd601fe34fc,2026-08-31T18:21:41.156Z,separate_executor,quote_run_dispatch_probe,50,1216.53,success,,200,success
p3-ex-official-vu50,6847a96e-d98e-460f-b7d0-087ec4134df5,2026-08-31T18:21:41.234Z,separate_executor,quote_run_dispatch_probe,50,1490.37,success,,200,success
p3-ex-official-vu50,2cf36c55-06de-45e9-ae8a-25aa396aad78,2026-08-31T18:21:41.236Z,separate_executor,quote_run_dispatch_probe,50,1322.63,success,,200,success
p3-ex-official-vu50,7b734675-4661-4fa0-8ad0-e24ac7230a8a,2026-08-31T18:21:41.241Z,separate_executor,quote_run_dispatch_probe,50,1079.62,success,,200,success
p3-ex-official-vu50,b34d66f6-90bc-4e1d-9cb0-050ca68fec67,2026-08-31T18:21:41.292Z,separate_executor,quote_run_dispatch_probe,50,1384.44,success,,200,success
p3-ex-official-vu50,a8c44fb1-6e16-49e2-a7cf-dd8ecc78fbee,2026-08-31T18:21:41.293Z,separate_executor,quote_run_dispatch_probe,50,1336.34,success,,200,success
p3-ex-official-vu50,f5f9eaee-348b-4b3e-971c-cc4cbce1ff1a,2026-08-31T18:21:41.322Z,separate_executor,quote_run_dispatch_probe,50,1269.81,success,,200,success
p3-ex-official-vu50,f523c94a-73d3-4b75-bd0e-f9c7192394a1,2026-08-31T18:21:41.334Z,separate_executor,quote_run_dispatch_probe,50,1428.03,success,,200,success
p3-ex-official-vu50,8eaac5e9-fac6-46ad-b28e-00154771c493,2026-08-31T18:21:41.355Z,separate_executor,quote_run_dispatch_probe,50,1448.89,success,,200,success
p3-ex-official-vu50,2f848b34-f3a0-49b9-84e5-fdd003676870,2026-08-31T18:21:41.370Z,separate_executor,quote_run_dispatch_probe,50,1259.36,success,,200,success
p3-ex-official-vu50,cba6654b-381d-47ca-8cf3-de7970fd917f,2026-08-31T18:21:41.430Z,separate_executor,quote_run_dispatch_probe,50,1510.17,success,,200,success
p3-ex-official-vu50,b0e28b2a-1c42-4258-8e40-a0fa44d40aab,2026-08-31T18:21:41.482Z,separate_executor,quote_run_dispatch_probe,50,1575.21,success,,200,success
p3-ex-official-vu50,4e5d11a6-209e-4d77-9d6f-939e0b9b7550,2026-08-31T18:21:41.493Z,separate_executor,quote_run_dispatch_probe,50,1381.37,success,,200,success
p3-ex-official-vu50,b1fed021-1aec-4397-aaf1-d0e49e6352b3,2026-08-31T18:21:41.537Z,separate_executor,quote_run_dispatch_probe,50,1392.29,success,,200,success
p3-ex-official-vu50,6f338e59-aafb-44b5-87d4-3e0b161bfddd,2026-08-31T18:21:41.540Z,separate_executor,quote_run_dispatch_probe,50,1432.4,success,,200,success
p3-ex-official-vu50,f4fec263-b8be-4431-b634-0564225e2e9b,2026-08-31T18:21:41.541Z,separate_executor,quote_run_dispatch_probe,50,1301.89,success,,200,success
p3-ex-official-vu50,06e31771-1cfa-451c-9bda-607c65e93076,2026-08-31T18:21:41.575Z,separate_executor,quote_run_dispatch_probe,50,1255.99,success,,200,success
p3-ex-official-vu50,0c65fbc2-e9df-4a20-9d6b-a88909a8a0ce,2026-08-31T18:21:41.622Z,separate_executor,quote_run_dispatch_probe,50,1269.11,success,,200,success
p3-ex-official-vu50,5ae22b4b-c1b3-4e28-835f-ee488a67ce7d,2026-08-31T18:21:41.637Z,separate_executor,quote_run_dispatch_probe,50,1450.74,success,,200,success
p3-ex-official-vu50,28fdcf21-65ab-42f0-bf76-d4b55e57759a,2026-08-31T18:21:41.656Z,separate_executor,quote_run_dispatch_probe,50,2061.29,success,,200,success
p3-ex-official-vu50,d3119a04-657b-41da-9121-1c767698ef5c,2026-08-31T18:21:41.658Z,separate_executor,quote_run_dispatch_probe,50,1547.82,success,,200,success
p3-ex-official-vu50,de44dcf8-29f2-40fd-bd2f-3cf904eb5d9f,2026-08-31T18:21:41.750Z,separate_executor,quote_run_dispatch_probe,50,1526.78,success,,200,success
p3-ex-official-vu50,878e6fd6-2d6c-424e-9a6b-ff553faec913,2026-08-31T18:21:41.812Z,separate_executor,quote_run_dispatch_probe,50,1539.76,success,,200,success
p3-ex-official-vu50,400e1bf5-e8f6-4394-8833-eec74e8d10df,2026-08-31T18:21:41.943Z,separate_executor,quote_run_dispatch_probe,50,1457.2,success,,200,success
p3-ex-official-vu50,775735e1-3afd-4772-80aa-307ed68a7b2a,2026-08-31T18:21:41.944Z,separate_executor,quote_run_dispatch_probe,50,1570.55,success,,200,success
p3-ex-official-vu50,45c8f7e9-08c7-4b75-abea-27f50ae0c3b4,2026-08-31T18:21:41.952Z,separate_executor,quote_run_dispatch_probe,50,1832.59,success,,200,success
p3-ex-official-vu50,96359022-1f4e-409d-bbe4-5e2dbf084370,2026-08-31T18:21:41.962Z,separate_executor,quote_run_dispatch_probe,50,1229.85,success,,200,success
p3-ex-official-vu50,235c15cb-578d-44a8-81af-365f311e4ced,2026-08-31T18:21:41.967Z,separate_executor,quote_run_dispatch_probe,50,1390.7,success,,200,success
p3-ex-official-vu50,b828230a-ea83-40f4-bbe8-8caaf24b823b,2026-08-31T18:21:41.971Z,separate_executor,quote_run_dispatch_probe,50,1367.83,success,,200,success
p3-ex-official-vu50,018f5d1e-d820-4ddc-8f99-94d01dd5ec8b,2026-08-31T18:21:41.979Z,separate_executor,quote_run_dispatch_probe,50,1368.58,success,,200,success
p3-ex-official-vu50,f99ce0d7-a7e8-460c-b80b-c638a57de6b8,2026-08-31T18:21:41.988Z,separate_executor,quote_run_dispatch_probe,50,1467.28,success,,200,success
p3-ex-official-vu50,65d1cb52-f2d3-4bdc-b8e7-692f5c9a8edc,2026-08-31T18:21:41.989Z,separate_executor,quote_run_dispatch_probe,50,1185.91,success,,200,success
p3-ex-official-vu50,04552645-0f23-47b5-8252-94d4fd07f648,2026-08-31T18:21:42.000Z,separate_executor,quote_run_dispatch_probe,50,1261.26,success,,200,success
p3-ex-official-vu50,e7e4c8b7-98fc-467c-83ca-9589d518a808,2026-08-31T18:21:42.019Z,separate_executor,quote_run_dispatch_probe,50,1290.21,success,,200,success
p3-ex-official-vu50,a4d8006a-2779-4ba7-a099-ec4e313f44be,2026-08-31T18:21:42.084Z,separate_executor,quote_run_dispatch_probe,50,1343.69,success,,200,success
p3-ex-official-vu50,af8a1906-9c93-4508-a697-294df7c4b766,2026-08-31T18:21:42.171Z,separate_executor,quote_run_dispatch_probe,50,1445.74,success,,200,success
p3-ex-official-vu50,bc6955e0-b3f7-4792-8952-704144627983,2026-08-31T18:21:42.206Z,separate_executor,quote_run_dispatch_probe,50,1326.45,success,,200,success
p3-ex-official-vu50,73d17d3f-6423-49fa-b6c0-552a20d62722,2026-08-31T18:21:42.218Z,separate_executor,quote_run_dispatch_probe,50,1299.91,success,,200,success
p3-ex-official-vu50,29dd480a-c338-4236-ae9d-fbe5c876529b,2026-08-31T18:21:42.219Z,separate_executor,quote_run_dispatch_probe,50,1299.77,success,,200,success
p3-ex-official-vu50,fa027184-aedd-479c-99d0-045f87a72527,2026-08-31T18:21:42.251Z,separate_executor,quote_run_dispatch_probe,50,1584.79,success,,200,success
p3-ex-official-vu50,69360cb2-5bb5-48b4-91b8-ee1c734aa6e6,2026-08-31T18:21:42.268Z,separate_executor,quote_run_dispatch_probe,50,1268.59,success,,200,success
p3-ex-official-vu50,9456e88e-487c-45e6-a443-b8f08cb35253,2026-08-31T18:21:42.269Z,separate_executor,quote_run_dispatch_probe,50,1298.4,success,,200,success
p3-ex-official-vu50,49790174-df96-47c3-ac02-210dc6081700,2026-08-31T18:21:42.302Z,separate_executor,quote_run_dispatch_probe,50,1350.92,success,,200,success
p3-ex-official-vu50,8f9c8750-536e-4458-a2ff-df4323b6adf6,2026-08-31T18:21:42.314Z,separate_executor,quote_run_dispatch_probe,50,1443.16,success,,200,success
p3-ex-official-vu50,d597d366-1257-4679-ba0b-1c2d132df838,2026-08-31T18:21:42.338Z,separate_executor,quote_run_dispatch_probe,50,1096.34,success,,200,success
p3-ex-official-vu50,d3bdb13c-e22a-4fff-9956-8c525fa651c3,2026-08-31T18:21:42.348Z,separate_executor,quote_run_dispatch_probe,50,1273.38,success,,200,success
p3-ex-official-vu50,7572ca78-15cd-439d-85f7-954c91426e24,2026-08-31T18:21:42.373Z,separate_executor,quote_run_dispatch_probe,50,1490.77,success,,200,success
p3-ex-official-vu50,7c48c1ff-1697-44d6-898d-a4b632ec2809,2026-08-31T18:21:42.494Z,separate_executor,quote_run_dispatch_probe,50,1201.87,success,,200,success
p3-ex-official-vu50,ad8d026f-9579-4935-a008-a67e366d83e2,2026-08-31T18:21:42.509Z,separate_executor,quote_run_dispatch_probe,50,1435.16,success,,200,success
p3-ex-official-vu50,6dde2749-bb00-4ef7-a8a2-5259d50bd357,2026-08-31T18:21:42.510Z,separate_executor,quote_run_dispatch_probe,50,1353.95,success,,200,success
p3-ex-official-vu50,7e0a0f1d-7f94-470b-9d3c-192fdd8b1cae,2026-08-31T18:21:42.553Z,separate_executor,quote_run_dispatch_probe,50,1230.83,success,,200,success
p3-ex-official-vu50,26ef9575-9b14-4e3f-aa27-6831d0ab9869,2026-08-31T18:21:42.560Z,separate_executor,quote_run_dispatch_probe,50,1189.56,success,,200,success
p3-ex-official-vu50,fce44086-9604-4fa4-ae64-1cff2a1d9839,2026-08-31T18:21:42.587Z,separate_executor,quote_run_dispatch_probe,50,1512.39,success,,200,success
p3-ex-official-vu50,01b190ab-58c6-4b9a-9149-4df4340f4aa1,2026-08-31T18:21:42.591Z,separate_executor,quote_run_dispatch_probe,50,1704.36,success,,200,success
p3-ex-official-vu50,970608ae-26c4-4708-beed-2c4cdf60097b,2026-08-31T18:21:42.606Z,separate_executor,quote_run_dispatch_probe,50,1482.65,success,,200,success
p3-ex-official-vu50,866f4a0e-7ce4-42b3-999b-dbeee7f18aaf,2026-08-31T18:21:42.695Z,separate_executor,quote_run_dispatch_probe,50,1402.96,success,,200,success
p3-ex-official-vu50,dd2bce12-f5d6-4867-9699-523826ff62a6,2026-08-31T18:21:42.724Z,separate_executor,quote_run_dispatch_probe,50,1490,success,,200,success
p3-ex-official-vu50,09141767-6b15-409c-8aae-d568dc7201fb,2026-08-31T18:21:42.736Z,separate_executor,quote_run_dispatch_probe,50,1500.51,success,,200,success
p3-ex-official-vu50,7c86d11f-86c4-437a-8e41-6ee515921e32,2026-08-31T18:21:42.838Z,separate_executor,quote_run_dispatch_probe,50,1503.99,success,,200,success
p3-ex-official-vu50,a23a788f-d9b6-499f-88a5-c33fa6368404,2026-08-31T18:21:42.841Z,separate_executor,quote_run_dispatch_probe,50,1486.77,success,,200,success
p3-ex-official-vu50,0ccad21b-ebe5-4fb7-88c8-d60483887582,2026-08-31T18:21:42.852Z,separate_executor,quote_run_dispatch_probe,50,1277.32,success,,200,success
p3-ex-official-vu50,f4464441-ec4f-4b2a-a697-2fc56ed52cde,2026-08-31T18:21:42.870Z,separate_executor,quote_run_dispatch_probe,50,1440.72,success,,200,success
p3-ex-official-vu50,9986d5fd-e545-4ed1-abf8-f2b698cf63b8,2026-08-31T18:21:42.872Z,separate_executor,quote_run_dispatch_probe,50,1330.24,success,,200,success
p3-ex-official-vu50,0302aeb1-9257-47e9-ad2c-7c4d0cf75360,2026-08-31T18:21:42.878Z,separate_executor,quote_run_dispatch_probe,50,1337.98,success,,200,success
p3-ex-official-vu50,ab2b171d-dc0b-49b5-ae29-e2510d96817e,2026-08-31T18:21:42.984Z,separate_executor,quote_run_dispatch_probe,50,1491.75,success,,200,success
p3-ex-official-vu50,9dfdf2d6-81c4-4e5d-9546-bcd4089a6a5e,2026-08-31T18:21:42.985Z,separate_executor,quote_run_dispatch_probe,50,1448.75,success,,200,success
p3-ex-official-vu50,897fe9af-dfac-443e-9695-d7e9ba6a299b,2026-08-31T18:21:43.095Z,separate_executor,quote_run_dispatch_probe,50,1457.32,success,,200,success
p3-ex-official-vu50,ac51d264-44b5-41f2-8f92-68f70571857e,2026-08-31T18:21:43.102Z,separate_executor,quote_run_dispatch_probe,50,1480.33,success,,200,success
p3-ex-official-vu50,f589c613-ee77-440b-bcf2-03dbfbf0501d,2026-08-31T18:21:43.138Z,separate_executor,quote_run_dispatch_probe,50,1656.54,success,,200,success
p3-ex-official-vu50,03782c87-ed6b-49ba-95f6-2820e0087875,2026-08-31T18:21:43.144Z,separate_executor,quote_run_dispatch_probe,50,1486.19,success,,200,success
p3-ex-official-vu50,9b6aac54-8a89-4eb7-b8b6-472f08f066a4,2026-08-31T18:21:43.195Z,separate_executor,quote_run_dispatch_probe,50,1382.59,success,,200,success
p3-ex-official-vu50,8bd14ed2-8864-425b-a7c1-309432e74998,2026-08-31T18:21:43.212Z,separate_executor,quote_run_dispatch_probe,50,1244.48,success,,200,success
p3-ex-official-vu50,209194e2-b649-42e5-bbb5-04ceb1808630,2026-08-31T18:21:43.228Z,separate_executor,quote_run_dispatch_probe,50,1249.08,success,,200,success
p3-ex-official-vu50,653f9792-5691-4453-87d5-205a224ff9a3,2026-08-31T18:21:43.251Z,separate_executor,quote_run_dispatch_probe,50,1231.5,success,,200,success
p3-ex-official-vu50,4d7ab06e-4927-4408-9342-a3e5c590c626,2026-08-31T18:21:43.251Z,separate_executor,quote_run_dispatch_probe,50,1307.02,success,,200,success
p3-ex-official-vu50,4a2fd775-d299-423d-87d2-52b4b8639409,2026-08-31T18:21:43.258Z,separate_executor,quote_run_dispatch_probe,50,1269.45,success,,200,success
p3-ex-official-vu50,f167c72a-78d0-4a11-9282-82b01e8dc304,2026-08-31T18:21:43.319Z,separate_executor,quote_run_dispatch_probe,50,1375.5,success,,200,success
p3-ex-official-vu50,9e7a9bdc-28ab-4634-90b8-98dcb6616c0c,2026-08-31T18:21:43.328Z,separate_executor,quote_run_dispatch_probe,50,1340.18,success,,200,success
p3-ex-official-vu50,6563858f-b9c3-4763-b630-329e83a64a08,2026-08-31T18:21:43.339Z,separate_executor,quote_run_dispatch_probe,50,1367.61,success,,200,success
p3-ex-official-vu50,8609ee7f-9e4a-4f39-92f6-5a2fcc921a5e,2026-08-31T18:21:43.393Z,separate_executor,quote_run_dispatch_probe,50,1643.21,success,,200,success
p3-ex-official-vu50,4c4a0a91-fe60-4077-a966-c1f2d3984d47,2026-08-31T18:21:43.426Z,separate_executor,quote_run_dispatch_probe,50,1088.12,success,,200,success
p3-ex-official-vu50,c9ff2134-3e11-4c8c-b34d-2c1a83a0075a,2026-08-31T18:21:43.435Z,separate_executor,quote_run_dispatch_probe,50,1778.46,success,,200,success
p3-ex-official-vu50,cbef0017-ea06-4952-8ac0-fc249ee36d78,2026-08-31T18:21:43.440Z,separate_executor,quote_run_dispatch_probe,50,1440.27,success,,200,success
p3-ex-official-vu50,55155d91-4b6c-4255-9c13-ede25cd170fa,2026-08-31T18:21:43.485Z,separate_executor,quote_run_dispatch_probe,50,1533.54,success,,200,success
p3-ex-official-vu50,7704d521-622e-4c01-937d-fafec0b3f086,2026-08-31T18:21:43.516Z,separate_executor,quote_run_dispatch_probe,50,1345.46,success,,200,success
p3-ex-official-vu50,040a1736-c13e-47fa-9b43-e8f7d63877f5,2026-08-31T18:21:43.519Z,separate_executor,quote_run_dispatch_probe,50,1435.01,success,,200,success
p3-ex-official-vu50,7fa6b810-c50d-4bd5-a5f6-e515280d15fd,2026-08-31T18:21:43.603Z,separate_executor,quote_run_dispatch_probe,50,1640.3,success,,200,success
p3-ex-official-vu50,b027d49a-1be8-4741-b1ae-c0c137cb73de,2026-08-31T18:21:43.614Z,separate_executor,quote_run_dispatch_probe,50,1395.51,success,,200,success
p3-ex-official-vu50,f5f99a96-651b-480a-b4bb-cb2e511719ce,2026-08-31T18:21:43.669Z,separate_executor,quote_run_dispatch_probe,50,1463.76,success,,200,success
p3-ex-official-vu50,4b799111-4f1e-46a0-a18e-d4065f402907,2026-08-31T18:21:43.671Z,separate_executor,quote_run_dispatch_probe,50,1322.78,success,,200,success
p3-ex-official-vu50,103c4435-10e9-4e44-94b7-92694192ff6f,2026-08-31T18:21:43.673Z,separate_executor,quote_run_dispatch_probe,50,1404.39,success,,200,success
p3-ex-official-vu50,6c40bbcc-e5e1-469b-99ef-84e2bf0af87c,2026-08-31T18:21:43.674Z,separate_executor,quote_run_dispatch_probe,50,1371.44,success,,200,success
p3-ex-official-vu50,b529ed6c-26ce-4373-a219-8c41965ab438,2026-08-31T18:21:43.674Z,separate_executor,quote_run_dispatch_probe,50,1114.03,success,,200,success
p3-ex-official-vu50,773e2f62-e934-429e-97b3-7135ec2e9b72,2026-08-31T18:21:43.675Z,separate_executor,quote_run_dispatch_probe,50,1405.56,success,,200,success
p3-ex-official-vu50,0088afa3-3f8c-479f-9365-ccd6b1d1a247,2026-08-31T18:21:43.703Z,separate_executor,quote_run_dispatch_probe,50,1451.52,success,,200,success
p3-ex-official-vu50,831a3a6a-9436-47e7-9003-ea5069be94cd,2026-08-31T18:21:43.751Z,separate_executor,quote_run_dispatch_probe,50,1164.18,success,,200,success
p3-ex-official-vu50,579fdcd2-6fcb-4179-bb18-1c5b4edf2fcd,2026-08-31T18:21:43.785Z,separate_executor,quote_run_dispatch_probe,50,1232.43,success,,200,success
p3-ex-official-vu50,376e129a-40dc-4a5e-a719-be479d8a78b4,2026-08-31T18:21:43.796Z,separate_executor,quote_run_dispatch_probe,50,1481.81,success,,200,success
p3-ex-official-vu50,b9c20341-2241-4ae1-b934-9b89d8feb200,2026-08-31T18:21:43.801Z,separate_executor,quote_run_dispatch_probe,50,1428.25,success,,200,success
p3-ex-official-vu50,1146aa4b-acd5-4745-96a2-68444eacd747,2026-08-31T18:21:43.855Z,separate_executor,quote_run_dispatch_probe,50,1636.01,success,,200,success
p3-ex-official-vu50,313839f4-ec9b-4592-b7b0-67f8114664ba,2026-08-31T18:21:43.905Z,separate_executor,quote_run_dispatch_probe,50,1209.81,success,,200,success
p3-ex-official-vu50,29fce6cf-bc23-449f-b994-d703b3903ebe,2026-08-31T18:21:43.935Z,separate_executor,quote_run_dispatch_probe,50,1424.3,success,,200,success
p3-ex-official-vu50,61b22717-39db-486e-b0dc-38126bc2ea76,2026-08-31T18:21:43.935Z,separate_executor,quote_run_dispatch_probe,50,1426.03,success,,200,success
p3-ex-official-vu50,65139b4c-dc9f-42ea-8248-fe0812548ff0,2026-08-31T18:21:43.954Z,separate_executor,quote_run_dispatch_probe,50,1459.51,success,,200,success
p3-ex-official-vu50,fbeac2bb-58e6-452f-8c47-e142b40de969,2026-08-31T18:21:44.022Z,separate_executor,quote_run_dispatch_probe,50,1416.08,success,,200,success
p3-ex-official-vu50,7d3b5418-f2dc-41a9-9576-b88c3699930a,2026-08-31T18:21:44.100Z,separate_executor,quote_run_dispatch_probe,50,1375.83,success,,200,success
p3-ex-official-vu50,3d3b7146-2abb-46f7-a014-42ca4ce1e3f7,2026-08-31T18:21:44.121Z,separate_executor,quote_run_dispatch_probe,50,1249.84,success,,200,success
p3-ex-official-vu50,751e0cd6-51a7-471e-847e-4c7c23b37b60,2026-08-31T18:21:44.124Z,separate_executor,quote_run_dispatch_probe,50,1533.58,success,,200,success
p3-ex-official-vu50,3ee5ef31-d595-4ecc-8bcd-51e44b73f502,2026-08-31T18:21:44.169Z,separate_executor,quote_run_dispatch_probe,50,1290.01,success,,200,success
p3-ex-official-vu50,2b795553-6f0d-4098-989b-252064b71156,2026-08-31T18:21:44.169Z,separate_executor,quote_run_dispatch_probe,50,1317.03,success,,200,success
p3-ex-official-vu50,58d0d05a-e9b6-450f-bc99-f77bc89ecc8c,2026-08-31T18:21:44.260Z,separate_executor,quote_run_dispatch_probe,50,1048.49,success,,200,success
p3-ex-official-vu50,0d378cd1-dfa1-46ef-b160-0e1f7140d76b,2026-08-31T18:21:44.275Z,separate_executor,quote_run_dispatch_probe,50,1538.84,success,,200,success
p3-ex-official-vu50,4c953e57-8889-4a61-8a55-eca78d3d2e15,2026-08-31T18:21:44.311Z,separate_executor,quote_run_dispatch_probe,50,1059.64,success,,200,success
p3-ex-official-vu50,82cf98c7-967d-4af9-9b34-35db20799310,2026-08-31T18:21:44.322Z,separate_executor,quote_run_dispatch_probe,50,1093.35,success,,200,success
p3-ex-official-vu50,c2987e32-52c0-4c11-8548-2118044540f5,2026-08-31T18:21:44.372Z,separate_executor,quote_run_dispatch_probe,50,1277.41,success,,200,success
p3-ex-official-vu50,424ee991-3dd2-4012-83e4-88dbb6132a43,2026-08-31T18:21:44.401Z,separate_executor,quote_run_dispatch_probe,50,1416.68,success,,200,success
p3-ex-official-vu50,383349cf-dc2c-4b1d-879c-d3d53c2e5d96,2026-08-31T18:21:44.405Z,separate_executor,quote_run_dispatch_probe,50,1566.94,success,,200,success
p3-ex-official-vu50,c62e10e6-1ec0-4d80-8c43-114af9d75e44,2026-08-31T18:21:44.406Z,separate_executor,quote_run_dispatch_probe,50,1420.79,success,,200,success
p3-ex-official-vu50,86b09b0d-103c-4ef9-8cc5-d7239ee655ce,2026-08-31T18:21:44.406Z,separate_executor,quote_run_dispatch_probe,50,1565.14,success,,200,success
p3-ex-official-vu50,40000387-a00b-4dd8-a837-aec0b52c811f,2026-08-31T18:21:44.505Z,separate_executor,quote_run_dispatch_probe,50,1634.48,success,,200,success
p3-ex-official-vu50,ecf81fd2-c5b4-48e2-b638-ad06960ec4e6,2026-08-31T18:21:44.606Z,separate_executor,quote_run_dispatch_probe,50,1467.67,success,,200,success
p3-ex-official-vu50,b7a96957-1ce0-4056-9d1a-b62deebf39b6,2026-08-31T18:21:44.606Z,separate_executor,quote_run_dispatch_probe,50,1503.89,success,,200,success
p3-ex-official-vu50,2495db69-8c7b-445a-a314-247fc65300b5,2026-08-31T18:21:44.607Z,separate_executor,quote_run_dispatch_probe,50,1287.6,success,,200,success
p3-ex-official-vu50,cb5555ee-f865-4996-adea-d0db61ae539f,2026-08-31T18:21:44.607Z,separate_executor,quote_run_dispatch_probe,50,1267.92,success,,200,success
p3-ex-official-vu50,52c078b7-089a-481f-a805-dff2831d96bf,2026-08-31T18:21:44.607Z,separate_executor,quote_run_dispatch_probe,50,1348.5,success,,200,success
p3-ex-official-vu50,6c5f2018-c39e-44a8-ad2b-625eefa7e3a3,2026-08-31T18:21:44.608Z,separate_executor,quote_run_dispatch_probe,50,1356.3,success,,200,success
p3-ex-official-vu50,933e8b10-67cb-4d28-8ea5-c4f02a9df271,2026-08-31T18:21:44.608Z,separate_executor,quote_run_dispatch_probe,50,1182.57,success,,200,success
p3-ex-official-vu50,bc6aa460-6f7f-411e-8330-93cfda477b4c,2026-08-31T18:21:44.609Z,separate_executor,quote_run_dispatch_probe,50,1280.95,success,,200,success
p3-ex-official-vu50,62f44141-8675-4372-aee7-75693c9d9419,2026-08-31T18:21:44.624Z,separate_executor,quote_run_dispatch_probe,50,1480.09,success,,200,success
p3-ex-official-vu50,995b9c44-2e5c-42f9-965e-7acd9ce4fd63,2026-08-31T18:21:44.636Z,separate_executor,quote_run_dispatch_probe,50,1441.35,success,,200,success
p3-ex-official-vu50,f1f8ded4-dafb-4be8-af91-f268d312456d,2026-08-31T18:21:44.686Z,separate_executor,quote_run_dispatch_probe,50,1169.66,success,,200,success
p3-ex-official-vu50,dd8752a1-a838-4598-a8f8-1518dd6483ed,2026-08-31T18:21:44.686Z,separate_executor,quote_run_dispatch_probe,50,1245.86,success,,200,success
p3-ex-official-vu50,ac4e21a8-2198-4b03-90b2-1ffec8a78914,2026-08-31T18:21:44.758Z,separate_executor,quote_run_dispatch_probe,50,1082.96,success,,200,success
p3-ex-official-vu50,9bd15808-2d69-4c64-8e17-172be44c88f2,2026-08-31T18:21:44.789Z,separate_executor,quote_run_dispatch_probe,50,1186.47,success,,200,success
p3-ex-official-vu50,0b9f11de-f317-48fd-be33-105b69b967d6,2026-08-31T18:21:44.801Z,separate_executor,quote_run_dispatch_probe,50,1127.79,success,,200,success
p3-ex-official-vu50,d60b5c45-84b9-40c8-be33-507b0cb3a64f,2026-08-31T18:21:44.820Z,separate_executor,quote_run_dispatch_probe,50,1146.22,success,,200,success
p3-ex-official-vu50,bc470885-fb36-4466-bb51-4fe803edefd3,2026-08-31T18:21:44.886Z,separate_executor,quote_run_dispatch_probe,50,1216.46,success,,200,success
p3-ex-official-vu50,3ae9a6bd-7ba2-4947-b705-ded9669cff8a,2026-08-31T18:21:44.903Z,separate_executor,quote_run_dispatch_probe,50,1509.57,success,,200,success
p3-ex-official-vu50,2ebac42d-78f5-424d-ae61-3b8c7540a35d,2026-08-31T18:21:44.917Z,separate_executor,quote_run_dispatch_probe,50,1398.16,success,,200,success
p3-ex-official-vu50,1a854d1e-1211-4b8f-8b3c-031e38859bd2,2026-08-31T18:21:44.938Z,separate_executor,quote_run_dispatch_probe,50,1264.21,success,,200,success
p3-ex-official-vu50,eaa92866-f28d-44d3-b7b0-df9765b4f3cd,2026-08-31T18:21:44.974Z,separate_executor,quote_run_dispatch_probe,50,1488.75,success,,200,success
p3-ex-official-vu50,82f49d7a-15b3-423e-82bd-e7a17a98844b,2026-08-31T18:21:44.987Z,separate_executor,quote_run_dispatch_probe,50,1202.04,success,,200,success
p3-ex-official-vu50,9f9ed554-aebc-466b-93e4-92c120688433,2026-08-31T18:21:45.027Z,separate_executor,quote_run_dispatch_probe,50,1276.3,success,,200,success
p3-ex-official-vu50,410265c5-012c-402f-8129-dda0841e1c17,2026-08-31T18:21:45.037Z,separate_executor,quote_run_dispatch_probe,50,1365.39,success,,200,success
p3-ex-official-vu50,f55b090d-614a-47b8-832d-62991892d5ca,2026-08-31T18:21:45.053Z,separate_executor,quote_run_dispatch_probe,50,1439.72,success,,200,success
p3-ex-official-vu50,ea2cde5f-2c29-4531-899e-917f27532113,2026-08-31T18:21:45.089Z,separate_executor,quote_run_dispatch_probe,50,1287.89,success,,200,success
p3-ex-official-vu50,41512fbe-242d-46da-aa9a-fc9edd02db07,2026-08-31T18:21:45.109Z,separate_executor,quote_run_dispatch_probe,50,1406.28,success,,200,success
p3-ex-official-vu50,145b39ae-1a9c-4c53-b4e1-d96c81dc31cb,2026-08-31T18:21:45.110Z,separate_executor,quote_run_dispatch_probe,50,1205.45,success,,200,success
p3-ex-official-vu50,92e6bd8b-7046-4349-8bfb-ef71d5ab5d72,2026-08-31T18:21:45.119Z,separate_executor,quote_run_dispatch_probe,50,1683.99,success,,200,success
p3-ex-official-vu50,5ea0fe2f-9cb6-449b-8455-a1b7add3daa9,2026-08-31T18:21:45.238Z,separate_executor,quote_run_dispatch_probe,50,1383.23,success,,200,success
p3-ex-official-vu50,96d05ffa-8af0-45a8-9748-eb667df10672,2026-08-31T18:21:45.239Z,separate_executor,quote_run_dispatch_probe,50,1443.19,success,,200,success
p3-ex-official-vu50,20b73b92-035d-41a7-a6ef-dd6a7e43dacf,2026-08-31T18:21:45.271Z,separate_executor,quote_run_dispatch_probe,50,1336.67,success,,200,success
p3-ex-official-vu50,5d0cc803-4d20-43f3-9980-bde44e624ea7,2026-08-31T18:21:45.279Z,separate_executor,quote_run_dispatch_probe,50,1344.25,success,,200,success
p3-ex-official-vu50,c10bc054-bbee-4475-89fe-6a5733eacc4a,2026-08-31T18:21:45.355Z,separate_executor,quote_run_dispatch_probe,50,1255.11,success,,200,success
p3-ex-official-vu50,9c32623c-5a8b-4783-9ac1-47994f0ea584,2026-08-31T18:21:45.378Z,separate_executor,quote_run_dispatch_probe,50,1117.48,success,,200,success
p3-ex-official-vu50,63b71938-989a-4509-9407-0e71dccea738,2026-08-31T18:21:45.402Z,separate_executor,quote_run_dispatch_probe,50,1280.6,success,,200,success
p3-ex-official-vu50,83688261-0410-40f3-af16-eb6c1a494e2b,2026-08-31T18:21:45.404Z,separate_executor,quote_run_dispatch_probe,50,1093.48,success,,200,success
p3-ex-official-vu50,c2071e19-29cd-4f4f-bfb8-0bf238416bd3,2026-08-31T18:21:45.471Z,separate_executor,quote_run_dispatch_probe,50,1148.99,success,,200,success
p3-ex-official-vu50,be202be5-7597-403f-b5f7-c8eeb39824da,2026-08-31T18:21:45.486Z,separate_executor,quote_run_dispatch_probe,50,1532.13,success,,200,success
p3-ex-official-vu50,5dcf13e0-fe65-455f-9687-dcd0482841ab,2026-08-31T18:21:45.503Z,separate_executor,quote_run_dispatch_probe,50,1333.93,success,,200,success
p3-ex-official-vu50,7f3dc5fb-806a-4468-b0f4-494ac28645bb,2026-08-31T18:21:45.543Z,separate_executor,quote_run_dispatch_probe,50,1521.25,success,,200,success
p3-ex-official-vu50,9fc881d6-e133-4ab6-a065-23b82c7db38b,2026-08-31T18:21:45.608Z,separate_executor,quote_run_dispatch_probe,50,1332.37,success,,200,success
p3-ex-official-vu50,c20c8b89-aa4d-499a-8def-8d2c15564150,2026-08-31T18:21:45.618Z,separate_executor,quote_run_dispatch_probe,50,1246.08,success,,200,success
p3-ex-official-vu50,f57ea2bd-9b34-4fcc-b227-a62442e80403,2026-08-31T18:21:45.619Z,separate_executor,quote_run_dispatch_probe,50,1218.05,success,,200,success
p3-ex-official-vu50,faff53c2-8d16-4c52-83d3-0f409e71474e,2026-08-31T18:21:45.620Z,separate_executor,quote_run_dispatch_probe,50,1451.89,success,,200,success
p3-ex-official-vu50,d94020e8-9f0d-4129-bd0a-7b82223811c1,2026-08-31T18:21:45.653Z,separate_executor,quote_run_dispatch_probe,50,1528.1,success,,200,success
p3-ex-official-vu50,cf05a720-f063-4f8a-9d12-60447cc9ea66,2026-08-31T18:21:45.803Z,separate_executor,quote_run_dispatch_probe,50,1196.37,success,,200,success
p3-ex-official-vu50,2082bed8-29bb-4e4f-a548-dc30229b04d5,2026-08-31T18:21:45.805Z,separate_executor,quote_run_dispatch_probe,50,1400.36,success,,200,success
p3-ex-official-vu50,a5108514-c9d9-4f9e-8fda-f478c84759d4,2026-08-31T18:21:45.806Z,separate_executor,quote_run_dispatch_probe,50,1199.43,success,,200,success
p3-ex-official-vu50,9c3da9c6-de11-498c-907f-da89306b7fd9,2026-08-31T18:21:45.810Z,separate_executor,quote_run_dispatch_probe,50,1201.32,success,,200,success
p3-ex-official-vu50,d2682f6b-ee8f-4720-bc6d-057ff0b422bb,2026-08-31T18:21:45.855Z,separate_executor,quote_run_dispatch_probe,50,1448.16,success,,200,success
p3-ex-official-vu50,16cb663e-d3ac-4690-8d1a-78de3a52ebf0,2026-08-31T18:21:45.874Z,separate_executor,quote_run_dispatch_probe,50,1267.45,success,,200,success
p3-ex-official-vu50,da5d13ff-02a0-4f45-8c14-c74b1cc2baa1,2026-08-31T18:21:45.893Z,separate_executor,quote_run_dispatch_probe,50,1285.4,success,,200,success
p3-ex-official-vu50,a31347bf-8722-4fef-a62d-a6cd999b55c1,2026-08-31T18:21:45.936Z,separate_executor,quote_run_dispatch_probe,50,1299.37,success,,200,success
p3-ex-official-vu50,659c1b1c-d192-4f62-afdb-2ebcd8ffcbeb,2026-08-31T18:21:45.977Z,separate_executor,quote_run_dispatch_probe,50,1188.07,success,,200,success
p3-ex-official-vu50,e02d261f-e942-4a1b-93ef-ce3809718ac3,2026-08-31T18:21:45.989Z,separate_executor,quote_run_dispatch_probe,50,1383.02,success,,200,success
p3-ex-official-vu50,5ea64f3c-f025-445a-9b1c-34e29a9af736,2026-08-31T18:21:45.990Z,separate_executor,quote_run_dispatch_probe,50,1584.15,success,,200,success
p3-ex-official-vu50,7685699f-f548-4ea5-86bb-0c7df6c1f788,2026-08-31T18:21:46.006Z,separate_executor,quote_run_dispatch_probe,50,1319.89,success,,200,success
p3-ex-official-vu50,10ec20e7-ddb2-4f5b-8b1e-a21539445a0f,2026-08-31T18:21:46.008Z,separate_executor,quote_run_dispatch_probe,50,1502.81,success,,200,success
p3-ex-official-vu50,5e34c2bb-835a-4fe3-87fd-5f418da8129b,2026-08-31T18:21:46.020Z,separate_executor,quote_run_dispatch_probe,50,1411.57,success,,200,success
p3-ex-official-vu50,a2a35c9f-c7a0-4ddd-b0cd-e68ea1a619cd,2026-08-31T18:21:46.021Z,separate_executor,quote_run_dispatch_probe,50,1201.24,success,,200,success
p3-ex-official-vu50,43e31771-459a-4ac9-b32e-64e9f7e74494,2026-08-31T18:21:46.072Z,separate_executor,quote_run_dispatch_probe,50,1385.4,success,,200,success
p3-ex-official-vu50,1f1bd0a8-e3b6-48b6-bd41-348fb3eb8269,2026-08-31T18:21:46.145Z,separate_executor,quote_run_dispatch_probe,50,1344.37,success,,200,success
p3-ex-official-vu50,2d3670b7-36c3-4276-9f4c-2992a87beb5b,2026-08-31T18:21:46.146Z,separate_executor,quote_run_dispatch_probe,50,1388,success,,200,success
p3-ex-official-vu50,e9aaf2f6-a9dd-40f7-b0cf-f3b079bb5e6e,2026-08-31T18:21:46.171Z,separate_executor,quote_run_dispatch_probe,50,1546.46,success,,200,success
p3-ex-official-vu50,658f5cc1-f84a-4995-9e35-51a11bd4be79,2026-08-31T18:21:46.186Z,separate_executor,quote_run_dispatch_probe,50,1300.44,success,,200,success
p3-ex-official-vu50,06ba705a-b925-43c5-a2be-23322090c11b,2026-08-31T18:21:46.190Z,separate_executor,quote_run_dispatch_probe,50,1583.37,success,,200,success
p3-ex-official-vu50,a01d5227-ec4b-4597-bdf0-b6c394bd4d98,2026-08-31T18:21:46.221Z,separate_executor,quote_run_dispatch_probe,50,1233.32,success,,200,success
p3-ex-official-vu50,83a59ca0-c69c-43ba-b3b7-999973f04797,2026-08-31T18:21:46.235Z,separate_executor,quote_run_dispatch_probe,50,1296.72,success,,200,success
p3-ex-official-vu50,9a41dae3-b952-4144-947c-5afb8afe48c7,2026-08-31T18:21:46.290Z,separate_executor,quote_run_dispatch_probe,50,1253.47,success,,200,success
p3-ex-official-vu50,8bbd882b-23bf-4a92-91e9-91347e69b906,2026-08-31T18:21:46.313Z,separate_executor,quote_run_dispatch_probe,50,1224.13,success,,200,success
p3-ex-official-vu50,a84741c3-ada3-46c5-89e0-2eb87f3f2d9a,2026-08-31T18:21:46.352Z,separate_executor,quote_run_dispatch_probe,50,1242.13,success,,200,success
p3-ex-official-vu50,a22d0c4f-dbe7-4e78-ae00-5671c18e07ab,2026-08-31T18:21:46.353Z,separate_executor,quote_run_dispatch_probe,50,1436.2,success,,200,success
p3-ex-official-vu50,37695322-f8f9-4ec5-a3af-481cfc62c8e4,2026-08-31T18:21:46.358Z,separate_executor,quote_run_dispatch_probe,50,1330.95,success,,200,success
p3-ex-official-vu50,313a393f-da0f-4e13-b647-e4ee0082d522,2026-08-31T18:21:46.385Z,separate_executor,quote_run_dispatch_probe,50,1411.21,success,,200,success
p3-ex-official-vu50,6ec865fe-e3af-42ab-b8a5-51ec38754be7,2026-08-31T18:21:46.445Z,separate_executor,quote_run_dispatch_probe,50,1542.13,success,,200,success
p3-ex-official-vu50,f25322b9-5270-4deb-a20f-413bb6c02c33,2026-08-31T18:21:46.538Z,separate_executor,quote_run_dispatch_probe,50,1135.95,success,,200,success
p3-ex-official-vu50,0a0d3251-dc3e-4ef8-bc53-5fc8c168dc5d,2026-08-31T18:21:46.576Z,separate_executor,quote_run_dispatch_probe,50,1304.96,success,,200,success
p3-ex-official-vu50,77f42a76-7613-4adb-8701-b974800d4da1,2026-08-31T18:21:46.621Z,separate_executor,quote_run_dispatch_probe,50,1567.7,success,,200,success
p3-ex-official-vu50,b455ebc5-833a-4787-8ca9-90cb1c1fcd41,2026-08-31T18:21:46.635Z,separate_executor,quote_run_dispatch_probe,50,1279.91,success,,200,success
p3-ex-official-vu50,79c08a36-b230-4888-8235-6d9734fb62a9,2026-08-31T18:21:46.666Z,separate_executor,quote_run_dispatch_probe,50,1195.62,success,,200,success
p3-ex-official-vu50,8ae9a01b-81ce-412a-bd7d-abf66971d3b8,2026-08-31T18:21:46.688Z,separate_executor,quote_run_dispatch_probe,50,1579.27,success,,200,success
p3-ex-official-vu50,3593a619-53e1-479f-b834-1c1f2578e42f,2026-08-31T18:21:46.710Z,separate_executor,quote_run_dispatch_probe,50,1332.76,success,,200,success
p3-ex-official-vu50,b40c0af7-1cfc-4548-a843-295532acb4d6,2026-08-31T18:21:46.715Z,separate_executor,quote_run_dispatch_probe,50,1475.37,success,,200,success
p3-ex-official-vu50,4076e43f-2c2c-42fe-bf7b-708fcdac03e7,2026-08-31T18:21:46.752Z,separate_executor,quote_run_dispatch_probe,50,1633.28,success,,200,success
p3-ex-official-vu50,564625da-9c60-4a1f-9175-abc1ccf0db35,2026-08-31T18:21:46.753Z,separate_executor,quote_run_dispatch_probe,50,1473.6,success,,200,success
p3-ex-official-vu50,f2144ac6-c226-42c2-b257-a39ec4a1d2ef,2026-08-31T18:21:46.754Z,separate_executor,quote_run_dispatch_probe,50,1516.32,success,,200,success
p3-ex-official-vu50,f78e5222-1cd4-4013-b5b6-c363a209f478,2026-08-31T18:21:46.878Z,separate_executor,quote_run_dispatch_probe,50,1072.01,success,,200,success
p3-ex-official-vu50,a1223a05-2956-42bf-9dac-8a701dea2071,2026-08-31T18:21:46.879Z,separate_executor,quote_run_dispatch_probe,50,1475.18,success,,200,success
p3-ex-official-vu50,f8027ea2-9d79-4f79-b876-f2053151c013,2026-08-31T18:21:46.881Z,separate_executor,quote_run_dispatch_probe,50,1395.12,success,,200,success
p3-ex-official-vu50,b22ce288-798c-49fd-af05-da13c7144e00,2026-08-31T18:21:46.923Z,separate_executor,quote_run_dispatch_probe,50,1420.17,success,,200,success
p3-ex-official-vu50,72e3e01b-57d6-4493-bf04-23c61eb3a31d,2026-08-31T18:21:46.953Z,separate_executor,quote_run_dispatch_probe,50,1334.04,success,,200,success
p3-ex-official-vu50,56c2e964-9987-4599-a80d-f6f504bade7c,2026-08-31T18:21:46.964Z,separate_executor,quote_run_dispatch_probe,50,1356.68,success,,200,success
p3-ex-official-vu50,a93eae45-1582-4b6a-b6b1-bd14467ed2e5,2026-08-31T18:21:47.052Z,separate_executor,quote_run_dispatch_probe,50,1246.45,success,,200,success
p3-ex-official-vu50,7dcb3c3b-f92c-4e48-a9fd-a6c88ccf1696,2026-08-31T18:21:47.053Z,separate_executor,quote_run_dispatch_probe,50,1432.65,success,,200,success
p3-ex-official-vu50,8f1e2392-bc6a-44a5-8e4c-10f151ee410d,2026-08-31T18:21:47.060Z,separate_executor,quote_run_dispatch_probe,50,1250.48,success,,200,success
p3-ex-official-vu50,77ed0060-6a22-4b50-bdd8-d34633103922,2026-08-31T18:21:47.070Z,separate_executor,quote_run_dispatch_probe,50,1451.42,success,,200,success
p3-ex-official-vu50,61d5b101-2ff5-42ee-a13e-8dbe00232807,2026-08-31T18:21:47.079Z,separate_executor,quote_run_dispatch_probe,50,1223.93,success,,200,success
p3-ex-official-vu50,715f8c2b-0d0d-4a5f-bed4-18d2195570d9,2026-08-31T18:21:47.121Z,separate_executor,quote_run_dispatch_probe,50,1247.1,success,,200,success
p3-ex-official-vu50,c9ca1e88-ed07-4c18-9737-065a35b36483,2026-08-31T18:21:47.161Z,separate_executor,quote_run_dispatch_probe,50,1357.77,success,,200,success
p3-ex-official-vu50,f6838bfd-4f9c-40e3-82c9-62131918b1b5,2026-08-31T18:21:47.194Z,separate_executor,quote_run_dispatch_probe,50,1300.48,success,,200,success
p3-ex-official-vu50,ae17d8e7-485b-4d9a-8fd8-a0f2462b8bd7,2026-08-31T18:21:47.195Z,separate_executor,quote_run_dispatch_probe,50,1651.52,success,,200,success
p3-ex-official-vu50,89de39b3-0120-47c4-850e-b69b50655756,2026-08-31T18:21:47.282Z,separate_executor,quote_run_dispatch_probe,50,1261.86,success,,200,success
p3-ex-official-vu50,8bf37039-dd47-49da-aee9-997d766bf0ef,2026-08-31T18:21:47.284Z,separate_executor,quote_run_dispatch_probe,50,1139.3,success,,200,success
p3-ex-official-vu50,70c3f176-4e2a-4cb4-b7f0-66888912d1e3,2026-08-31T18:21:47.286Z,separate_executor,quote_run_dispatch_probe,50,1308.53,success,,200,success
p3-ex-official-vu50,d03da4e3-3a9f-4c19-a5a2-9426f8f95c8b,2026-08-31T18:21:47.323Z,separate_executor,quote_run_dispatch_probe,50,1670.83,success,,200,success
p3-ex-official-vu50,7c7541f4-9086-479a-aa60-4c1525a8aef1,2026-08-31T18:21:47.402Z,separate_executor,quote_run_dispatch_probe,50,1466.57,success,,200,success
p3-ex-official-vu50,4af58b94-a001-4566-b013-a2a121f2e2da,2026-08-31T18:21:47.407Z,separate_executor,quote_run_dispatch_probe,50,1385.89,success,,200,success
p3-ex-official-vu50,bf7a8792-1dca-40fd-a046-c286205856ff,2026-08-31T18:21:47.408Z,separate_executor,quote_run_dispatch_probe,50,1402.32,success,,200,success
p3-ex-official-vu50,8ac9bbb9-ceaa-4e86-abcf-8380307e9681,2026-08-31T18:21:47.423Z,separate_executor,quote_run_dispatch_probe,50,1415.07,success,,200,success
p3-ex-official-vu50,be2f5141-08ad-4514-b04a-cbc19bf99190,2026-08-31T18:21:47.456Z,separate_executor,quote_run_dispatch_probe,50,1234.76,success,,200,success
p3-ex-official-vu50,5c3fc565-acf0-4257-aa78-20d68b783e17,2026-08-31T18:21:47.469Z,separate_executor,quote_run_dispatch_probe,50,1478.96,success,,200,success
p3-ex-official-vu50,d6259587-c227-426e-ace1-6be7e5964398,2026-08-31T18:21:47.495Z,separate_executor,quote_run_dispatch_probe,50,1308.98,success,,200,success
p3-ex-official-vu50,ecfc40d8-eef8-44a3-9ac2-3a0dd31c2f6f,2026-08-31T18:21:47.517Z,separate_executor,quote_run_dispatch_probe,50,1282.83,success,,200,success
p3-ex-official-vu50,4dd2395e-2944-4c54-8098-45952129116d,2026-08-31T18:21:47.520Z,separate_executor,quote_run_dispatch_probe,50,1230.31,success,,200,success
p3-ex-official-vu50,8595a4f0-d738-4177-a7cb-a36ad43ded32,2026-08-31T18:21:47.554Z,separate_executor,quote_run_dispatch_probe,50,1201.95,success,,200,success
p3-ex-official-vu50,b9b21234-503d-4cc6-9aba-45d87a210f44,2026-08-31T18:21:47.555Z,separate_executor,quote_run_dispatch_probe,50,1196.77,success,,200,success
p3-ex-official-vu50,fb93bd40-8dcb-47a1-b8a1-15db39715de1,2026-08-31T18:21:47.566Z,separate_executor,quote_run_dispatch_probe,50,1577.16,success,,200,success
p3-ex-official-vu50,441daa6f-a46f-47b5-9b47-9ef34eebd359,2026-08-31T18:21:47.605Z,separate_executor,quote_run_dispatch_probe,50,1434.04,success,,200,success
p3-ex-official-vu50,c89409f5-d1ab-4cb6-ab86-f0de263ecd4f,2026-08-31T18:21:47.606Z,separate_executor,quote_run_dispatch_probe,50,1533.93,success,,200,success
p3-ex-official-vu50,cf3d3147-7208-430a-9129-7535d359844f,2026-08-31T18:21:47.627Z,separate_executor,quote_run_dispatch_probe,50,1271.7,success,,200,success
p3-ex-official-vu50,47ffbcb8-b585-4115-88c2-1e7f58b7b0a9,2026-08-31T18:21:47.674Z,separate_executor,quote_run_dispatch_probe,50,1007.57,success,,200,success
p3-ex-official-vu50,d04bf141-14c9-4f18-9e80-bf4ee819f25e,2026-08-31T18:21:47.698Z,separate_executor,quote_run_dispatch_probe,50,1508,success,,200,success
p3-ex-official-vu50,28f8be11-336a-4255-9efb-ddcc12f61c66,2026-08-31T18:21:47.703Z,separate_executor,quote_run_dispatch_probe,50,1557.04,success,,200,success
p3-ex-official-vu50,b3a32a10-4613-4738-a5a4-0869d01caf14,2026-08-31T18:21:47.769Z,separate_executor,quote_run_dispatch_probe,50,1455.86,success,,200,success
p3-ex-official-vu50,68e48206-894a-4ba7-b9c9-18902acf7392,2026-08-31T18:21:47.811Z,separate_executor,quote_run_dispatch_probe,50,1273.36,success,,200,success
p3-ex-official-vu50,b71fa040-4324-4271-9b7e-9969ebf4f04a,2026-08-31T18:21:47.920Z,separate_executor,quote_run_dispatch_probe,50,1534.8,success,,200,success
p3-ex-official-vu50,c8fafa0a-2cbe-45fb-ab51-56d372296875,2026-08-31T18:21:47.945Z,separate_executor,quote_run_dispatch_probe,50,1234.56,success,,200,success
p3-ex-official-vu50,d9dd6a54-da95-47cd-8a5a-5f3edb829272,2026-08-31T18:21:48.004Z,separate_executor,quote_run_dispatch_probe,50,1559.12,success,,200,success
p3-ex-official-vu50,6707fc27-2466-4aa6-af6c-16de6d9fe64c,2026-08-31T18:21:48.022Z,separate_executor,quote_run_dispatch_probe,50,1445.15,success,,200,success
p3-ex-official-vu50,be57631e-fdc7-417b-b654-e64351b01518,2026-08-31T18:21:48.035Z,separate_executor,quote_run_dispatch_probe,50,1156.56,success,,200,success
p3-ex-official-vu50,cff6c65a-5995-42ba-8328-d3e9359f95cf,2026-08-31T18:21:48.045Z,separate_executor,quote_run_dispatch_probe,50,1410.16,success,,200,success
p3-ex-official-vu50,e7130a33-a4dd-4b62-87b1-6b6ec388f8cc,2026-08-31T18:21:48.117Z,separate_executor,quote_run_dispatch_probe,50,1496.31,success,,200,success
p3-ex-official-vu50,2c796a92-f523-49c6-a799-e0ed0056b957,2026-08-31T18:21:48.129Z,separate_executor,quote_run_dispatch_probe,50,1076.82,success,,200,success
p3-ex-official-vu50,6b2d286f-443b-44e6-a67c-7907ac96d7a2,2026-08-31T18:21:48.134Z,separate_executor,quote_run_dispatch_probe,50,1379.8,success,,200,success
p3-ex-official-vu50,f310df48-d6cd-45cc-a0fe-68d3165fb39d,2026-08-31T18:21:48.141Z,separate_executor,quote_run_dispatch_probe,50,1426.34,success,,200,success
p3-ex-official-vu50,02ea7454-97a3-454b-8d2d-4902337ef897,2026-08-31T18:21:48.255Z,separate_executor,quote_run_dispatch_probe,50,1373.93,success,,200,success
p3-ex-official-vu50,c835b7dc-063f-49de-931e-cd0c36b4ef60,2026-08-31T18:21:48.269Z,separate_executor,quote_run_dispatch_probe,50,1389.32,success,,200,success
p3-ex-official-vu50,2b337f35-6af9-4c46-a4ae-f6b153515264,2026-08-31T18:21:48.270Z,separate_executor,quote_run_dispatch_probe,50,1581.59,success,,200,success
p3-ex-official-vu50,3a2f6274-15a9-43bc-ad6a-9c5a95220c61,2026-08-31T18:21:48.272Z,separate_executor,quote_run_dispatch_probe,50,1150.75,success,,200,success
p3-ex-official-vu50,02711206-d502-48eb-ad67-0e3f12a1007e,2026-08-31T18:21:48.291Z,separate_executor,quote_run_dispatch_probe,50,1538.45,success,,200,success
p3-ex-official-vu50,75a6cd47-d713-442b-96e7-21fac73f329c,2026-08-31T18:21:48.344Z,separate_executor,quote_run_dispatch_probe,50,1591.96,success,,200,success
p3-ex-official-vu50,921efb7e-ea29-4bbe-acaf-8eb5b0e8e3d7,2026-08-31T18:21:48.380Z,separate_executor,quote_run_dispatch_probe,50,1320.24,success,,200,success
p3-ex-official-vu50,445f1959-f038-43d3-825f-d02fe4700634,2026-08-31T18:21:48.404Z,separate_executor,quote_run_dispatch_probe,50,1451.03,success,,200,success
p3-ex-official-vu50,febc213b-8288-454f-b71f-c6b811540bad,2026-08-31T18:21:48.454Z,separate_executor,quote_run_dispatch_probe,50,1400.84,success,,200,success
p3-ex-official-vu50,97d099d1-a156-4efa-9942-a09142e63232,2026-08-31T18:21:48.455Z,separate_executor,quote_run_dispatch_probe,50,1376.22,success,,200,success
p3-ex-official-vu50,da8e7061-38b7-46af-8b90-f1093523907b,2026-08-31T18:21:48.456Z,separate_executor,quote_run_dispatch_probe,50,1532.34,success,,200,success
p3-ex-official-vu50,bb1460da-59fd-4037-9d35-5a53ce4e1b97,2026-08-31T18:21:48.501Z,separate_executor,quote_run_dispatch_probe,50,1214.92,success,,200,success
p3-ex-official-vu50,2032179f-a971-4a1a-a567-df866b0920f3,2026-08-31T18:21:48.542Z,separate_executor,quote_run_dispatch_probe,50,1257.92,success,,200,success
p3-ex-official-vu50,0672ec9b-b31a-4ef0-9d7d-850286f0e71f,2026-08-31T18:21:48.548Z,separate_executor,quote_run_dispatch_probe,50,1583.79,success,,200,success
p3-ex-official-vu50,64ef0d21-e305-4f19-8eee-f7a2f4a6de3f,2026-08-31T18:21:48.573Z,separate_executor,quote_run_dispatch_probe,50,1377.98,success,,200,success
p3-ex-official-vu50,97b5fde4-c941-42e7-931e-d670c5203185,2026-08-31T18:21:48.578Z,separate_executor,quote_run_dispatch_probe,50,1508.82,success,,200,success
p3-ex-official-vu50,049ed507-9423-4cc8-b564-7366ebd00baa,2026-08-31T18:21:48.602Z,separate_executor,quote_run_dispatch_probe,50,1319.88,success,,200,success
p3-ex-official-vu50,b4ccddea-fc99-4cf0-b84d-504822121b3a,2026-08-31T18:21:48.644Z,separate_executor,quote_run_dispatch_probe,50,1483.3,success,,200,success
p3-ex-official-vu50,7759eb10-cdd5-4b1b-853f-2b52d34c001a,2026-08-31T18:21:48.657Z,separate_executor,quote_run_dispatch_probe,50,1201.36,success,,200,success
p3-ex-official-vu50,bfcc9826-f873-42f6-8e14-f55c282350bd,2026-08-31T18:21:48.679Z,separate_executor,quote_run_dispatch_probe,50,1485.21,success,,200,success
p3-ex-official-vu50,943483d1-0eb8-421c-84d4-1654bb49d0de,2026-08-31T18:21:48.720Z,separate_executor,quote_run_dispatch_probe,50,1224.54,success,,200,success
p3-ex-official-vu50,57388d9a-d650-43d9-a6fd-2e80c76a3a9f,2026-08-31T18:21:48.737Z,separate_executor,quote_run_dispatch_probe,50,1328.33,success,,200,success
p3-ex-official-vu50,338f86eb-425b-4eb3-89c0-29b8e30b9701,2026-08-31T18:21:48.761Z,separate_executor,quote_run_dispatch_probe,50,1205.91,success,,200,success
p3-ex-official-vu50,1e89820d-d0b4-4ca2-9c54-c2ed42957e1a,2026-08-31T18:21:48.768Z,separate_executor,quote_run_dispatch_probe,50,1444.46,success,,200,success
p3-ex-official-vu50,417bdd9c-3441-4d81-b48e-ba63b6fd5c61,2026-08-31T18:21:48.849Z,separate_executor,quote_run_dispatch_probe,50,1328.65,success,,200,success
p3-ex-official-vu50,7cf2c8b1-4fde-41bd-b918-564dbabc501d,2026-08-31T18:21:48.860Z,separate_executor,quote_run_dispatch_probe,50,1306.13,success,,200,success
p3-ex-official-vu50,5f7e9cbf-53d1-4a41-85a3-4c2cc4d44f76,2026-08-31T18:21:48.869Z,separate_executor,quote_run_dispatch_probe,50,1351.98,success,,200,success
p3-ex-official-vu50,715cac19-0bee-4546-ab4a-8562c4755019,2026-08-31T18:21:48.889Z,separate_executor,quote_run_dispatch_probe,50,1077.19,success,,200,success
p3-ex-official-vu50,c5c99ff0-746f-49de-a27e-f85f0d4287f1,2026-08-31T18:21:48.949Z,separate_executor,quote_run_dispatch_probe,50,1275.45,success,,200,success
p3-ex-official-vu50,6132f1d9-e5f9-402e-8e32-639d286e54fa,2026-08-31T18:21:48.950Z,separate_executor,quote_run_dispatch_probe,50,1547.9,success,,200,success
p3-ex-official-vu50,9a3791a8-1be6-4383-9049-0474bad2fcfb,2026-08-31T18:21:48.955Z,separate_executor,quote_run_dispatch_probe,50,1547.91,success,,200,success
p3-ex-official-vu50,addf6ef5-f731-4c49-8951-767fb76616f2,2026-08-31T18:21:48.984Z,separate_executor,quote_run_dispatch_probe,50,1561.26,success,,200,success
p3-ex-official-vu50,254c57f4-7e28-4018-b25f-b7b2683866df,2026-08-31T18:21:48.994Z,separate_executor,quote_run_dispatch_probe,50,1525.07,success,,200,success
p3-ex-official-vu50,9f96309b-432b-42ad-969a-3d0bd928bf44,2026-08-31T18:21:49.005Z,separate_executor,quote_run_dispatch_probe,50,1399.4,success,,200,success
p3-ex-official-vu50,57404a5c-c34a-4746-bda1-40651aec9df1,2026-08-31T18:21:49.063Z,separate_executor,quote_run_dispatch_probe,50,1435.76,success,,200,success
p3-ex-official-vu50,a2a212eb-92ba-4069-b09a-4c6abf1e83e4,2026-08-31T18:21:49.105Z,separate_executor,quote_run_dispatch_probe,50,1500.32,success,,200,success
p3-ex-official-vu50,be01f42b-e52a-4341-9f0b-7d4f97b50883,2026-08-31T18:21:49.134Z,separate_executor,quote_run_dispatch_probe,50,1188.87,success,,200,success
p3-ex-official-vu50,348a4108-d758-4341-b6f2-7e64429726f5,2026-08-31T18:21:49.168Z,separate_executor,quote_run_dispatch_probe,50,1465.06,success,,200,success
p3-ex-official-vu50,9ccb0a22-96af-4323-b4b4-5baf21c6aebb,2026-08-31T18:21:49.207Z,separate_executor,quote_run_dispatch_probe,50,1172.43,success,,200,success
p3-ex-official-vu50,eee346f9-dabd-490e-93be-7bfd5241da57,2026-08-31T18:21:49.220Z,separate_executor,quote_run_dispatch_probe,50,1085.98,success,,200,success
p3-ex-official-vu50,20f1a053-dcda-4ddd-97b0-4bbaaa032f07,2026-08-31T18:21:49.300Z,separate_executor,quote_run_dispatch_probe,50,1531.55,success,,200,success
p3-ex-official-vu50,b038e626-6456-4744-8b87-eee609d43989,2026-08-31T18:21:49.311Z,separate_executor,quote_run_dispatch_probe,50,1745.25,success,,200,success
p3-ex-official-vu50,17d757b9-6088-4558-a351-9ba3d1f3f43f,2026-08-31T18:21:49.317Z,separate_executor,quote_run_dispatch_probe,50,1294.98,success,,200,success
p3-ex-official-vu50,5ff649c1-2c42-4645-8589-32108c329a45,2026-08-31T18:21:49.335Z,separate_executor,quote_run_dispatch_probe,50,1289.33,success,,200,success
p3-ex-official-vu50,c798252c-439d-4302-90c3-fed8b5ed1816,2026-08-31T18:21:49.351Z,separate_executor,quote_run_dispatch_probe,50,1653.58,success,,200,success
p3-ex-official-vu50,fe9c1969-d071-4502-b31f-e065e6c74168,2026-08-31T18:21:49.385Z,separate_executor,quote_run_dispatch_probe,50,1464.58,success,,200,success
p3-ex-official-vu50,4ba2f940-f22d-48e9-bd67-af11302a6d07,2026-08-31T18:21:49.442Z,separate_executor,quote_run_dispatch_probe,50,1438.23,success,,200,success
p3-ex-official-vu50,64278b02-6471-4413-b31f-cf11d664344f,2026-08-31T18:21:49.447Z,separate_executor,quote_run_dispatch_probe,50,1305.42,success,,200,success
p3-ex-official-vu50,1ef5abef-6dca-4bc7-a27d-dec2c081dbf7,2026-08-31T18:21:49.583Z,separate_executor,quote_run_dispatch_probe,50,1311.37,success,,200,success
p3-ex-official-vu50,ceb5baa7-5759-4d32-8bd4-1feeff106a30,2026-08-31T18:21:49.594Z,separate_executor,quote_run_dispatch_probe,50,1302.95,success,,200,success
p3-ex-official-vu50,d8b56146-5278-4596-a7b0-8e8df1fed967,2026-08-31T18:21:49.603Z,separate_executor,quote_run_dispatch_probe,50,1222.41,success,,200,success
p3-ex-official-vu50,c2cc8979-cf2e-4a2f-bd79-3dfb6d3e9c69,2026-08-31T18:21:49.620Z,separate_executor,quote_run_dispatch_probe,50,1491.13,success,,200,success
p3-ex-official-vu50,cca2209f-1e82-4c4a-9b03-8b27644208fe,2026-08-31T18:21:49.629Z,separate_executor,quote_run_dispatch_probe,50,1086.47,success,,200,success
p3-ex-official-vu50,b3033734-0c9d-4435-b8f4-b7b89d2170c9,2026-08-31T18:21:49.634Z,separate_executor,quote_run_dispatch_probe,50,1378.96,success,,200,success
p3-ex-official-vu50,f3838c05-1fe6-4470-8b5d-a27146c24fa3,2026-08-31T18:21:49.639Z,separate_executor,quote_run_dispatch_probe,50,1368.42,success,,200,success
p3-ex-official-vu50,626cca72-f5e5-454b-950d-70ef84965794,2026-08-31T18:21:49.702Z,separate_executor,quote_run_dispatch_probe,50,1584.31,success,,200,success
p3-ex-official-vu50,22fad04b-a5c6-49cf-838a-9ef8488b5ee9,2026-08-31T18:21:49.703Z,separate_executor,quote_run_dispatch_probe,50,1247.05,success,,200,success
p3-ex-official-vu50,bbd2a28f-4fcc-4d41-8027-e374ef57a0ce,2026-08-31T18:21:49.704Z,separate_executor,quote_run_dispatch_probe,50,1202.7,success,,200,success
p3-ex-official-vu50,820fbafb-8b10-41aa-9747-4809c95c2972,2026-08-31T18:21:49.744Z,separate_executor,quote_run_dispatch_probe,50,1290.14,success,,200,success
p3-ex-official-vu50,4c133a76-1d7a-4e8e-9047-b161c2059ec5,2026-08-31T18:21:49.796Z,separate_executor,quote_run_dispatch_probe,50,1527.11,success,,200,success
p3-ex-official-vu50,a2e094e5-358c-48e6-b70b-42094ff62f2b,2026-08-31T18:21:49.864Z,separate_executor,quote_run_dispatch_probe,50,1207.43,success,,200,success
p3-ex-official-vu50,676a029a-8ab8-42b4-b3ca-4c242c750086,2026-08-31T18:21:49.917Z,separate_executor,quote_run_dispatch_probe,50,1343.74,success,,200,success
p3-ex-official-vu50,8437d7f1-41b6-4636-852b-1b08d66ee437,2026-08-31T18:21:49.932Z,separate_executor,quote_run_dispatch_probe,50,1527.5,success,,200,success
p3-ex-official-vu50,f232c197-4f2c-4715-81e9-60eb6b5db1e6,2026-08-31T18:21:49.934Z,separate_executor,quote_run_dispatch_probe,50,1478.96,success,,200,success
p3-ex-official-vu50,fd54cb1b-9be4-4cf9-8004-0f4d98856e5c,2026-08-31T18:21:49.938Z,separate_executor,quote_run_dispatch_probe,50,1593.95,success,,200,success
p3-ex-official-vu50,6cf19f20-2a3b-4b08-9424-3d3c8fa8a931,2026-08-31T18:21:49.969Z,separate_executor,quote_run_dispatch_probe,50,1208.09,success,,200,success
p3-ex-official-vu50,fb552b31-e856-4d91-9750-9fb1705915ed,2026-08-31T18:21:49.971Z,separate_executor,quote_run_dispatch_probe,50,1234.44,success,,200,success
p3-ex-official-vu50,ad9dde26-0258-48ba-bf30-40903a8faf2c,2026-08-31T18:21:50.027Z,separate_executor,quote_run_dispatch_probe,50,1479.27,success,,200,success
p3-ex-official-vu50,44cdb67d-3f86-425e-9541-215ee1da8e6d,2026-08-31T18:21:50.079Z,separate_executor,quote_run_dispatch_probe,50,1229.86,success,,200,success
p3-ex-official-vu50,03f6ab61-c14a-455d-b53a-e146125b1983,2026-08-31T18:21:50.081Z,separate_executor,quote_run_dispatch_probe,50,1131.3,success,,200,success
p3-ex-official-vu50,7ff11968-9ea0-44ee-a333-adc4dd062302,2026-08-31T18:21:50.085Z,separate_executor,quote_run_dispatch_probe,50,1440.3,success,,200,success
p3-ex-official-vu50,224f2141-df04-4f8d-884c-b803a82e1ee3,2026-08-31T18:21:50.122Z,separate_executor,quote_run_dispatch_probe,50,1519.53,success,,200,success
p3-ex-official-vu50,01b8dda2-1b55-4b63-95b7-247921daf65a,2026-08-31T18:21:50.150Z,separate_executor,quote_run_dispatch_probe,50,1571.45,success,,200,success
p3-ex-official-vu50,bfc77057-60f0-4603-a6d7-9b0fecf46247,2026-08-31T18:21:50.156Z,separate_executor,quote_run_dispatch_probe,50,1436.06,success,,200,success
p3-ex-official-vu50,283da9ec-4de3-4e5f-a11f-d33fb3bb1e04,2026-08-31T18:21:50.172Z,separate_executor,quote_run_dispatch_probe,50,1311.63,success,,200,success
p3-ex-official-vu50,d8cef2a5-6847-463a-9754-3b14db39d361,2026-08-31T18:21:50.194Z,separate_executor,quote_run_dispatch_probe,50,1515.33,success,,200,success
p3-ex-official-vu50,db6573b0-5eb1-4dbd-b13d-68da3ef1db46,2026-08-31T18:21:50.227Z,separate_executor,quote_run_dispatch_probe,50,1338.36,success,,200,success
p3-ex-official-vu50,c1f8ccc3-8710-4da3-9b4c-7c4b7c05fe05,2026-08-31T18:21:50.275Z,separate_executor,quote_run_dispatch_probe,50,1405.18,success,,200,success
p3-ex-official-vu50,646b5876-688a-49a0-b5d1-32e50c1b9b76,2026-08-31T18:21:50.296Z,separate_executor,quote_run_dispatch_probe,50,1528.43,success,,200,success
p3-ex-official-vu50,d72d243e-2431-4608-bc3d-b7db255f3063,2026-08-31T18:21:50.337Z,separate_executor,quote_run_dispatch_probe,50,1381.58,success,,200,success
p3-ex-official-vu50,dd7a6977-5000-470a-87ee-539cda804034,2026-08-31T18:21:50.342Z,separate_executor,quote_run_dispatch_probe,50,1348.02,success,,200,success
p3-ex-official-vu50,668ccc31-be48-4fae-970d-fa6f2076e087,2026-08-31T18:21:50.407Z,separate_executor,quote_run_dispatch_probe,50,1186.88,success,,200,success
p3-ex-official-vu50,d8a85f6e-523f-470a-b888-778f8ba27e76,2026-08-31T18:21:50.426Z,separate_executor,quote_run_dispatch_probe,50,1292.16,success,,200,success
p3-ex-official-vu50,6550d56e-77d0-4bba-b63a-2001845ad183,2026-08-31T18:21:50.479Z,separate_executor,quote_run_dispatch_probe,50,1271.29,success,,200,success
p3-ex-official-vu50,fa762e61-ff18-412e-851e-48d676ab6ff7,2026-08-31T18:21:50.487Z,separate_executor,quote_run_dispatch_probe,50,1536.38,success,,200,success
p3-ex-official-vu50,013c7397-fd96-4f82-98e4-dea76b71650c,2026-08-31T18:21:50.502Z,separate_executor,quote_run_dispatch_probe,50,1439.05,success,,200,success
p3-ex-official-vu50,67eb2c55-aca2-4f71-a19c-3e67b5b6a001,2026-08-31T18:21:50.503Z,separate_executor,quote_run_dispatch_probe,50,1397.95,success,,200,success
p3-ex-official-vu50,de293580-debe-48a9-a447-d74cd0a30239,2026-08-31T18:21:50.536Z,separate_executor,quote_run_dispatch_probe,50,1530.36,success,,200,success
p3-ex-official-vu50,1b79b337-66d9-4784-8af9-916931199305,2026-08-31T18:21:50.592Z,separate_executor,quote_run_dispatch_probe,50,1607.54,success,,200,success
p3-ex-official-vu50,7c042cba-9730-4860-be94-fda078e26b87,2026-08-31T18:21:50.627Z,separate_executor,quote_run_dispatch_probe,50,1292.04,success,,200,success
p3-ex-official-vu50,870cdc15-b5b7-4585-b05a-9282de4d2573,2026-08-31T18:21:50.677Z,separate_executor,quote_run_dispatch_probe,50,1376.41,success,,200,success
p3-ex-official-vu50,d4621e22-3aa3-4e36-bc0a-31b9f151b802,2026-08-31T18:21:50.700Z,separate_executor,quote_run_dispatch_probe,50,1388.73,success,,200,success
p3-ex-official-vu50,a4a0f9d9-41d3-402d-bf81-d3db795588dd,2026-08-31T18:21:50.767Z,separate_executor,quote_run_dispatch_probe,50,1450.64,success,,200,success
p3-ex-official-vu50,a62ba03a-d0ba-4268-aa07-e7f7f22103b9,2026-08-31T18:21:50.786Z,separate_executor,quote_run_dispatch_probe,50,1202.93,success,,200,success
p3-ex-official-vu50,b686f79b-f040-4ff5-b811-45e4e82cfecc,2026-08-31T18:21:50.814Z,separate_executor,quote_run_dispatch_probe,50,1428.58,success,,200,success
p3-ex-official-vu50,36ffbd79-6386-4123-aefe-0dd6bd322344,2026-08-31T18:21:50.834Z,separate_executor,quote_run_dispatch_probe,50,1666.22,success,,200,success
p3-ex-official-vu50,6ee4e98b-6a6b-4a5d-ad3c-bd27c26f4b17,2026-08-31T18:21:50.851Z,separate_executor,quote_run_dispatch_probe,50,1222.15,success,,200,success
p3-ex-official-vu50,0a49b917-8e3f-47c7-900f-8bbe348d4109,2026-08-31T18:21:50.909Z,separate_executor,quote_run_dispatch_probe,50,1275,success,,200,success
p3-ex-official-vu50,063f0f9d-00b7-48e0-8097-f33ac6119e6b,2026-08-31T18:21:50.941Z,separate_executor,quote_run_dispatch_probe,50,1337.89,success,,200,success
p3-ex-official-vu50,59de6624-033c-4dc6-86df-e2d93a621388,2026-08-31T18:21:50.967Z,separate_executor,quote_run_dispatch_probe,50,1264.67,success,,200,success
p3-ex-official-vu50,d78e2e7a-32fd-49b8-9c40-5cec36f3c75b,2026-08-31T18:21:50.979Z,separate_executor,quote_run_dispatch_probe,50,1358.83,success,,200,success
p3-ex-official-vu50,5c309ef2-01c1-4129-a65b-793944353509,2026-08-31T18:21:50.982Z,separate_executor,quote_run_dispatch_probe,50,1387.93,success,,200,success
p3-ex-official-vu50,bf8438c7-f9e8-4add-856f-1dd92a4cc37e,2026-08-31T18:21:51.000Z,separate_executor,quote_run_dispatch_probe,50,1296.58,success,,200,success
p3-ex-official-vu50,955622e1-ce45-4d77-82d1-1927a18ca9d0,2026-08-31T18:21:51.031Z,separate_executor,quote_run_dispatch_probe,50,1589.19,success,,200,success
p3-ex-official-vu50,723a2824-60fd-439e-a3e2-bdb5df175c53,2026-08-31T18:21:51.100Z,separate_executor,quote_run_dispatch_probe,50,1235.5,success,,200,success
p3-ex-official-vu50,84125052-de1b-4560-9bd2-a5040540cb94,2026-08-31T18:21:51.105Z,separate_executor,quote_run_dispatch_probe,50,1466.53,success,,200,success
p3-ex-official-vu50,03d946dc-d09c-460f-b90e-6e678e6a810f,2026-08-31T18:21:51.139Z,separate_executor,quote_run_dispatch_probe,50,1437.46,success,,200,success
p3-ex-official-vu50,3f6bd569-0c9b-443e-95b3-f26d3e4ba45c,2026-08-31T18:21:51.150Z,separate_executor,quote_run_dispatch_probe,50,1180.56,success,,200,success
p3-ex-official-vu50,b01bdfab-af0d-479b-8eea-6f5eadd4dae4,2026-08-31T18:21:51.168Z,separate_executor,quote_run_dispatch_probe,50,1088.83,success,,200,success
p3-ex-official-vu50,760cd477-2b55-44ea-8449-fc31ab859d86,2026-08-31T18:21:51.196Z,separate_executor,quote_run_dispatch_probe,50,1749.22,success,,200,success
p3-ex-official-vu50,6f117c61-8562-4c80-9e17-d1bd96395fa4,2026-08-31T18:21:51.208Z,separate_executor,quote_run_dispatch_probe,50,1412.36,success,,200,success
p3-ex-official-vu50,c53ed12f-9e68-4b52-b44b-2dd2f18194bb,2026-08-31T18:21:51.221Z,separate_executor,quote_run_dispatch_probe,50,1287.22,success,,200,success
p3-ex-official-vu50,121ee139-1d91-46ce-b438-229bbdbd797d,2026-08-31T18:21:51.235Z,separate_executor,quote_run_dispatch_probe,50,1490.58,success,,200,success
p3-ex-official-vu50,415e8681-b937-4895-8c96-a5fc299a3a0b,2026-08-31T18:21:51.272Z,separate_executor,quote_run_dispatch_probe,50,1355.92,success,,200,success
p3-ex-official-vu50,19e9b469-70a5-4941-aa6e-938f952875da,2026-08-31T18:21:51.283Z,separate_executor,quote_run_dispatch_probe,50,1312.14,success,,200,success
p3-ex-official-vu50,e69f0fb9-56c3-4446-a824-3da9c31bcdf2,2026-08-31T18:21:51.349Z,separate_executor,quote_run_dispatch_probe,50,1417.18,success,,200,success
p3-ex-official-vu50,ace4ebb5-e82d-4ca2-95fa-a911ad788417,2026-08-31T18:21:51.357Z,separate_executor,quote_run_dispatch_probe,50,1129.44,success,,200,success
p3-ex-official-vu50,3749bcea-ce93-4d0e-9659-62c9ee0f8da9,2026-08-31T18:21:51.377Z,separate_executor,quote_run_dispatch_probe,50,2025.52,success,,200,success
p3-ex-official-vu50,a360c62b-66bb-4e75-93d9-d7aa675f6a5e,2026-08-31T18:21:51.390Z,separate_executor,quote_run_dispatch_probe,50,1268.57,success,,200,success
p3-ex-official-vu50,830bc48f-a9ac-431b-b729-030c6db580c1,2026-08-31T18:21:51.391Z,separate_executor,quote_run_dispatch_probe,50,1235.24,success,,200,success
p3-ex-official-vu50,db987f2b-5fd0-40b7-ada4-fe29e8f59420,2026-08-31T18:21:51.423Z,separate_executor,quote_run_dispatch_probe,50,1395.29,success,,200,success
p3-ex-official-vu50,2416b671-b2ca-4d79-97c7-0dfcfdaee8f9,2026-08-31T18:21:51.452Z,separate_executor,quote_run_dispatch_probe,50,1370.98,success,,200,success
p3-ex-official-vu50,c3f525f7-e722-430b-8aa4-dad982c338bd,2026-08-31T18:21:51.456Z,separate_executor,quote_run_dispatch_probe,50,1181.45,success,,200,success
p3-ex-official-vu50,e45b972c-5561-49c0-9f4e-66ecc624c7fa,2026-08-31T18:21:51.588Z,separate_executor,quote_run_dispatch_probe,50,1503.2,success,,200,success
p3-ex-official-vu50,2d62cd6e-d030-4339-8c8b-65d11da07154,2026-08-31T18:21:51.604Z,separate_executor,quote_run_dispatch_probe,50,1196.46,success,,200,success
p3-ex-official-vu50,39a8d86e-6a75-4983-867a-5394fc4f0c21,2026-08-31T18:21:51.621Z,separate_executor,quote_run_dispatch_probe,50,1471.31,success,,200,success
p3-ex-official-vu50,f6011c40-35fc-4374-aa7d-ac708a48428b,2026-08-31T18:21:51.638Z,separate_executor,quote_run_dispatch_probe,50,1466.06,success,,200,success
p3-ex-official-vu50,c23722c8-b2be-48ba-8609-dcacaf6f03fd,2026-08-31T18:21:51.643Z,separate_executor,quote_run_dispatch_probe,50,1448.55,success,,200,success
p3-ex-official-vu50,2ce3dcb4-6d95-4a24-99b5-10a1f2ebdc64,2026-08-31T18:21:51.673Z,separate_executor,quote_run_dispatch_probe,50,1247.39,success,,200,success
p3-ex-official-vu50,db753334-423d-429c-a00a-c3fc5be7ad83,2026-08-31T18:21:51.681Z,separate_executor,quote_run_dispatch_probe,50,1742.48,success,,200,success
p3-ex-official-vu50,0ce2bdda-3cba-4d2e-852d-41d6db6b83a8,2026-08-31T18:21:51.692Z,separate_executor,quote_run_dispatch_probe,50,1212.9,success,,200,success
p3-ex-official-vu50,12928d85-6226-4ff3-85b0-5c3159f24dc8,2026-08-31T18:21:51.712Z,separate_executor,quote_run_dispatch_probe,50,1369.14,success,,200,success
p3-ex-official-vu50,b28d932b-215c-4efd-b647-d93ca069b089,2026-08-31T18:21:51.763Z,separate_executor,quote_run_dispatch_probe,50,1466.29,success,,200,success
p3-ex-official-vu50,436bcb00-08c3-4bf9-9002-62e23574e0b3,2026-08-31T18:21:51.868Z,separate_executor,quote_run_dispatch_probe,50,1365.74,success,,200,success
p3-ex-official-vu50,9adcc561-2d75-4c64-8860-f767331a87fb,2026-08-31T18:21:51.869Z,separate_executor,quote_run_dispatch_probe,50,1382.06,success,,200,success
p3-ex-official-vu50,40b27de5-2676-49bb-8982-c0ea11d99464,2026-08-31T18:21:51.928Z,separate_executor,quote_run_dispatch_probe,50,1591.22,success,,200,success
p3-ex-official-vu50,3cfe6aba-3747-4876-b3c9-9d09f1297c4a,2026-08-31T18:21:51.964Z,separate_executor,quote_run_dispatch_probe,50,1460.56,success,,200,success
p3-ex-official-vu50,0933363a-860a-4d22-9cd6-49aa436c1ef4,2026-08-31T18:21:52.014Z,separate_executor,quote_run_dispatch_probe,50,1387,success,,200,success
p3-ex-official-vu50,68dc2167-d014-422b-83f5-c68bbea804c5,2026-08-31T18:21:52.025Z,separate_executor,quote_run_dispatch_probe,50,1432.82,success,,200,success
p3-ex-official-vu50,d4ab308c-9af1-47ee-aae6-6e6cc35a93a9,2026-08-31T18:21:52.049Z,separate_executor,quote_run_dispatch_probe,50,1107.91,success,,200,success
p3-ex-official-vu50,4d34b67b-3132-4356-9288-6d349936fdbe,2026-08-31T18:21:52.068Z,separate_executor,quote_run_dispatch_probe,50,1281.28,success,,200,success
p3-ex-official-vu50,3aca0ba1-6458-4c61-aa36-c5b77b77fe88,2026-08-31T18:21:52.085Z,separate_executor,quote_run_dispatch_probe,50,1317.4,success,,200,success
p3-ex-official-vu50,0e26cd14-de91-4322-ba70-9961964cf51b,2026-08-31T18:21:52.091Z,separate_executor,quote_run_dispatch_probe,50,1555.77,success,,200,success
p3-ex-official-vu50,0151d681-b09d-47dc-8f10-1a87468200a9,2026-08-31T18:21:52.105Z,separate_executor,quote_run_dispatch_probe,50,1253.65,success,,200,success
p3-ex-official-vu50,e32ec506-6b78-450f-a58d-96e0407e1de3,2026-08-31T18:21:52.108Z,separate_executor,quote_run_dispatch_probe,50,1431.75,success,,200,success
p3-ex-official-vu50,b88cca56-f6fd-4600-a2c0-d32b7ad0efaf,2026-08-31T18:21:52.110Z,separate_executor,quote_run_dispatch_probe,50,1410.29,success,,200,success
p3-ex-official-vu50,406e049f-d44e-46af-9d0b-65a72ecb9c2e,2026-08-31T18:21:52.169Z,separate_executor,quote_run_dispatch_probe,50,1355.22,success,,200,success
p3-ex-official-vu50,e67e76c4-891d-47e5-8c9e-92d417f54061,2026-08-31T18:21:52.239Z,separate_executor,quote_run_dispatch_probe,50,1259.59,success,,200,success
p3-ex-official-vu50,66e8c341-de18-4c63-b275-e42ff997767e,2026-08-31T18:21:52.332Z,separate_executor,quote_run_dispatch_probe,50,1364.85,success,,200,success
p3-ex-official-vu50,b0c60e6b-c15b-4d6a-9829-4cc3afcfb538,2026-08-31T18:21:52.335Z,separate_executor,quote_run_dispatch_probe,50,1425.93,success,,200,success
p3-ex-official-vu50,5beae4fb-0dab-4608-a4d1-d56d4ddb400f,2026-08-31T18:21:52.336Z,separate_executor,quote_run_dispatch_probe,50,1353.97,success,,200,success
p3-ex-official-vu50,088ac51e-ba10-484d-bfe0-ca4f11ad510c,2026-08-31T18:21:52.349Z,separate_executor,quote_run_dispatch_probe,50,1249.03,success,,200,success
p3-ex-official-vu50,bdf86798-1acd-4a4f-b152-6c56edec973a,2026-08-31T18:21:52.359Z,separate_executor,quote_run_dispatch_probe,50,1359.01,success,,200,success
p3-ex-official-vu50,29f27660-a0de-4ed0-973e-eb418512e148,2026-08-31T18:21:52.379Z,separate_executor,quote_run_dispatch_probe,50,1544.58,success,,200,success
p3-ex-official-vu50,2d2408bd-43d6-47ce-85b8-6d7fe0c36ebe,2026-08-31T18:21:52.480Z,separate_executor,quote_run_dispatch_probe,50,1311.86,success,,200,success
p3-ex-official-vu50,c0ed9865-e08a-474d-8d1f-318cd909f9c4,2026-08-31T18:21:52.488Z,separate_executor,quote_run_dispatch_probe,50,1383.19,success,,200,success
p3-ex-official-vu50,c17cb57d-cf27-44ee-9f83-5cee5820a1b0,2026-08-31T18:21:52.518Z,separate_executor,quote_run_dispatch_probe,50,1368.1,success,,200,success
p3-ex-official-vu50,05d81af8-e744-4a6e-a43a-d17b91b421c9,2026-08-31T18:21:52.537Z,separate_executor,quote_run_dispatch_probe,50,1187.58,success,,200,success
p3-ex-official-vu50,48aa1e56-6759-4652-882f-9d5699f93e90,2026-08-31T18:21:52.540Z,separate_executor,quote_run_dispatch_probe,50,1183.24,success,,200,success
p3-ex-official-vu50,8f719ce9-24ba-4d98-ba01-5816cc424a1c,2026-08-31T18:21:52.597Z,separate_executor,quote_run_dispatch_probe,50,1457.76,success,,200,success
p3-ex-official-vu50,87af0477-03c0-4ccf-a943-6f3af45d65cb,2026-08-31T18:21:52.639Z,separate_executor,quote_run_dispatch_probe,50,1366.25,success,,200,success
p3-ex-official-vu50,945ec53b-c1e5-426e-8e5e-5039a8249ec9,2026-08-31T18:21:52.680Z,separate_executor,quote_run_dispatch_probe,50,1648.96,success,,200,success
p3-ex-official-vu50,c4b5bbe8-df68-4ebc-921f-7a1072d97486,2026-08-31T18:21:52.693Z,separate_executor,quote_run_dispatch_probe,50,1472.15,success,,200,success
p3-ex-official-vu50,c082c04e-0386-48fa-a894-946c2b452628,2026-08-31T18:21:52.702Z,separate_executor,quote_run_dispatch_probe,50,1418.51,success,,200,success
p3-ex-official-vu50,86d4d727-461b-4e34-b478-5b94adb7c638,2026-08-31T18:21:52.705Z,separate_executor,quote_run_dispatch_probe,50,1470.39,success,,200,success
p3-ex-official-vu50,b279ac12-3698-42d5-8ff0-900e80b8f771,2026-08-31T18:21:52.737Z,separate_executor,quote_run_dispatch_probe,50,1345.26,success,,200,success
p3-ex-official-vu50,3b8232f3-407c-4680-86b2-232fe58252e3,2026-08-31T18:21:52.772Z,separate_executor,quote_run_dispatch_probe,50,1315.88,success,,200,success
p3-ex-official-vu50,76a12cc1-a3f7-4f36-90e4-150a29865148,2026-08-31T18:21:52.788Z,separate_executor,quote_run_dispatch_probe,50,1184.62,success,,200,success
p3-ex-official-vu50,16e41683-dce7-4f2f-b3aa-a180d886132e,2026-08-31T18:21:52.804Z,separate_executor,quote_run_dispatch_probe,50,1130.3,success,,200,success
p3-ex-official-vu50,93f50117-ed6d-4616-bbbe-2838221bb7f8,2026-08-31T18:21:52.805Z,separate_executor,quote_run_dispatch_probe,50,1353.2,success,,200,success
p3-ex-official-vu50,32524da2-853f-4752-ad17-9518d90e9aa8,2026-08-31T18:21:52.806Z,separate_executor,quote_run_dispatch_probe,50,1597.62,success,,200,success
p3-ex-official-vu50,abd44908-be1c-47f9-a10e-2ab53165ce27,2026-08-31T18:21:52.818Z,separate_executor,quote_run_dispatch_probe,50,1428.04,success,,200,success
p3-ex-official-vu50,d7655988-12f6-4df6-8bab-a255cafbfc04,2026-08-31T18:21:52.825Z,separate_executor,quote_run_dispatch_probe,50,1629.42,success,,200,success
p3-ex-official-vu50,33bfd5b6-f7de-4652-8c60-3e8b3c19ba17,2026-08-31T18:21:52.856Z,separate_executor,quote_run_dispatch_probe,50,1433.2,success,,200,success
p3-ex-official-vu50,bcab621d-e68b-42b9-9c39-1d07c9fa3f4f,2026-08-31T18:21:52.902Z,separate_executor,quote_run_dispatch_probe,50,1209.96,success,,200,success
p3-ex-official-vu50,931c7996-89a7-4732-8987-7a9d29e76591,2026-08-31T18:21:52.931Z,separate_executor,quote_run_dispatch_probe,50,1287.46,success,,200,success
p3-ex-official-vu50,d65b7794-ec5f-47aa-bf3c-185b5eed6ba0,2026-08-31T18:21:52.966Z,separate_executor,quote_run_dispatch_probe,50,1328.43,success,,200,success
p3-ex-official-vu50,5c4e6cbc-e465-46f7-8231-ebda049fc394,2026-08-31T18:21:53.018Z,separate_executor,quote_run_dispatch_probe,50,1429.54,success,,200,success
p3-ex-official-vu50,f28f17f4-f4cf-4ba9-ae9c-20c389a90ae8,2026-08-31T18:21:53.038Z,separate_executor,quote_run_dispatch_probe,50,1661.02,success,,200,success
p3-ex-official-vu50,e39ae1b9-00e7-473a-b66d-8d3b71e05dbe,2026-08-31T18:21:53.061Z,separate_executor,quote_run_dispatch_probe,50,1440.16,success,,200,success
p3-ex-official-vu50,13d3a118-e8b7-4bbf-8d61-8140fbb1c95c,2026-08-31T18:21:53.239Z,separate_executor,quote_run_dispatch_probe,50,1133.82,success,,200,success
p3-ex-official-vu50,e4f653d1-b230-42ae-9aa9-c09a6cce0387,2026-08-31T18:21:53.240Z,separate_executor,quote_run_dispatch_probe,50,1477.73,success,,200,success
p3-ex-official-vu50,dbd67467-0704-41ee-86e9-b0aa5ed126ae,2026-08-31T18:21:53.242Z,separate_executor,quote_run_dispatch_probe,50,1373.77,success,,200,success
p3-ex-official-vu50,ef9cf38d-d276-4ab0-b738-3966b201aa9b,2026-08-31T18:21:53.243Z,separate_executor,quote_run_dispatch_probe,50,1562.39,success,,200,success
p3-ex-official-vu50,f8d497f3-301b-4337-bb92-72fe0a45db44,2026-08-31T18:21:53.245Z,separate_executor,quote_run_dispatch_probe,50,1316.61,success,,200,success
p3-ex-official-vu50,8152a571-36a5-473f-b1a9-0522c44e219e,2026-08-31T18:21:53.253Z,separate_executor,quote_run_dispatch_probe,50,1541.6,success,,200,success
p3-ex-official-vu50,50fc8fe4-8642-4143-98a0-83dfcb8f4283,2026-08-31T18:21:53.268Z,separate_executor,quote_run_dispatch_probe,50,1304.75,success,,200,success
p3-ex-official-vu50,6a441963-7902-431d-97bd-3e66659b2442,2026-08-31T18:21:53.346Z,separate_executor,quote_run_dispatch_probe,50,1278.2,success,,200,success
p3-ex-official-vu50,f3c5d138-6e83-4bd6-b28d-74d7a9a5290d,2026-08-31T18:21:53.369Z,separate_executor,quote_run_dispatch_probe,50,1354.95,success,,200,success
p3-ex-official-vu50,0af41f4d-0edd-4db9-b2cc-71634386b050,2026-08-31T18:21:53.402Z,separate_executor,quote_run_dispatch_probe,50,1533.02,success,,200,success
p3-ex-official-vu50,cacb2d01-0ba6-4901-910e-7dbbdc6e3d29,2026-08-31T18:21:53.413Z,separate_executor,quote_run_dispatch_probe,50,1328.62,success,,200,success
p3-ex-official-vu50,c3893b0e-882f-4b5b-9f79-489681e14dfc,2026-08-31T18:21:53.429Z,separate_executor,quote_run_dispatch_probe,50,1379.9,success,,200,success
p3-ex-official-vu50,44de121b-697c-46f0-99b8-df6eae3e22ab,2026-08-31T18:21:53.472Z,separate_executor,quote_run_dispatch_probe,50,992.23,success,,200,success
p3-ex-official-vu50,7c78c6c6-27fc-4742-954e-dace8c551eed,2026-08-31T18:21:53.478Z,separate_executor,quote_run_dispatch_probe,50,1128.59,success,,200,success
p3-ex-official-vu50,a90c5222-426e-4bb2-9582-94ded0ae807d,2026-08-31T18:21:53.484Z,separate_executor,quote_run_dispatch_probe,50,1459.81,success,,200,success
p3-ex-official-vu50,6d32eb25-a4fa-46cf-8d56-6ac17a201543,2026-08-31T18:21:53.522Z,separate_executor,quote_run_dispatch_probe,50,1430.27,success,,200,success
p3-ex-official-vu50,c1850203-d692-4bf6-9ed6-6dee04962cdc,2026-08-31T18:21:53.542Z,separate_executor,quote_run_dispatch_probe,50,1209.63,success,,200,success
p3-ex-official-vu50,505253d3-5a22-4bb6-8c8a-1e94cb7aed19,2026-08-31T18:21:53.599Z,separate_executor,quote_run_dispatch_probe,50,1430.4,success,,200,success
p3-ex-official-vu50,d17b7aa4-a2c9-4363-a0e0-07d9d63e7897,2026-08-31T18:21:53.694Z,separate_executor,quote_run_dispatch_probe,50,1153.88,success,,200,success
p3-ex-official-vu50,1dba64f5-6950-4e5d-9507-c6514154bd34,2026-08-31T18:21:53.697Z,separate_executor,quote_run_dispatch_probe,50,1361.88,success,,200,success
p3-ex-official-vu50,53373ecb-08e6-49ef-99aa-63884d8d5189,2026-08-31T18:21:53.702Z,separate_executor,quote_run_dispatch_probe,50,1365.87,success,,200,success
p3-ex-official-vu50,0ec7fbed-ddbf-435d-b761-543d9c1c5cd5,2026-08-31T18:21:53.707Z,separate_executor,quote_run_dispatch_probe,50,1347.41,success,,200,success
p3-ex-official-vu50,88293920-b119-4045-8dce-0400ccebc9d3,2026-08-31T18:21:53.735Z,separate_executor,quote_run_dispatch_probe,50,1096.7,success,,200,success
p3-ex-official-vu50,fcb5c916-bceb-4c6c-a503-7f6a4758bf3f,2026-08-31T18:21:53.749Z,separate_executor,quote_run_dispatch_probe,50,1231.49,success,,200,success
p3-ex-official-vu50,a3a8af0e-48af-44da-ba07-ffbaad4c4171,2026-08-31T18:21:53.765Z,separate_executor,quote_run_dispatch_probe,50,1276.7,success,,200,success
p3-ex-official-vu50,11144093-7ffc-4034-aa22-b172172248fe,2026-08-31T18:21:53.817Z,separate_executor,quote_run_dispatch_probe,50,1578.11,success,,200,success
p3-ex-official-vu50,f7aef5fb-853c-4d0e-8d0f-4154f296ae3b,2026-08-31T18:21:53.905Z,separate_executor,quote_run_dispatch_probe,50,1794.83,success,,200,success
p3-ex-official-vu50,cc745135-bbcc-43d6-bed5-133537c5f5e4,2026-08-31T18:21:53.920Z,separate_executor,quote_run_dispatch_probe,50,1383.51,success,,200,success
p3-ex-official-vu50,37225591-bdfe-4d6b-82ac-7221eeaa2039,2026-08-31T18:21:53.969Z,separate_executor,quote_run_dispatch_probe,50,1267.17,success,,200,success
p3-ex-official-vu50,103f5790-693d-4f59-99fc-49057fe4bda8,2026-08-31T18:21:53.989Z,separate_executor,quote_run_dispatch_probe,50,1610.54,success,,200,success
p3-ex-official-vu50,9c4a9a28-08cf-411a-98a7-9e6daf7e40e4,2026-08-31T18:21:54.016Z,separate_executor,quote_run_dispatch_probe,50,1227.6,success,,200,success
p3-ex-official-vu50,ea910fd0-ae8c-4acb-9f2b-2a0c0be73ab3,2026-08-31T18:21:54.019Z,separate_executor,quote_run_dispatch_probe,50,1282.42,success,,200,success
p3-ex-official-vu50,1e21b807-d1de-492a-9e32-67604f1728b5,2026-08-31T18:21:54.028Z,separate_executor,quote_run_dispatch_probe,50,1223.5,success,,200,success
p3-ex-official-vu50,ae6e63af-a56a-4c32-9e38-7be842a5d752,2026-08-31T18:21:54.089Z,separate_executor,quote_run_dispatch_probe,50,1187.26,success,,200,success
p3-ex-official-vu50,e1263057-8483-418b-afe4-93b03d8451dd,2026-08-31T18:21:54.112Z,separate_executor,quote_run_dispatch_probe,50,1514.6,success,,200,success
p3-ex-official-vu50,c81b35c1-e721-4758-bd4a-9cfc54a2ea1f,2026-08-31T18:21:54.113Z,separate_executor,quote_run_dispatch_probe,50,1307.36,success,,200,success
p3-ex-official-vu50,4908677b-ea64-4df5-80eb-5af2b1e10327,2026-08-31T18:21:54.120Z,separate_executor,quote_run_dispatch_probe,50,2011.87,success,,200,success
p3-ex-official-vu50,1a7d2347-c737-47e4-bc4c-44a5a8c13dc6,2026-08-31T18:21:54.135Z,separate_executor,quote_run_dispatch_probe,50,1441.92,success,,200,success
p3-ex-official-vu50,721011d7-bbc5-43cd-b89c-08cc112f673b,2026-08-31T18:21:54.138Z,separate_executor,quote_run_dispatch_probe,50,1432.93,success,,200,success
p3-ex-official-vu50,62985890-5d86-4e90-93a8-d8df451a557b,2026-08-31T18:21:54.216Z,separate_executor,quote_run_dispatch_probe,50,1444.29,success,,200,success
p3-ex-official-vu50,f2c0b27c-c2ed-4ae4-8fcc-ae971f49595c,2026-08-31T18:21:54.225Z,separate_executor,quote_run_dispatch_probe,50,1399.85,success,,200,success
p3-ex-official-vu50,97db156c-d515-43ad-89d0-a13e0df37172,2026-08-31T18:21:54.245Z,separate_executor,quote_run_dispatch_probe,50,1426.01,success,,200,success
p3-ex-official-vu50,ec4011b8-caf6-4d62-b689-880ffdbc2db0,2026-08-31T18:21:54.302Z,separate_executor,quote_run_dispatch_probe,50,1446.05,success,,200,success
p3-ex-official-vu50,fd2054c1-a91a-4d95-9941-102bef367632,2026-08-31T18:21:54.355Z,separate_executor,quote_run_dispatch_probe,50,1388.31,success,,200,success
p3-ex-official-vu50,5d9668fc-1bc4-4f8a-aaa5-a9243504185f,2026-08-31T18:21:54.360Z,separate_executor,quote_run_dispatch_probe,50,1679.79,success,,200,success
p3-ex-official-vu50,fe4ab130-e381-4727-a393-57c085117f68,2026-08-31T18:21:54.377Z,separate_executor,quote_run_dispatch_probe,50,1573.51,success,,200,success
p3-ex-official-vu50,52c922af-ad12-4b24-a3c2-8d0fcf24e58f,2026-08-31T18:21:54.380Z,separate_executor,quote_run_dispatch_probe,50,1449.8,success,,200,success
p3-ex-official-vu50,7adf1275-b9fb-4504-82ec-5384a17b1092,2026-08-31T18:21:54.416Z,separate_executor,quote_run_dispatch_probe,50,1070.69,success,,200,success
p3-ex-official-vu50,f17f8814-b39c-4cbd-89c3-2b5a392f2685,2026-08-31T18:21:54.485Z,separate_executor,quote_run_dispatch_probe,50,1423.87,success,,200,success
p3-ex-official-vu50,b4926b35-1052-4211-9d40-7c780e935a44,2026-08-31T18:21:54.575Z,separate_executor,quote_run_dispatch_probe,50,1103.49,success,,200,success
p3-ex-official-vu50,38772fd4-c554-499d-b465-8358c52d79c4,2026-08-31T18:21:54.578Z,separate_executor,quote_run_dispatch_probe,50,1560.33,success,,200,success
p3-ex-official-vu50,fb198de9-23c3-4c67-b9e0-d5d339c13928,2026-08-31T18:21:54.608Z,separate_executor,quote_run_dispatch_probe,50,1369.02,success,,200,success
p3-ex-official-vu50,aaa4a0b1-c6c4-464e-bb45-b26785f6e238,2026-08-31T18:21:54.611Z,separate_executor,quote_run_dispatch_probe,50,1133.1,success,,200,success
p3-ex-official-vu50,0d223db0-702e-4eb3-8285-c6728d0bfbda,2026-08-31T18:21:54.662Z,separate_executor,quote_run_dispatch_probe,50,1408.58,success,,200,success
p3-ex-official-vu50,7ef5ab2a-68f4-4d52-9a1b-2d1e88866ab4,2026-08-31T18:21:54.689Z,separate_executor,quote_run_dispatch_probe,50,1420.49,success,,200,success
p3-ex-official-vu50,a833ee02-279e-44a2-8c0a-c1318c22bbde,2026-08-31T18:21:54.702Z,separate_executor,quote_run_dispatch_probe,50,1273.38,success,,200,success
p3-ex-official-vu50,24c3776d-354a-4025-993f-4fcfc2315f95,2026-08-31T18:21:54.707Z,separate_executor,quote_run_dispatch_probe,50,1462.65,success,,200,success
p3-ex-official-vu50,f457081c-968a-4c87-a669-803c3f14a4a7,2026-08-31T18:21:54.728Z,separate_executor,quote_run_dispatch_probe,50,1313.83,success,,200,success
p3-ex-official-vu50,86c1955f-da4e-45ae-965d-b3c90e96b53b,2026-08-31T18:21:54.738Z,separate_executor,quote_run_dispatch_probe,50,1497.74,success,,200,success
p3-ex-official-vu50,f76ce203-22d6-4a2a-b3a3-06abdb0b77e8,2026-08-31T18:21:54.740Z,separate_executor,quote_run_dispatch_probe,50,1498.27,success,,200,success
p3-ex-official-vu50,8a09819c-71dc-4fc4-b4de-cd1b71d381fb,2026-08-31T18:21:54.741Z,separate_executor,quote_run_dispatch_probe,50,1702.93,success,,200,success
p3-ex-official-vu50,f39a1ea1-82da-474e-b2c0-ce8e09b7c6b8,2026-08-31T18:21:54.769Z,separate_executor,quote_run_dispatch_probe,50,1227.47,success,,200,success
p3-ex-official-vu50,30073636-d370-4489-bb71-16c42fcbb711,2026-08-31T18:21:54.854Z,separate_executor,quote_run_dispatch_probe,50,1610.76,success,,200,success
p3-ex-official-vu50,e70cd9bb-536a-45b5-a03a-4e9d998a469d,2026-08-31T18:21:54.866Z,separate_executor,quote_run_dispatch_probe,50,1496.97,success,,200,success
p3-ex-official-vu50,9c1726f5-7be4-4292-aa4a-8d71469f8e31,2026-08-31T18:21:54.874Z,separate_executor,quote_run_dispatch_probe,50,1180.11,success,,200,success
p3-ex-official-vu50,87ae9782-89da-4e9c-b2ba-8b49bd207805,2026-08-31T18:21:54.875Z,separate_executor,quote_run_dispatch_probe,50,1353.83,success,,200,success
p3-ex-official-vu50,2355fbf3-354a-424e-aeee-3e79b94b8210,2026-08-31T18:21:54.878Z,separate_executor,quote_run_dispatch_probe,50,1475.66,success,,200,success
p3-ex-official-vu50,012e9945-5400-4564-8e33-445ad9b1bdf7,2026-08-31T18:21:54.952Z,separate_executor,quote_run_dispatch_probe,50,1202.78,success,,200,success
p3-ex-official-vu50,359e3aa0-4182-4e25-8d93-6b18af6dfb24,2026-08-31T18:21:54.959Z,separate_executor,quote_run_dispatch_probe,50,1474.22,success,,200,success
p3-ex-official-vu50,0f60ac70-6883-43e9-a498-cb61616828fb,2026-08-31T18:21:55.027Z,separate_executor,quote_run_dispatch_probe,50,1291.63,success,,200,success
p3-ex-official-vu50,1be3404d-19b0-4082-a194-c14733c60157,2026-08-31T18:21:55.038Z,separate_executor,quote_run_dispatch_probe,50,1438.48,success,,200,success
p3-ex-official-vu50,4d2f9176-a4e7-4fab-a2e6-9d09a07e5f4e,2026-08-31T18:21:55.042Z,separate_executor,quote_run_dispatch_probe,50,1344.53,success,,200,success
p3-ex-official-vu50,3a531652-f49d-43b0-b5a3-db1d05fac6a6,2026-08-31T18:21:55.100Z,separate_executor,quote_run_dispatch_probe,50,1335.23,success,,200,success
p3-ex-official-vu50,acd285d8-41b3-4ab4-b2be-83d2fa290539,2026-08-31T18:21:55.106Z,separate_executor,quote_run_dispatch_probe,50,1137.37,success,,200,success
p3-ex-official-vu50,257f9886-7054-416c-98f5-cf02e8706ced,2026-08-31T18:21:55.108Z,separate_executor,quote_run_dispatch_probe,50,1405.96,success,,200,success
p3-ex-official-vu50,7803fc20-3498-4c6d-8056-5e52ce074149,2026-08-31T18:21:55.191Z,separate_executor,quote_run_dispatch_probe,50,1484.77,success,,200,success
p3-ex-official-vu50,45c4938b-7602-42ae-b34e-c1541709dcc7,2026-08-31T18:21:55.227Z,separate_executor,quote_run_dispatch_probe,50,1211.12,success,,200,success
p3-ex-official-vu50,c434bdad-2eb0-46c4-a118-42a6f1c319e9,2026-08-31T18:21:55.230Z,separate_executor,quote_run_dispatch_probe,50,1413.51,success,,200,success
p3-ex-official-vu50,4fabfa6d-3e50-4cd9-b545-fcd08d2d1774,2026-08-31T18:21:55.236Z,separate_executor,quote_run_dispatch_probe,50,1330.76,success,,200,success
p3-ex-official-vu50,f92a147e-4e6e-48d5-83e2-4cd8df0b1699,2026-08-31T18:21:55.258Z,separate_executor,quote_run_dispatch_probe,50,1144.73,success,,200,success
p3-ex-official-vu50,62f78db5-4db2-4816-ade3-9b8129ccb59a,2026-08-31T18:21:55.277Z,separate_executor,quote_run_dispatch_probe,50,1188.07,success,,200,success
p3-ex-official-vu50,bdd9c845-e778-4f9a-83b9-a0c94fc56646,2026-08-31T18:21:55.310Z,separate_executor,quote_run_dispatch_probe,50,1281.64,success,,200,success
p3-ex-official-vu50,31f239b1-626b-4cd5-99ce-9f89261cc54c,2026-08-31T18:21:55.346Z,separate_executor,quote_run_dispatch_probe,50,1425.43,success,,200,success
p3-ex-official-vu50,d9a30ee8-b6b7-4a88-9776-717debf45acc,2026-08-31T18:21:55.411Z,separate_executor,quote_run_dispatch_probe,50,1392.26,success,,200,success
p3-ex-official-vu50,bec18741-956b-4fb0-a692-8c4cd6b7cedb,2026-08-31T18:21:55.479Z,separate_executor,quote_run_dispatch_probe,50,1341.25,success,,200,success
p3-ex-official-vu50,29f31a94-c442-4d04-9e83-8d65c50247d7,2026-08-31T18:21:55.486Z,separate_executor,quote_run_dispatch_probe,50,1350.66,success,,200,success
p3-ex-official-vu50,9f44a208-a59c-4fa6-9947-0e191f50d35c,2026-08-31T18:21:55.487Z,separate_executor,quote_run_dispatch_probe,50,1270.44,success,,200,success
p3-ex-official-vu50,4907427a-d4d8-4fc1-bb0f-84f6aae6c7fc,2026-08-31T18:21:55.575Z,separate_executor,quote_run_dispatch_probe,50,1158.91,success,,200,success
p3-ex-official-vu50,8d6fa362-15e4-436a-96bd-8cdb1409ab30,2026-08-31T18:21:55.587Z,separate_executor,quote_run_dispatch_probe,50,1597.4,success,,200,success
p3-ex-official-vu50,2e6b6e79-f09a-4732-bd95-968c2f166b30,2026-08-31T18:21:55.602Z,separate_executor,quote_run_dispatch_probe,50,1357.74,success,,200,success
p3-ex-official-vu50,68ec3e56-ebb4-4a3a-b35f-057dac6c9dde,2026-08-31T18:21:55.604Z,separate_executor,quote_run_dispatch_probe,50,1378.97,success,,200,success
p3-ex-official-vu50,014cb246-9802-49ab-ac4d-19c4dbc735b6,2026-08-31T18:21:55.656Z,separate_executor,quote_run_dispatch_probe,50,1301.54,success,,200,success
p3-ex-official-vu50,0f1754aa-13c4-4ebb-b6e2-793177a3346c,2026-08-31T18:21:55.672Z,separate_executor,quote_run_dispatch_probe,50,1370,success,,200,success
p3-ex-official-vu50,113421d0-65b0-4d5e-b8fa-09415a7cb946,2026-08-31T18:21:55.702Z,separate_executor,quote_run_dispatch_probe,50,1590.54,success,,200,success
p3-ex-official-vu50,7e5588b8-5dc2-483e-b9ad-8220c7c02896,2026-08-31T18:21:55.708Z,separate_executor,quote_run_dispatch_probe,50,1132.56,success,,200,success
p3-ex-official-vu50,8f49860a-146a-45e5-a126-adc1ec37a18d,2026-08-31T18:21:55.757Z,separate_executor,quote_run_dispatch_probe,50,1379.9,success,,200,success
p3-ex-official-vu50,3361d89f-79d0-40f8-92a1-66fc0fbebe81,2026-08-31T18:21:55.760Z,separate_executor,quote_run_dispatch_probe,50,1639.71,success,,200,success
p3-ex-official-vu50,378a6138-af1b-4cc4-87b5-5ded4ab55b78,2026-08-31T18:21:55.767Z,separate_executor,quote_run_dispatch_probe,50,1156.07,success,,200,success
p3-ex-official-vu50,34137915-ee99-452b-ab9f-455bcf251206,2026-08-31T18:21:55.774Z,separate_executor,quote_run_dispatch_probe,50,1166.18,success,,200,success
p3-ex-official-vu50,93ef571d-3e5b-48fb-96c6-d642137523a0,2026-08-31T18:21:55.790Z,separate_executor,quote_run_dispatch_probe,50,1429.93,success,,200,success
p3-ex-official-vu50,c993a6a7-2a73-4818-9cd6-b88819e5b422,2026-08-31T18:21:55.892Z,separate_executor,quote_run_dispatch_probe,50,1511.59,success,,200,success
p3-ex-official-vu50,3a72896a-6d80-442f-bd04-c336afb6c6b3,2026-08-31T18:21:55.904Z,separate_executor,quote_run_dispatch_probe,50,1418.41,success,,200,success
p3-ex-official-vu50,9ff7e90e-150b-4bb8-bfd1-9eb8c594d5ca,2026-08-31T18:21:55.912Z,separate_executor,quote_run_dispatch_probe,50,1334.38,success,,200,success
p3-ex-official-vu50,33828f2b-25df-4105-90b9-7f18f62d7fa8,2026-08-31T18:21:55.945Z,separate_executor,quote_run_dispatch_probe,50,1243.22,success,,200,success
p3-ex-official-vu50,f3199aba-c589-460e-9a24-14fb0ea97668,2026-08-31T18:21:56.016Z,separate_executor,quote_run_dispatch_probe,50,1246.71,success,,200,success
p3-ex-official-vu50,eae29e3f-2d69-4d39-8484-c9b9643dd949,2026-08-31T18:21:56.030Z,separate_executor,quote_run_dispatch_probe,50,1156.57,success,,200,success
p3-ex-official-vu50,b6d038d1-a922-4bd4-a1f4-e1af0d7de366,2026-08-31T18:21:56.048Z,separate_executor,quote_run_dispatch_probe,50,1359.35,success,,200,success
p3-ex-official-vu50,1311081d-5237-45fb-89a3-f9b99d7f88d5,2026-08-31T18:21:56.061Z,separate_executor,quote_run_dispatch_probe,50,1399.39,success,,200,success
p3-ex-official-vu50,1744f02e-9a8d-4f4a-9c22-ff11d085e4f2,2026-08-31T18:21:56.134Z,separate_executor,quote_run_dispatch_probe,50,1181.55,success,,200,success
p3-ex-official-vu50,8b739370-e2c6-4532-9541-15ceb80d0bbd,2026-08-31T18:21:56.150Z,separate_executor,quote_run_dispatch_probe,50,1411.68,success,,200,success
p3-ex-official-vu50,38f0e7cb-eb2b-4bb5-945e-d7650ac50660,2026-08-31T18:21:56.174Z,separate_executor,quote_run_dispatch_probe,50,1467.04,success,,200,success
p3-ex-official-vu50,32c45dff-4596-4ad4-b662-be92a188ddeb,2026-08-31T18:21:56.181Z,separate_executor,quote_run_dispatch_probe,50,1452.32,success,,200,success
p3-ex-official-vu50,f8edffdd-ce2c-485d-a8f9-8c3e42c914ed,2026-08-31T18:21:56.185Z,separate_executor,quote_run_dispatch_probe,50,1226.13,success,,200,success
p3-ex-official-vu50,4e458781-86a2-4cb0-a917-2f967369efa2,2026-08-31T18:21:56.227Z,separate_executor,quote_run_dispatch_probe,50,1351.68,success,,200,success
p3-ex-official-vu50,6969acda-2391-448f-afd9-6211d9bab1d5,2026-08-31T18:21:56.231Z,separate_executor,quote_run_dispatch_probe,50,1491.34,success,,200,success
p3-ex-official-vu50,ff341241-dd23-4220-b8d0-d4fe9c6d0b4b,2026-08-31T18:21:56.254Z,separate_executor,quote_run_dispatch_probe,50,1513.62,success,,200,success
p3-ex-official-vu50,3d229872-cd69-49fa-a744-0ba941919013,2026-08-31T18:21:56.255Z,separate_executor,quote_run_dispatch_probe,50,1149.01,success,,200,success
p3-ex-official-vu50,4aad1b95-17df-482d-b6c2-fd2ec304a3ac,2026-08-31T18:21:56.267Z,separate_executor,quote_run_dispatch_probe,50,1239.86,success,,200,success
p3-ex-official-vu50,b6f79136-6e34-40a9-8df7-f79cfdb9954b,2026-08-31T18:21:56.277Z,separate_executor,quote_run_dispatch_probe,50,1399.27,success,,200,success
p3-ex-official-vu50,b4f1ffb8-24f9-4a9c-a927-256968b40dd6,2026-08-31T18:21:56.361Z,separate_executor,quote_run_dispatch_probe,50,1495.19,success,,200,success
p3-ex-official-vu50,92af12f5-6bf8-4113-9dc2-0a09c86ca034,2026-08-31T18:21:56.374Z,separate_executor,quote_run_dispatch_probe,50,1332.67,success,,200,success
p3-ex-official-vu50,61560d3b-2f3e-4393-8b3e-205ee0ef573f,2026-08-31T18:21:56.448Z,separate_executor,quote_run_dispatch_probe,50,1594.36,success,,200,success
p3-ex-official-vu50,5d7a4520-401e-4099-8416-0bc73e216a1b,2026-08-31T18:21:56.464Z,separate_executor,quote_run_dispatch_probe,50,1187.52,success,,200,success
p3-ex-official-vu50,9e29d89b-8519-434b-ad4d-291c97e7c84e,2026-08-31T18:21:56.468Z,separate_executor,quote_run_dispatch_probe,50,1367.74,success,,200,success
p3-ex-official-vu50,0addecfc-ae4f-4246-ba0a-741538144e4f,2026-08-31T18:21:56.471Z,separate_executor,quote_run_dispatch_probe,50,1433.51,success,,200,success
p3-ex-official-vu50,b71d2648-0721-436e-8f9e-19888f5f5bcf,2026-08-31T18:21:56.479Z,separate_executor,quote_run_dispatch_probe,50,1251.62,success,,200,success
p3-ex-official-vu50,302cfa59-314b-407d-b4da-debf0683ee48,2026-08-31T18:21:56.517Z,separate_executor,quote_run_dispatch_probe,50,1408.34,success,,200,success
p3-ex-official-vu50,55834d12-8242-42db-9459-ad8229ca5e6b,2026-08-31T18:21:56.557Z,separate_executor,quote_run_dispatch_probe,50,1299.16,success,,200,success
p3-ex-official-vu50,08baeb1f-2621-44fe-95b0-66f92bf9e49d,2026-08-31T18:21:56.570Z,separate_executor,quote_run_dispatch_probe,50,1259.51,success,,200,success
p3-ex-official-vu50,1a31afde-7f7e-4da2-91ec-df08cf071f7a,2026-08-31T18:21:56.615Z,separate_executor,quote_run_dispatch_probe,50,1384.34,success,,200,success
p3-ex-official-vu50,e54f9a64-7aa3-495f-a57c-eb615feabc73,2026-08-31T18:21:56.703Z,separate_executor,quote_run_dispatch_probe,50,1291.79,success,,200,success
p3-ex-official-vu50,2722b066-4fc3-4fdc-81fa-d3d52c03a707,2026-08-31T18:21:56.751Z,separate_executor,quote_run_dispatch_probe,50,1404.98,success,,200,success
p3-ex-official-vu50,3753029d-cb50-4128-9c53-e035717a7a2a,2026-08-31T18:21:56.804Z,separate_executor,quote_run_dispatch_probe,50,1318.12,success,,200,success
p3-ex-official-vu50,e5a506b6-54b4-4e75-ad2f-cc1fcec3340d,2026-08-31T18:21:56.808Z,separate_executor,quote_run_dispatch_probe,50,1571.51,success,,200,success
p3-ex-official-vu50,86c1ee3b-bb96-488f-9f37-c6db4e4ae7ae,2026-08-31T18:21:56.844Z,separate_executor,quote_run_dispatch_probe,50,1268.27,success,,200,success
p3-ex-official-vu50,e40c72d9-da67-4186-bee2-b75436e48491,2026-08-31T18:21:56.859Z,separate_executor,quote_run_dispatch_probe,50,1202.39,success,,200,success
p3-ex-official-vu50,518f3581-4649-406d-999d-71347ad0396b,2026-08-31T18:21:56.861Z,separate_executor,quote_run_dispatch_probe,50,1669.3,success,,200,success
p3-ex-official-vu50,2b2a4c3f-9827-47a0-b0dd-8eacc2446df0,2026-08-31T18:21:56.869Z,separate_executor,quote_run_dispatch_probe,50,1389.55,success,,200,success
p3-ex-official-vu50,989b5ff7-323a-4975-937a-9ada011eddca,2026-08-31T18:21:56.877Z,separate_executor,quote_run_dispatch_probe,50,1274.5,success,,200,success
p3-ex-official-vu50,ac31d3e5-2c86-476f-94f7-300d86a7aab0,2026-08-31T18:21:56.903Z,separate_executor,quote_run_dispatch_probe,50,1136.61,success,,200,success
p3-ex-official-vu50,f3def112-12f5-492b-bfd1-fb2305ce9ec5,2026-08-31T18:21:56.940Z,separate_executor,quote_run_dispatch_probe,50,1231.73,success,,200,success
p3-ex-official-vu50,3dec69fb-38b4-44e0-b841-2c807fdf76e2,2026-08-31T18:21:56.974Z,separate_executor,quote_run_dispatch_probe,50,1487.24,success,,200,success
p3-ex-official-vu50,dc8209b9-aab2-4286-9589-9861994cb192,2026-08-31T18:21:57.045Z,separate_executor,quote_run_dispatch_probe,50,1271.42,success,,200,success
p3-ex-official-vu50,07204dd5-18ff-4547-b6d1-2e3758c97643,2026-08-31T18:21:57.074Z,separate_executor,quote_run_dispatch_probe,50,1469.89,success,,200,success
p3-ex-official-vu50,4d7811bc-e752-4533-841a-d9f3476a95d5,2026-08-31T18:21:57.089Z,separate_executor,quote_run_dispatch_probe,50,1328.66,success,,200,success
p3-ex-official-vu50,e7991d85-14fa-4556-812d-cdbad7cff543,2026-08-31T18:21:57.090Z,separate_executor,quote_run_dispatch_probe,50,1197.93,success,,200,success
p3-ex-official-vu50,56c73ee2-9220-4c5e-bae5-75fc8e8c8ac7,2026-08-31T18:21:57.156Z,separate_executor,quote_run_dispatch_probe,50,1483.59,success,,200,success
p3-ex-official-vu50,47b420e8-33de-4107-bf0e-7893e38de6aa,2026-08-31T18:21:57.185Z,separate_executor,quote_run_dispatch_probe,50,1597.63,success,,200,success
p3-ex-official-vu50,c1b7820f-4a84-40ff-b074-e749bdb3e331,2026-08-31T18:21:57.187Z,separate_executor,quote_run_dispatch_probe,50,1484.27,success,,200,success
p3-ex-official-vu50,26e44144-dcb0-4b42-8eb9-b5170ce397ed,2026-08-31T18:21:57.225Z,separate_executor,quote_run_dispatch_probe,50,1209.04,success,,200,success
p3-ex-official-vu50,64ef6e48-0810-48fe-bc04-7a647124ab58,2026-08-31T18:21:57.226Z,separate_executor,quote_run_dispatch_probe,50,1281.06,success,,200,success
p3-ex-official-vu50,d713e060-181f-4cb0-9a18-5411d8c64e4b,2026-08-31T18:21:57.235Z,separate_executor,quote_run_dispatch_probe,50,1477.54,success,,200,success
p3-ex-official-vu50,94e4342f-d435-4638-a09e-775fb6339d24,2026-08-31T18:21:57.253Z,separate_executor,quote_run_dispatch_probe,50,1222.29,success,,200,success
p3-ex-official-vu50,f15350fd-ed72-4341-b329-f45e86ccdd99,2026-08-31T18:21:57.330Z,separate_executor,quote_run_dispatch_probe,50,1195.82,success,,200,success
p3-ex-official-vu50,a188ef35-05c9-47f4-a2cc-6af0ead2c0eb,2026-08-31T18:21:57.351Z,separate_executor,quote_run_dispatch_probe,50,1438.33,success,,200,success
p3-ex-official-vu50,86d8ec72-b5b4-4a5a-b243-4e28c958590b,2026-08-31T18:21:57.367Z,separate_executor,quote_run_dispatch_probe,50,1577.25,success,,200,success
p3-ex-official-vu50,530d6db4-03a0-45e7-be8a-6cfdf1b65fee,2026-08-31T18:21:57.392Z,separate_executor,quote_run_dispatch_probe,50,1343.37,success,,200,success
p3-ex-official-vu50,7d5e520a-e674-416f-97a5-c79d3e197bfa,2026-08-31T18:21:57.484Z,separate_executor,quote_run_dispatch_probe,50,1303.45,success,,200,success
p3-ex-official-vu50,5898c2db-18c4-4363-9159-c4bec763e65e,2026-08-31T18:21:57.516Z,separate_executor,quote_run_dispatch_probe,50,1612.32,success,,200,success
p3-ex-official-vu50,7c072d2b-a10c-49d1-9ba0-ddf46d1447a0,2026-08-31T18:21:57.569Z,separate_executor,quote_run_dispatch_probe,50,1313.72,success,,200,success
p3-ex-official-vu50,7ba2f47d-218d-45e5-8003-eb0807b09b4e,2026-08-31T18:21:57.570Z,separate_executor,quote_run_dispatch_probe,50,1384.91,success,,200,success
p3-ex-official-vu50,8db1976b-bd9e-4b49-ac3d-b99addb8ff4d,2026-08-31T18:21:57.575Z,separate_executor,quote_run_dispatch_probe,50,1513.58,success,,200,success
p3-ex-official-vu50,92311768-5e86-4a1d-86a1-e8149aae8ed0,2026-08-31T18:21:57.576Z,separate_executor,quote_run_dispatch_probe,50,1401.97,success,,200,success
p3-ex-official-vu50,0b9c57c5-e247-496a-bc68-b3b27028f7b0,2026-08-31T18:21:57.578Z,separate_executor,quote_run_dispatch_probe,50,1427.96,success,,200,success
p3-ex-official-vu50,d9a98919-ae5c-4885-bd52-26a6d815af76,2026-08-31T18:21:57.598Z,separate_executor,quote_run_dispatch_probe,50,1330.96,success,,200,success
p3-ex-official-vu50,49e75f30-b96c-44ea-b363-ae6611392443,2026-08-31T18:21:57.717Z,separate_executor,quote_run_dispatch_probe,50,1355.9,success,,200,success
p3-ex-official-vu50,1c680663-91fa-4c2e-86db-63bd98be8873,2026-08-31T18:21:57.728Z,separate_executor,quote_run_dispatch_probe,50,1501.23,success,,200,success
p3-ex-official-vu50,65b7f9e0-4dce-444e-b848-768991ddb109,2026-08-31T18:21:57.737Z,separate_executor,quote_run_dispatch_probe,50,1258.25,success,,200,success
p3-ex-official-vu50,746481f9-9ae3-4240-8d09-f9b0c44d1b5d,2026-08-31T18:21:57.746Z,separate_executor,quote_run_dispatch_probe,50,1281.82,success,,200,success
p3-ex-official-vu50,0a91bf81-adee-4c7e-8431-49c3ba3e20d6,2026-08-31T18:21:57.760Z,separate_executor,quote_run_dispatch_probe,50,1385.33,success,,200,success
p3-ex-official-vu50,38f0ed4f-b767-405c-a314-e2cdc9989741,2026-08-31T18:21:57.800Z,separate_executor,quote_run_dispatch_probe,50,1243.07,success,,200,success
p3-ex-official-vu50,8b897c92-a391-4f53-b7d4-5b43cf72258c,2026-08-31T18:21:57.820Z,separate_executor,quote_run_dispatch_probe,50,1349.16,success,,200,success
p3-ex-official-vu50,1fd8fa99-53de-4563-ab4b-61c11e261d61,2026-08-31T18:21:57.822Z,separate_executor,quote_run_dispatch_probe,50,1590.47,success,,200,success
p3-ex-official-vu50,70614458-55cd-48b2-945a-6570a44286b7,2026-08-31T18:21:57.824Z,separate_executor,quote_run_dispatch_probe,50,1307.02,success,,200,success
p3-ex-official-vu50,e5eab251-cd73-4435-9c39-6751e4faa1da,2026-08-31T18:21:57.843Z,separate_executor,quote_run_dispatch_probe,50,1566.16,success,,200,success
p3-ex-official-vu50,7799d366-3d9d-4363-af69-3370219d9b5f,2026-08-31T18:21:57.860Z,separate_executor,quote_run_dispatch_probe,50,1290.28,success,,200,success
p3-ex-official-vu50,308babc4-3398-4482-9ca3-c6f7eedd9ad1,2026-08-31T18:21:57.896Z,separate_executor,quote_run_dispatch_probe,50,1281.53,success,,200,success
p3-ex-official-vu50,b6401642-48e1-4a45-9574-d653a013afab,2026-08-31T18:21:58.004Z,separate_executor,quote_run_dispatch_probe,50,1555.58,success,,200,success
p3-ex-official-vu50,0fa5a376-d2fd-433c-8c62-9a3be8ef7c1b,2026-08-31T18:21:58.016Z,separate_executor,quote_run_dispatch_probe,50,1548.43,success,,200,success
p3-ex-official-vu50,cdfae205-bde8-4f32-8cb4-43b6997fc39a,2026-08-31T18:21:58.023Z,separate_executor,quote_run_dispatch_probe,50,1272.16,success,,200,success
p3-ex-official-vu50,96515ea5-f27c-4d86-ba54-6b4b8c9b804c,2026-08-31T18:21:58.028Z,separate_executor,quote_run_dispatch_probe,50,1088.59,success,,200,success
p3-ex-official-vu50,118f337d-6f87-46ee-b600-8e4904a19118,2026-08-31T18:21:58.042Z,separate_executor,quote_run_dispatch_probe,50,1338.42,success,,200,success
p3-ex-official-vu50,67157ee5-51e4-42c2-9227-a5248a1f67ce,2026-08-31T18:21:58.051Z,separate_executor,quote_run_dispatch_probe,50,1247.31,success,,200,success
p3-ex-official-vu50,975a8b8f-8886-4219-8b79-2b429c554729,2026-08-31T18:21:58.063Z,separate_executor,quote_run_dispatch_probe,50,1159.9,success,,200,success
p3-ex-official-vu50,1e690ff2-1319-4efd-bde2-7011c8e2c08b,2026-08-31T18:21:58.106Z,separate_executor,quote_run_dispatch_probe,50,1851.12,success,,200,success
p3-ex-official-vu50,10254db0-142e-4c15-81a8-eac9661653dd,2026-08-31T18:21:58.135Z,separate_executor,quote_run_dispatch_probe,50,1089.62,success,,200,success
p3-ex-official-vu50,c39d91fa-12bd-402e-b182-3430c5cf7476,2026-08-31T18:21:58.183Z,separate_executor,quote_run_dispatch_probe,50,1339.57,success,,200,success
p3-ex-official-vu50,2f79a8ea-cfd9-46bc-b499-2080af95e687,2026-08-31T18:21:58.256Z,separate_executor,quote_run_dispatch_probe,50,1281.42,success,,200,success
p3-ex-official-vu50,f14b7276-a796-494b-957a-a930b1b78789,2026-08-31T18:21:58.303Z,separate_executor,quote_run_dispatch_probe,50,1444.46,success,,200,success
p3-ex-official-vu50,6e7c86fe-844a-4c9f-ab30-47f16210b838,2026-08-31T18:21:58.328Z,separate_executor,quote_run_dispatch_probe,50,1520.02,success,,200,success
p3-ex-official-vu50,e02b234a-b48d-4b3d-b092-1d1b727704d3,2026-08-31T18:21:58.353Z,separate_executor,quote_run_dispatch_probe,50,1484.23,success,,200,success
p3-ex-official-vu50,0d3aead6-f530-4512-a3bc-822c50dc6333,2026-08-31T18:21:58.399Z,separate_executor,quote_run_dispatch_probe,50,1538.11,success,,200,success
p3-ex-official-vu50,b6d828ff-c28e-478f-8ce2-8f83b415e832,2026-08-31T18:21:58.401Z,separate_executor,quote_run_dispatch_probe,50,1311.22,success,,200,success
p3-ex-official-vu50,846cab18-5eb8-4b56-ab24-d761d10d2176,2026-08-31T18:21:58.402Z,separate_executor,quote_run_dispatch_probe,50,1328,success,,200,success
p3-ex-official-vu50,00164a40-1efb-4d5b-b043-130829ba5ce3,2026-08-31T18:21:58.591Z,separate_executor,quote_run_dispatch_probe,50,1364.96,success,,200,success
p3-ex-official-vu50,f2f0fb29-6a15-4646-9612-3785f3345ec0,2026-08-31T18:21:58.592Z,separate_executor,quote_run_dispatch_probe,50,1339.43,success,,200,success
p3-ex-official-vu50,35209d2a-f8eb-4a9c-88e2-b97bcbbe1e34,2026-08-31T18:21:58.897Z,separate_executor,quote_run_dispatch_probe,50,1671.65,success,,200,success
p3-ex-official-vu50,b51fcd28-3699-40da-bc40-1cfbb2e7e9d9,2026-08-31T18:21:58.898Z,separate_executor,quote_run_dispatch_probe,50,1808.99,success,,200,success
p3-ex-official-vu50,aa63d80c-8945-48c4-b718-de7321a854b4,2026-08-31T18:21:58.898Z,separate_executor,quote_run_dispatch_probe,50,2021.42,success,,200,success
p3-ex-official-vu50,669a2da1-b8ab-4c34-bc49-866f7a466ba0,2026-08-31T18:21:59.138Z,separate_executor,quote_run_dispatch_probe,50,1982.76,success,,200,success
p3-ex-official-vu50,9b5b8a47-afff-47f3-ab6d-fa06ef6c9ae0,2026-08-31T18:21:59.150Z,separate_executor,quote_run_dispatch_probe,50,1820.55,success,,200,success
p3-ex-official-vu50,49e90d41-ea56-45f9-9f1d-5d55716644a2,2026-08-31T18:21:59.641Z,separate_executor,quote_run_dispatch_probe,50,2290.29,success,,200,success
p3-ex-official-vu50,c0d4b77c-00f1-40e7-8884-c3b996183a68,2026-08-31T18:21:59.642Z,separate_executor,quote_run_dispatch_probe,50,2406.96,success,,200,success
p3-ex-official-vu50,d967a71f-b985-438a-b951-5302b02242dd,2026-08-31T18:21:59.642Z,separate_executor,quote_run_dispatch_probe,50,2044.2,success,,200,success
p3-ex-official-vu50,94304977-c9f4-4ea5-9173-3ef64af19ab2,2026-08-31T18:21:59.643Z,separate_executor,quote_run_dispatch_probe,50,2158.27,success,,200,success
p3-ex-official-vu50,c274fec4-9f90-4b82-a8dc-fb391facedae,2026-08-31T18:21:59.643Z,separate_executor,quote_run_dispatch_probe,50,2458.24,success,,200,success
p3-ex-official-vu50,28ee085f-e0fe-42ab-8955-25133ee1cb77,2026-08-31T18:21:59.679Z,separate_executor,quote_run_dispatch_probe,50,2162.48,success,,200,success
p3-ex-official-vu50,2d318724-a4dc-402b-bf40-105b57563fd3,2026-08-31T18:21:59.684Z,separate_executor,quote_run_dispatch_probe,50,2113.99,success,,200,success
p3-ex-official-vu50,898ac029-ef80-4842-9c7c-ca3f4035de0f,2026-08-31T18:21:59.722Z,separate_executor,quote_run_dispatch_probe,50,1921.64,success,,200,success
p3-ex-official-vu50,0f5931a7-8ab8-4aed-adbb-c5e45db62365,2026-08-31T18:21:59.723Z,separate_executor,quote_run_dispatch_probe,50,2144.7,success,,200,success
p3-ex-official-vu50,d5daba3b-68a2-4e9f-812f-1580b0650f05,2026-08-31T18:21:59.723Z,separate_executor,quote_run_dispatch_probe,50,1986.02,success,,200,success
p3-ex-official-vu50,cff7537d-9305-492f-be4d-8bddb806a193,2026-08-31T18:21:59.723Z,separate_executor,quote_run_dispatch_probe,50,1976.94,success,,200,success
p3-ex-official-vu50,b794a7fb-2ccf-4aa1-a76e-7cdab6588040,2026-08-31T18:21:59.724Z,separate_executor,quote_run_dispatch_probe,50,2537.33,success,,200,success
p3-ex-official-vu50,6d47cae1-7b65-49b4-b7f6-5a79a707a3d7,2026-08-31T18:22:00.595Z,separate_executor,quote_run_dispatch_probe,50,3018.22,success,,200,success
p3-ex-official-vu50,fb8f9dfa-3bc4-4c21-9d90-c059fe22bd17,2026-08-31T18:22:00.633Z,separate_executor,quote_run_dispatch_probe,50,3241.37,success,,200,success
p3-ex-official-vu50,e14ad517-331e-44ff-9cb3-818fb5958c66,2026-08-31T18:22:00.635Z,separate_executor,quote_run_dispatch_probe,50,3066.3,success,,200,success
p3-ex-official-vu50,f2b0757b-3304-4202-a2ea-b8c24f961337,2026-08-31T18:22:00.671Z,separate_executor,quote_run_dispatch_probe,50,3095.69,success,,200,success
p3-ex-official-vu50,79560f03-0ba6-4d31-a69c-a277894b0f73,2026-08-31T18:22:00.672Z,separate_executor,quote_run_dispatch_probe,50,2943.65,success,,200,success
p3-ex-official-vu50,2c6f8cc5-6587-4a7a-b7d7-cc5222c82e1b,2026-08-31T18:22:00.673Z,separate_executor,quote_run_dispatch_probe,50,3305.99,success,,200,success
p3-ex-official-vu50,6ba84b2d-4ae3-45c0-b690-8ed2094b6c56,2026-08-31T18:22:00.704Z,separate_executor,quote_run_dispatch_probe,50,2987.16,success,,200,success
p3-ex-official-vu50,7398b4b2-afec-4bb7-9bb3-610ceb42e401,2026-08-31T18:22:00.707Z,separate_executor,quote_run_dispatch_probe,50,2946.99,success,,200,success
p3-ex-official-vu50,dbc35247-4264-4b52-b466-2ffd4603fbe2,2026-08-31T18:22:00.708Z,separate_executor,quote_run_dispatch_probe,50,2847.64,success,,200,success
p3-ex-official-vu50,4d1dbdc5-99b4-4e4a-9492-f67fed866a7c,2026-08-31T18:22:00.758Z,separate_executor,quote_run_dispatch_probe,50,2915.3,success,,200,success
p3-ex-official-vu50,1f3bd739-248e-4561-a73f-c1191547b027,2026-08-31T18:22:00.759Z,separate_executor,quote_run_dispatch_probe,50,2730.76,success,,200,success
p3-ex-official-vu50,979d0e71-fbe6-4ef6-b35b-68a5c2163aad,2026-08-31T18:22:00.760Z,separate_executor,quote_run_dispatch_probe,50,2935.82,success,,200,success
p3-ex-official-vu50,d654fbc8-d62e-4855-b954-f3ad41f3aafd,2026-08-31T18:22:00.760Z,separate_executor,quote_run_dispatch_probe,50,2939.45,success,,200,success
p3-ex-official-vu50,071a554b-afc8-492c-8b14-d8a07bc7a03c,2026-08-31T18:22:00.760Z,separate_executor,quote_run_dispatch_probe,50,2696.69,success,,200,success
p3-ex-official-vu50,ebef23bd-d977-42df-8a56-48a51d50b3bb,2026-08-31T18:22:00.835Z,separate_executor,quote_run_dispatch_probe,50,2699.64,success,,200,success
p3-ex-official-vu50,6dafae03-bf4a-4530-a177-529a941f14ff,2026-08-31T18:22:01.988Z,separate_executor,quote_run_dispatch_probe,50,3946.34,success,,200,success
p3-ex-official-vu50,cc9d5ce4-9114-4650-b27c-eab8c06c5439,2026-08-31T18:22:01.989Z,separate_executor,quote_run_dispatch_probe,50,3965.75,success,,200,success
p3-ex-official-vu50,8b7d0199-41d2-4438-afd8-bd073022bb22,2026-08-31T18:22:02.019Z,separate_executor,quote_run_dispatch_probe,50,4122.41,success,,200,success
p3-ex-official-vu50,9f3dbd15-0239-459d-89a5-aee3b2a77d38,2026-08-31T18:22:02.019Z,separate_executor,quote_run_dispatch_probe,50,3967.6,success,,200,success
p3-ex-official-vu50,bef28d30-e606-4982-adea-aa3c0d7fe945,2026-08-31T18:22:02.019Z,separate_executor,quote_run_dispatch_probe,50,3836,success,,200,success
p3-ex-official-vu50,38da631f-7bed-44ef-9dbf-44bfe95b23ef,2026-08-31T18:22:02.020Z,separate_executor,quote_run_dispatch_probe,50,4003.09,success,,200,success
p3-ex-official-vu50,7d7731c9-1600-425d-8ac8-91c1f72f01d9,2026-08-31T18:22:02.044Z,separate_executor,quote_run_dispatch_probe,50,4222.41,success,,200,success
p3-ex-official-vu50,a7187d11-5a4d-4f30-af12-26953795e916,2026-08-31T18:22:02.045Z,separate_executor,quote_run_dispatch_probe,50,3741.44,success,,200,success
p3-ex-official-vu50,18398462-9a32-4cc3-958f-218d16df0274,2026-08-31T18:22:02.045Z,separate_executor,quote_run_dispatch_probe,50,3452.89,success,,200,success
p3-ex-official-vu50,8e298348-c364-484f-8f9a-894f53da4a63,2026-08-31T18:22:02.045Z,separate_executor,quote_run_dispatch_probe,50,4041.5,success,,200,success
p3-ex-official-vu50,4b600f1e-7984-48c6-a696-647ecbcde499,2026-08-31T18:22:02.078Z,separate_executor,quote_run_dispatch_probe,50,3822.08,success,,200,success
p3-ex-official-vu50,95ad5e86-b8b2-4f18-ac98-a5a07a7e655b,2026-08-31T18:22:02.078Z,separate_executor,quote_run_dispatch_probe,50,3972.46,success,,200,success
p3-ex-official-vu50,5267a570-637c-47a5-a3cc-63c77f1a1579,2026-08-31T18:22:02.078Z,separate_executor,quote_run_dispatch_probe,50,3725.16,success,,200,success
p3-ex-official-vu50,e70836ce-f483-4c30-8bd3-28f7baf27235,2026-08-31T18:22:02.079Z,separate_executor,quote_run_dispatch_probe,50,3676.53,success,,200,success
p3-ex-official-vu50,2254901e-f2db-4879-aa09-d002f2f2d4b0,2026-08-31T18:22:02.084Z,separate_executor,quote_run_dispatch_probe,50,3682.62,success,,200,success
p3-ex-official-vu50,fc07e060-981f-4828-bc5b-5c9d20d2d6cf,2026-08-31T18:22:02.084Z,separate_executor,quote_run_dispatch_probe,50,3186.03,success,,200,success
p3-ex-official-vu50,dc28097a-a434-423c-8d2a-47964f9119d4,2026-08-31T18:22:02.085Z,separate_executor,quote_run_dispatch_probe,50,3756.86,success,,200,success
p3-ex-official-vu50,212504a5-8ab5-446d-beae-144802ec9628,2026-08-31T18:22:02.106Z,separate_executor,quote_run_dispatch_probe,50,3514.27,success,,200,success
p3-ex-official-vu50,58de3411-67a2-450b-8f29-f24743f872dc,2026-08-31T18:22:02.106Z,separate_executor,quote_run_dispatch_probe,50,3706.76,success,,200,success
p3-ex-official-vu50,4d910874-ac16-4d78-83fa-0a2fed59a315,2026-08-31T18:22:02.106Z,separate_executor,quote_run_dispatch_probe,50,3209.43,success,,200,success
p3-ex-official-vu50,57c53842-ff14-424d-87df-33edc9671c35,2026-08-31T18:22:02.107Z,separate_executor,quote_run_dispatch_probe,50,3208.77,success,,200,success
p3-ex-official-vu50,7ac6f2e6-b838-4095-9412-aa0da6b1cde3,2026-08-31T18:22:02.711Z,separate_executor,quote_run_dispatch_probe,50,3572.14,success,,200,success
p3-ex-official-vu50,6009ccc0-6dc0-4923-b5b6-1e759595e413,2026-08-31T18:22:02.711Z,separate_executor,quote_run_dispatch_probe,50,3561.02,success,,200,success
p3-ex-official-vu50,a4a6afe5-e22f-4d36-889d-3891d02858c9,2026-08-31T18:22:02.726Z,separate_executor,quote_run_dispatch_probe,50,3041.92,success,,200,success
p3-ex-official-vu50,7dcf7432-3476-4f19-93b2-68b0fc8b774d,2026-08-31T18:22:02.726Z,separate_executor,quote_run_dispatch_probe,50,3003.15,success,,200,success
p3-ex-official-vu50,386a44f1-e50f-40b9-a17a-79ad6e90fdfb,2026-08-31T18:22:02.727Z,separate_executor,quote_run_dispatch_probe,50,3003.91,success,,200,success
p3-ex-official-vu50,a7f82343-9533-4cbb-9917-c4186bf153c2,2026-08-31T18:22:02.727Z,separate_executor,quote_run_dispatch_probe,50,3005.48,success,,200,success
p3-ex-official-vu50,1b4bb85d-3ae3-4dd5-8032-4f63f0e53bcf,2026-08-31T18:22:02.736Z,separate_executor,quote_run_dispatch_probe,50,3095.18,success,,200,success
p3-ex-official-vu50,eaaed387-8aa0-4e3b-a63d-58336e8b7e74,2026-08-31T18:22:02.737Z,separate_executor,quote_run_dispatch_probe,50,3095.24,success,,200,success
p3-ex-official-vu50,0e4dd917-737b-4fb1-98dc-631e7eef13e1,2026-08-31T18:22:02.749Z,separate_executor,quote_run_dispatch_probe,50,3070.57,success,,200,success
p3-ex-official-vu50,a7eb7d94-4ca4-42ee-b5d2-32319f5dfe0d,2026-08-31T18:22:02.750Z,separate_executor,quote_run_dispatch_probe,50,3107.72,success,,200,success
p3-ex-official-vu50,d305d3bf-e0d1-4c22-aec3-bd360f2d295e,2026-08-31T18:22:02.751Z,separate_executor,quote_run_dispatch_probe,50,3108.12,success,,200,success
p3-ex-official-vu50,e351b9fd-f8f2-46e9-8832-523f40212605,2026-08-31T18:22:02.751Z,separate_executor,quote_run_dispatch_probe,50,3028.56,success,,200,success
p3-ex-official-vu50,172c87fc-c9e5-4a26-adbf-beffb6e47398,2026-08-31T18:22:02.759Z,separate_executor,quote_run_dispatch_probe,50,3116.05,success,,200,success
p3-ex-official-vu50,9b44ec83-9d9c-4b32-9bd5-604915c5ef41,2026-08-31T18:22:02.760Z,separate_executor,quote_run_dispatch_probe,50,3035.86,success,,200,success
p3-ex-official-vu50,d73f27cc-c51a-46b7-ae8b-9bed25f092f7,2026-08-31T18:22:02.812Z,separate_executor,quote_run_dispatch_probe,50,2107.44,success,,200,success
p3-ex-official-vu50,439783d9-852b-46cd-af96-88c14dfd5b4f,2026-08-31T18:22:02.824Z,separate_executor,quote_run_dispatch_probe,50,2191.22,success,,200,success
p3-ex-official-vu50,5107d34a-3f3f-4e36-8d99-91d2a8ed9b21,2026-08-31T18:22:02.825Z,separate_executor,quote_run_dispatch_probe,50,2152.88,success,,200,success
p3-ex-official-vu50,8e7d9a46-5984-42bf-86c3-303314d7a24a,2026-08-31T18:22:02.838Z,separate_executor,quote_run_dispatch_probe,50,2164.14,success,,200,success
p3-ex-official-vu50,872144e1-a1b7-4e0e-9702-6fdc03235301,2026-08-31T18:22:02.839Z,separate_executor,quote_run_dispatch_probe,50,2203.5,success,,200,success
p3-ex-official-vu50,96394936-8026-4626-8d07-6ead18aaa7d2,2026-08-31T18:22:02.840Z,separate_executor,quote_run_dispatch_probe,50,2245.01,success,,200,success
p3-ex-official-vu50,857cd7da-c57d-436a-807a-b41d5683d89d,2026-08-31T18:22:02.856Z,separate_executor,quote_run_dispatch_probe,50,2021.05,success,,200,success
p3-ex-official-vu50,aa0c3414-71de-4e0b-b0a6-fb4b3cdf18de,2026-08-31T18:22:02.858Z,separate_executor,quote_run_dispatch_probe,50,2097.98,success,,200,success
p3-ex-official-vu50,7502cf36-20ef-4d1c-9b1e-5f8581c08a76,2026-08-31T18:22:02.859Z,separate_executor,quote_run_dispatch_probe,50,2099.31,success,,200,success
p3-ex-official-vu50,db20581b-bb1a-4105-945b-1c592213d1e2,2026-08-31T18:22:02.859Z,separate_executor,quote_run_dispatch_probe,50,2188.46,success,,200,success
p3-ex-official-vu50,61a95bfd-01ed-4e0b-b950-360afaf1b9b4,2026-08-31T18:22:02.859Z,separate_executor,quote_run_dispatch_probe,50,2152.56,success,,200,success
p3-ex-official-vu50,3d879719-c73a-44d1-bc75-2dd9cd78e4eb,2026-08-31T18:22:02.860Z,separate_executor,quote_run_dispatch_probe,50,2099.58,success,,200,success
p3-ex-official-vu50,fe5fc33e-d5f9-4fc1-a6bd-4cc4ce2a8e10,2026-08-31T18:22:02.871Z,separate_executor,quote_run_dispatch_probe,50,2112.69,success,,200,success
p3-ex-official-vu50,8a6dcedf-2f7e-41ee-b4e2-4f05bc086b9e,2026-08-31T18:22:02.872Z,separate_executor,quote_run_dispatch_probe,50,2112.59,success,,200,success
p3-ex-official-vu50,56c46a60-7c29-4e59-a0d2-96eb57f4ac0d,2026-08-31T18:22:02.873Z,separate_executor,quote_run_dispatch_probe,50,2165.4,success,,200,success
p3-ex-official-vu50,1e6899c4-c60d-4c8b-9683-1d9c6c1d9314,2026-08-31T18:22:02.910Z,separate_executor,quote_run_dispatch_probe,50,864.62,success,,200,success
p3-ex-official-vu50,d6ae917f-9c0b-45b6-ae2f-c29bae977689,2026-08-31T18:22:02.917Z,separate_executor,quote_run_dispatch_probe,50,839.32,success,,200,success
p3-ex-official-vu50,4a04088e-97aa-4fe0-ab3b-37b5c347e000,2026-08-31T18:22:02.918Z,separate_executor,quote_run_dispatch_probe,50,839.81,success,,200,success
p3-ex-official-vu50,fdd8ad2d-c30b-444f-9bb4-7f0a068265e9,2026-08-31T18:22:02.926Z,separate_executor,quote_run_dispatch_probe,50,819.56,success,,200,success
p3-ex-official-vu50,fab8ae1f-f880-4ad4-8653-b3fbe852b66a,2026-08-31T18:22:02.975Z,separate_executor,quote_run_dispatch_probe,50,987.09,success,,200,success
p3-ex-official-vu50,a04ce193-8af3-429a-aa7c-e0b987e13fe4,2026-08-31T18:22:02.992Z,separate_executor,quote_run_dispatch_probe,50,885.51,success,,200,success
p3-ex-official-vu50,2fcddaec-744b-4e0c-9afe-4680ff3b4074,2026-08-31T18:22:02.992Z,separate_executor,quote_run_dispatch_probe,50,947.01,success,,200,success
p3-ex-official-vu50,7ded7957-d8b2-4f3b-acd9-fbafcc31033d,2026-08-31T18:22:02.993Z,separate_executor,quote_run_dispatch_probe,50,974.12,success,,200,success
p3-ex-official-vu50,5eecffeb-0501-4530-bc4c-a0602c427b5d,2026-08-31T18:22:02.993Z,separate_executor,quote_run_dispatch_probe,50,948.41,success,,200,success
p3-ex-official-vu50,11cf0909-7be0-4e63-89d4-479ee660da51,2026-08-31T18:22:03.007Z,separate_executor,quote_run_dispatch_probe,50,987.81,success,,200,success
p3-ex-official-vu50,d3db118b-653d-439f-97c7-2b51988daaae,2026-08-31T18:22:03.008Z,separate_executor,quote_run_dispatch_probe,50,988.4,success,,200,success
p3-ex-official-vu50,159ad969-de83-475d-96a4-e9c35b4fa10f,2026-08-31T18:22:03.008Z,separate_executor,quote_run_dispatch_probe,50,924.62,success,,200,success
p3-ex-official-vu50,d9879179-2060-4925-aed8-0f92d8ecbe0c,2026-08-31T18:22:03.194Z,separate_executor,quote_run_dispatch_probe,50,1109.55,success,,200,success
p3-ex-official-vu50,2d16e6d5-896e-401a-a225-d43fd5218da7,2026-08-31T18:22:03.195Z,separate_executor,quote_run_dispatch_probe,50,1117.45,success,,200,success
p3-ex-official-vu50,758ae713-a82e-48c5-aba5-eecaddb11418,2026-08-31T18:22:03.222Z,separate_executor,quote_run_dispatch_probe,50,1116.01,success,,200,success
p3-ex-official-vu50,9193a67c-8258-4cdf-9159-a7eb8e8faff7,2026-08-31T18:22:03.223Z,separate_executor,quote_run_dispatch_probe,50,1234.45,success,,200,success
p3-ex-official-vu50,847508a9-cfc3-4d9b-822f-520eb0b02e5a,2026-08-31T18:22:03.231Z,separate_executor,quote_run_dispatch_probe,50,1152.21,success,,200,success
p3-ex-official-vu50,2d2ff205-0515-4a53-bae7-6f972dbd8723,2026-08-31T18:22:03.232Z,separate_executor,quote_run_dispatch_probe,50,1212.06,success,,200,success
p3-ex-official-vu50,5a2ba03e-29be-4cba-a0a3-97cbaafa4374,2026-08-31T18:22:03.289Z,separate_executor,quote_run_dispatch_probe,50,1182.98,success,,200,success
p3-ex-official-vu50,52c555d7-c283-42c1-82ca-6e8c4e1efda0,2026-08-31T18:22:03.290Z,separate_executor,quote_run_dispatch_probe,50,1205.6,success,,200,success
p3-ex-official-vu50,16ec183e-12c4-43b8-8715-8be0faf5be96,2026-08-31T18:22:03.291Z,separate_executor,quote_run_dispatch_probe,50,1246.45,success,,200,success
p3-ex-official-vu50,99534b1d-d374-4ffe-8c4b-e53c36e7033a,2026-08-31T18:22:03.495Z,separate_executor,quote_run_dispatch_probe,50,759.05,success,,200,success
p3-ex-official-vu50,192083e9-f526-4414-8751-9e00d5d6201f,2026-08-31T18:22:03.636Z,separate_executor,quote_run_dispatch_probe,50,925.54,success,,200,success
p3-ex-official-vu50,cf519ae7-d663-4d02-84ab-777177fb1c77,2026-08-31T18:22:03.667Z,separate_executor,quote_run_dispatch_probe,50,956.18,success,,200,success
p3-ex-official-vu50,a9922489-437f-4d8a-afe9-e30b67362727,2026-08-31T18:22:03.683Z,separate_executor,quote_run_dispatch_probe,50,955.77,success,,200,success
p3-ex-official-vu50,bd079eb8-7b29-4e98-8f9f-21e81837de0d,2026-08-31T18:22:03.693Z,separate_executor,quote_run_dispatch_probe,50,868.3,success,,200,success
p3-ex-official-vu50,b900b2d9-228d-4872-997d-7eb71653b9b9,2026-08-31T18:22:03.744Z,separate_executor,quote_run_dispatch_probe,50,884.69,success,,200,success
p3-ex-official-vu50,1e6c51eb-532f-43fe-bff7-5bdc9be5d141,2026-08-31T18:22:03.759Z,separate_executor,quote_run_dispatch_probe,50,1032.05,success,,200,success
p3-ex-official-vu50,922dc6a9-e8e4-4c35-9df1-a235ec27afd3,2026-08-31T18:22:03.791Z,separate_executor,quote_run_dispatch_probe,50,951.66,success,,200,success
p3-ex-official-vu50,3508e2b4-d494-4625-8a1a-d4d3cffcd1ac,2026-08-31T18:22:03.800Z,separate_executor,quote_run_dispatch_probe,50,942.47,success,,200,success
p3-ex-official-vu50,8679b7b7-74a9-4d4f-96d8-3d3114792db0,2026-08-31T18:22:03.840Z,separate_executor,quote_run_dispatch_probe,50,1080.65,success,,200,success
p3-ex-official-vu50,f2d63e54-fdb7-4456-86ec-7798aad4f04b,2026-08-31T18:22:03.859Z,separate_executor,quote_run_dispatch_probe,50,1000.36,success,,200,success
p3-ex-official-vu50,0a8217a3-9a01-4bf2-802f-de6faf2c2a50,2026-08-31T18:22:03.868Z,separate_executor,quote_run_dispatch_probe,50,1142.17,success,,200,success
p3-ex-official-vu50,bbf5c6a1-3989-4f5c-83ce-5fb47c036cb0,2026-08-31T18:22:03.886Z,separate_executor,quote_run_dispatch_probe,50,1134.93,success,,200,success
p3-ex-official-vu50,78f46bca-163d-463a-a132-5624fb32821c,2026-08-31T18:22:03.903Z,separate_executor,quote_run_dispatch_probe,50,1064.43,success,,200,success
p3-ex-official-vu50,61763de1-d029-4a88-b76e-fdac383feb82,2026-08-31T18:22:03.904Z,separate_executor,quote_run_dispatch_probe,50,1045.36,success,,200,success
p3-ex-official-vu50,3755ef32-0daf-4cfc-a186-4415a4eafb1a,2026-08-31T18:22:03.909Z,separate_executor,quote_run_dispatch_probe,50,1158.96,success,,200,success
p3-ex-official-vu50,cb76d7ae-5af6-4535-a591-6a4ebf1772c1,2026-08-31T18:22:03.921Z,separate_executor,quote_run_dispatch_probe,50,1171.72,success,,200,success
p3-ex-official-vu50,ab80e20b-1d94-4361-86da-965fdfee2454,2026-08-31T18:22:03.935Z,separate_executor,quote_run_dispatch_probe,50,1075,success,,200,success
p3-ex-official-vu50,f515d9c4-c538-4913-970f-34eb66e94eae,2026-08-31T18:22:03.938Z,separate_executor,quote_run_dispatch_probe,50,1201.44,success,,200,success
p3-ex-official-vu50,5cea32a3-9f89-450e-9084-ee158cd4559b,2026-08-31T18:22:03.980Z,separate_executor,quote_run_dispatch_probe,50,1155.61,success,,200,success
p3-ex-official-vu50,c7eccfb7-770c-41f5-ac61-7b841e56cda9,2026-08-31T18:22:03.984Z,separate_executor,quote_run_dispatch_probe,50,1146.34,success,,200,success
p3-ex-official-vu50,9e0a112d-8b84-414e-b0a8-491cbc023005,2026-08-31T18:22:03.989Z,separate_executor,quote_run_dispatch_probe,50,1133.73,success,,200,success
p3-ex-official-vu50,32fe396b-6add-4ef0-b0ee-11522bc729f3,2026-08-31T18:22:04.017Z,separate_executor,quote_run_dispatch_probe,50,1258.04,success,,200,success
p3-ex-official-vu50,76beb286-64e9-4e0a-b0ab-bea9f86b59dd,2026-08-31T18:22:04.044Z,separate_executor,quote_run_dispatch_probe,50,1125.82,success,,200,success
p3-ex-official-vu50,5af39a41-07cc-433c-92df-37760a596dbb,2026-08-31T18:22:04.050Z,separate_executor,quote_run_dispatch_probe,50,1323.36,success,,200,success
p3-ex-official-vu50,90daacba-46e6-486e-b8c7-bd6877027702,2026-08-31T18:22:04.086Z,separate_executor,quote_run_dispatch_probe,50,1213.93,success,,200,success
p3-ex-official-vu50,4ba7fe31-3601-4e7f-9e17-e3aa79aff237,2026-08-31T18:22:04.102Z,separate_executor,quote_run_dispatch_probe,50,1351.26,success,,200,success
p3-ex-official-vu50,22186b75-2e3d-4871-bf79-a96eb413af80,2026-08-31T18:22:04.128Z,separate_executor,quote_run_dispatch_probe,50,1257.07,success,,200,success
p3-ex-official-vu50,3d2b47eb-7979-4088-a5a9-0ce51c98401c,2026-08-31T18:22:04.138Z,separate_executor,quote_run_dispatch_probe,50,1146.01,success,,200,success
p3-ex-official-vu50,ea964f41-4460-41f3-9b15-745e1b8f928e,2026-08-31T18:22:04.152Z,separate_executor,quote_run_dispatch_probe,50,1340.57,success,,200,success
p3-ex-official-vu50,e79bfe15-be58-4379-97cd-2f0fd61eeb0d,2026-08-31T18:22:04.187Z,separate_executor,quote_run_dispatch_probe,50,1276.83,success,,200,success
p3-ex-official-vu50,6e53e22c-28cf-4526-b30d-84fee5996b6e,2026-08-31T18:22:04.194Z,separate_executor,quote_run_dispatch_probe,50,1276.53,success,,200,success
p3-ex-official-vu50,2ea79ff3-ee23-46a3-9ef1-9cfb84e62a26,2026-08-31T18:22:04.209Z,separate_executor,quote_run_dispatch_probe,50,1200.63,success,,200,success
p3-ex-official-vu50,010a7e37-c262-4908-b0fd-c72079b8040c,2026-08-31T18:22:04.233Z,separate_executor,quote_run_dispatch_probe,50,1306.77,success,,200,success
p3-ex-official-vu50,bfe9132a-c673-4394-931e-307bc2587728,2026-08-31T18:22:04.283Z,separate_executor,quote_run_dispatch_probe,50,1308.24,success,,200,success
p3-ex-official-vu50,1197c6ac-b731-4bf0-9af5-1a1511a4b550,2026-08-31T18:22:04.349Z,separate_executor,quote_run_dispatch_probe,50,1341.72,success,,200,success
p3-ex-official-vu50,c9665708-8494-4791-b110-9320124199e0,2026-08-31T18:22:04.353Z,separate_executor,quote_run_dispatch_probe,50,1346.09,success,,200,success
p3-ex-official-vu50,1cde37fd-0759-4b92-9960-5acd788b1cc7,2026-08-31T18:22:04.364Z,separate_executor,quote_run_dispatch_probe,50,1370.56,success,,200,success
p3-ex-official-vu50,a684ba79-2612-4a2d-8a9e-2467c4f9e46d,2026-08-31T18:22:04.383Z,separate_executor,quote_run_dispatch_probe,50,1390.89,success,,200,success
p3-ex-official-vu50,ce312caf-35a1-4d22-ac3e-e1b8df87a12b,2026-08-31T18:22:04.501Z,separate_executor,quote_run_dispatch_probe,50,1005.54,success,,200,success
p3-ex-official-vu50,0f3b5121-d9dd-466c-8358-1da4ad7d1edf,2026-08-31T18:22:04.502Z,separate_executor,quote_run_dispatch_probe,50,1509.06,success,,200,success
p3-ex-official-vu50,994b3efc-9e7e-4c1a-9d44-094a9b77f619,2026-08-31T18:22:04.625Z,separate_executor,quote_run_dispatch_probe,50,1393.74,success,,200,success
p3-ex-official-vu50,6cb59489-65b5-42a0-8e2c-107dd0cb3989,2026-08-31T18:22:04.643Z,separate_executor,quote_run_dispatch_probe,50,1411.57,success,,200,success
p3-ex-official-vu50,dfe87f6f-085d-4233-aaac-e2c36a516cde,2026-08-31T18:22:04.686Z,separate_executor,quote_run_dispatch_probe,50,1462.87,success,,200,success
p3-ex-official-vu50,f6c98a06-7b40-435f-983c-4d7a25d8fdfa,2026-08-31T18:22:04.688Z,separate_executor,quote_run_dispatch_probe,50,1397.14,success,,200,success
p3-ex-official-vu50,bbeadcef-efda-48d7-83f8-bf359e490510,2026-08-31T18:22:04.709Z,separate_executor,quote_run_dispatch_probe,50,1514.84,success,,200,success
p3-ex-official-vu50,f1061324-b519-4cff-b3f2-95516de16172,2026-08-31T18:22:04.722Z,separate_executor,quote_run_dispatch_probe,50,1500.43,success,,200,success
p3-ex-official-vu50,b15b83ab-c058-4666-a5b0-6be8df6f5622,2026-08-31T18:22:04.741Z,separate_executor,quote_run_dispatch_probe,50,1057.82,success,,200,success
p3-ex-official-vu50,2494e4e0-7586-4cfb-adc2-62d7cc61d610,2026-08-31T18:22:04.802Z,separate_executor,quote_run_dispatch_probe,50,1929.33,success,,200,success
p3-ex-official-vu50,53290ed7-8f2c-4f2f-a486-ee7507fc917e,2026-08-31T18:22:04.819Z,separate_executor,quote_run_dispatch_probe,50,1624.22,success,,200,success
p3-ex-official-vu50,1fe2bd01-76d0-4d8e-bf36-dfdb28c40142,2026-08-31T18:22:04.820Z,separate_executor,quote_run_dispatch_probe,50,1530.09,success,,200,success
p3-ex-official-vu50,d270498c-2378-4009-a897-660f19c875fd,2026-08-31T18:22:04.824Z,separate_executor,quote_run_dispatch_probe,50,1130.23,success,,200,success
p3-ex-official-vu50,1e9664ab-8f22-467b-b873-5fff7ff3fda8,2026-08-31T18:22:04.859Z,separate_executor,quote_run_dispatch_probe,50,1191.75,success,,200,success
p3-ex-official-vu50,305364fe-2105-4375-8441-36a00fc35a8e,2026-08-31T18:22:04.886Z,separate_executor,quote_run_dispatch_probe,50,1596.57,success,,200,success
p3-ex-official-vu50,1b9fee3d-6d9a-4bea-936e-cd279f266276,2026-08-31T18:22:04.921Z,separate_executor,quote_run_dispatch_probe,50,1177.24,success,,200,success
p3-ex-official-vu50,72f044d0-3149-48b9-b4da-7860c96f2137,2026-08-31T18:22:04.933Z,separate_executor,quote_run_dispatch_probe,50,1132.94,success,,200,success
p3-ex-official-vu50,68265428-48ca-48dc-8211-51aea1ef05d0,2026-08-31T18:22:04.990Z,separate_executor,quote_run_dispatch_probe,50,1353.72,success,,200,success
p3-ex-official-vu50,9ccf5421-d2a2-4ed0-b945-bec856237713,2026-08-31T18:22:04.994Z,separate_executor,quote_run_dispatch_probe,50,1202.44,success,,200,success
p3-ex-official-vu50,d502431b-9e90-4b39-ab08-a0578e20f42a,2026-08-31T18:22:05.023Z,separate_executor,quote_run_dispatch_probe,50,1119.73,success,,200,success
p3-ex-official-vu50,132d27bf-08a6-49c9-b308-2ea51d1ced32,2026-08-31T18:22:05.024Z,separate_executor,quote_run_dispatch_probe,50,1165.14,success,,200,success
p3-ex-official-vu50,da5f4deb-dc09-43a1-b7e5-a95abe8dd2dc,2026-08-31T18:22:05.026Z,separate_executor,quote_run_dispatch_probe,50,1266.26,success,,200,success
p3-ex-official-vu50,7a893792-2981-4bfb-94c2-f9f89212b3c1,2026-08-31T18:22:05.058Z,separate_executor,quote_run_dispatch_probe,50,1153.87,success,,200,success
p3-ex-official-vu50,18225092-75f5-49fe-bb83-7ac1d478c9b8,2026-08-31T18:22:05.107Z,separate_executor,quote_run_dispatch_probe,50,1117.8,success,,200,success
p3-ex-official-vu50,afe117a7-066d-4b18-9a4e-30247850c6e1,2026-08-31T18:22:05.153Z,separate_executor,quote_run_dispatch_probe,50,1168.9,success,,200,success
p3-ex-official-vu50,5ecac7b0-2aec-45e3-bec5-f4e740845bcb,2026-08-31T18:22:05.168Z,separate_executor,quote_run_dispatch_probe,50,1282.33,success,,200,success
p3-ex-official-vu50,1a137429-5f5d-47d5-81b2-0138f2454d8c,2026-08-31T18:22:05.204Z,separate_executor,quote_run_dispatch_probe,50,1363.11,success,,200,success
p3-ex-official-vu50,feb088f2-5f2b-45ec-95f9-80e817734f21,2026-08-31T18:22:05.243Z,separate_executor,quote_run_dispatch_probe,50,1304.72,success,,200,success
p3-ex-official-vu50,1e5ecf44-294f-4c48-91b2-1359cdb231c6,2026-08-31T18:22:05.249Z,separate_executor,quote_run_dispatch_probe,50,1162.77,success,,200,success
p3-ex-official-vu50,098d57e0-284e-4ae9-a048-744108fb2934,2026-08-31T18:22:05.262Z,separate_executor,quote_run_dispatch_probe,50,1393.73,success,,200,success
p3-ex-official-vu50,4788c96a-b7e6-404a-8693-f6cb7063ddd3,2026-08-31T18:22:05.268Z,separate_executor,quote_run_dispatch_probe,50,1333.35,success,,200,success
p3-ex-official-vu50,f1682614-8f46-4aa1-8076-965bafd82dd1,2026-08-31T18:22:05.305Z,separate_executor,quote_run_dispatch_probe,50,1260.87,success,,200,success
p3-ex-official-vu50,c2694777-d234-4163-83c3-8090f87ff4da,2026-08-31T18:22:05.311Z,separate_executor,quote_run_dispatch_probe,50,1173.65,success,,200,success
p3-ex-official-vu50,29b774e2-06e5-406f-aa50-8a83b52ad39b,2026-08-31T18:22:05.369Z,separate_executor,quote_run_dispatch_probe,50,1448.47,success,,200,success
p3-ex-official-vu50,c730e736-d423-4126-9269-63b59d1f4d26,2026-08-31T18:22:05.387Z,separate_executor,quote_run_dispatch_probe,50,1407.25,success,,200,success
p3-ex-official-vu50,165052e6-6154-404f-84f7-cd691e7dfedb,2026-08-31T18:22:05.395Z,separate_executor,quote_run_dispatch_probe,50,1267,success,,200,success
p3-ex-official-vu50,a09cbc7c-a4f0-4c6e-8124-7018a6579c11,2026-08-31T18:22:05.408Z,separate_executor,quote_run_dispatch_probe,50,1256.14,success,,200,success
p3-ex-official-vu50,cf81da8e-8585-4ea7-b04a-0903374238d0,2026-08-31T18:22:05.455Z,separate_executor,quote_run_dispatch_probe,50,1546.22,success,,200,success
p3-ex-official-vu50,d4ac6314-91d1-4081-9308-caaa0107cbe0,2026-08-31T18:22:05.457Z,separate_executor,quote_run_dispatch_probe,50,1247.4,success,,200,success
p3-ex-official-vu50,cb914d35-5431-4ea0-8d98-f2c0342c29fc,2026-08-31T18:22:05.507Z,separate_executor,quote_run_dispatch_probe,50,1457.34,success,,200,success
p3-ex-official-vu50,f4db2734-d17d-45e7-acc9-7a262272cb24,2026-08-31T18:22:05.532Z,separate_executor,quote_run_dispatch_probe,50,1248.81,success,,200,success
p3-ex-official-vu50,1fd2b770-34b6-4a4a-bd0f-2cf18e72c99a,2026-08-31T18:22:05.543Z,separate_executor,quote_run_dispatch_probe,50,1310.32,success,,200,success
p3-ex-official-vu50,6d8e4d48-ea48-4371-8ff0-3abc8f4c31ab,2026-08-31T18:22:05.555Z,separate_executor,quote_run_dispatch_probe,50,1360.53,success,,200,success
p3-ex-official-vu50,4404f01b-5489-47c7-b66a-94d27d54ccdd,2026-08-31T18:22:05.610Z,separate_executor,quote_run_dispatch_probe,50,1227.04,success,,200,success
p3-ex-official-vu50,03381574-4e85-4466-a32e-d0fb47699026,2026-08-31T18:22:05.641Z,separate_executor,quote_run_dispatch_probe,50,1454.44,success,,200,success
p3-ex-official-vu50,dde83b34-bfa0-484c-a3e3-981782eaf3d3,2026-08-31T18:22:05.650Z,separate_executor,quote_run_dispatch_probe,50,1148.63,success,,200,success
p3-ex-official-vu50,51a4f08d-a402-4198-9274-ed83be6fa1de,2026-08-31T18:22:05.656Z,separate_executor,quote_run_dispatch_probe,50,1553.96,success,,200,success
p3-ex-official-vu50,062af9a9-9dfa-426d-8aa2-f1dde43841a2,2026-08-31T18:22:05.659Z,separate_executor,quote_run_dispatch_probe,50,1309.27,success,,200,success
p3-ex-official-vu50,7854050e-6aff-40ce-b59c-fc8ada3f57bc,2026-08-31T18:22:05.669Z,separate_executor,quote_run_dispatch_probe,50,1305.63,success,,200,success
p3-ex-official-vu50,d170d996-f3a9-4ba2-ae07-8b650cd234da,2026-08-31T18:22:05.685Z,separate_executor,quote_run_dispatch_probe,50,1667.82,success,,200,success
p3-ex-official-vu50,07bdec3e-4974-44a2-82b3-e0dc52690578,2026-08-31T18:22:05.788Z,separate_executor,quote_run_dispatch_probe,50,1434.86,success,,200,success
p3-ex-official-vu50,f0e94423-6980-46f8-86f5-c311333189a3,2026-08-31T18:22:05.857Z,separate_executor,quote_run_dispatch_probe,50,1116.47,success,,200,success
p3-ex-official-vu50,619fa604-8076-4df6-88eb-a9eda303caec,2026-08-31T18:22:05.922Z,separate_executor,quote_run_dispatch_probe,50,1062.78,success,,200,success
p3-ex-official-vu50,888d9cee-43c6-4d51-b274-1486e9d93e6b,2026-08-31T18:22:05.970Z,separate_executor,quote_run_dispatch_probe,50,1281.75,success,,200,success
p3-ex-official-vu50,77e500a7-71dd-49e1-a17c-8a1782596389,2026-08-31T18:22:06.037Z,separate_executor,quote_run_dispatch_probe,50,1043.08,success,,200,success
p3-ex-official-vu50,45fbd424-af44-4c79-9de2-b518841ab73e,2026-08-31T18:22:06.056Z,separate_executor,quote_run_dispatch_probe,50,1412.68,success,,200,success
p3-ex-official-vu50,d72d93c3-d478-4057-a1be-56c9b205bb55,2026-08-31T18:22:06.069Z,separate_executor,quote_run_dispatch_probe,50,1567.49,success,,200,success
p3-ex-official-vu50,b53d1516-6b5e-479b-8ea3-265eff2f8b49,2026-08-31T18:22:06.076Z,separate_executor,quote_run_dispatch_probe,50,1451.15,success,,200,success
p3-ex-official-vu50,2a6a79ef-c78a-4fb6-b344-7b2f1777c6be,2026-08-31T18:22:06.081Z,separate_executor,quote_run_dispatch_probe,50,1395.13,success,,200,success
p3-ex-official-vu50,dcfa01b5-063b-4af9-ab5b-d8c58fe41fd2,2026-08-31T18:22:06.091Z,separate_executor,quote_run_dispatch_probe,50,1169.47,success,,200,success
p3-ex-official-vu50,b65c7f31-5e94-4b82-b340-57d6090b465a,2026-08-31T18:22:06.119Z,separate_executor,quote_run_dispatch_probe,50,1295.75,success,,200,success
p3-ex-official-vu50,e25f3734-4b24-4fc2-aea1-00b89f1dfb6b,2026-08-31T18:22:06.123Z,separate_executor,quote_run_dispatch_probe,50,1401.03,success,,200,success
p3-ex-official-vu50,415e27e7-bf9f-4ff1-9b71-fd236eb7023e,2026-08-31T18:22:06.161Z,separate_executor,quote_run_dispatch_probe,50,1102.91,success,,200,success
p3-ex-official-vu50,a8941728-2ba0-490a-bfc7-9159e5b98fbd,2026-08-31T18:22:06.194Z,separate_executor,quote_run_dispatch_probe,50,1170.35,success,,200,success
p3-ex-official-vu50,8b178f4d-11d8-4822-bb6f-38b5d93f42bd,2026-08-31T18:22:06.201Z,separate_executor,quote_run_dispatch_probe,50,1491.89,success,,200,success
p3-ex-official-vu50,f6fb6f6c-513b-4a5b-bca0-b0deed17a101,2026-08-31T18:22:06.212Z,separate_executor,quote_run_dispatch_probe,50,1392.43,success,,200,success
p3-ex-official-vu50,8e9d9855-c2f9-4814-949b-38463f8d4d61,2026-08-31T18:22:06.231Z,separate_executor,quote_run_dispatch_probe,50,1410.6,success,,200,success
p3-ex-official-vu50,4ec9daf6-fe15-4e01-b3a7-86f4569d2306,2026-08-31T18:22:06.270Z,separate_executor,quote_run_dispatch_probe,50,1162.86,success,,200,success
p3-ex-official-vu50,93a8427f-abec-455e-a25c-513a32282db6,2026-08-31T18:22:06.276Z,separate_executor,quote_run_dispatch_probe,50,1343.14,success,,200,success
p3-ex-official-vu50,f47ad339-3c51-455d-a634-8ef183e2ccf2,2026-08-31T18:22:06.288Z,separate_executor,quote_run_dispatch_probe,50,1264.61,success,,200,success
p3-ex-official-vu50,b4b6cb38-9df7-4a26-b3c8-6cd65fd6f05b,2026-08-31T18:22:06.289Z,separate_executor,quote_run_dispatch_probe,50,1487.06,success,,200,success
p3-ex-official-vu50,1ad3d1a9-dbc3-470b-8805-81afebd58743,2026-08-31T18:22:06.385Z,separate_executor,quote_run_dispatch_probe,50,1231.77,success,,200,success
p3-ex-official-vu50,6385743f-2bec-4178-8854-66abcb90348c,2026-08-31T18:22:06.386Z,separate_executor,quote_run_dispatch_probe,50,1499.56,success,,200,success
p3-ex-official-vu50,bda5853e-66ca-4f60-b4ca-4b99fadd4a69,2026-08-31T18:22:06.397Z,separate_executor,quote_run_dispatch_probe,50,1370.88,success,,200,success
p3-ex-official-vu50,6759cc20-e616-4cbc-a5c7-e7885117ed39,2026-08-31T18:22:06.399Z,separate_executor,quote_run_dispatch_probe,50,1408.82,success,,200,success
p3-ex-official-vu50,b19bea38-313f-4645-8212-9e6d42d30b7c,2026-08-31T18:22:06.418Z,separate_executor,quote_run_dispatch_probe,50,1169.09,success,,200,success
p3-ex-official-vu50,a7b18c4b-b80d-4d62-b41d-ae3abcffb566,2026-08-31T18:22:06.566Z,separate_executor,quote_run_dispatch_probe,50,1255.01,success,,200,success
p3-ex-official-vu50,3563d5ea-bd99-40cf-95c0-d9a610939705,2026-08-31T18:22:06.570Z,separate_executor,quote_run_dispatch_probe,50,1401.58,success,,200,success
p3-ex-official-vu50,18aa14e3-2df9-4a9e-b12d-8cc7826e97f4,2026-08-31T18:22:06.597Z,separate_executor,quote_run_dispatch_probe,50,1353.34,success,,200,success
p3-ex-official-vu50,d75b6950-825d-4c28-aa42-3948e4e69265,2026-08-31T18:22:06.610Z,separate_executor,quote_run_dispatch_probe,50,1342.15,success,,200,success
p3-ex-official-vu50,b3f57d19-553a-4924-8e03-9c280f3eee20,2026-08-31T18:22:06.655Z,separate_executor,quote_run_dispatch_probe,50,1451.7,success,,200,success
p3-ex-official-vu50,cbd56063-2589-4f5b-bbc8-5e43a415fc88,2026-08-31T18:22:06.680Z,separate_executor,quote_run_dispatch_probe,50,1417.92,success,,200,success
p3-ex-official-vu50,6f0280dc-075e-41df-b06c-0069dbd40743,2026-08-31T18:22:06.695Z,separate_executor,quote_run_dispatch_probe,50,1307.73,success,,200,success
p3-ex-official-vu50,154eb2b5-ad56-448e-abea-33c0cb4b75cb,2026-08-31T18:22:06.782Z,separate_executor,quote_run_dispatch_probe,50,1132.44,success,,200,success
p3-ex-official-vu50,1ef468ff-2f98-4eeb-9ab5-97b621fb4ee2,2026-08-31T18:22:06.838Z,separate_executor,quote_run_dispatch_probe,50,1429.54,success,,200,success
p3-ex-official-vu50,5bc1dfcf-ab69-4dca-a81d-e90cdb5a2d73,2026-08-31T18:22:06.840Z,separate_executor,quote_run_dispatch_probe,50,1383.44,success,,200,success
p3-ex-official-vu50,3e13951a-8ac5-4768-b24b-74a6260b0c9a,2026-08-31T18:22:06.842Z,separate_executor,quote_run_dispatch_probe,50,1446.57,success,,200,success
p3-ex-official-vu50,f4a9b15c-adf8-4946-ba07-3f76ee7c452e,2026-08-31T18:22:06.844Z,separate_executor,quote_run_dispatch_probe,50,1538.89,success,,200,success
p3-ex-official-vu50,d2c8c031-e62c-4cc0-b4f5-a3a553e54a7f,2026-08-31T18:22:06.857Z,separate_executor,quote_run_dispatch_probe,50,1313.25,success,,200,success
p3-ex-official-vu50,13460106-640f-4dda-9d12-df182def5bb0,2026-08-31T18:22:06.859Z,separate_executor,quote_run_dispatch_probe,50,1489.23,success,,200,success
p3-ex-official-vu50,29bc3a29-3093-4f94-845c-c7a2a5c36b5e,2026-08-31T18:22:06.873Z,separate_executor,quote_run_dispatch_probe,50,1418.05,success,,200,success
p3-ex-official-vu50,cbd1f14b-01c1-4dd9-91fe-c0f014bb32ec,2026-08-31T18:22:06.875Z,separate_executor,quote_run_dispatch_probe,50,1205.28,success,,200,success
p3-ex-official-vu50,561e234f-de18-4c08-864e-42dd739c901b,2026-08-31T18:22:06.984Z,separate_executor,quote_run_dispatch_probe,50,1452.34,success,,200,success
p3-ex-official-vu50,e325be62-77b2-4997-9977-0dee7dc3c41c,2026-08-31T18:22:06.985Z,separate_executor,quote_run_dispatch_probe,50,1430.63,success,,200,success
p3-ex-official-vu50,9964425b-8c3b-4336-a5a1-0e2fe85812bd,2026-08-31T18:22:07.001Z,separate_executor,quote_run_dispatch_probe,50,1391.11,success,,200,success
p3-ex-official-vu50,bcbf9d0a-f82c-4cb5-aaa7-7c502a92798b,2026-08-31T18:22:07.002Z,separate_executor,quote_run_dispatch_probe,50,1495,success,,200,success
p3-ex-official-vu50,95894919-5b8c-4c77-8657-b3834eb85f57,2026-08-31T18:22:07.003Z,separate_executor,quote_run_dispatch_probe,50,1145.45,success,,200,success
p3-ex-official-vu50,b78f7022-6279-40fd-9a39-a6914dfb433e,2026-08-31T18:22:07.015Z,separate_executor,quote_run_dispatch_probe,50,1356.47,success,,200,success
p3-ex-official-vu50,66a8d2ca-b92d-4cbd-b421-ea9bfa5f7c31,2026-08-31T18:22:07.051Z,separate_executor,quote_run_dispatch_probe,50,1409.91,success,,200,success
p3-ex-official-vu50,283803fe-21fe-4817-b3da-bb9000ffc1d0,2026-08-31T18:22:07.080Z,separate_executor,quote_run_dispatch_probe,50,1292.43,success,,200,success
p3-ex-official-vu50,716732a0-fbad-48b2-98b4-ff4235e99083,2026-08-31T18:22:07.119Z,separate_executor,quote_run_dispatch_probe,50,1196.91,success,,200,success
p3-ex-official-vu50,61c69995-82c0-4665-92e1-f5eefb023939,2026-08-31T18:22:07.247Z,separate_executor,quote_run_dispatch_probe,50,1127.35,success,,200,success
p3-ex-official-vu50,198a7c1d-14b9-4ddc-8be3-2289f9cb262b,2026-08-31T18:22:07.268Z,separate_executor,quote_run_dispatch_probe,50,1583.61,success,,200,success
p3-ex-official-vu50,f0c7b700-3432-4cbc-96d4-631f6f888e95,2026-08-31T18:22:07.274Z,separate_executor,quote_run_dispatch_probe,50,1617.55,success,,200,success
p3-ex-official-vu50,eeb91231-77f3-4dd9-9c89-89ca8a3314f4,2026-08-31T18:22:07.311Z,separate_executor,quote_run_dispatch_probe,50,1273.6,success,,200,success
p3-ex-official-vu50,6eb71a67-6dc0-44c6-a397-a027348a0220,2026-08-31T18:22:07.311Z,separate_executor,quote_run_dispatch_probe,50,1341.3,success,,200,success
p3-ex-official-vu50,e40bf229-ab55-4fe2-8d4b-d127505a3743,2026-08-31T18:22:07.319Z,separate_executor,quote_run_dispatch_probe,50,1157.34,success,,200,success
p3-ex-official-vu50,fe897074-f9ac-4d46-a8b3-8e35d2d5a110,2026-08-31T18:22:07.319Z,separate_executor,quote_run_dispatch_probe,50,1228.15,success,,200,success
p3-ex-official-vu50,16a27f0e-73b8-4929-a157-073802955107,2026-08-31T18:22:07.321Z,separate_executor,quote_run_dispatch_probe,50,1244.98,success,,200,success
p3-ex-official-vu50,ac2e7645-cf17-46b5-aab2-d41d7ff561eb,2026-08-31T18:22:07.364Z,separate_executor,quote_run_dispatch_probe,50,1094.1,success,,200,success
p3-ex-official-vu50,0fe113b8-205e-4028-ba5e-8d38e67f626f,2026-08-31T18:22:07.411Z,separate_executor,quote_run_dispatch_probe,50,1123.33,success,,200,success
p3-ex-official-vu50,97f05b92-fe16-4a9e-a8f6-7a685fca8924,2026-08-31T18:22:07.415Z,separate_executor,quote_run_dispatch_probe,50,1220.76,success,,200,success
p3-ex-official-vu50,6119b2ae-ae47-4429-bf8d-58bfa4fef9c2,2026-08-31T18:22:07.432Z,separate_executor,quote_run_dispatch_probe,50,1309.23,success,,200,success
p3-ex-official-vu50,61e617eb-dadd-45ab-8afd-b7ff7523e7eb,2026-08-31T18:22:07.473Z,separate_executor,quote_run_dispatch_probe,50,1403.2,success,,200,success
p3-ex-official-vu50,f203880e-6f87-4398-b4a4-bb14fca781a9,2026-08-31T18:22:07.476Z,separate_executor,quote_run_dispatch_probe,50,1395.07,success,,200,success
p3-ex-official-vu50,a0f567c4-b14a-4fce-966b-3622bdf9ef7e,2026-08-31T18:22:07.482Z,separate_executor,quote_run_dispatch_probe,50,1426.28,success,,200,success
p3-ex-official-vu50,79e4d08f-a9d7-42dc-887c-f8b7e50394a3,2026-08-31T18:22:07.536Z,separate_executor,quote_run_dispatch_probe,50,1246.34,success,,200,success
p3-ex-official-vu50,174b0457-96be-4282-8733-eb76e6793180,2026-08-31T18:22:07.537Z,separate_executor,quote_run_dispatch_probe,50,1260.93,success,,200,success
p3-ex-official-vu50,026f5c1a-435c-4fa3-b2b4-b08e6c3cab31,2026-08-31T18:22:07.566Z,separate_executor,quote_run_dispatch_probe,50,1365.27,success,,200,success
p3-ex-official-vu50,68a6d18a-57ce-4dbf-a9e1-97e5a3f7ff1e,2026-08-31T18:22:07.622Z,separate_executor,quote_run_dispatch_probe,50,1391.54,success,,200,success
p3-ex-official-vu50,b1cb6957-a89b-4706-b101-36a53fa45350,2026-08-31T18:22:07.673Z,separate_executor,quote_run_dispatch_probe,50,1105.75,success,,200,success
p3-ex-official-vu50,c06f7f25-82f7-4d7d-9ec1-666bfe1a1fec,2026-08-31T18:22:07.694Z,separate_executor,quote_run_dispatch_probe,50,1308.21,success,,200,success
p3-ex-official-vu50,56b07d5f-dfca-4453-bd5d-2e1754d8a234,2026-08-31T18:22:07.730Z,separate_executor,quote_run_dispatch_probe,50,1311.77,success,,200,success
p3-ex-official-vu50,768b5ef1-6c60-40e2-8d30-71c695bc323c,2026-08-31T18:22:07.744Z,separate_executor,quote_run_dispatch_probe,50,1531.97,success,,200,success
p3-ex-official-vu50,8999298b-efca-45ef-bc1f-e84866c262de,2026-08-31T18:22:07.778Z,separate_executor,quote_run_dispatch_probe,50,1381.53,success,,200,success
p3-ex-official-vu50,7b82650b-afe9-4422-83bd-94ef5009f983,2026-08-31T18:22:07.870Z,separate_executor,quote_run_dispatch_probe,50,1485.73,success,,200,success
p3-ex-official-vu50,025861a9-9167-449a-8ce7-ef30fa2157c2,2026-08-31T18:22:07.885Z,separate_executor,quote_run_dispatch_probe,50,1486.65,success,,200,success
p3-ex-official-vu50,9ee61423-1c01-4ca6-9df4-660f08cfd339,2026-08-31T18:22:07.893Z,separate_executor,quote_run_dispatch_probe,50,1323.31,success,,200,success
p3-ex-official-vu50,06b25b8f-4a1b-45a0-8fab-2a2e41a75e3d,2026-08-31T18:22:07.934Z,separate_executor,quote_run_dispatch_probe,50,1323.9,success,,200,success
p3-ex-official-vu50,fadce335-2d1e-4d77-849b-8059fe6dfeb6,2026-08-31T18:22:08.000Z,separate_executor,quote_run_dispatch_probe,50,1403.87,success,,200,success
p3-ex-official-vu50,d562d58a-a41f-4e1c-a363-1200f62d0ba3,2026-08-31T18:22:08.042Z,separate_executor,quote_run_dispatch_probe,50,1198.14,success,,200,success
p3-ex-official-vu50,ffb6fb89-2003-4d74-a707-63a2551289c9,2026-08-31T18:22:08.044Z,separate_executor,quote_run_dispatch_probe,50,1261.49,success,,200,success
p3-ex-official-vu50,0f22d127-dc5d-4fd0-9836-1ed34383593e,2026-08-31T18:22:08.051Z,separate_executor,quote_run_dispatch_probe,50,1395.85,success,,200,success
p3-ex-official-vu50,66d0e9f7-4ba0-4303-b6ab-4ac5f02cb2cd,2026-08-31T18:22:08.078Z,separate_executor,quote_run_dispatch_probe,50,1398.7,success,,200,success
p3-ex-official-vu50,ac2f1070-3dc6-4b08-b12a-a39c821bcd59,2026-08-31T18:22:08.084Z,separate_executor,quote_run_dispatch_probe,50,1389.34,success,,200,success
p3-ex-official-vu50,327ffdb7-7615-4caf-8a73-982259e45828,2026-08-31T18:22:08.105Z,separate_executor,quote_run_dispatch_probe,50,1263.53,success,,200,success
p3-ex-official-vu50,4283b796-9f63-4b56-80ea-d6826d61fc13,2026-08-31T18:22:08.111Z,separate_executor,quote_run_dispatch_probe,50,1252.54,success,,200,success
p3-ex-official-vu50,2833cb22-25f7-4d98-a8c6-c30cc917462c,2026-08-31T18:22:08.144Z,separate_executor,quote_run_dispatch_probe,50,1306.5,success,,200,success
p3-ex-official-vu50,a98c894c-351b-4ec8-804b-5da47718e8cf,2026-08-31T18:22:08.189Z,separate_executor,quote_run_dispatch_probe,50,1187.27,success,,200,success
p3-ex-official-vu50,89a6b873-25cf-426e-8312-c35ac423a9c9,2026-08-31T18:22:08.189Z,separate_executor,quote_run_dispatch_probe,50,1349.12,success,,200,success
p3-ex-official-vu50,83e67e51-e076-4c84-9f66-e40839794f6b,2026-08-31T18:22:08.263Z,separate_executor,quote_run_dispatch_probe,50,1247.85,success,,200,success
p3-ex-official-vu50,ce87d751-2a76-4118-b780-8252979227f9,2026-08-31T18:22:08.297Z,separate_executor,quote_run_dispatch_probe,50,1294.44,success,,200,success
p3-ex-official-vu50,db2373ab-1ce4-4fed-a201-92febe33fcfe,2026-08-31T18:22:08.323Z,separate_executor,quote_run_dispatch_probe,50,1338.96,success,,200,success
p3-ex-official-vu50,823f7adc-67bb-4aa8-b36d-99bdb9262a88,2026-08-31T18:22:08.356Z,separate_executor,quote_run_dispatch_probe,50,1354.09,success,,200,success
p3-ex-official-vu50,e7397a62-fab3-4388-980d-80f32fe8e113,2026-08-31T18:22:08.370Z,separate_executor,quote_run_dispatch_probe,50,1495.07,success,,200,success
p3-ex-official-vu50,2854030e-e3f4-4675-95d6-00512411d351,2026-08-31T18:22:08.386Z,separate_executor,quote_run_dispatch_probe,50,1267.56,success,,200,success
p3-ex-official-vu50,e603cbd4-bf7c-4a9b-b052-eac2ddc7e2a0,2026-08-31T18:22:08.387Z,separate_executor,quote_run_dispatch_probe,50,1076.89,success,,200,success
p3-ex-official-vu50,4d0eabe0-e11a-4cc4-9b10-e24d86f742cf,2026-08-31T18:22:08.470Z,separate_executor,quote_run_dispatch_probe,50,1613.85,success,,200,success
p3-ex-official-vu50,b4043469-8c02-436e-8853-370e08fc42d6,2026-08-31T18:22:08.534Z,separate_executor,quote_run_dispatch_probe,50,1215.28,success,,200,success
p3-ex-official-vu50,732ce4dd-e40a-4ded-bc5b-4b6c97ebd98b,2026-08-31T18:22:08.573Z,separate_executor,quote_run_dispatch_probe,50,1522.39,success,,200,success
p3-ex-official-vu50,d505cd9f-5997-4cbb-865a-963dbb5d7444,2026-08-31T18:22:08.702Z,separate_executor,quote_run_dispatch_probe,50,1621.42,success,,200,success
p3-ex-official-vu50,481ea673-44d6-4b8e-af46-efbadca79382,2026-08-31T18:22:08.829Z,separate_executor,quote_run_dispatch_probe,50,1582.65,success,,200,success
p3-ex-official-vu50,daa1321d-d107-47cd-b18c-f02a1eec1f5a,2026-08-31T18:22:08.830Z,separate_executor,quote_run_dispatch_probe,50,1414.98,success,,200,success
p3-ex-official-vu50,92f8321f-c562-4b23-bc2e-94a2eaa7f431,2026-08-31T18:22:08.831Z,separate_executor,quote_run_dispatch_probe,50,1293.83,success,,200,success
p3-ex-official-vu50,645b42ce-8f17-49b6-bcaf-93d27a6054db,2026-08-31T18:22:08.832Z,separate_executor,quote_run_dispatch_probe,50,1467.48,success,,200,success
p3-ex-official-vu50,a0338247-80b8-457e-81c3-e4b8d18d0c88,2026-08-31T18:22:08.832Z,separate_executor,quote_run_dispatch_probe,50,1958.65,success,,200,success
p3-ex-official-vu50,14915d91-28ac-4be9-8ce6-41f148beedcb,2026-08-31T18:22:08.842Z,separate_executor,quote_run_dispatch_probe,50,1856.48,success,,200,success
p3-ex-official-vu50,7528e769-455d-4d0c-b3d4-c5268405bc4d,2026-08-31T18:22:08.903Z,separate_executor,quote_run_dispatch_probe,50,1582.44,success,,200,success
p3-ex-official-vu50,9de78615-1c9c-42ba-8bc3-38351208e78e,2026-08-31T18:22:08.904Z,separate_executor,quote_run_dispatch_probe,50,1585.11,success,,200,success
p3-ex-official-vu50,34339966-aa28-4f03-8729-24af1ae20ece,2026-08-31T18:22:08.908Z,separate_executor,quote_run_dispatch_probe,50,1496.9,success,,200,success
p3-ex-official-vu50,c1ecf9c3-d481-4ffb-b2a4-5df7458116cf,2026-08-31T18:22:08.909Z,separate_executor,quote_run_dispatch_probe,50,1373.71,success,,200,success
p3-ex-official-vu50,cb16c20f-b00d-4880-9d69-93a9428429ec,2026-08-31T18:22:08.911Z,separate_executor,quote_run_dispatch_probe,50,1238.01,success,,200,success
p3-ex-official-vu50,ea02cb02-2071-48f7-a42e-bb59b8ef4180,2026-08-31T18:22:08.911Z,separate_executor,quote_run_dispatch_probe,50,1642.73,success,,200,success
p3-ex-official-vu50,977813cf-9517-41d4-ab8f-c02dbc862892,2026-08-31T18:22:08.912Z,separate_executor,quote_run_dispatch_probe,50,1439.2,success,,200,success
p3-ex-official-vu50,8ed8c60f-4d81-4bb1-953d-3344986a332a,2026-08-31T18:22:08.916Z,separate_executor,quote_run_dispatch_probe,50,1440.09,success,,200,success
p3-ex-official-vu50,85c65d6b-fdd9-4666-98d1-3d08ad8aa787,2026-08-31T18:22:08.919Z,separate_executor,quote_run_dispatch_probe,50,1225.12,success,,200,success
p3-ex-official-vu50,812ebd43-d2ab-440f-9aec-8c0b6cede4dd,2026-08-31T18:22:08.919Z,separate_executor,quote_run_dispatch_probe,50,1487,success,,200,success
p3-ex-official-vu50,1813e3f5-78bd-4402-a0fb-d0676d330555,2026-08-31T18:22:08.920Z,separate_executor,quote_run_dispatch_probe,50,1608.89,success,,200,success
p3-ex-official-vu50,3b9e71dc-8a45-4c6f-b561-b9ba38e30ceb,2026-08-31T18:22:08.921Z,separate_executor,quote_run_dispatch_probe,50,1646.67,success,,200,success
p3-ex-official-vu50,7dc745b3-21db-4caa-9780-d21eaba5f7fe,2026-08-31T18:22:08.923Z,separate_executor,quote_run_dispatch_probe,50,1300.55,success,,200,success
p3-ex-official-vu50,92d0b3e9-a458-4cdc-9569-c6130bdaa273,2026-08-31T18:22:09.005Z,separate_executor,quote_run_dispatch_probe,50,1523.22,success,,200,success
p3-ex-official-vu50,bd5cf2a8-53a8-45a3-85aa-91e35364d43c,2026-08-31T18:22:09.020Z,separate_executor,quote_run_dispatch_probe,50,1241.75,success,,200,success
p3-ex-official-vu50,fbadc72d-679e-4810-88cd-f00f038357a1,2026-08-31T18:22:09.053Z,separate_executor,quote_run_dispatch_probe,50,1486.92,success,,200,success
p3-ex-official-vu50,c556169d-4847-4077-88f1-fc8150e9a524,2026-08-31T18:22:09.068Z,separate_executor,quote_run_dispatch_probe,50,1024.29,success,,200,success
p3-ex-official-vu50,219a7012-bd82-4443-80c7-929588e7c115,2026-08-31T18:22:09.094Z,separate_executor,quote_run_dispatch_probe,50,1364.63,success,,200,success
p3-ex-official-vu50,2eb911bc-2b9e-4662-9880-bbebe5e8de8a,2026-08-31T18:22:09.095Z,separate_executor,quote_run_dispatch_probe,50,1053.08,success,,200,success
p3-ex-official-vu50,b5245421-99c7-4915-8760-7701158ccb2f,2026-08-31T18:22:09.129Z,separate_executor,quote_run_dispatch_probe,50,1385.25,success,,200,success
p3-ex-official-vu50,a7142741-38ff-412f-92ed-654e483e474d,2026-08-31T18:22:09.156Z,separate_executor,quote_run_dispatch_probe,50,1222.11,success,,200,success
p3-ex-official-vu50,7abe914c-dc22-4175-b834-9eb09613297c,2026-08-31T18:22:09.185Z,separate_executor,quote_run_dispatch_probe,50,1299.7,success,,200,success
p3-ex-official-vu50,49e2dd2c-23e1-43dc-a860-5a9a7bee11c0,2026-08-31T18:22:09.208Z,separate_executor,quote_run_dispatch_probe,50,1018.51,success,,200,success
p3-ex-official-vu50,a53cb276-42e2-4df5-9e8d-d7fa52d5cb7a,2026-08-31T18:22:09.221Z,separate_executor,quote_run_dispatch_probe,50,958.17,success,,200,success
p3-ex-official-vu50,8d2e540c-4212-444e-9543-cdfeec6cbb38,2026-08-31T18:22:09.234Z,separate_executor,quote_run_dispatch_probe,50,1233.94,success,,200,success
p3-ex-official-vu50,3765c7af-64b8-42da-adf2-b332d743abc5,2026-08-31T18:22:09.251Z,separate_executor,quote_run_dispatch_probe,50,1358.05,success,,200,success
p3-ex-official-vu50,9ad40345-fa32-4666-976b-9f7d0b770ca5,2026-08-31T18:22:09.253Z,separate_executor,quote_run_dispatch_probe,50,1174.76,success,,200,success
p3-ex-official-vu50,9440cde7-e827-4083-b089-099f37a0ecf7,2026-08-31T18:22:09.282Z,separate_executor,quote_run_dispatch_probe,50,1230.96,success,,200,success
p3-ex-official-vu50,d0be40fb-9941-479f-a446-83195a8f0047,2026-08-31T18:22:09.309Z,separate_executor,quote_run_dispatch_probe,50,1438.23,success,,200,success
p3-ex-official-vu50,050f626e-dc78-43aa-86a0-8411428719ac,2026-08-31T18:22:09.309Z,separate_executor,quote_run_dispatch_probe,50,921.9,success,,200,success
p3-ex-official-vu50,274aaac7-64a3-4953-9c3f-814f7fd835c6,2026-08-31T18:22:09.360Z,separate_executor,quote_run_dispatch_probe,50,1248.48,success,,200,success
p3-ex-official-vu50,d0c3d22a-08ba-45c2-a3c6-b25c33f06594,2026-08-31T18:22:09.416Z,separate_executor,quote_run_dispatch_probe,50,1060.18,success,,200,success
p3-ex-official-vu50,9b07f292-a525-4a34-9c82-859006f3ebf4,2026-08-31T18:22:09.689Z,separate_executor,quote_run_dispatch_probe,50,1302.61,success,,200,success
p3-ex-official-vu50,ae189681-2804-40f1-8fce-18b6e440584c,2026-08-31T18:22:09.689Z,separate_executor,quote_run_dispatch_probe,50,1319.78,success,,200,success
p3-ex-official-vu50,6b289f45-6148-4d41-972f-7459e074ec42,2026-08-31T18:22:09.692Z,separate_executor,quote_run_dispatch_probe,50,1503.21,success,,200,success
p3-ex-official-vu50,e19b68bd-4119-4ff3-a044-a25b1cd55ad3,2026-08-31T18:22:09.692Z,separate_executor,quote_run_dispatch_probe,50,1587.06,success,,200,success
p3-ex-official-vu50,0fca22c3-58eb-4b61-82de-845e65519731,2026-08-31T18:22:09.693Z,separate_executor,quote_run_dispatch_probe,50,1396.36,success,,200,success
p3-ex-official-vu50,9514ff9a-9108-4a0f-8aa9-7a67d3ede3dd,2026-08-31T18:22:09.705Z,separate_executor,quote_run_dispatch_probe,50,1560.61,success,,200,success
p3-ex-official-vu50,cc95728f-f122-43aa-8496-996eb53671a5,2026-08-31T18:22:09.709Z,separate_executor,quote_run_dispatch_probe,50,1385.23,success,,200,success
p3-ex-official-vu50,0929a235-1d8c-4b91-af17-9eb6ed1e4472,2026-08-31T18:22:09.711Z,separate_executor,quote_run_dispatch_probe,50,1176.88,success,,200,success
p3-ex-official-vu50,c463621a-aebc-4ee1-9e3f-789124dd42f8,2026-08-31T18:22:09.711Z,separate_executor,quote_run_dispatch_probe,50,1627.13,success,,200,success
p3-ex-official-vu50,25f9697c-a6b4-48e8-a719-cbc4e78f1d1e,2026-08-31T18:22:09.719Z,separate_executor,quote_run_dispatch_probe,50,1017.12,success,,200,success
p3-ex-official-vu50,40de0074-98ba-42d0-9a4c-302e7ff17ea2,2026-08-31T18:22:09.727Z,separate_executor,quote_run_dispatch_probe,50,1153.9,success,,200,success
p3-ex-official-vu50,a9c447e9-6bb0-47ba-9299-01e160788f7d,2026-08-31T18:22:09.859Z,separate_executor,quote_run_dispatch_probe,50,1027.3,success,,200,success
p3-ex-official-vu50,892729f9-bc5b-46fd-9fb8-e6a77ccca12b,2026-08-31T18:22:09.935Z,separate_executor,quote_run_dispatch_probe,50,1464.23,success,,200,success
p3-ex-official-vu50,8e2f2b4e-9a99-4f2b-8637-56c70c67da4d,2026-08-31T18:22:09.968Z,separate_executor,quote_run_dispatch_probe,50,1136.63,success,,200,success
p3-ex-official-vu50,b917d2b7-27d9-40e3-bb5c-8879094b9801,2026-08-31T18:22:09.970Z,separate_executor,quote_run_dispatch_probe,50,1128.74,success,,200,success
p3-ex-official-vu50,15e8dc4f-2a4c-4136-bd8a-34d5bcff0788,2026-08-31T18:22:09.983Z,separate_executor,quote_run_dispatch_probe,50,1079.72,success,,200,success
p3-ex-official-vu50,f0ac658d-3f1f-4aa0-a3e5-c8e6b2bc54c9,2026-08-31T18:22:10.049Z,separate_executor,quote_run_dispatch_probe,50,1132.56,success,,200,success
p3-ex-official-vu50,03a525a7-63c0-42d2-ad91-63666dbe7e7b,2026-08-31T18:22:10.052Z,separate_executor,quote_run_dispatch_probe,50,1142.35,success,,200,success
p3-ex-official-vu50,f90f6da0-0060-4383-9fa3-8e02b01f63b5,2026-08-31T18:22:10.184Z,separate_executor,quote_run_dispatch_probe,50,1354.38,success,,200,success
p3-ex-official-vu50,670c06aa-0a8e-4d32-9c41-fd62050f2b54,2026-08-31T18:22:10.184Z,separate_executor,quote_run_dispatch_probe,50,1116.39,success,,200,success
p3-ex-official-vu50,2e06aa4d-cb10-4b0c-8214-d6f7a0b2b6f6,2026-08-31T18:22:10.184Z,separate_executor,quote_run_dispatch_probe,50,1352.82,success,,200,success
p3-ex-official-vu50,d4e3035e-b4fe-498e-92f5-69daa5aa0d02,2026-08-31T18:22:10.242Z,separate_executor,quote_run_dispatch_probe,50,1322.37,success,,200,success
p3-ex-official-vu50,4f077da3-803a-4195-9669-ce28f21b3327,2026-08-31T18:22:10.250Z,separate_executor,quote_run_dispatch_probe,50,1093.29,success,,200,success
p3-ex-official-vu50,aeb1fa5d-2cef-4036-b87e-9399cff75d47,2026-08-31T18:22:10.250Z,separate_executor,quote_run_dispatch_probe,50,1155.46,success,,200,success
p3-ex-official-vu50,8074a959-374d-47b6-9bb5-f3d5cf9ff37a,2026-08-31T18:22:10.257Z,separate_executor,quote_run_dispatch_probe,50,1336.4,success,,200,success
p3-ex-official-vu50,d696a1d5-e150-48d3-97df-0538846147be,2026-08-31T18:22:10.273Z,separate_executor,quote_run_dispatch_probe,50,1362.54,success,,200,success
p3-ex-official-vu50,d1abbc7f-1289-4250-8c49-af32243c4b97,2026-08-31T18:22:10.337Z,separate_executor,quote_run_dispatch_probe,50,1433.77,success,,200,success
p3-ex-official-vu50,8ce58fa4-df3b-49ad-b205-a62e6435d106,2026-08-31T18:22:10.351Z,separate_executor,quote_run_dispatch_probe,50,1432.46,success,,200,success
p3-ex-official-vu50,e19dd273-ee33-4a90-9f9d-074259d4e01f,2026-08-31T18:22:10.360Z,separate_executor,quote_run_dispatch_probe,50,1440.6,success,,200,success
p3-ex-official-vu50,0918c6f3-067d-475a-8359-e86516f16b20,2026-08-31T18:22:10.373Z,separate_executor,quote_run_dispatch_probe,50,1464.94,success,,200,success
p3-ex-official-vu50,3fa4b672-b96e-4a13-b7af-9f8a752192ad,2026-08-31T18:22:10.376Z,separate_executor,quote_run_dispatch_probe,50,1464.48,success,,200,success
p3-ex-official-vu50,d4f09097-a38b-44d2-94c2-0d0165929cad,2026-08-31T18:22:10.390Z,separate_executor,quote_run_dispatch_probe,50,1370.42,success,,200,success
p3-ex-official-vu50,75ddaa14-fbae-4a93-bc1a-0a08baea7c0d,2026-08-31T18:22:10.394Z,separate_executor,quote_run_dispatch_probe,50,1300.02,success,,200,success
p3-ex-official-vu50,81a33e94-20c4-4e32-99c2-e31df75f5d4b,2026-08-31T18:22:10.416Z,separate_executor,quote_run_dispatch_probe,50,1492.61,success,,200,success
p3-ex-official-vu50,3fc987a9-17fe-4fec-8c53-36553268f69a,2026-08-31T18:22:10.440Z,separate_executor,quote_run_dispatch_probe,50,1609.8,success,,200,success
p3-ex-official-vu50,0177528c-ee01-46cc-80b3-91a76e8210b9,2026-08-31T18:22:10.468Z,separate_executor,quote_run_dispatch_probe,50,1260.11,success,,200,success
p3-ex-official-vu50,307d0210-c621-4202-bff5-f1d2f5bd07f4,2026-08-31T18:22:10.471Z,separate_executor,quote_run_dispatch_probe,50,1217.94,success,,200,success
p3-ex-official-vu50,c52e282c-1172-45d0-b6b5-14eaa32fa8f3,2026-08-31T18:22:10.480Z,separate_executor,quote_run_dispatch_probe,50,1427.42,success,,200,success
p3-ex-official-vu50,a94df63d-309c-4f3f-bdc0-ff4be2c71804,2026-08-31T18:22:10.487Z,separate_executor,quote_run_dispatch_probe,50,1177.38,success,,200,success
p3-ex-official-vu50,bb818083-3353-4567-94c9-611278cdab6d,2026-08-31T18:22:10.536Z,separate_executor,quote_run_dispatch_probe,50,1530.45,success,,200,success
p3-ex-official-vu50,db41e86a-f610-4679-967f-d6a865a32aff,2026-08-31T18:22:10.547Z,separate_executor,quote_run_dispatch_probe,50,1634.38,success,,200,success
p3-ex-official-vu50,40f7225d-6861-4f2b-a07d-1090c46b0c8b,2026-08-31T18:22:10.568Z,separate_executor,quote_run_dispatch_probe,50,1382.76,success,,200,success
p3-ex-official-vu50,074c8086-2342-4bb8-af7a-99617ac90d24,2026-08-31T18:22:10.618Z,separate_executor,quote_run_dispatch_probe,50,1258.27,success,,200,success
p3-ex-official-vu50,acfb70e5-3b57-4465-b249-7d59f3440fcf,2026-08-31T18:22:10.639Z,separate_executor,quote_run_dispatch_probe,50,1357.26,success,,200,success
p3-ex-official-vu50,aab7cfc8-9b1c-453d-b909-43bc24011872,2026-08-31T18:22:10.640Z,separate_executor,quote_run_dispatch_probe,50,1418.82,success,,200,success
p3-ex-official-vu50,b3f27247-b098-4663-a762-cdc150484063,2026-08-31T18:22:10.680Z,separate_executor,quote_run_dispatch_probe,50,1445.25,success,,200,success
p3-ex-official-vu50,62d2816e-5445-415c-b06a-45d7c7f18ad5,2026-08-31T18:22:10.694Z,separate_executor,quote_run_dispatch_probe,50,1443.09,success,,200,success
p3-ex-official-vu50,e132c30a-6ad3-453b-b5f4-52c20e986f6a,2026-08-31T18:22:10.775Z,separate_executor,quote_run_dispatch_probe,50,1466.2,success,,200,success
p3-ex-official-vu50,e5325e77-c2c6-4eab-a3f4-b0a56ed9f7b7,2026-08-31T18:22:10.782Z,separate_executor,quote_run_dispatch_probe,50,1076.69,success,,200,success
p3-ex-official-vu50,9967aa8b-18d0-466a-b310-91609a89a26d,2026-08-31T18:22:10.823Z,separate_executor,quote_run_dispatch_probe,50,1406.71,success,,200,success
p3-ex-official-vu50,292d3f99-ede6-4cc7-b769-dea393fdd362,2026-08-31T18:22:10.904Z,separate_executor,quote_run_dispatch_probe,50,1775.08,success,,200,success
p3-ex-official-vu50,e3b1d15c-90bd-4193-97a6-4125ecf58680,2026-08-31T18:22:10.984Z,separate_executor,quote_run_dispatch_probe,50,1124.93,success,,200,success
p3-ex-official-vu50,3d01757b-79d2-4c3a-9477-a64253a4e8b4,2026-08-31T18:22:11.003Z,separate_executor,quote_run_dispatch_probe,50,1313.9,success,,200,success
p3-ex-official-vu50,90756b70-df54-4ecf-8e8c-12e99182a60e,2026-08-31T18:22:11.017Z,separate_executor,quote_run_dispatch_probe,50,1289.95,success,,200,success
p3-ex-official-vu50,0abda8ef-a59d-4987-bab3-04465e182c61,2026-08-31T18:22:11.021Z,separate_executor,quote_run_dispatch_probe,50,1301.85,success,,200,success
p3-ex-official-vu50,30a0396f-c3e5-4f79-85a2-5dc191f16536,2026-08-31T18:22:11.025Z,separate_executor,quote_run_dispatch_probe,50,1335.92,success,,200,success
p3-ex-official-vu50,97467b8a-e0b7-41f9-ae9d-f29a710c2d60,2026-08-31T18:22:11.025Z,separate_executor,quote_run_dispatch_probe,50,1313.93,success,,200,success
p3-ex-official-vu50,13656dea-baf2-452f-990a-890d4603e3b9,2026-08-31T18:22:11.100Z,separate_executor,quote_run_dispatch_probe,50,1129.36,success,,200,success
p3-ex-official-vu50,c6746581-3340-4c3a-ba63-b083ccbebdec,2026-08-31T18:22:11.132Z,separate_executor,quote_run_dispatch_probe,50,1439.53,success,,200,success
p3-ex-official-vu50,7281f401-3417-47f1-bbb1-fb93baa680d2,2026-08-31T18:22:11.136Z,separate_executor,quote_run_dispatch_probe,50,1427.09,success,,200,success
p3-ex-official-vu50,2ae94e07-ad12-4f9e-abba-5a87a4f1840a,2026-08-31T18:22:11.137Z,separate_executor,quote_run_dispatch_probe,50,1425.85,success,,200,success
p3-ex-official-vu50,3810a513-1a56-472a-b867-4813a5c53705,2026-08-31T18:22:11.137Z,separate_executor,quote_run_dispatch_probe,50,1154.08,success,,200,success
p3-ex-official-vu50,b794aae2-6308-41e3-94b6-d011d63312fd,2026-08-31T18:22:11.142Z,separate_executor,quote_run_dispatch_probe,50,1448.69,success,,200,success
p3-ex-official-vu50,909cce27-616c-4afa-98c7-3de15f878a2e,2026-08-31T18:22:11.154Z,separate_executor,quote_run_dispatch_probe,50,1462.55,success,,200,success
p3-ex-official-vu50,5034bf2b-9c05-4797-b997-e9328c801a20,2026-08-31T18:22:11.167Z,separate_executor,quote_run_dispatch_probe,50,1198.93,success,,200,success
p3-ex-official-vu50,051f9dec-720f-4a19-8eff-17dae9ffb8bd,2026-08-31T18:22:11.167Z,separate_executor,quote_run_dispatch_probe,50,1118.04,success,,200,success
p3-ex-official-vu50,2030e86d-1cae-4cb2-86ac-b64561b68a39,2026-08-31T18:22:11.250Z,separate_executor,quote_run_dispatch_probe,50,1065.69,success,,200,success
p3-ex-official-vu50,025cbe8c-a7e1-4600-a1ed-5ac6bfb1a9de,2026-08-31T18:22:11.302Z,separate_executor,quote_run_dispatch_probe,50,1250.64,success,,200,success
p3-ex-official-vu50,59fcbc0a-7a63-4e54-b7d2-a14fee00667e,2026-08-31T18:22:11.337Z,separate_executor,quote_run_dispatch_probe,50,1086.01,success,,200,success
p3-ex-official-vu50,99ffc59f-10fd-4c38-8fc9-1b6afb1f7bbc,2026-08-31T18:22:11.391Z,separate_executor,quote_run_dispatch_probe,50,1148.81,success,,200,success
p3-ex-official-vu50,13a049b7-ef64-4345-9390-584e4c261189,2026-08-31T18:22:11.393Z,separate_executor,quote_run_dispatch_probe,50,1458.7,success,,200,success
p3-ex-official-vu50,edc26c4c-f510-46e1-8326-267f8426e617,2026-08-31T18:22:11.394Z,separate_executor,quote_run_dispatch_probe,50,1143.96,success,,200,success
p3-ex-official-vu50,59091bbb-3a18-49b8-aa93-5ad097a91b25,2026-08-31T18:22:11.416Z,separate_executor,quote_run_dispatch_probe,50,1232.52,success,,200,success
p3-ex-official-vu50,8f44adbe-3cfd-43e4-9458-a2867e2daa54,2026-08-31T18:22:11.437Z,separate_executor,quote_run_dispatch_probe,50,1252.46,success,,200,success
p3-ex-official-vu50,7dc88976-ac08-42a5-bf75-367719440185,2026-08-31T18:22:11.443Z,separate_executor,quote_run_dispatch_probe,50,955.81,success,,200,success
p3-ex-official-vu50,baea3558-0334-463c-b0c4-86d5f44bbd22,2026-08-31T18:22:11.449Z,separate_executor,quote_run_dispatch_probe,50,1192.13,success,,200,success
p3-ex-official-vu50,932f9eca-e379-47d6-aaa9-dbbc6b6ecbee,2026-08-31T18:22:11.451Z,separate_executor,quote_run_dispatch_probe,50,1178.18,success,,200,success
p3-ex-official-vu50,b17d7587-ef5b-46ab-971a-ea3d1e1a5918,2026-08-31T18:22:11.472Z,separate_executor,quote_run_dispatch_probe,50,1134.79,success,,200,success
p3-ex-official-vu50,41f96d88-29c0-4d8f-9810-a93c770bad11,2026-08-31T18:22:11.472Z,separate_executor,quote_run_dispatch_probe,50,1121.15,success,,200,success
p3-ex-official-vu50,12c7d1eb-9caa-435e-8f3a-54ac73c4d4ae,2026-08-31T18:22:11.474Z,separate_executor,quote_run_dispatch_probe,50,1005.85,success,,200,success
p3-ex-official-vu50,07e06bf3-585a-4bae-9774-fb04924d9bc4,2026-08-31T18:22:11.476Z,separate_executor,quote_run_dispatch_probe,50,1081.78,success,,200,success
p3-ex-official-vu50,62f229c9-330a-45f0-a393-32aa73c0c71a,2026-08-31T18:22:11.491Z,separate_executor,quote_run_dispatch_probe,50,1130.88,success,,200,success
p3-ex-official-vu50,203403df-f443-454a-95d4-cc4f26d04bb0,2026-08-31T18:22:11.497Z,separate_executor,quote_run_dispatch_probe,50,1081.32,success,,200,success
p3-ex-official-vu50,c12faf06-5371-4157-819e-fbe7912b771e,2026-08-31T18:22:11.510Z,separate_executor,quote_run_dispatch_probe,50,1137.39,success,,200,success
p3-ex-official-vu50,df51c844-ff26-4a06-82ab-72a43cbf2587,2026-08-31T18:22:11.533Z,separate_executor,quote_run_dispatch_probe,50,1142.35,success,,200,success
p3-ex-official-vu50,3ef01a5e-b328-4bfa-85dd-d1261df95bf8,2026-08-31T18:22:11.545Z,separate_executor,quote_run_dispatch_probe,50,977.06,success,,200,success
p3-ex-official-vu50,774bbeb7-24ed-4fc6-a502-88a64035a77f,2026-08-31T18:22:11.553Z,separate_executor,quote_run_dispatch_probe,50,1082.56,success,,200,success
p3-ex-official-vu50,7d76a33a-9c2a-41a9-873e-4c31e43bb458,2026-08-31T18:22:11.560Z,separate_executor,quote_run_dispatch_probe,50,942.53,success,,200,success
p3-ex-official-vu50,e6f8f6d4-7b5c-4465-8a5a-a4c2e114dabe,2026-08-31T18:22:11.567Z,separate_executor,quote_run_dispatch_probe,50,1191.29,success,,200,success
p3-ex-official-vu50,55e0044c-b19f-42c0-a6f0-c3cdf79b5804,2026-08-31T18:22:11.585Z,separate_executor,quote_run_dispatch_probe,50,890.51,success,,200,success
p3-ex-official-vu50,d3f496bd-7e49-447e-bc4d-3e67af49bf56,2026-08-31T18:22:11.600Z,separate_executor,quote_run_dispatch_probe,50,959.79,success,,200,success
p3-ex-official-vu50,9a32f753-184b-4738-9d95-db479a3370ee,2026-08-31T18:22:11.600Z,separate_executor,quote_run_dispatch_probe,50,1053.27,success,,200,success
p3-ex-official-vu50,83ac31d3-1ff4-45c5-9f9f-8fef09ba41e2,2026-08-31T18:22:11.616Z,separate_executor,quote_run_dispatch_probe,50,977.08,success,,200,success
p3-ex-official-vu50,25b85e9e-3152-4fb7-8cda-58e86cccab31,2026-08-31T18:22:11.618Z,separate_executor,quote_run_dispatch_probe,50,1082.54,success,,200,success
p3-ex-official-vu50,5e4191d3-d6de-4f95-8b93-76488e47db50,2026-08-31T18:22:11.652Z,separate_executor,quote_run_dispatch_probe,50,1172.22,success,,200,success
p3-ex-official-vu50,266575f2-5729-4391-a0f7-620cca815ddc,2026-08-31T18:22:11.653Z,separate_executor,quote_run_dispatch_probe,50,972.93,success,,200,success
p3-ex-official-vu50,6ac442ff-dc0d-411f-9803-9bc60740af43,2026-08-31T18:22:11.653Z,separate_executor,quote_run_dispatch_probe,50,1212.7,success,,200,success
